arb_id,name,co2e,year
3006,3 Phases Renewables,0.0,2011
100001,ACE Cogeneration,785978.04,2011
104347,"Aemetis Advanced Fuels Keyes, Inc.",54101.04,2011
104019,Aera Energy Belridge Gas Plant 32,262093.82,2011
104018,Aera Energy Coastal Basins,153303.76,2011
104016,Aera Energy San Joaquin Basin,3204896.85999999,2011
104017,Aera Energy Ventura Basin,12598.43,2011
104020,Aera Energy Ventura Gas Plant,7566.76,2011
101321,"AES Alamitos, LLC",693889.719999999,2011
100194,"AES Huntington Beach, LLC",659372.959999999,2011
100257,AES Redondo Beach LLC,313999.64,2011
104006,Agrium US Inc,29249.49,2011
101701,Air Liquide El Segundo Hydrogen Plant,586770.0,2011
101749,Air Liquide Large Industries US L.P. - Rodeo Hydrogen Plant,645397.0,2011
101017,"Air Products & Chemicals, Inc., Martinez",258497.0,2011
100014,Air Products - APMC - Stockton CoGen,497336.56,2011
101248,Air Products Carson Hydrogen Plant,616026.0,2011
101512,"Air Products Manufacturing Corporation, Sacramento",45158.0,2011
100127,Air Products Wilmington Hydrogen Plant,678570.0,2011
3022,Alameda Municipal Power,0.0,2011
101433,"Algonquin Power Sanger, LLC",57547.16,2011
104345,All American Asphalt,26769.0,2011
100884,Alon Bakersfield Refinery - Area 3,0.0,2011
101237,Alon Bakersfield Refinery - Areas 1&2,934301.17,2011
104027,Ameresco Chiquita Energy LLC,30247.6899999999,2011
101748,Ameresco Keller Canyon,17018.3899999999,2011
101657,Ameresco Ox Mountain,48577.8899999999,2011
101656,Ameresco Santa Cruz,12207.11,2011
104544,"AmeriGas Propane, L.P.",182167.252183144,2011
101179,Amgen Inc.,26098.48,2011
101666,"Ampersand Chowchilla Biomass, LLC, 93610",47508.5599999999,2011
100943,Anheuser-Busch LLC Fairfield,19271.7099999999,2011
101473,"Anheuser-Busch, Inc.-Los Angeles Brewery",48670.3399999999,2011
104003,"Apex Oil Company, Inc.",424905.51,2011
100234,Applied Energy LLC - NAS North Island,164579.04,2011
100229,Applied Energy LLC - NTC/MCRD,87965.8,2011
101390,Applied Energy LLC - U.S. Naval Station,179729.079999999,2011
104042,Archer Daniels Midland,28849.5099999999,2011
104002,ARCO Terminal Services Corporation (ATSC) - Terminals,3911941.60999999,2011
2098,Arizona Electric Power Cooperative,58118.3684555293,2011
101696,Avenal State Prison,21498.7999999999,2011
3024,Azusa Light and Water,115717.53474119,2011
100897,Badger Creek Limited,86487.7599999999,2011
2425,Barclays Capital,50092.87809,2011
100890,Bear Mountain Limited,147203.04,2011
3000,Bear Valley Electric Service (BVES),0.0,2011
104623,Belridge Gas Plant - NGL Supplier,47803.357272,2011
100895,Berry Petroleum Company - Los Angeles Basin,265349.479999999,2011
104094,Berry Petroleum Company - San Joaquin Basin,996761.079999999,2011
3026,Biggs Municipal Utilities,0.0,2011
100120,Biola University,7865.0,2011
100053,Blue Lake Power,18569.54,2011
100342,Blythe Energy LLC,490441.679999999,2011
2017,BNP Paribas Energy Trading GP,23937.020218088,2011
104054,BNSF Railway - Barstow,568619.969999999,2011
104064,BNSF Railway - Commerce,249686.88,2011
104065,BNSF Railway - Richmond,110004.73,2011
4000,Bonneville Power Administration - AO/CS,7739.0,2011
2044,Bonneville Power Administration - Marketer,83321.0,2011
101676,Bottle Rock Power - Geothermal,12028.65,2011
104074,Boyett Petroleum,209438.92,2011
2113,BP Energy Company,3711.88903439999,2011
104001,BP West Coast Products LLC (BPWCP) - Terminals,25904079.76,2011
101246,"BP West Coast Products LLC, Carson Refinery",5190277.03,2011
100002,"BP West Coast Products LLC, Wilmington Calciner",295803.30525023,2011
100389,Braun Medical Inc,42341.5999999999,2011
100061,"Brea Generation, LLC",23331.6199999999,2011
104120,Brookfield Energy Marketing LP,65.4839999999999,2011
3027,Burbank Water and Power,706252.428465757,2011
100018,Burney Forest Products,405223.469999999,2011
104077,BWP/MPP Electricity Generating Facilities at 164 W. Magnolia,404705.919999999,2011
100692,CalEnergy Operating Corporation - J J Elmore - Geothermal,47563.0,2011
100703,CalEnergy Operating Corporation - J M Leathers - Geothermal,53840.0,2011
100712,CalEnergy Operating Corporation - Region 1 - Geothermal,178375.489999999,2011
100716,CalEnergy Operating Corporation - Region 2 - Geothermal,111859.0,2011
100959,"California Dairies, Inc. Fresno",32883.2399999999,2011
101509,"California Dairies, Inc. Tipton",46127.72,2011
101190,"California Dairies, Inc. Turlock",33570.76,2011
101197,"California Dairies, Inc. Visalia",51376.44,2011
3072,"California Department of Water Resources (DWR), State Water Project",925177.826969141,2011
100327,California Institute of Technology (CalTech),56639.2673623497,2011
104099,California Pacific Electric Company,111238.98048,2011
104135,California Paperboard Corporation,853.039999999999,2011
101060,"California Power Holdings, LLC-Chowchilla Facility, 95360",23490.88,2011
100368,"California Power Holdings, LLC-Red Bluff Facility, 96080",22266.84,2011
101399,"California State University, San Diego",50360.0,2011
100131,"California State University, San Jose",28924.0,2011
100954,California Steel Industries,190274.16,2011
101405,CalPeak Power - Border,17014.6399999999,2011
101663,CalPeak Power - El Cajon,11856.44,2011
101662,CalPeak Power - Enterprise,24038.4,2011
100376,"CalPeak Power - Panoche, LLC",7501.27999999999,2011
100377,"CalPeak Power - Vaca Dixon, LLC",8058.8,2011
101496,"Calpine - Construction Finance Company, L.P., Sutter_GL1",466718.359999999,2011
104332,Calpine - CPN Pipeline,792277.359999999,2011
101525,"Calpine - Creed Energy Center, LLC",3138.11999999999,2011
101526,"Calpine - Delta Energy Center, LLC",1608311.6,2011
101527,"Calpine - Geysers Power Company, LLC - Geothermal",222630.959999999,2011
100178,"Calpine - Gilroy Cogen, L.P., Gilroy Cogen_Peaker",65794.4799999999,2011
100380,"Calpine - Gilroy Energy Center, LLC for Lambie Energy Center",3560.63999999999,2011
100337,"Calpine - Gilroy Energy Center, LLC, Feather River",7245.76,2011
101528,"Calpine - Gilroy Energy Center, LLC, Riverview Peaker",7125.76,2011
101276,"Calpine - Gilroy Energy Center, LLC, Wolfskill Peaker",6237.23999999999,2011
100383,"Calpine - Goose Haven Energy Center, Peaker",3762.63999999999,2011
100182,"Calpine - Greenleaf Inc, II_Yuba City ",161617.799999999,2011
101300,"Calpine - King City Cogen, LLC, King City Cogen_Peaker",278266.96,2011
101143,"Calpine - Los Esteros Critical Energy Facility, LLC",36382.8799999999,2011
100338,"Calpine - Los Medanos Energy Center, LLC",1121989.28,2011
100343,"Calpine - Metcalf Energy Center, LLC",629286.319999999,2011
101426,Calpine - O.L.S. Energy – Agnews Inc. 95134,87336.2799999999,2011
101746,Calpine - Otay Mesa Energy Center,831152.8,2011
100345,Calpine - Pastoria Energy Facility L.L.C.,1137229.15999999,2011
3010,Calpine Corporation,708801.760516999,2011
101258,"CalPortland Company, Colton Plant",121.0,2011
101029,"CalPortland Company, Mojave Plant",1042696.56,2011
100936,Campbell Soup Supply Co - Dixon,35297.8399999999,2011
104170,Campbell Soup Supply Company - Sacramento,12877.48,2011
104008,Canyon Power Project (CPP),27335.52,2011
100128,Cardinal Cogen,242697.64,2011
2214,"Cargill Power Markets, LLC",49505.46744,2011
101734,Carlton Forge Works,28845.08,2011
100129,Carson Cogeneration Co,178390.44,2011
101476,Cemex Construction Materials Pacific LLC - Victorville Plant,1401348.0,2011
101015,Central Contra Costa Sanitary District,72276.33,2011
100917,CertainTeed Corporation,43307.9599999999,2011
101520,Chalk Cliff Limited,176403.64,2011
104013,Chevron 17Z Gas Plant,219023.7,2011
104011,Chevron AAPG 740 Coastal Basin,407087.479999999,2011
104012,Chevron AAPG 745 San Joaquin Basin,2158506.14,2011
100138,"Chevron Products Company - El Segundo Refinery, 90245",22191750.2399999,2011
101384,"Chevron Products Company - Richmond Refinery, 94802",20384230.8,2011
104195,Chevron SJVBU Natural Gas Sales,995876.28,2011
101252,Chula Vista Energy Center,1294.04,2011
100235,CI Power Cogeneration Plant - Camarillo (CSU-Channel Islands),106194.0,2011
2428,Citigroup Energy Inc.,157040.473922,2011
101221,"City of Anaheim, Combustion Turbine Generator",14666.04,2011
3023,"City of Anaheim, Public Utilities Department, Anaheim City Hall West",1840145.12357021,2011
3025,City of Banning Electric Department,143862.071317564,2011
3029,City of Cerritos,0.0,2011
3031,City of Colton,220357.891898328,2011
3032,City of Corona Dept. of Water & Power,0.0,2011
104642,City of Hope National Medical Center,13931.320392,2011
3030,City of Industry,0.0,2011
3041,City of Lompoc,0.0,2011
3047,City of Needles,0.0,2011
3048,City of Palo Alto,0.0,2011
5011,City of Palo Alto Gas Utility,170506.92,2011
3056,City of Riverside Public Utilities,916354.887271797,2011
101564,"City of San Diego, Public Utilities Dept, Point Loma Treatment Plant",21360.18,2011
3059,City of Shasta Lake - Electric,0.0,2011
5036,City of Susanville Gas Utility,11287.92,2011
3065,"City of Ukiah, Electric Utilities Division",0.0,2011
5008,"City of Vernon, Gas Municipal Utility Department",440567.599999999,2011
3066,"City of Vernon, Light & Power",1174.34639999999,2011
100328,"Civic Center Cogen, LA County",93694.0399999999,2011
101516,Coalinga Cogeneration Company,207913.72,2011
101250,Collins Pine Co.,119247.82,2011
3011,"Commerce Energy, Inc.",0.0,2011
101503,ConAgra - Oakdale,66739.0,2011
101729,ConAgra Foods - Helm Facility,28225.0,2011
2078,"Constellation Energy Commodities Group, Inc.",434234.444879997,2011
3012,"Constellation NewEnergy, Inc.",20549.3157600001,2011
100333,Coolwater Generating Station,64032.8799999999,2011
100323,Corn Products Stockton Plant,21006.7999999999,2011
100150,"Corona Energy Partners, Ltd.",64323.9199999999,2011
100690,Coso Energy Developers (BLM E&W) - Geothermal,178408.0,2011
101670,Coso Finance Partners (Navy I) - Geothermal,68089.0,2011
101669,Coso Power Developers (Navy II) - Geothermal,172521.0,2011
100019,Covanta - Burney Mountain Power,0.0,2011
100933,"Covanta - Delano, Inc.",633785.0,2011
100035,Covanta - Mendota,229290.0,2011
100038,Covanta - Mt. Lassen Power,63670.0,2011
100041,Covanta - Pacific Oroville Power Inc,257427.0,2011
101264,"Covanta - Stanislaus, Inc",222307.0,2011
3102,CP Energy Marketing (US) Inc. (Capital Power),481.0,2011
101519,CP Kelco San Diego,84601.6799999999,2011
101263,"Crockett Cogeneration Project, LP",830676.8,2011
101260,Dart Container Corporation of California,13974.52,2011
2231,DB Energy Trading LLC,16872.6074,2011
101214,Del Monte - Hanford,31413.68,2011
104655,Delano Growers Grape Products,14101.1932496,2011
101709,DeMenno/Kerdoon,29851.0,2011
100026,DG Fairhaven Power LLC,168488.76,2011
101243,"Dicalite Minerals Corporation, Inc.",30095.0,2011
100025,Dinuba Energy,148917.67,2011
2264,"Direct Energy Business, LLC (fka Strategic Energy)",0.0,2011
100157,Double C Limited,21459.0,2011
101733,Dow Chemical Company - Pittsburg,49039.8399999999,2011
104663,DSH-Napa State Hospital,17456.941117,2011
101493,DTE - Woodland Biomass Power,259309.0,2011
101341,"Dynegy Morro Bay, LLC",69026.5599999999,2011
100221,"Dynegy Moss Landing, LLC",839367.88,2011
101351,"Dynegy Oakland, LLC.",6320.1,2011
103018,E & J Gallo Glass Company,142600.799999999,2011
100958,E & J Gallo Winery - Fresno,29461.2599999999,2011
101355,E.F. Oxnard LLC,78553.96,2011
101511,East Bay Municipal Utility District,25418.43,2011
3033,Eastside Power Authority,0.0,2011
104067,"EDF Trading North America, LLC",451656.173076,2011
101320,Edgington Oil Company,449.519999999999,2011
100040,"Eel River Power, LLC",270787.0,2011
104079,"El Cajon Energy Center, LLC",10458.8799999999,2011
101667,El Colton LLC,6581.76,2011
100167,Encina Water Pollution Control Facility,13408.74,2011
101738,"Energy 2001, Placer WRSL",16620.0,2011
101683,"Energy Neering Solution, Inc G2 Energy Facility (LFG)",7797.22,2011
104070,"Enterprise Products Operating, LLC",84783.3399999999,2011
104078,"Escondido Energy Center, LLC",1449.55999999999,2011
100393,Etiwanda Generating Station,72497.6799999999,2011
104066,Exide Technologies,12759.0,2011
101699,ExxonMobil - South Belridge Hill,57606.2699999999,2011
100217,ExxonMobil Oil Corporation - Torrance Refinery,12927716.0,2011
100169,ExxonMobil SYU Project,343107.59,2011
104519,"Ferrellgas, LP",55152.1540952,2011
104102,Flyers Energy,1671622.73,2011
101575,"Foster Poultry Farms - Livingston Complex, 95334",39995.0,2011
101544,"Fresno Cogeneration Partners, LP",8521.79999999999,2011
101613,Fresno-Clovis Regional Wastewater Reclamation Facility,18686.25,2011
101235,Frito-Lay (Kern Plant),47132.76,2011
101037,Gas Recovery Systems - Coyote Canyon,53806.0,2011
101684,Gas Recovery Systems - Sycamore Facility,19886.0,2011
101658,Gas Recovery Systems LLC - Newby ,9850.0,2011
101712,Gas Recovery Systems LLC – American Canyon,3446.0,2011
101714,Gas Recovery Systems LLC – Menlo Park,516.0,2011
101451,Genentech Inc South San Francisco,36384.36,2011
100176,"General Mills Cereal Properties, LLC",22277.84,2011
101223,"GenOn Delta, Contra Costa Generating Station 94509",57948.6399999999,2011
100248,"GenOn Delta, Pittsburg Generating Station 94565",25410.9199999999,2011
101700,Georgia-Pacific Gypsum LLC - Antioch,22138.84,2011
104119,Gila River - Entegra Power Group,88424.492391297,2011
3034,Glendale Water & Power,565611.804888212,2011
100180,"Goal Line LP, 92025",91748.96,2011
100196,Goodrich Chula Vista Plant,19721.72,2011
100147,"Graphic Packaging International, Inc",125069.72,2011
100181,Grayson Power Plant,127166.97,2011
101155,Greka Santa Maria Refinery ,21194.58,2011
3035,Gridley Electric Utility,0.0,2011
101713,Guadalupe Energy Holdings LLC,12984.0,2011
101721,Guardian Industries Corp.,115139.0,2011
101542,"GWF Energy LLC, Hanford Energy Park Peaker",6675.35999999999,2011
101364,"GWF Energy LLC, Henrietta Peaker Plant",9960.23999999999,2011
100358,"GWF Energy LLC, Tracy Peaker Plant",10109.4,2011
100005,"GWF Power Systems, L.P., East Third Street Power Plant",168796.799999999,2011
100004,"GWF Power Systems, L.P., Hanford Power Plant",124206.67,2011
100006,"GWF Power Systems, L.P., Loveridge Road Power Plant",186531.799999999,2011
100009,"GWF Power Systems, L.P., Nichols Road Power Plant",184714.7,2011
101224,"GWF Power Systems, L.P., Wilbur East Power Plant",184387.5,2011
100008,"GWF Power Systems, L.P., Wilbur West Power Plant",176880.799999999,2011
100186,Harbor Cogeneration Company,6501.23999999999,2011
3036,Healdsburg Electric Dept.,0.0,2011
3037,Hercules Municipal Utility,0.0,2011
101478,"High Desert Power Project, LLC",741313.959999999,2011
104009,High Sierra Cogeneration,15556.08,2011
100189,High Sierra Limited,21594.0,2011
101288,Hilmar Cheese Company,70498.0,2011
100029,HL Power Company,232510.98,2011
2292,Iberdrola Renewables,173270.132671567,2011
104229,Idemitsu Apollo Corporation,3502637.16999999,2011
101318,"Imerys Minerals California, Inc.",54283.04,2011
3038,Imperial Irrigation District (IID),1094987.9829612,2011
100162,"Imperial Irrigation District (IID), El Centro Generating Station",412834.0,2011
101307,"Imperial Irrigation District (IID), Niland Gas Turbine Plant",21210.0,2011
101703,"Inergy West Coast, LP",1318187.72,2011
101008,Ingomar Packing Company,73844.72,2011
101686,"Inland Empire Energy Center, LLC.",1133610.52,2011
5045,"IPC (USA), Inc",78663.86,2011
101705,J. G. Boswell Tomato Company Kern,34187.2799999999,2011
101504,J.G.Boswell Tomato Company Kings,35192.32,2011
3077,J.P. Morgan Ventures Energy Corporation,60657.3923999999,2011
104320,Jaco Oil Company,842273.239999999,2011
104122,Johns Manville,5706.68,2011
104004,JR Simplot Company,12676.74,2011
104562,JS West and Companies,9303.630441792,2011
100202,Kern Front Limited,22077.0,2011
5044,Kern Front Natural Gas Pipeline (WCAC),603105.923839999,2011
101507,Kern Oil ,2626597.75,2011
101514,Kern River Cogeneration Company,833010.479999999,2011
5017,Kern River Gas Transmission,0.0,2011
100199,KES Kingsburg L.P.--Kingsburg Cogeneration Facility,51507.44,2011
101100,"Kiefer Landfill, Department of Waste Management and Recycling",119552.6,2011
100962,Kimberly Clark Worldwide Inc.,63623.8799999999,2011
104047,"Kinergy Marketing, LLC",42273.33,2011
3001,Kirkwood Meadows PUD Powerhouse,0.0,2011
101447,Knauf Fiber Glass Gmbh,21207.0,2011
100205,Kyocera America Inc.,9908.87999999999,2011
100339,"La Paloma Generating Company, LLC",509709.4,2011
104211,La Rosita Power - Marketing,668362.0,2011
101327,LACSD - Calabasas LF,37489.9,2011
100064,LACSD - Commerce Refuse To Energy,108981.84,2011
101487,LACSD - Joint Water Pollution Control Plant,128539.399999999,2011
100073,LACSD - Palos Verdes Landfill,14624.4599999999,2011
100071,LACSD - Puente Hills Landfill,251671.179999999,2011
101373,LACSD - Spadra Landfill,29725.2,2011
100218,"Lake Shore Mojave, LLC",184471.959999999,2011
101465,"Land O' Lakes, Inc.",68904.0,2011
3039,Lassen Municipal Utility District,0.0,2011
101265,Lehigh Southwest Cement Co - Cupertino,840039.0,2011
101381,Lehigh Southwest Cement Co - Redding,205192.0,2011
101461,Lehigh Southwest Cement Co - Tehachapi,557216.0,2011
104106,Leprino Foods - Lemoore East,20971.7999999999,2011
101716,Leprino Foods - Lemoore West,49872.8799999999,2011
104105,Leprino Foods - Tracy,19320.72,2011
104052,Lhoist North America - Natividad Plant,54827.0,2011
101499,Liberty Packing - Los Banos (Morning Star),93051.0,2011
104451,Liberty Power Corporation,0.0,2011
100904,Linn Operating Inc,37432.6699999999,2011
101044,Live Oak Limited,169808.0,2011
101574,Lockheed Martin Aeronautics Company - Palmdale,22798.36,2011
101623,Lockheed Martin Corporation - Sunnyvale,27733.0,2011
3040,Lodi Electric Utility,0.0,2011
100207,Loma Linda University,59022.1999999999,2011
5003,Long Beach Gas & Oil Dept (LBGO),523943.02,2011
3042,Los Angeles Department of Water & Power (LADWP),11701193.560952,2011
100185,Los Angeles Department of Water & Power-Harbor Generating Station (LADWP),56079.08,2011
100187,Los Angeles Department of Water & Power-Haynes Generating Station (LADWP),1492894.76,2011
101004,Los Angeles Department of Water & Power-Scattergood Generating Station (LADWP),654229.65,2011
101325,Los Angeles Department of Water & Power-Valley Generating Station (LADWP),491597.2,2011
101323,Los Angeles International Airport (LAX),46371.76,2011
100972,Los Gatos Tomato Products,51481.0,2011
101162,Lunday-Thagard Company,30002.68,2011
100682,Luz Solar Partners LTD,80602.0,2011
101291,Luz Solar Partners LTD VIII & IX,88900.0,2011
101234,Macpherson Oil Company,253386.44,2011
2112,Macquarie Energy LLC,189193.827193999,2011
101278,Madera Power LLC,411792.08,2011
101192,MAGTFTC MCAGCC Twentynine Palms,34920.32,2011
101687,Malaga Peaking Plant - Kings River Conservation District,34074.8,2011
100314,Malburg Generating Station,270777.52,2011
100210,Mandalay Generating Station,49773.8399999999,2011
101332,Martinez Cogen Limited Partnership,421152.359999999,2011
104633,Matchmaster Dyeing & Finishing,19939.2970362,2011
104613,"Matsui Nursery, Inc.",15331.492432,2011
100296,McKittrick Limited,166520.28,2011
3044,Merced Irrigation District (MeID),0.0,2011
101665,"Merced Power, LLC, 95317",33176.11,2011
2027,"Merrill Lynch Commodities, Inc.",5436.79630399799,2011
2046,Metropolitan Water District of Southern California (MWD),43385.3327999999,2011
101515,Mid-Set Cogeneration Company,215243.64,2011
100215,Midway-Sunset Cogeneration,857754.0,2011
101297,MillerCoors,41404.6399999999,2011
104629,Mission Bell Winery ,13577.5477472,2011
104658,Mission Foods Corporation,13615.197024,2011
101010,Mitsubishi Cement 2000,977188.0,2011
100088,MM Lopez Energy LLC,23903.0,2011
101711,MM Prima Deshecha Energy LLC,23304.0,2011
100036,MM San Diego LLC - Miramar,3008.0,2011
100097,MM San Diego LLC - North City,2018.0,2011
100051,MM Tajiguas Energy LLC,14516.0,2011
100057,MM Tulare Energy LLC,4.0,2011
101484,MM West Covina LLC,44121.0,2011
101209,MM Yolo Power LLC,13111.0,2011
3045,Modesto Irrigation District (MID),807917.864296538,2011
101028,"Modesto Irrigation District (MID) - Woodland Generation Station, 95351",190802.079999999,2011
101359,"Modesto Irrigation District - Ripon Generation Station, 95366",23342.36,2011
5019,Mojave Pipeline Operating Company (MPOC),0.0,2011
101329,Monterey Regional Waste Management District,21836.4599999999,2011
3046,Moreno Valley Utility (MVU),0.0,2011
2369,Morgan Stanley Capital Group Inc. - EPE,1493879.216242,2011
101498,Morning Star Packing Company - Los Banos,64627.0,2011
101536,Morning Star Packing Company - Williams,61792.0,2011
101228,Mt. Poso Cogeneration Company,193962.89,2011
104438,Musket Corporation,202657.75,2011
104097,Naftex Operating Company,27998.04,2011
101735,National Beef,26193.88,2011
101314,National Cement Company - Lebec,412347.0,2011
104035,Naval Medical Center - San Diego,25623.9599999999,2011
2388,Nevada Power Company (dba NV Energy),6440.56967999999,2011
101697,"New NGC, Inc - Long Beach",21179.7999999999,2011
100195,"New-Indy Ontario, LLC Linerboard Mill",234223.32,2011
101356,New-Indy Oxnard LLC,104801.44,2011
104136,Newark Pacific Paperboard,23509.4,2011
104611,"Newport Fab, LLC (DBA TowerJazz Semiconductor)",12371.5449264,2011
104225,"Nextera Energy Power Marketing, LLC",5525.0,2011
101710,NM Colton Genco LLC,5815.0,2011
101033,"NM Mid Valley Genco, LLC",9866.0,2011
101434,NM Milliken Genco LLC,11377.0,2011
3018,Noble Americas Energy Solutions LLC,768391.0026,2011
2500,Noble Americas Gas & Power Corporation,48181.38096,2011
2215,Northern California Power Agency (NCPA),176830.0,2011
101529,Northern California Power Agency - Geothermal Plant No. 1,23647.9,2011
101530,Northern California Power Agency - Geothermal Plant No. 2,29396.75,2011
101641,Northern California Power Agency - Lodi Combustion Turbine Proj No. 2 - STIG ,898.039999999999,2011
101358,Northrop Grumman - Palmdale,11832.44,2011
100076,NOVE Power Plant,10545.02,2011
101135,NRG Energy - El Cajon,497.519999999999,2011
100164,NRG Energy - El Segundo,143104.32,2011
101534,NRG Energy - Encina,355472.679999999,2011
101535,NRG Energy - Kearny 1,3105.0,2011
101408,NRG Energy - Kearny 2 and 3,9601.94,2011
100208,NRG Energy - Long Beach,18800.2,2011
100270,NRG Energy - Miramar,2109.07999999999,2011
101607,NRG Energy - San Francisco Thermal,64870.9599999999,2011
100891,Oildale Energy LLC,173752.04,2011
101213,"Olam Tomato Processing, Inc. - Lemoore",41299.5599999999,2011
101500,"Olam Tomato Processors, Inc. - Williams",35956.36,2011
104069,"Olam West Coast, Inc. - Firebaugh",18621.2,2011
101284,"Olam West Coast, Inc. - Gilroy",31494.68,2011
100236,OLS Energy Chino,108900.6,2011
101745,Orange County Central Utility Facility,36791.0,2011
100255,Orange County Sanitation District - Plant 1,24164.58,2011
101280,Orange County Sanitation District - Plant 2,24737.77,2011
104053,Orange Grove Energy Center,21171.34,2011
5026,Orchard Petroluem South Belridge,6630.18,2011
100695,"Ormat Nevada, Inc./ GEM 2 & 3 - Geothermal",24986.9399999999,2011
101357,Ormond Beach Generating Station,14075.52,2011
100106,Otay Landfill Gas LLC,34344.1299999999,2011
101042,"Owens-Brockway Glass Container, Oakland",57687.04,2011
101183,"Owens-Brockway Glass Container, Tracy",89607.08,2011
101475,"Owens-Brockway Glass Container, Vernon",65645.88,2011
104030,Oxy - Kern 745,643202.0,2011
101187,"Oxy - Occidental Of Elk Hills, Inc.",112510.31,2011
104014,"Oxy - Occidental of Elk Hills, Inc. San Joaquin Valley Basin - Gas Plant",3282670.41999999,2011
104029,Oxy - Rio Vista 730,59077.0,2011
104033,Oxy - SCVGP 755,58424.0,2011
100994,Oxy - Thums Long Beach Company,261596.75,2011
104072,Oxy - Tidelands Oil Production Company - 760 Los Angeles Basin,41469.0,2011
104031,Oxy - Ventura 755,11927.25,2011
104616,Pacific Clay Products,13179.7784144,2011
101674,Pacific Coast Energy Company LP,38723.44,2011
101207,Pacific Coast Producers,35523.8399999999,2011
104048,"Pacific Ethanol Stockton, LLC",62664.36,2011
3002,Pacific Gas and Electric Company (PG&E) - Electric Power Entity,2197552.94297689,2011
104025,"Pacific Gas and Electric Company (PG&E) - Gas Distribution System Fugitive Emissions (San Francisco, CA)",224298.0,2011
104024,Pacific Gas and Electric Company (PG&E) - Supplier of Natural Gas ,39049732.0,2011
101298,Pacific Ultrapower Chinese,227377.0,2011
3003,PacifiCorp,798862.0,2011
101740,"Panoche Energy Center, LLC",164738.6,2011
101736,Paramount Farms International LLC,26030.48,2011
101056,Paramount Petroleum Corporation,1237734.92999999,2011
3049,"Pasadena Water and Power, 91101",643239.053680492,2011
100179,"Pasadena Water and Power, Glenarm",82557.5599999999,2011
101240,"PE-Berkeley, Inc",130305.92,2011
104089,Petro-Diamond,3203141.27999999,2011
104022,PG&E Burney Compressor Station,41005.3399999999,2011
101758,PG&E Colusa Generating Station,765631.359999999,2011
101562,PG&E Delevan Compressor Station,25639.29,2011
101741,PG&E Gateway Generating Station,1050321.15999999,2011
101747,PG&E Gerber Compressor Station,33480.0999999999,2011
101290,"PG&E Hinkley Compressor Station, 92347",72228.9199999999,2011
100192,PG&E Humboldt Bay Generating Station,216637.66,2011
101563,PG&E Kettleman Compressor Station,40058.76,2011
101031,"PG&E Topock Compressor Station, 92363",46259.3899999999,2011
104010,Phillips 66 Company - Fuel Supplier,20958626.1299999,2011
100913,Phillips 66 Company - Los Angeles Refinery - Carson Plant,791696.54,2011
100329,Phillips 66 Company - Los Angeles Refinery - Wilmington Plant,1996263.2,2011
100351,Phillips 66 Company - San Francisco Carbon Plant,243283.1,2011
100303,Phillips 66 Company - San Francisco Refinery,1502353.12999999,2011
101226,Phillips 66 Company - Santa Maria Refinery,241216.84,2011
101692,"Pilkington North America, Lathrop Plant",100793.0,2011
3016,"Pilot Power Group, Inc.",8253.1668,2011
104494,"Pilot Travel Centers, LLC",278117.194699999,2011
100151,Pitchess Cogeneration Station,101601.84,2011
5024,Pittsburg Power Company dba Island Energy,0.0,2011
101685,Pixley Cogen Partners,60773.8,2011
103016,Plains Exploration & Production Company - Arroyo Grande Oil Production Facility,50885.04,2011
101054,Plains Exploration & Production Company - Gaviota Oil Heating Facility,14665.76,2011
104081,Plains Exploration and Production Company - SJV Basin Facility,905379.68,2011
100888,Plains LPG Services/ Lone Star Frac & Isom Facility,110199.23,2011
3100,Plumas-Sierra REC,11971.7848799999,2011
3051,Port of Oakland,0.0,2011
3052,"Port of Stockton, 95203",0.0,2011
2127,Portland General Electric Company,85219.1313599999,2011
3053,Power and Water Resources Pooling Authority (PWRPA),0.0,2011
3101,Powerex Corp - AO/CS,0.0,2011
2243,Powerex Corp. - Marketer,2843200.77583422,2011
101513,PPG Industries Inc.,89020.8399999999,2011
101053,Praxair Inc.,39478.0,2011
104206,Prime Wheel Corporation,25423.9599999999,2011
104348,Procter & Gamble Manufacturing Co. - Sacramento - Fuel Supplier,0.0,2011
104096,ProPetroleum Inc.,804149.0,2011
101400,"Qualcomm, Inc. - Morehouse Facility",27262.7112196,2011
101523,"Qualcomm, Inc. - Pacific Center Facilty",20207.7599999999,2011
5028,Questar Southern Trails,518.0,2011
3054,Rancho Cucamonga Municipal Utility,0.0,2011
3055,Redding Electric Utility,151709.644104612,2011
100256,Redding Electric Utility - Redding Power Generation,31968.2,2011
100259,Rhodia - Dominguez,32028.2,2011
100258,Rhodia - Martinez,9939.87999999999,2011
100265,Rio Bravo Fresno,295781.52,2011
100892,Rio Bravo Jasmin,360996.0,2011
100893,Rio Bravo Poso,280094.32,2011
100055,Rio Bravo Rocklin,298965.039999999,2011
100283,"Ripon Cogeneration LLC, Ripon Facility",60905.8,2011
101371,"Ripon Cogeneration LLC, San Gabriel Facility",62419.36,2011
104056,River City Petroleum,419550.489588999,2011
100387,Riverside Public Utilities - Clearwater Facility,5971.72,2011
100392,Riverside Public Utilities - Riverside Energy Resource Center,25529.9599999999,2011
104037,Robinson Oil Supply & Transport,357689.0,2011
101702,Roseburg Forest Products,102569.63,2011
3057,Roseville Electric,15139.0276799999,2011
101270,"Roseville Electric, Roseville Energy Park",55260.04,2011
100130,"Sacramento Municipal Utility District (SMUD) , Carson Ice CG",184748.76,2011
100365,"Sacramento Municipal Utility District (SMUD) , Cosumnes Power Plant",1276305.32,2011
100252,"Sacramento Municipal Utility District (SMUD) , SCA",322272.44,2011
100125,"Sacramento Municipal Utility District (SMUD) , SPA",204705.079999999,2011
3058,Sacramento Municipal Utility District (SMUD) - Electric Power Entity,681326.0,2011
104352,Sacramento Municipal Utility District (SMUD) - Gas Pipeline,1932615.32,2011
101342,"Saint-Gobain Containers, Inc.",75966.2799999999,2011
101518,Salinas River Cogeneration Company,204730.359999999,2011
3004,San Diego Gas & Electric (SDG&E) - Electric Power Entity,619000.456570089,2011
104085,San Diego Gas and Electric - Local Distribution,6171454.55999999,2011
104115,San Diego Gas and Electric - Sub W,44831.11,2011
3028,"San Francisco Hetch Hetchy Water and Power, CCSF",0.0,2011
101239,San Joaquin Refining Company,287996.94,2011
101140,San Jose/Santa Clara Water Pollution Control Plant,39210.4199999999,2011
101157,San Marcos Energy LLC,5496.0,2011
104626,Santa Clara Valley Medical Center,13307.724392,2011
101439,Santa Cruz Energy LLC,7007.0,2011
101186,Saputo Cheese USA Inc.,63425.4,2011
101517,Sargent Canyon Cogeneration Company,204935.519999999,2011
101349,SCG - Aliso Canyon Storage Facility,141803.1,2011
100915,SCG - Honor Rancho Storage Facility,47185.58,2011
101348,SCG - Newberry Springs Compressor Station,8148.81,2011
101346,SCG - South Needles Compressor Station,5316.72999999999,2011
101401,SDG&E - Miramar Energy Facility,74896.2799999999,2011
100362,SDG&E - Palomar Energy Center,835591.479999999,2011
100011,Searles Valley Minerals Inc.,1460902.45,2011
104503,"SEI Fuel Services, Inc.",538506.4,2011
104568,"Self Serve Petroleum, Inc.",65302.6832129999,2011
2060,Sempra Generation,1936326.75544987,2011
104091,Seneca San Joaquin Production Facilities,194862.01,2011
101315,Sensient Dehydrated Flavors LLC,49582.36,2011
104615,Sharp Grossmont Hospital,16492.9134814043,2011
3081,"Shell Energy North America (US), L.P.",234824.314319998,2011
100914,Shell Oil Products US - Martinez,4747678.74,2011
104051,Shell Oil Products US - Supply,10121831.289763,2011
104614,Sierra Aluminum Company,15409.5188864,2011
100090,"Sierra Pacific Industries (SPI) - Anderson, 96007",70260.0,2011
100043,Sierra Pacific Industries (SPI) - Burney,228101.0,2011
101680,Sierra Pacific Industries (SPI) - Lincoln,214260.0,2011
101378,Sierra Pacific Industries (SPI) - Quincy Division,343549.0,2011
101681,Sierra Pacific Industries (SPI) - Shasta Lake,48814.0,2011
101682,Sierra Pacific Industries (SPI) - Sonora,45861.3799999999,2011
2438,Sierra Pacific Power Company (dba NV Energy) - Marketer,108605.214,2011
101178,"Sierra Power Corporation, 93270",124194.2,2011
104090,Signal Hill Petroleum Facilities,29497.9599999999,2011
3061,"Silicon Valley Power (SVP), City of Santa Clara",422276.150703398,2011
101438,"Silicon Valley Power (SVP), City of Santa Clara , Cogen",40461.5199999999,2011
101436,"Silicon Valley Power (SVP), City of Santa Clara , DVR",176856.56,2011
101118,Solar Turbines - Ruffin Rd,40757.0199999999,2011
100096,Sonoma County Landfill Gas to Energy,36864.0,2011
100063,Southeast Resource Recovery Facility (SERRF),415648.0,2011
3005,Southern California Edison (SCE) - Electric Power Entity,8641559.22462647,2011
101673,Southern California Edison (SCE) - Pebbly Beach,22683.15,2011
101539,"Southern California Edison - Barre Peaker, 90680 ",3864.63999999999,2011
101537,"Southern California Edison - Center Peaker, 90650",4170.15999999999,2011
101538,"Southern California Edison - Grapeland Peaker, 91739",1894.07999999999,2011
100394,Southern California Edison Mira Loma Peaker,3237.11999999999,2011
100344,Southern California Edison/ Mountainview Generating Station,1801536.28,2011
101675,Southern California Gas Co - Blythe Facility,27800.4199999999,2011
104082,Southern California Gas Co - Distribution,1097128.18999999,2011
5002,Southern California Gas Company (SCG),43856269.0,2011
104212,"Southern Counties Oil Co., A California Limited Partnership",531815.06,2011
5013,Southwest Gas Distribution Facilities,772064.599999999,2011
101241,"Spreckels Sugar Company, Inc.- Brawley",106035.52,2011
100263,SRI International Cogen Project,26990.52,2011
101025,Stanislaus Food Products,46690.0,2011
101744,"Starwood Power Midway, LLC",42965.08,2011
100092,Sunnyvale Water Pollution Control Plant,11106.6299999999,2011
101671,"Sunray Energy, Inc",12276.9599999999,2011
100948,Sunrise Power Company,516652.64,2011
100886,Sycamore Cogeneration Co,972806.359999999,2011
101073,TAMCO,43433.5999999999,2011
2427,"Terra-Gen Dixie Valley, LLC",36145.4915274129,2011
100335,Tesoro Refining & Marketing Company LLC - LAR,1456914.78,2011
101492,Tesoro Refining & Marketing Company LLC - SRP,56407.5599999999,2011
101331,Tesoro Refining and Marketing Co. - Martinez,2400812.77,2011
5012,Tesoro Refining and Marketing Fuel Supplier,25491669.01,2011
2278,"The Energy Authority, Inc.",148.430399999999,2011
101582,The P&G Paper Products Co.,334676.08,2011
104327,The Soco Group Inc.,301961.299999999,2011
100052,"Thermal Energy Development Partnership, L.P.",153330.82,2011
5047,"Tiger Natural Gas , Inc.",0.0,2011
104620,Timber Products Company Yreka Veneer,10209.65124256,2011
101750,Toland Landfill - Ventura Regional Sanitation District,9146.1770913958,2011
101502,Tomatek / Neil Jones Food Companies,27371.04,2011
2312,"TransAlta Energy Marketing (US), Inc.",1039589.67223422,2011
104230,TransCanada Energy Sales Ltd.,1397.0,2011
101460,TRC Operating Co. Inc.,41552.9499999999,2011
104005,"Tricor Refining, LLC",3478.11999999999,2011
3063,Truckee Donner Public Utilities District,20057.3757025958,2011
3064,Turlock Irrigation District (TID),376271.655824736,2011
100111,"Turlock Irrigation District (TID), Almond Power Plant",46999.2399999999,2011
100371,Turlock Irrigation District/ Walnut Energy Center,495898.88,2011
100013,TXI Riverside Cement (Oro Grande Plant),785255.76,2011
100300,"U.S. Borax, 93516",308226.599999999,2011
101271,U.S. Gypsum Co Plaster City Plant,40873.04,2011
104068,UC Davis Medical Center,63692.8799999999,2011
101205,Ultramar Inc - Valero,15230294.0299999,2011
101217,"Unilever Manufacturing (US), Inc.",22954.36,2011
104062,Union Pacific Railroad Company,582045.969999999,2011
101124,United Airlines San Francisco Maintenance Center,113775.39,2011
104545,United Pacific Energy,26844.3184672752,2011
101469,United States Pipe & Foundry Co. LLC,26226.45,2011
100305,"University of California, Davis",62259.32,2011
101296,"University of California, Irvine",69978.6399999999,2011
100997,"University of California, Los Angeles, UCLA",218090.359999999,2011
104173,"University of California, Riverside, UCR",24903.4399999999,2011
101305,"University of California, San Diego, UCSD",160579.04,2011
101416,"University of California, San Francisco",68566.08,2011
100273,"University of California, Santa Cruz, UCSC EH&S Office",23564.4,2011
101068,USS-POSCO Industries,53381.5199999999,2011
104617,VA Greater Los Angeles Healthcare System,18246.68432,2011
104661,VA San Diego Healthcare System,17920.9973776,2011
104071,Valero Marketing and Supply Company,1442260.5,2011
100372,"Valero Refining Company - California, Benicia Refinery and Benicia Asphalt Plant",4906193.59999999,2011
104073,Venoco Inc,195037.0,2011
3067,Victorville Municipal Utility Services,0.0,2011
104571,Victorville Municipal Utility Services - Gas Utility,11066.842858,2011
100953,Vista Metals Corp.,27615.04,2011
5014,Vitol,554613.209999999,2011
100058,Wadham Energy Ltd Partnership,273608.77,2011
3078,WAPA - Desert Southwest Region,12046.8732,2011
3079,WAPA - Sierra Nevada Region,1054316.93537936,2011
100060,Waste Management - Altamont Landfill,48554.41,2011
101567,Waste Management - Bradley Landfill,25349.58,2011
100101,Waste Management - El Sobrante Landfill,15833.44,2011
101425,"Wellhead Power Gates, LLC",1329.04,2011
5007,West Coast Gas Company Inc,0.0,2011
101231,"Western Power and Steam, Inc.",106232.0,2011
101222,"Wheelabrator Lassen, Inc",6777.76,2011
100878,"Wheelabrator Norwalk Energy Company, Inc.",50736.9199999999,2011
100282,Wheelabrator Shasta Energy Company,699055.569999999,2011
101343,"Wildflower Energy, LP - Indigo Generation, LLC",23598.36,2011
100353,"Wildflower Energy, LP - Larkspur Energy Facility, LLC",19796.24,2011
101693,Wm. Bolthouse Farms,25526.9599999999,2011
104618,WWF Operating Company,12599.7474134252,2011
100322,Yuba City Cogeneration Partners LP,61480.32,2011
3006,3 Phases Renewables,0.0,2012
104356,3M Corona,12584.48,2012
104213,ABI Foundry,12929.52,2012
100001,ACE Cogeneration,581315.28,2012
104347,"Aemetis Advanced Fuels Keyes, Inc.",71390.1999999999,2012
104019,Aera Energy Belridge Gas Plant 32,223972.01,2012
104018,Aera Energy Coastal Basins,172039.709999999,2012
104016,Aera Energy San Joaquin Basin,3105980.75279999,2012
104017,Aera Energy Ventura Basin,14289.32,2012
104020,Aera Energy Ventura Gas Plant,7868.8,2012
104382,Aerojet,10663.79,2012
101321,"AES Alamitos, LLC",949282.64,2012
100194,"AES Huntington Beach, LLC",693558.199999999,2012
100257,AES Redondo Beach LLC,409477.679999999,2012
104006,Agrium US Inc,29515.2099999999,2012
101701,Air Liquide El Segundo Hydrogen Plant,584877.517422668,2012
101749,Air Liquide Large Industries US L.P. - Rodeo Hydrogen Plant,770857.684910374,2012
101017,"Air Products & Chemicals, Inc., Martinez",217134.6,2012
100014,Air Products - APMC - Stockton CoGen,147016.82,2012
101248,Air Products Carson Hydrogen Plant,703499.8268,2012
101512,"Air Products Manufacturing Corporation, Sacramento",46505.0,2012
100127,Air Products Wilmington Hydrogen Plant,603597.5409328,2012
3022,Alameda Municipal Power,0.0,2012
101433,"Algonquin Power Sanger, LLC",45677.4,2012
104345,All American Asphalt,22471.0,2012
101231,All American Oil and Gas Company,135656.5,2012
104406,Allergan,10506.4,2012
100884,Alon Bakersfield Refinery - Area 3,0.0,2012
101237,Alon Bakersfield Refinery - Areas 1&2,818333.819999999,2012
104027,Ameresco Chiquita Energy LLC,32067.82,2012
101748,Ameresco Keller Canyon,16637.4199999999,2012
101657,Ameresco Ox Mountain,51076.1699999999,2012
101656,Ameresco Santa Cruz,12013.28,2012
104544,"AmeriGas Propane, L.P.",182059.82980544,2012
101179,Amgen Inc.,23210.88,2012
101666,"Ampersand Chowchilla Biomass, LLC, 93610",89233.2799999999,2012
100943,Anheuser-Busch LLC Fairfield,17212.2904974,2012
101473,"Anheuser-Busch, Inc. - Los Angeles Brewery",52749.68,2012
104003,"Apex Oil Company, Inc.",253504.28,2012
100234,Applied Energy LLC - NAS North Island,156249.168543999,2012
100229,Applied Energy LLC - NTC/MCRD,99533.3719808,2012
101390,Applied Energy LLC - U.S. Naval Station,170801.1096672,2012
104042,Archer Daniels Midland,18186.02,2012
104002,ARCO Terminal Services Corporation (ATSC) - Terminals,3688342.08,2012
2098,Arizona Electric Power Cooperative,56127.4830987034,2012
104131,Arizona Public Service Company,112958.04462,2012
101696,Avenal State Prison,17705.68,2012
104379,"Azteca Milling, L.P.",13754.52,2012
3024,Azusa Light and Water,67641.04296,2012
100897,Badger Creek Limited,104744.44,2012
104334,"Baker Commodities, Inc., Kerman Division",14525.04,2012
2425,Barclays Capital,1458.1104,2012
104165,Bayer Healthcare,15465.08,2012
100890,Bear Mountain Limited,105361.48,2012
3000,Bear Valley Electric Service (BVES),0.0,2012
104623,Belridge Gas Plant - NGL Supplier,50607.085592,2012
100895,Berry Petroleum Company - Los Angeles Basin,257964.3519,2012
104094,Berry Petroleum Company - San Joaquin Basin,1235301.672836,2012
3026,Biggs Municipal Utilities,0.0,2012
100120,Biola University,7950.8,2012
100053,Blue Lake Power,102124.32,2012
100342,Blythe Energy Inc.,681961.76,2012
2017,BNP Paribas Energy Trading GP,0.0,2012
104054,BNSF Railway - Barstow,527156.51,2012
104064,BNSF Railway - Commerce,242456.57,2012
104065,BNSF Railway - Richmond,128942.6,2012
4000,Bonneville Power Administration - AO/CS,0.0,2012
2044,Bonneville Power Administration - Marketer,52318.3221305682,2012
101676,Bottle Rock Power - Geothermal,12035.43,2012
104074,Boyett Petroleum,251099.59,2012
2113,BP Energy Company,0.0,2012
104001,BP West Coast Products LLC (BPWCP) - Terminals,25314664.16,2012
101246,"BP West Coast Products LLC, Carson Refinery",5172200.644,2012
100002,"BP West Coast Products LLC, Wilmington Calciner",320646.988856616,2012
100389,Braun Medical Inc,41754.5599999999,2012
100061,"Brea Generation, LLC",31443.1656745217,2012
104075,BreitBurn Operating LP - Los Angeles Basin Facility,36710.313,2012
104120,Brookfield Energy Marketing LP,176335.35810193,2012
104450,"Buena Vista Biomass Power, LLC",39480.5599999999,2012
3027,Burbank Water and Power,711996.589091164,2012
100018,Burney Forest Products,397336.28,2012
104077,BWP/MPP Electricity Generating Facilities at 164 W. Magnolia,555687.313199999,2012
100692,CalEnergy Operating Corporation - J J Elmore - Geothermal,11039.7999999999,2012
100703,CalEnergy Operating Corporation - J M Leathers - Geothermal,26001.81,2012
100712,CalEnergy Operating Corporation - Region 1 - Geothermal,68345.69,2012
100716,CalEnergy Operating Corporation - Region 2 - Geothermal,34701.19,2012
104411,"California Dairies, Inc. Artesia",16391.1199999999,2012
100959,"California Dairies, Inc. Fresno",33929.2799999999,2012
104410,"California Dairies, Inc. Los Banos",16695.1199999999,2012
101509,"California Dairies, Inc. Tipton",47809.8,2012
101190,"California Dairies, Inc. Turlock",34088.2799999999,2012
101197,"California Dairies, Inc. Visalia",54588.5599999999,2012
3072,"California Department of Water Resources (DWR), State Water Project",1144766.40797358,2012
100327,California Institute of Technology (CalTech),58988.447184,2012
104353,California Natural Products,16215.26,2012
104135,California Paperboard Corporation,1411.55999999999,2012
104362,California Polytechnic State University,11992.9599999999,2012
101060,"California Power Holdings, LLC-Chowchilla Facility, 95360",24181.9199999999,2012
100368,"California Power Holdings, LLC-Red Bluff Facility, 96080",12998.48,2012
100235,"California State University, Channel Islands",106985.371199999,2012
104350,"California State University, Fullerton",20449.7599999999,2012
101399,"California State University, San Diego",50242.4,2012
100131,"California State University, San Jose",31059.7828039999,2012
100954,California Steel Industries,190871.2,2012
101405,CalPeak Power - Border,9536.36,2012
101662,CalPeak Power - Enterprise,10056.8799999999,2012
100376,"CalPeak Power - Panoche, LLC",5305.19999999999,2012
100377,"CalPeak Power - Vaca Dixon, LLC",6647.76,2012
101496,"Calpine - Construction Finance Company, L.P., Sutter_GL1",482620.88,2012
104332,Calpine - CPN Pipeline,776350.76,2012
101525,"Calpine - Creed Energy Center, LLC",6628.23999999999,2012
101526,"Calpine - Delta Energy Center, LLC",2203477.16,2012
101527,"Calpine - Geysers Power Company, LLC - Geothermal",224571.179999999,2012
100178,"Calpine - Gilroy Cogen, L.P., Gilroy Cogen_Peaker",171103.359999999,2012
100380,"Calpine - Gilroy Energy Center, LLC for Lambie Energy Center",6248.23999999999,2012
100337,"Calpine - Gilroy Energy Center, LLC, Feather River",23007.36,2012
101528,"Calpine - Gilroy Energy Center, LLC, Riverview Peaker",12057.44,2012
101276,"Calpine - Gilroy Energy Center, LLC, Wolfskill Peaker",10714.4,2012
100383,"Calpine - Goose Haven Energy Center, Peaker",6548.23999999999,2012
100182,"Calpine - Greenleaf Inc, II_Yuba City ",174211.04,2012
101300,"Calpine - King City Cogen, LLC, King City Cogen_Peaker",234133.799999999,2012
101143,"Calpine - Los Esteros Critical Energy Facility, LLC",0.0,2012
100338,"Calpine - Los Medanos Energy Center, LLC",1460797.63999999,2012
100343,"Calpine - Metcalf Energy Center, LLC",1075882.36,2012
101426,Calpine - O.L.S. Energy – Agnews Inc. 95134,68665.08,2012
101746,Calpine - Otay Mesa Energy Center,1471320.691,2012
100345,Calpine - Pastoria Energy Facility L.L.C.,1663710.15999999,2012
3010,Calpine Corporation,942180.214080999,2012
101258,"CalPortland Company, Colton Plant",137.0,2012
101029,"CalPortland Company, Mojave Plant",1108247.81,2012
100936,Campbell Soup Supply Company - Dixon,37683.5199999999,2012
104199,Campbell Soup Supply Company - Stockton,23017.36,2012
104008,Canyon Power Project (CPP),56001.5599999999,2012
100128,Cardinal Cogen,212930.565022,2012
2214,"Cargill Power Markets, LLC",10248.6825599999,2012
104375,Cargill Salt Operations,22947.36,2012
101734,Carlton Forge Works,33543.76,2012
100129,Carson Cogeneration Co,182010.239999999,2012
104660,Cedars-Sinai Medical Center,15376.709776,2012
101476,Cemex Construction Materials Pacific LLC - Victorville Plant,1625708.061924,2012
101015,Central Contra Costa Sanitary District,67635.5341049999,2012
100917,CertainTeed Corporation,39847.8399999999,2012
101520,Chalk Cliff Limited,102537.36,2012
104707,"Chemtrade West US, LLC",10149.209484416,2012
104013,Chevron 17Z Gas Plant,286141.240999999,2012
104011,Chevron AAPG 740 Coastal Basin,425703.2552,2012
104012,Chevron AAPG 745 San Joaquin Basin,2189276.07519999,2012
100138,"Chevron Products Company - El Segundo Refinery, 90245",3823126.02078357,2012
104223,Chevron Products Company - Headquarters,32897640.78,2012
101384,"Chevron Products Company - Richmond Refinery, 94802",4126094.65022956,2012
104195,Chevron SJVBU Natural Gas Sales,768600.12,2012
104393,Children's Hospital Los Angeles,17180.6399999999,2012
101252,Chula Vista Energy Center,2829.11999999999,2012
2428,Citigroup Energy Inc.,34084.70629,2012
101221,"City of Anaheim, Combustion Turbine Generator",34663.2799999999,2012
3023,"City of Anaheim, Public Utilities Department, Anaheim City Hall West",1503367.53163124,2012
3025,City of Banning Electric Department,111389.77728812,2012
3029,City of Cerritos,0.0,2012
3031,City of Colton - EPE,189886.126409883,2012
101667,City of Colton - Generation,24001.88,2012
3032,City of Corona Dept. of Water & Power,0.0,2012
104642,City of Hope National Medical Center,14504.7421232,2012
3030,City of Industry,0.0,2012
3041,City of Lompoc,0.0,2012
3047,City of Needles,0.0,2012
3048,City of Palo Alto,0.0,2012
5011,City of Palo Alto Gas Utility,159227.0,2012
104399,City of Palo Alto Water Quality Control Treatment Plant,13921.99,2012
3056,City of Riverside Public Utilities,664081.144107238,2012
101564,"City of San Diego, Public Utilities Dept, Point Loma Treatment Plant",22178.29,2012
104330,"City of San Diego, Public Utilities Dept, Pump Station 2",10490.4,2012
3059,City of Shasta Lake - Electric,0.0,2012
5036,City of Susanville Gas Utility,10420.4,2012
3065,"City of Ukiah, Electric Utilities Division",0.0,2012
5008,"City of Vernon, Gas Municipal Utility Department",475489.919999999,2012
3066,"City of Vernon, Light & Power",20563.7222399999,2012
100328,"Civic Center Cogen, LA County",99059.24,2012
101691,"Clougherty Packing, LLC",20850.027581466,2012
101516,Coalinga Cogeneration Company,186351.2,2012
101250,Collins Pine Co.,96504.50891,2012
104570,Comision Federal de Electricidad (CFE),143793.696239999,2012
3011,"Commerce Energy, Inc.",0.0,2012
101503,ConAgra - Oakdale,64613.44,2012
101729,ConAgra Foods - Helm Facility,33742.2799999999,2012
2078,"Constellation Energy Commodities Group, Inc.",0.0,2012
3012,"Constellation NewEnergy, Inc.",0.0,2012
100333,Coolwater Generating Station,287848.679999999,2012
100150,"Corona Energy Partners, Ltd.",70129.6399999999,2012
100690,Coso Energy Developers (BLM E&W) - Geothermal,178107.29,2012
101670,Coso Finance Partners (Navy I) - Geothermal,74518.0,2012
101669,Coso Power Developers (Navy II) - Geothermal,162307.0,2012
100933,"Covanta - Delano, Inc.",605560.045,2012
100035,Covanta - Mendota,232894.082241631,2012
100038,Covanta - Mt. Lassen Power,0.0,2012
100041,Covanta - Pacific Oroville Power Inc,206470.051138386,2012
101264,"Covanta - Stanislaus, Inc",230060.666549466,2012
3102,CP Energy Marketing (US) Inc. (Capital Power),2336.46912,2012
101519,CP Kelco San Diego,88415.32,2012
104219,CPV Sentinel Energy Center,66.0,2012
104340,"Criterion Catalyst and Technologies, L. P.",13568.52,2012
101263,"Crockett Cogeneration Project, LP",778918.839999999,2012
104349,"Custom Alloy Light Metals, Inc.",11819.44,2012
104338,Darling International - Fresno,11449.44,2012
104337,Darling International - Los Angeles,16754.6399999999,2012
104339,Darling International - Turlock,17823.68,2012
101260,Dart Container Corporation of California,13981.52,2012
2231,DB Energy Trading LLC,0.0,2012
101214,Del Monte - Hanford,30493.6399999999,2012
104138,Del Monte - Modesto,13043.0,2012
104655,Delano Growers Grape Products,13001.0637616,2012
101709,DeMenno/Kerdoon,29351.5999999999,2012
100026,DG Fairhaven Power LLC,187674.899999999,2012
104433,"Diamond Pet Food Processors of California, LLC-Lathrop Facility",12080.15676,2012
101243,Dicalite Minerals Corp.,31394.2799999999,2012
100025,Dinuba Energy,132143.54,2012
2264,"Direct Energy Business, LLC (fka Strategic Energy)",0.0,2012
101218,Disneyland Resort,19948.455,2012
100157,Double C Limited,6752.76,2012
101733,Dow Chemical Company - Pittsburg,41743.48,2012
104663,DSH-Napa State Hospital,24647.9211424,2012
101493,DTE - Woodland Biomass Power,259416.41,2012
101341,"Dynegy Morro Bay, LLC",115942.0,2012
100221,"Dynegy Moss Landing, LLC",2069233.56,2012
101351,"Dynegy Oakland, LLC.",11928.01,2012
100958,E & J Gallo Winery - Fresno,36307.6399999999,2012
104215,E&B Natural Resources - San Joaquin Valley,15829.6,2012
101355,E.F. Oxnard LLC,82804.1199999999,2012
101511,East Bay Municipal Utility District,27307.54,2012
3033,Eastside Power Authority,0.0,2012
104067,"EDF Trading North America, LLC",696591.930074178,2012
101320,Edgington Oil Company,11.0,2012
104204,Edwards Air Force Base,20360.91,2012
100040,"Eel River Power, LLC",289378.044301537,2012
104374,Eisenhower Medical Center,17961.619964,2012
104079,"El Cajon Energy, LLC",23076.36,2012
100167,Encina Water Pollution Control Facility,13853.16,2012
101738,"Energy 2001, Placer WRSL",14758.08,2012
104070,"Enterprise Products Operating, LLC",45758.4499999999,2012
104200,"Escalon Premier Brands, a Division of HJ Heinz, co LP",24484.9199999999,2012
104078,"Escondido Energy Center, LLC",1433.04,2012
100393,Etiwanda Generating Station,175096.48,2012
104066,Exide Technologies,12261.0,2012
101699,ExxonMobil - South Belridge Hill,54410.562183,2012
100217,ExxonMobil Oil Corporation - Torrance Refinery,12262405.67,2012
100169,ExxonMobil SYU Project,284142.036581379,2012
104519,"Ferrellgas, LP",29859.5672463839,2012
104102,Flyers Energy,1549557.95,2012
104541,Foster Dairy Farms - Modesto Creamery,15564.2500504,2012
101575,"Foster Poultry Farms - Livingston Complex, 95334",43597.6399999999,2012
101054,Freeport-McMoRan Oil & Gas LLC - Gaviota Oil Heating Facility,13007.82,2012
103016,Freeport-McMoRan Oil & Gas LLC- Arroyo Grande Oil Production Facility,52217.4190999999,2012
104081,Freeport-McMoRan Oil & Gas LLC- SJV Basin Facility,881282.650299999,2012
101544,"Fresno Cogeneration Partners, LP",13524.0,2012
101613,Fresno-Clovis Regional Wastewater Reclamation Facility,28708.06,2012
101235,Frito Lay - Kern Plant,47886.8,2012
104207,Frito Lay - Modesto,22830.36,2012
101683,G2 Energy Facility (LFG),10979.99,2012
103018,Gallo Glass Company,148474.096296,2012
101037,Gas Recovery Systems - Coyote Canyon,54304.8099999999,2012
101684,Gas Recovery Systems - Sycamore Facility,18898.04,2012
101658,Gas Recovery Systems LLC - Newby ,7450.56,2012
101712,Gas Recovery Systems LLC – American Canyon,3562.94999999999,2012
101714,Gas Recovery Systems LLC – Menlo Park,4172.96,2012
101451,Genentech Inc South San Francisco,35531.32,2012
100176,"General Mills Cereal Properties, LLC",17285.16,2012
101223,"GenOn Delta, Contra Costa Generating Station 94509",87027.72,2012
100248,"GenOn Delta, Pittsburg Generating Station 94565",153814.145959999,2012
104217,"GenOn, Marsh Landing Generating Station",4194.15999999999,2012
101700,Georgia-Pacific Gypsum LLC - Antioch,27943.56,2012
104208,Georgia-Pacific Gypsum LLC - San Leandro,22674.36,2012
104119,Gila River - Entegra Power Group,215671.126443207,2012
3034,Glendale Water & Power,462941.575926722,2012
100180,"Goal Line LP, 92025",91220.9199999999,2012
100147,"Graphic Packaging International, Inc",121185.56,2012
100181,Grayson Power Plant,187392.88,2012
101155,Greka Santa Maria Refinery ,20647.45,2012
3035,Gridley Electric Utility,0.0,2012
101713,Guadalupe Energy Holdings LLC,11508.79,2012
101721,Guardian Industries Corp.,116058.0,2012
101542,"GWF Energy LLC, Hanford Energy Park Peaker",43690.12,2012
101364,"GWF Energy LLC, Henrietta Peaker Plant",23711.88,2012
100358,"GWF Energy LLC, Tracy Peaker Plant",119233.046883799,2012
100005,"GWF Power Systems, L.P., East Third Street Power Plant",12238.8648799999,2012
100004,"GWF Power Systems, L.P., Hanford Power Plant",0.0,2012
100006,"GWF Power Systems, L.P., Loveridge Road Power Plant",23216.643259,2012
100009,"GWF Power Systems, L.P., Nichols Road Power Plant",23375.5999999999,2012
101224,"GWF Power Systems, L.P., Wilbur East Power Plant",23076.23268,2012
100008,"GWF Power Systems, L.P., Wilbur West Power Plant",19454.38523,2012
100186,Harbor Cogeneration Company,17919.68,2012
3036,Healdsburg Electric Dept.,0.0,2012
3037,Hercules Municipal Utility,0.0,2012
104360,"HGST, Inc",17537.16,2012
101478,"High Desert Power Project, LLC",1932891.1608,2012
104009,High Sierra Cogeneration,16272.12,2012
100189,High Sierra Limited,7570.27999999999,2012
101288,Hilmar Cheese Company,69783.97,2012
100029,HL Power Company,293986.979999999,2012
104368,Hoag Memorial Hospital Presbyterian,22094.598628,2012
104426,Holmes Western Oil Corporation,19525.7531123566,2012
104580,Hood Dairy,11577.3436959636,2012
104364,Houweling Nurseries,24411.9199999999,2012
104346,Hudson Ranch Power I - Geothermal,0.0,2012
104377,Huntington Memorial Hospital,14514.04,2012
2292,Iberdrola Renewables,136521.436855999,2012
104229,Idemitsu Apollo Corporation,3967481.87,2012
101318,"Imerys Minerals California, Inc.",51321.44,2012
3038,Imperial Irrigation District (IID),879418.584616009,2012
100162,"Imperial Irrigation District (IID), El Centro Generating Station",509894.397059999,2012
101307,"Imperial Irrigation District (IID), Niland Gas Turbine Plant",40574.6174,2012
101703,"Inergy West Coast, LP",954638.0,2012
101008,Ingomar Packing Company,81252.08,2012
100323,Ingredion Incorporated Stockton Plant,47321.2799999999,2012
101686,"Inland Empire Energy Center, LLC.",1301804.76,2012
5045,"IPC (USA), Inc.",320531.549999999,2012
104335,J. Aron & Company,2444.73599999999,2012
101705,J. G. Boswell Tomato Company Kern,37788.9199999999,2012
104224,J.G. Boswell Company West Processing Townsite,13437.66,2012
101504,J.G.Boswell Tomato Company Kings,39083.48,2012
3077,J.P. Morgan Ventures Energy Corporation,10810.97184,2012
104320,Jaco Oil Company,745540.79,2012
104216,John Wayne Airport Orange County,18405.2,2012
104122,Johns Manville,4816.68,2012
104004,JR Simplot Company,32473.0999999999,2012
104562,JS West and Companies,23666.181909464,2012
104421,"K2 Pure Solutions, Inc",14383.04,2012
104376,"Kaiser Aluminum Fabricated Products, LLC",12556.48,2012
104355,Kaweah Delta Medical Center,15285.08,2012
100202,Kern Front Limited,5737.19999999999,2012
5044,Kern Front Natural Gas Pipeline (WCAC),590376.451536,2012
101507,Kern Oil ,3026864.50999999,2012
101514,Kern River Cogeneration Company,837160.199999999,2012
5017,Kern River Gas Transmission,0.0,2012
100199,KES Kingsburg L.P.--Kingsburg Cogeneration Facility,25934.48,2012
101100,"Kiefer Landfill, Department of Waste Management and Recycling",125216.03,2012
100962,Kimberly Clark Worldwide Inc.,68850.08,2012
104047,"Kinergy Marketing, LLC",95166.3399999999,2012
104425,Kirby Hills Compressor Station,12865.24,2012
3001,Kirkwood Meadows PUD Powerhouse,0.0,2012
101447,Knauf Fiber Glass Gmbh,20753.68,2012
104354,"Kraft Foods Group, Inc. - Tulare",21590.32,2012
100205,Kyocera America Inc.,1645.55999999999,2012
100339,"La Paloma Generating Company, LLC",2095949.48,2012
104211,La Rosita Power - Marketing,1102030.84060822,2012
101327,LACSD - Calabasas LF,35595.3616100479,2012
100064,LACSD - Commerce Refuse To Energy,109435.7,2012
101487,LACSD - Joint Water Pollution Control Plant,129671.279216095,2012
100073,LACSD - Palos Verdes Landfill,0.0,2012
100071,LACSD - Puente Hills Landfill,257010.823249999,2012
101373,LACSD - Spadra Landfill,29213.7099999999,2012
100218,"Lake Shore Mojave, LLC",189890.16,2012
101465,"Land O' Lakes, Inc.",66318.0,2012
3039,Lassen Municipal Utility District,0.0,2012
101708,Lawrence Livermore National Labs,22399.84,2012
101265,Lehigh Southwest Cement Co - Cupertino,914330.171881648,2012
101381,Lehigh Southwest Cement Co - Redding,229338.642983,2012
101461,Lehigh Southwest Cement Co - Tehachapi,543614.03,2012
104106,Leprino Foods - Lemoore East,19738.24,2012
101716,Leprino Foods - Lemoore West,49404.36,2012
104105,Leprino Foods - Tracy,18497.2,2012
104052,Lhoist North America - Natividad Plant,54207.07,2012
101499,Liberty Packing - Los Banos (Morning Star),92301.4799999999,2012
104451,Liberty Power Corporation,0.0,2012
104099,Liberty Utilities (CalPeco Electric) LLC,113021.728885246,2012
100904,Linn Operating Inc,36778.3894999999,2012
101044,Live Oak Limited,170492.92,2012
101574,Lockheed Martin Aeronautics Company - Palmdale,20141.2799999999,2012
101623,Lockheed Martin Corporation - Sunnyvale,26639.849526,2012
104424,Lodi Compressor Station,15529.3899999999,2012
3040,Lodi Electric Utility,0.0,2012
104172,Lodi Energy Center,81065.57226,2012
100207,Loma Linda University,60299.7109492,2012
5003,Long Beach Gas & Oil Dept (LBGO),496194.2,2012
3042,Los Angeles Department of Water & Power (LADWP),10282626.3828436,2012
100185,Los Angeles Department of Water & Power-Harbor Generating Station (LADWP),65517.44,2012
100187,Los Angeles Department of Water & Power-Haynes Generating Station (LADWP),1556564.71821999,2012
101004,Los Angeles Department of Water & Power-Scattergood Generating Station (LADWP),734253.3,2012
101325,Los Angeles Department of Water & Power-Valley Generating Station (LADWP),1242948.48644711,2012
101323,Los Angeles International Airport (LAX),36568.36,2012
100972,Los Gatos Tomato Products,50787.9199999999,2012
101162,Lunday-Thagard Company,34550.0889183515,2012
100682,Luz Solar Partners LTD,74595.8,2012
101291,Luz Solar Partners LTD VIII & IX,84939.1999999999,2012
101234,Macpherson Oil Company,283981.255,2012
2112,Macquarie Energy LLC,279866.392319999,2012
101278,Madera Power LLC,72211.9799999999,2012
101192,MAGTFTC MCAGCC Twentynine Palms,34857.32,2012
101687,Malaga Peaking Plant - Kings River Conservation District,62526.32,2012
100314,Malburg Generating Station,300381.64,2012
100210,Mandalay Generating Station,135516.519999999,2012
104169,Mariposa Energy LLC,43891.16,2012
101332,Martinez Cogen Limited Partnership,413261.08,2012
104384,"Maruchan, Inc. - Laguna Canyon",15648.08,2012
104633,Matchmaster Dyeing & Finishing,18428.1445498,2012
104613,"Matsui Nursery, Inc.",11935.468224,2012
100296,McKittrick Limited,67511.0399999999,2012
3044,Merced Irrigation District (MeID),0.0,2012
101665,"Merced Power, LLC, 95317",87619.1499999999,2012
2027,"Merrill Lynch Commodities, Inc.",0.0,2012
2046,Metropolitan Water District of Southern California (MWD),0.0,2012
101515,Mid-Set Cogeneration Company,192291.239999999,2012
100215,Midway-Sunset Cogeneration,853102.64,2012
101297,MillerCoors,39242.8782409483,2012
104397,Mira Loma Metal Container Corp,12018.9599999999,2012
104629,Mission Bell Winery ,14096.0240368,2012
104658,Mission Foods Corporation,14064.2020656,2012
101010,Mitsubishi Cement 2000,1112962.4172,2012
100088,MM Lopez Energy LLC,23433.45,2012
101711,MM Prima Deshecha Energy LLC,26831.57,2012
100036,MM San Diego LLC - Miramar,29955.34,2012
100097,MM San Diego LLC - North City,18823.52,2012
100051,MM Tajiguas Energy LLC,14416.42,2012
100057,MM Tulare Energy LLC,0.0,2012
101484,MM West Covina LLC,39844.22,2012
101209,MM Yolo Power LLC,11727.83,2012
3045,Modesto Irrigation District (MID),817390.342915907,2012
101028,"Modesto Irrigation District (MID) - Woodland Generation Station, 95351",218966.16,2012
101359,"Modesto Irrigation District - Ripon Generation Station, 95366",16741.1199999999,2012
5019,Mojave Pipeline Operating Company (MPOC),0.0,2012
104322,"Molycorp Minerals, LLC",17839.0299999999,2012
101329,Monterey Regional Waste Management District,19696.6699999999,2012
3046,Moreno Valley Utility (MVU),0.0,2012
2369,Morgan Stanley Capital Group Inc. - EPE,1440376.440466,2012
101498,Morning Star Packing Company - Los Banos,74714.32,2012
101536,Morning Star Packing Company - Williams,71500.1999999999,2012
104418,"Morton Salt, Inc.",11973.9599999999,2012
101228,Mt. Poso Cogeneration Company,400269.0238,2012
104438,Musket Corporation,171980.799999999,2012
104097,Naftex Operating Company,44765.0961980544,2012
104405,NASA Ames Research Center,18204.68,2012
101735,National Beef,27124.9399999999,2012
101314,National Cement Company - Lebec,487215.552,2012
104109,National Training Center & Fort Irwin,6608.79,2012
104214,Naval Air Weapons Station China Lake,16912.9599999999,2012
104408,Naval Air Weapons Station Lemoore,12580.74,2012
104035,Naval Medical Center - San Diego,26158.48,2012
2388,Nevada Power Company (dba NV Energy),33794.5461599999,2012
101697,"New NGC, Inc - Long Beach",24180.9199999999,2012
104415,"New NGC, Inc - Richmond",20350.7599999999,2012
100195,"New-Indy Ontario, LLC Linerboard Mill",233562.799999999,2012
101356,New-Indy Oxnard LLC,124336.0836,2012
104136,Newark Pacific Paperboard,22377.84,2012
104611,"Newport Fab, LLC (DBA TowerJazz Semiconductor)",12198.0844016,2012
104225,"Nextera Energy Power Marketing, LLC",17644.8820799999,2012
101710,NM Colton Genco LLC,6012.09,2012
101033,"NM Mid Valley Genco, LLC",12196.32,2012
101434,NM Milliken Genco LLC,11688.62,2012
3018,Noble Americas Energy Solutions LLC,287621.069758999,2012
2500,Noble Americas Gas & Power Corporation,89123.5022049999,2012
104420,"Nong Shim America, Inc.",10578.4,2012
104323,North Baja Pipeline,0.0,2012
2215,Northern California Power Agency (NCPA),129804.107392248,2012
101529,Northern California Power Agency - Geothermal Plant No. 1,23145.25,2012
101530,Northern California Power Agency - Geothermal Plant No. 2,27019.6199999999,2012
101358,Northrop Grumman - Palmdale,9411.84,2012
104227,Northrop Grumman Marine Systems - Sunnyvale,10023.36,2012
104324,Northrop Grumman Systems Corp. - Redondo Beach,13676.52,2012
104369,Northrop Grumman Systems Corporation - El Segundo,10453.4,2012
100076,NOVE Power Plant,23433.45,2012
101135,NRG Energy - El Cajon,3089.654608395,2012
100164,NRG Energy - El Segundo,371773.28,2012
101534,NRG Energy - Encina,914216.736671244,2012
101535,NRG Energy - Kearny 1,3741.63999999999,2012
101408,NRG Energy - Kearny 2 and 3,29470.9143345076,2012
100208,NRG Energy - Long Beach,89142.8,2012
100270,NRG Energy - Miramar,3398.901906508,2012
101607,NRG Energy - San Francisco Thermal,64145.9199999999,2012
100891,Oildale Energy LLC,164384.2,2012
101213,"Olam Tomato Processing, Inc. - Lemoore",35358.8399999999,2012
101500,"Olam Tomato Processors, Inc. - Williams",36232.36,2012
104069,"Olam West Coast, Inc. - Firebaugh",23553.88,2012
101284,"Olam West Coast, Inc. - Gilroy",14499.04,2012
104378,"Olive View Medical Center, Los Angeles County Department of Health Services",16610.1199999999,2012
100236,OLS Energy Chino,102643.88,2012
101745,Orange County Central Utility Facility,36406.0,2012
100255,Orange County Sanitation District - Plant 1,23233.74,2012
101280,Orange County Sanitation District - Plant 2,25927.2599999999,2012
104053,Orange Grove Energy Center,51757.9199999999,2012
100695,"Ormat Nevada, Inc./ GEM 2 & 3 - Geothermal",23751.1052354743,2012
101357,Ormond Beach Generating Station,149250.04,2012
100106,Otay Landfill Gas LLC,34496.9599999999,2012
101154,"Owens Corning Insulating Systems, LLC Santa Clara",11188.92,2012
101042,"Owens-Brockway Glass Container, Oakland",68270.3999999999,2012
101183,"Owens-Brockway Glass Container, Tracy",88396.5599999999,2012
101475,"Owens-Brockway Glass Container, Vernon",64631.947,2012
104030,Oxy - Kern 745,753534.230532336,2012
101187,"Oxy - Occidental Of Elk Hills, Inc.",99072.5706999999,2012
104014,"Oxy - Occidental of Elk Hills, Inc. San Joaquin Valley Basin - Gas Plant",3391560.2979,2012
104029,Oxy - Rio Vista 730,272154.474271998,2012
104033,Oxy - SCVGP 755,82032.4023763176,2012
100994,Oxy - Thums Long Beach Company,212300.2499,2012
104072,Oxy - Tidelands Oil Production Company - 760 Los Angeles Basin,45642.2629999999,2012
104031,Oxy - Ventura 755,13428.5204455305,2012
104419,"PABCO Clay Products, LLC, dba Gladding McBean",13264.0,2012
104383,PABCO Paper,15906.6,2012
104616,Pacific Clay Products,11775.641896,2012
101674,Pacific Coast Energy Company LP,60619.8087,2012
101207,Pacific Coast Producers,36397.8799999999,2012
101715,"Pacific Custom Materials Inc., TXI",10104.768,2012
104048,"Pacific Ethanol Stockton, LLC",56986.6399999999,2012
3002,Pacific Gas and Electric Company (PG&E) - Electric Power Entity,1185954.88040719,2012
104025,"Pacific Gas and Electric Company (PG&E) - Gas Distribution System Fugitive Emissions (San Francisco, CA)",222995.179999999,2012
104024,Pacific Gas and Electric Company (PG&E) - Supplier of Natural Gas ,42434939.64,2012
101298,Pacific Ultrapower Chinese,252571.439,2012
3003,PacifiCorp,762193.0,2012
101740,"Panoche Energy Center, LLC",154987.493309999,2012
101736,Paramount Farms International LLC,28803.0,2012
101056,Paramount Petroleum Corporation,618760.02,2012
104341,Paramount Petroleum Corporation - Elk Grove Asphalt Terminal,12222.9599999999,2012
3049,"Pasadena Water and Power, 91101",514443.081951999,2012
100179,"Pasadena Water and Power, Glenarm",141158.929999999,2012
101240,"PE-Berkeley, Inc",128064.32,2012
104089,Petro-Diamond,2661579.85,2012
104022,PG&E Burney Compressor Station,53077.963935,2012
101758,PG&E Colusa Generating Station,1026279.59129,2012
101562,PG&E Delevan Compressor Station,38826.83,2012
101741,PG&E Gateway Generating Station,1247465.572787,2012
101747,PG&E Gerber Compressor Station,68458.2799999999,2012
101290,PG&E Hinkley Compressor Station,70997.767657,2012
100192,PG&E Humboldt Bay Generating Station,193208.042892,2012
101563,PG&E Kettleman Compressor Station,24190.483605,2012
104021,PG&E McDonald Island Underground Storage Station,18426.6274909999,2012
104023,PG&E Tionesta Compressor Station,46983.4192464,2012
101031,PG&E Topock Compressor Station,30915.7550479999,2012
104010,Phillips 66 Company - Fuel Supplier,19917929.59,2012
100913,Phillips 66 Company - Los Angeles Refinery - Carson Plant,1005337.6614997,2012
100329,Phillips 66 Company - Los Angeles Refinery - Wilmington Plant,1857381.72971462,2012
100351,Phillips 66 Company - San Francisco Carbon Plant,169892.209999999,2012
100303,Phillips 66 Company - San Francisco Refinery,1320964.8173,2012
101226,Phillips 66 Company - Santa Maria Refinery,239014.64,2012
101692,"Pilkington North America, Lathrop Plant",94143.8862039999,2012
3016,"Pilot Power Group, Inc.",7229.87016,2012
104494,"Pilot Travel Centers, LLC",334150.003199999,2012
100151,Pitchess Cogeneration Station,103054.88,2012
5024,Pittsburg Power Company dba Island Energy - EPE,0.0,2012
101685,Pixley Cogeneration Partners / Calgren Renewable Fuels,55813.5999999999,2012
100888,Plains LPG Services/ Lone Star Frac & Isom Facility,1288522.72,2012
3100,Plumas-Sierra REC,3921.18192,2012
3051,Port of Oakland,0.0,2012
3052,"Port of Stockton, 95203",0.0,2012
2127,Portland General Electric Company,75410.9378399999,2012
3053,Power and Water Resources Pooling Authority (PWRPA),0.0,2012
3101,Powerex Corp - AO/CS,0.0,2012
2243,Powerex Corp. - Marketer,4261151.5467148,2012
101513,PPG Industries Inc.,84315.36,2012
101053,Praxair Inc.,39727.5571811839,2012
104394,Press Forge Co,14477.04,2012
104206,Prime Wheel Corporation,27840.04,2012
104348,Procter & Gamble Manufacturing Co. - Sacramento - Fuel Supplier,27373.04,2012
104423,Procter & Gamble Manufacturing Co. - Sacramento Plant,19788.24,2012
104096,ProPetroleum Inc.,752299.0,2012
101400,"Qualcomm, Inc. - Morehouse Facility",28773.08,2012
101523,"Qualcomm, Inc. - Pacific Center Facility",20067.24,2012
104197,"Quemetco, Inc.",20327.08,2012
5028,Questar Southern Trails,412.589999999999,2012
104391,Rady Children's Hospital San Diego,20373.7599999999,2012
104203,Rainbow Energy Marketing Corporation (REMC),316.069439999999,2012
3054,Rancho Cucamonga Municipal Utility,0.0,2012
3055,Redding Electric Utility,170058.795841045,2012
100256,Redding Electric Utility - Redding Power Generation,33874.2399999999,2012
100259,Rhodia - Dominguez,36623.8799999999,2012
100258,Rhodia - Martinez,10258.8799999999,2012
104198,Richard J Donovan Correctional Facility,17125.6399999999,2012
100265,Rio Bravo Fresno,259614.602799999,2012
100892,Rio Bravo Jasmin,220453.989999999,2012
100893,Rio Bravo Poso,153671.755999999,2012
100055,Rio Bravo Rocklin,287513.64,2012
100283,"Ripon Cogeneration LLC, Ripon Facility",66724.52,2012
101371,"Ripon Cogeneration LLC, San Gabriel Facility",65682.4799999999,2012
104056,River City Petroleum,398247.877088,2012
100387,Riverside Public Utilities - Clearwater Facility,11673.44,2012
100392,Riverside Public Utilities - Riverside Energy Resource Center,44834.16,2012
104037,Robinson Oil Supply & Transport,371110.08,2012
101702,Roseburg Forest Products,110721.34,2012
3057,Roseville Electric,152.35944,2012
101270,"Roseville Electric, Roseville Energy Park",240000.95,2012
100130,"Sacramento Municipal Utility District (SMUD) , Carson Ice CG",203190.442244,2012
100365,"Sacramento Municipal Utility District (SMUD) , Cosumnes Power Plant",1366145.57,2012
100252,"Sacramento Municipal Utility District (SMUD) , SCA",367321.204149372,2012
100125,"Sacramento Municipal Utility District (SMUD) , SPA",235784.024446182,2012
3058,Sacramento Municipal Utility District (SMUD) - Electric Power Entity,779306.764534299,2012
104352,Sacramento Municipal Utility District (SMUD) - Gas Pipeline,2124136.2,2012
104357,Saint Agnes Medical Center,24981.4399999999,2012
104436,Saint Bernardine Medical Center,10962.4,2012
101342,"Saint-Gobain Containers, Inc.",82146.9199999999,2012
101518,Salinas River Cogeneration Company,201311.6,2012
104398,San Benito Foods,15015.5599999999,2012
3004,San Diego Gas & Electric (SDG&E) - Electric Power Entity,942853.813168289,2012
104085,San Diego Gas and Electric - Local Distribution,7605729.12,2012
104380,San Francisco General Hospital,20439.2799999999,2012
3028,"San Francisco Hetch Hetchy Water and Power, CCSF",0.0,2012
104367,San Francisco International Airport (SFO),19857.24,2012
101239,San Joaquin Refining Company,345144.483,2012
101140,San Jose/Santa Clara Water Pollution Control Plant,39044.603,2012
101157,San Marcos Energy LLC,7683.69999999999,2012
104626,Santa Clara Valley Medical Center,12437.5505728,2012
101439,Santa Cruz Energy LLC,6572.89,2012
104381,"Santa Maria Energy, LLC, Careaga Lease",10955.36,2012
104396,Saputo Cheese USA Inc. - Levin,10340.8799999999,2012
104395,Saputo Cheese USA Inc. - Newman,16579.1199999999,2012
101186,Saputo Cheese USA Inc. - Paige,64455.9199999999,2012
101517,Sargent Canyon Cogeneration Company,186328.359999999,2012
104358,Schlosser Forge Company,22337.84,2012
101663,SDG&E - Cuyamaca Peak Energy Plant,27562.04,2012
101401,SDG&E - Miramar Energy Facility,94630.0,2012
104221,SDG&E - Moreno Compressor Station,36839.3704,2012
104115,SDG&E - Natural Gas Distribution Sub W,45973.66,2012
100362,SDG&E - Palomar Energy Center,1062584.87999999,2012
100011,Searles Valley Minerals Inc.,1376496.39999999,2012
104503,"SEI Fuel Services, Inc.",1270518.4768,2012
104568,"Self Serve Petroleum, Inc.",42726.073503,2012
2060,Sempra Generation,2373992.78656404,2012
104610,Seneca Foods Corporation ,11704.2547488,2012
104091,Seneca San Joaquin Production Facilities,245457.749937156,2012
101315,Sensient Natural Ingredients LLC,45222.5794088285,2012
104202,SFPP L.P. - Colton Terminal,16539.86,2012
104615,Sharp Grossmont Hospital,16037.287569815,2012
104454,Shasta Renewable Resources - Anderson Plant,16644.54,2012
104325,Shell Chemical LP - Martinez Catalyst Plant,9671.36,2012
3081,"Shell Energy North America (US), L.P.",195420.801647999,2012
100914,Shell Oil Products US - Martinez,4366858.23994889,2012
104051,Shell Oil Products US - Supply,10047166.362957,2012
104511,Shiralian Enterprises,93404.0623,2012
104329,Shultz Steel Company,24732.4399999999,2012
104614,Sierra Aluminum Company,17063.8792704,2012
100090,"Sierra Pacific Industries (SPI) - Anderson, 96007",75565.5219999999,2012
104449,Sierra Pacific Industries (SPI) - Arcata,13206.62,2012
100043,Sierra Pacific Industries (SPI) - Burney,239567.801199999,2012
101680,Sierra Pacific Industries (SPI) - Lincoln,237204.302,2012
101378,Sierra Pacific Industries (SPI) - Quincy Division,349780.54781,2012
101681,Sierra Pacific Industries (SPI) - Shasta Lake,49706.3,2012
101682,Sierra Pacific Industries (SPI) - Sonora,117824.539999999,2012
2438,Sierra Pacific Power Company (dba NV Energy) - Marketer,101149.64232,2012
101178,"Sierra Power Corporation, 93270",107606.2,2012
104090,Signal Hill Petroleum Facilities,31259.04132,2012
3061,"Silicon Valley Power (SVP), City of Santa Clara",418283.719119596,2012
101438,"Silicon Valley Power (SVP), City of Santa Clara , Cogen",38851.9599999999,2012
101436,"Silicon Valley Power (SVP), City of Santa Clara , DVR",386447.143744,2012
101118,Solar Turbines Incorporated - Kearny Mesa,43021.93,2012
104226,Solar Turbines Incorporated - Pacific Highway,14576.29,2012
100096,Sonoma County Landfill Gas to Energy,35093.2799999999,2012
100063,Southeast Resource Recovery Facility (SERRF),401589.873201771,2012
101539,"Southern California Edison (SCE) - Barre Peaker, 90680 ",14497.04,2012
101537,"Southern California Edison (SCE) - Center Peaker, 90650",14006.52,2012
3005,Southern California Edison (SCE) - Electric Power Entity,7734200.81024194,2012
101538,"Southern California Edison (SCE) - Grapeland Peaker, 91739",12233.9599999999,2012
104326,Southern California Edison (SCE) - McGrath Peaker,904.039999999999,2012
100394,Southern California Edison (SCE) - Mira Loma Peaker,12513.9599999999,2012
100344,Southern California Edison (SCE) - Mountainview Generating Station,2543993.1294,2012
101673,Southern California Edison (SCE) - Pebbly Beach,22554.7799999999,2012
101349,Southern California Gas Co - Aliso Canyon Facility,104488.96,2012
101675,Southern California Gas Co - Blythe Facility,31520.5616,2012
104082,Southern California Gas Co - Distribution,1169312.72352941,2012
100915,Southern California Gas Co - Honor Rancho Facility,48486.8499999999,2012
104365,Southern California Gas Co - Kelso Facility,16205.12,2012
101348,Southern California Gas Co - Newberry Springs Facility,15439.08,2012
104366,Southern California Gas Co - North Needles Facility,15440.08,2012
101346,Southern California Gas Co - South Needles Facility,27585.9862399999,2012
104220,Southern California Gas Co - Wheeler Ridge Compressor Station,26283.32,2012
5002,Southern California Gas Company - End User Emissions,46834482.4399999,2012
104212,"Southern Counties Oil Co., A California Limited Partnership",168432.2,2012
5013,Southwest Gas Distribution Facilities,701199.92,2012
101241,"Spreckels Sugar Company, Inc.- Brawley",82709.44521627,2012
100263,SRI International Cogen Project,26202.48,2012
101025,Stanislaus Food Products,46425.2399999999,2012
101744,"Starwood Power Midway, LLC",17160.6399999999,2012
104409,State of California Central Utility Plant - General Services,13287.0,2012
104370,Steelscape Inc.,18987.72,2012
100092,Sunnyvale Water Pollution Control Plant,10560.93,2012
101671,"Sunray Energy, Inc",12387.48,2012
100948,Sunrise Power Company,828816.719999999,2012
100886,Sycamore Cogeneration Co,934133.079999999,2012
101073,TAMCO,51548.36,2012
2427,"Terra-Gen Dixie Valley, LLC",36273.2405385969,2012
100335,Tesoro Refining & Marketing Company LLC - LAR,1433729.11,2012
101492,Tesoro Refining & Marketing Company LLC - SRP,48648.4199999999,2012
5012,Tesoro Refining and Marketing,27331451.23,2012
101331,Tesoro Refining and Marketing Co. - Martinez,2089719.99553133,2012
2278,"The Energy Authority, Inc.",5472.30862283381,2012
101582,The P&G Paper Products Co.,330802.96,2012
104327,The Soco Group Inc.,292957.159999999,2012
100052,"Thermal Energy Development Partnership, L.P.",134490.109999999,2012
5047,"Tiger Natural Gas , Inc.",0.0,2012
104620,Timber Products Company Yreka Veneer,13037.61118408,2012
101750,Toland Landfill - Ventura Regional Sanitation District,9515.33892313735,2012
101502,Tomatek / Neil Jones Food Companies,22892.36,2012
2312,"TransAlta Energy Marketing (US), Inc.",699313.709174479,2012
104230,TransCanada Energy Sales Ltd.,5639.48207999999,2012
104517,TransMontaigne,102149.053690999,2012
101460,"TRC Cypress Group, LLC",23909.2184999999,2012
104005,"Tricor Refining, LLC",3238.88,2012
3063,Truckee Donner Public Utilities District,10593.7689816126,2012
100952,"TST, Inc.",20620.2799999999,2012
3064,Turlock Irrigation District (TID),438252.855214186,2012
100111,"Turlock Irrigation District (TID), Almond Power Plant",79468.96,2012
100371,Turlock Irrigation District/ Walnut Energy Center,613714.12,2012
5010,Tuscarora Gas Transmission Pipeline,0.0,2012
100013,TXI Riverside Cement (Oro Grande Plant),1032735.1,2012
100300,"U.S. Borax, 93516",292048.0,2012
101271,U.S. Gypsum Co Plaster City Plant,41791.08,2012
104068,UC Davis Medical Center,64544.9199999999,2012
101205,Ultramar Inc - Valero,898437.66,2012
101217,"Unilever Manufacturing (US), Inc.",27764.04,2012
104062,Union Pacific Railroad Company,581858.339999999,2012
101124,United Airlines San Francisco Maintenance Center,34069.86,2012
104545,United Pacific Energy,14205.3193089869,2012
101469,United States Pipe & Foundry Co. LLC,31820.5999999999,2012
100305,"University of California, Davis",58423.9,2012
101296,"University of California, Irvine",73884.2799999999,2012
100997,"University of California, Los Angeles, UCLA",231452.296999999,2012
104173,"University of California, Riverside, UCR",23893.4,2012
101305,"University of California, San Diego, UCSD",152636.239999999,2012
101416,"University of California, San Francisco",65203.9599999999,2012
104372,"University of California, Santa Barbara",21610.7999999999,2012
100273,"University of California, Santa Cruz, UCSC EH&S Office",21544.32,2012
104361,University of Southern California (USC) - University Park Campus (UPC),17517.16,2012
101068,USS-POSCO Industries,50246.4916253585,2012
100196,UTC Aerospace Systems Chula Vista Plant,21771.2226999999,2012
104617,VA Greater Los Angeles Healthcare System,18456.265648,2012
104661,VA San Diego Healthcare System,17655.3454816,2012
104071,Valero Marketing and Supply Company,14719341.6999999,2012
100372,"Valero Refining Company - California, Benicia Refinery and Benicia Asphalt Plant",2939902.07322474,2012
104444,Valero Wilmington Asphalt Plant,11606.45,2012
104205,Vandenburg Air Force Base,19371.3499999999,2012
104413,Venoco Inc. - SB Channel (Onshore),13129.36,2012
3067,Victorville Municipal Utility Services,0.0,2012
104571,Victorville Municipal Utility Services - Gas Utility,11093.8699656,2012
100953,Vista Metals Corp.,29141.3562999999,2012
5014,Vitol,308474.76,2012
100058,Wadham Energy Ltd Partnership,204825.89,2012
104218,"Walnut Creek Energy, LLC",53.0,2012
3078,WAPA - Desert Southwest Region,6385.99967999999,2012
3079,WAPA - Sierra Nevada Region,1146988.50283457,2012
100060,Waste Management - Altamont Landfill,47699.1116039999,2012
101567,Waste Management - Bradley Landfill,21754.81047,2012
100101,Waste Management - El Sobrante Landfill,10436.8691404,2012
104363,Weber Metals,20341.7599999999,2012
101425,"Wellhead Power Gates, LLC",0.0,2012
5007,West Coast Gas Company Inc,0.0,2012
104638,"Western Milling, Goshen CA",10593.011984,2012
101222,"Wheelabrator Lassen, Inc",39228.48,2012
100878,"Wheelabrator Norwalk Energy Company, Inc.",48794.8399999999,2012
100282,Wheelabrator Shasta Energy Company,708606.9,2012
101343,"Wildflower Energy, LP - Indigo Generation, LLC",35393.8,2012
100353,"Wildflower Energy, LP - Larkspur Energy Facility, LLC",38706.44,2012
104359,Windset Farms,21579.32,2012
101693,Wm. Bolthouse Farms,29874.1199999999,2012
104618,WWF Operating Company,14063.1561875841,2012
100322,Yuba City Cogeneration Partners LP,31313.68,2012
3006,3 Phases Renewables,5656.07135999999,2013
104356,3M Corona,13093.8294504,2013
104213,ABI Foundry,13925.1070924,2013
100001,ACE Cogeneration,325824.102748,2013
104347,"Aemetis Advanced Fuels Keyes, Inc.",55566.4445252,2013
104019,Aera Energy Belridge Gas Plant 32,192957.566133107,2013
104018,Aera Energy Coastal Basins,198501.4223,2013
104016,Aera Energy San Joaquin Basin,3331118.64013896,2013
104017,Aera Energy Ventura Basin (opt-in 2014),19703.6263,2013
104020,Aera Energy Ventura Gas Plant,6995.02999999999,2013
104382,Aerojet Rocketdyne,10081.257522428,2013
101321,"AES Alamitos, LLC",895128.526168399,2013
100194,"AES Huntington Beach, LLC",498407.260507999,2013
100257,AES Redondo Beach LLC,223211.08058,2013
104006,Agrium US Inc,14834.681710594,2013
101701,Air Liquide El Segundo Hydrogen Plant,585448.585493979,2013
101749,Air Liquide Large Industries US L.P. - Rodeo Hydrogen Plant,884931.485600742,2013
101017,"Air Products & Chemicals, Inc., Martinez",270752.532,2013
100014,Air Products - APMC - Stockton CoGen,0.0,2013
101248,Air Products Carson Hydrogen Plant,719875.319909999,2013
101512,"Air Products Manufacturing Corporation, Sacramento",43674.9504,2013
100127,Air Products Wilmington Hydrogen Plant,608550.168536646,2013
3022,Alameda Municipal Power,0.0,2013
101433,"Algonquin Power Sanger, LLC",61756.5095757759,2013
104345,All American Asphalt,19116.7301816,2013
101231,All American Oil and Gas Company,154545.453981275,2013
104406,Allergan,14320.0312952,2013
100884,Alon Bakersfield Refinery - Area 3,0.0,2013
101237,Alon Bakersfield Refinery - Areas 1&2,30513.5003348489,2013
104499,Alon Bakersfield Refinery - Areas 1&2 - Fuel Supplier,0.0,2013
104027,Ameresco Chiquita Energy LLC,36752.3461248039,2013
101657,Ameresco Half Moon Bay,48345.4882768018,2013
101748,Ameresco Keller Canyon,16130.9131278201,2013
101656,Ameresco Santa Cruz,11332.5502639024,2013
104492,"American Biodiesel, Inc. dba Community Fuels",11210.025308,2013
104544,"AmeriGas Propane, L.P.",201835.696434056,2013
101179,Amgen Inc.,22376.9248813703,2013
101666,"Ampersand Chowchilla Biomass, LLC, 93610",108386.629397818,2013
100943,Anheuser-Busch LLC - Fairfield (opt-in 2013),17094.9876038726,2013
101473,Anheuser-Busch LLC - Los Angeles Brewery,48111.1699999999,2013
104003,"Apex Oil Company, Inc.",251522.256855,2013
100234,Applied Energy LLC - NAS North Island,158703.050506852,2013
100229,Applied Energy LLC - NTC/MCRD,108725.530153532,2013
101390,Applied Energy LLC - U.S. Naval Station,195306.36627199,2013
104042,Archer Daniels Midland,479751.799881,2013
104002,ARCO BP Terminal Services Corporation (ATSC) - Terminals,1642068.88388044,2013
2098,Arizona Electric Power Cooperative,50585.5482869351,2013
104131,Arizona Public Service Company,177345.9516,2013
101696,Avenal State Prison,18401.0294393804,2013
104379,"Azteca Milling, L.P.",13490.2172456,2013
3024,Azusa Light and Water,70266.95136,2013
100897,Badger Creek Limited,121160.71314,2013
104334,"Baker Commodities, Inc., Kerman Division",15957.635724,2013
2425,Barclays Capital,0.0,2013
104165,Bayer Healthcare,16245.9179227999,2013
100890,Bear Mountain Limited,108320.131687999,2013
3000,Bear Valley Electric Service (BVES),0.0,2013
104623,Belridge Gas Plant - NGL Supplier,49106.688752,2013
100895,Berry Petroleum Company - Los Angeles Basin,241646.356338293,2013
104094,Berry Petroleum Company - San Joaquin Basin,1535048.95886257,2013
3026,Biggs Municipal Utilities,0.0,2013
100120,Biola University,7687.53207519999,2013
100053,Blue Lake Power,132544.575993859,2013
100342,Blythe Energy,724878.480952,2013
2017,BNP Paribas Energy Trading GP,0.0,2013
104054,BNSF Railway - Barstow,425887.233791999,2013
104064,BNSF Railway - Commerce,231841.297152,2013
104065,BNSF Railway - Richmond,132173.694079999,2013
4000,Bonneville Power Administration - AO/CS,0.0,2013
2044,Bonneville Power Administration - Marketer,2971.98711286378,2013
101676,Bottle Rock Power - Geothermal,11285.0,2013
104074,Boyett Petroleum,371683.938541,2013
2113,BP Energy Company,0.0,2013
104001,BP West Coast Products LLC (BPWCP) - Terminals,14293378.2869313,2013
100389,Braun Medical Inc,39261.4689538194,2013
100061,"Brea Generation, LLC",99320.1824718227,2013
104075,BreitBurn Operating LP - Los Angeles Basin Facility,39977.2392172978,2013
104120,Brookfield Energy Marketing LP,98002.9178640642,2013
104450,"Buena Vista Biomass Power, LLC",111516.94299742,2013
3027,Burbank Water and Power,519416.804300742,2013
100018,Burney Forest Products,395143.574858222,2013
104077,BWP/MPP Electricity Generating Facilities at 164 W. Magnolia,453892.366530322,2013
100692,CalEnergy Operating Corporation - J J Elmore - Geothermal,7816.27,2013
100703,CalEnergy Operating Corporation - J M Leathers - Geothermal,23572.23,2013
100712,CalEnergy Operating Corporation - Region 1 - Geothermal,75594.432343569,2013
100716,CalEnergy Operating Corporation - Region 2 - Geothermal,45702.8399999999,2013
104411,"California Dairies, Inc. Artesia",15684.3674473574,2013
100959,"California Dairies, Inc. Fresno",34450.7553294549,2013
104410,"California Dairies, Inc. Los Banos",15745.4275328002,2013
101509,"California Dairies, Inc. Tipton",46656.7148048015,2013
101190,"California Dairies, Inc. Turlock",34116.4276036447,2013
101197,"California Dairies, Inc. Visalia",51656.6130340505,2013
3072,"California Department of Water Resources (DWR), State Water Project",542041.750786407,2013
100327,California Institute of Technology (CalTech),54483.0052938473,2013
104353,California Natural Products,17996.6122360189,2013
104135,California Paperboard Corporation (opt-in 2013),914.896641199999,2013
104362,California Polytechnic State University,12362.1128904,2013
101060,"California Power Holdings, LLC-Chowchilla Facility, 95360",13283.01469,2013
100368,"California Power Holdings, LLC-Red Bluff Facility, 96080",5363.2552604,2013
104014,"California Resources Elk Hills, LLC - 35R Gas Plant",3962143.52810374,2013
101187,"California Resources Elk Hills, LLC - San Joaquin Valley Basin",71145.5013,2013
104029,California Resources Production Corporation - Sacramento Valley Basin 730,255508.036145471,2013
104030,California Resources Production Corporation - San Joaquin Valley Basin 745,912906.453878031,2013
104033,California Resources Production Corporation - SCVGP Gas Plant,85811.0040545405,2013
104031,California Resources Production Corporation - Ventura Basin 755,18121.2534194045,2013
100235,"California State University, Channel Islands",98469.4817289242,2013
104350,"California State University, Fullerton",20001.5980408,2013
101399,"California State University, San Diego",48056.0849339999,2013
100131,"California State University, San Jose",29920.3234908199,2013
100954,California Steel Industries,195547.598804443,2013
101405,CalPeak Power - Border,4820.69845999999,2013
101662,CalPeak Power - Enterprise,7120.968676,2013
100376,"CalPeak Power - Panoche, LLC",4539.42972399999,2013
100377,"CalPeak Power - Vaca Dixon, LLC",4016.95044,2013
101496,"Calpine - CCFC Sutter Energy, LLC_GL1",420530.0365808,2013
104332,Calpine - CPN Pipeline,722291.701904,2013
101525,"Calpine - Creed Energy Center, LLC",7296.148804,2013
101526,"Calpine - Delta Energy Center, LLC",2171908.037184,2013
101527,"Calpine - Geysers Power Company, LLC - Geothermal",198184.332818533,2013
100178,"Calpine - Gilroy Cogen, L.P., Gilroy Cogen_Peaker",121838.3760152,2013
100380,"Calpine - Gilroy Energy Center, LLC for Lambie Energy Center",6856.71808799999,2013
100337,"Calpine - Gilroy Energy Center, LLC, Feather River",17624.268108,2013
101528,"Calpine - Gilroy Energy Center, LLC, Riverview Peaker",11539.306412,2013
101276,"Calpine - Gilroy Energy Center, LLC, Wolfskill Peaker",10856.63764,2013
100383,"Calpine - Goose Haven Energy Center, Peaker",7457.30688399999,2013
100182,"Calpine - Greenleaf Inc, II_Yuba City",161922.652467999,2013
101300,"Calpine - King City Cogen, LLC, King City Cogen_Peaker",190200.3581304,2013
101143,"Calpine - Los Esteros Critical Energy Facility, LLC",169269.8489456,2013
100338,"Calpine - Los Medanos Energy Center, LLC",1402618.28735599,2013
100343,"Calpine - Metcalf Energy Center, LLC",1230285.43580559,2013
101426,Calpine - O.L.S. Energy - Agnews Inc. 95134,9415.22534079999,2013
101746,Calpine - Otay Mesa Energy Center,1393487.34028799,2013
100345,Calpine - Pastoria Energy Facility L.L.C.,1860382.80524399,2013
104456,Calpine - Russell City Energy Center,542887.9224456,2013
3010,Calpine Corporation,942410.947441098,2013
101258,"CalPortland Company, Colton Plant",133.129957827999,2013
101029,"CalPortland Company, Mojave Plant",942364.856270855,2013
100936,"Campbell Soup Supply Company, L.L.C. - Dixon",40734.9132143903,2013
104199,"Campbell Soup Supply Company, L.L.C. - Stockton",24224.7358315999,2013
104008,Canyon Power Project (CPP),58166.9952764799,2013
100128,Cardinal Cogen,212739.448488922,2013
2214,"Cargill Power Markets, LLC",3751.36007999999,2013
104375,Cargill Salt Operations,21010.586488,2013
101734,Carlton Forge Works,34010.323149809,2013
100129,Carson Cogeneration Co,125171.64,2013
104660,Cedars-Sinai Medical Center,16684.138496,2013
101476,Cemex Construction Materials Pacific LLC - Victorville Plant,1895839.82147836,2013
101015,Central Contra Costa Sanitary District,67459.3604621048,2013
100917,CertainTeed Corporation,44982.7387548635,2013
101520,Chalk Cliff Limited,71025.59071314,2013
104484,Chemoil Corporation,69797.807088,2013
104707,"Chemtrade West US, LLC",11497.774523904,2013
104013,Chevron 17Z Gas Plant,266222.696297138,2013
104011,Chevron AAPG 740 Coastal Basin,408048.388484949,2013
104012,Chevron AAPG 745 San Joaquin Basin,2431904.53891952,2013
100138,"Chevron Products Company - El Segundo Refinery, 90245",3443254.96664708,2013
104223,Chevron Products Company - Headquarters Fuel Supplier,33341223.7046348,2013
101384,"Chevron Products Company - Richmond Refinery, 94802",4087322.41974222,2013
104195,Chevron SJVBU Natural Gas Sales,489608.71949792,2013
104393,Children's Hospital Los Angeles,16076.751606,2013
101252,Chula Vista Energy Center,498.480999999999,2013
2428,Citigroup Energy Inc.,4831.84608,2013
101221,"City of Anaheim, Combustion Turbine Generator",51069.162256,2013
3023,"City of Anaheim, Public Utilities Department, Anaheim City Hall West",1666560.74426098,2013
3025,City of Banning Electric Department,124994.921526135,2013
3029,City of Cerritos,0.0,2013
3031,City of Colton - EPE,195386.268799999,2013
101667,City of Colton - Generation,22144.33664,2013
3032,City of Corona Dept. of Water & Power - EPE,0.0,2013
104642,City of Hope National Medical Center,14609.076368,2013
3030,City of Industry,0.0,2013
3041,City of Lompoc,0.0,2013
3047,City of Needles,11576.884259,2013
3048,City of Palo Alto - Electric Power Entity,0.0,2013
5011,City of Palo Alto - Gas Utility,161735.468595999,2013
104399,City of Palo Alto Water Quality Control Treatment Plant,23424.3595993312,2013
3056,City of Riverside Public Utilities,689283.967381592,2013
101564,"City of San Diego, Public Utilities Dept, Point Loma Treatment Plant",20044.9982119765,2013
104330,"City of San Diego, Public Utilities Dept, Pump Station 2",11887.647116,2013
3059,City of Shasta Lake - Electric,0.0,2013
5036,City of Susanville Gas Utility,11661.4257832,2013
3065,"City of Ukiah, Electric Utilities Division",0.0,2013
5008,"City of Vernon, Gas Municipal Utility Department",513926.545541199,2013
3066,"City of Vernon, Vernon Gas & Electric",28591.1875199999,2013
100328,"Civic Center Cogen, LA County",94248.3442551407,2013
101691,"Clougherty Packing, LLC",19979.5771900012,2013
104485,CMO Inc,57882.4951243999,2013
101516,Coalinga Cogeneration Company,174721.359204,2013
101250,Collins Pine Co.,114094.88264031,2013
104570,Comision Federal de Electricidad (CFE),266351.8044,2013
3011,"Commerce Energy, Inc.",0.0,2013
101503,ConAgra - Oakdale,73115.6387151999,2013
101729,ConAgra Foods - Helm Facility,29335.7434367999,2013
2078,"Constellation Energy Commodities Group, Inc.",147140.422040989,2013
3012,"Constellation NewEnergy, Inc.",252071.642401858,2013
100333,Coolwater Generating Station,161444.563876,2013
100150,"Corona Energy Partners, Ltd.",66964.6123767899,2013
100690,Coso Energy Developers (BLM E&W) - Geothermal,111106.21,2013
101670,Coso Finance Partners (Navy I) - Geothermal,73021.0,2013
101669,Coso Power Developers (Navy II) - Geothermal,147834.0,2013
100933,"Covanta - Delano, Inc.",582364.59502,2013
100035,Covanta - Mendota,241179.022503999,2013
100041,Covanta - Pacific Oroville Power Inc,0.0,2013
101264,"Covanta - Stanislaus, Inc",250447.961302807,2013
3102,CP Energy Marketing (US) Inc. (Capital Power),1501.7664,2013
101519,CP Kelco San Diego,94657.7443621794,2013
104219,CPV Sentinel Energy Center,203526.415429199,2013
101703,"Crestwood West Coast, LLC",1249961.46555715,2013
104488,Crimson Resource Management Corp,18477.042353392,2013
104340,"Criterion Catalyst and Technologies, L. P.",16254.926976,2013
101263,"Crockett Cogeneration Project, LP",735329.477056,2013
104349,"Custom Alloy Light Metals, Inc.",11690.4538424,2013
104338,Darling International - Fresno,11649.4139324,2013
104337,Darling International - Los Angeles,16952.6105783999,2013
104339,Darling International - Turlock,16905.5637212,2013
101260,Dart Container Corporation of California,14764.4667172,2013
2231,DB Energy Trading LLC,0.0,2013
101214,Del Monte - Hanford,28906.3223824,2013
104138,Del Monte - Modesto,14281.9936419999,2013
104489,"Delano Energy Center, LLC",17110.48686,2013
104655,Delano Growers Grape Products,13780.7869712,2013
101709,DeMenno/Kerdoon,27751.1905555999,2013
100026,DG Fairhaven Power LLC,185637.781990736,2013
104433,"Diamond Pet Food Processors of California, LLC-Lathrop Facility",9754.55758959999,2013
101243,Dicalite Minerals Corp.,28996.300229213,2013
100025,Dinuba Energy,129972.83002604,2013
2264,"Direct Energy Business, LLC (fka Strategic Energy)",0.0,2013
101218,Disneyland Resort,21630.0890041376,2013
100157,Double C Limited,4691.59700550399,2013
101733,Dow Chemical Company - Pittsburg,38280.5078649036,2013
104663,DSH-Napa State Hospital,14829.855888,2013
101493,DTE - Woodland Biomass Power,269955.535229199,2013
104455,"DTE Stockton, LLC",28628.6919275963,2013
101341,"Dynegy Morro Bay, LLC",48933.1513432621,2013
100221,"Dynegy Moss Landing, LLC",2068347.02683974,2013
101351,"Dynegy Oakland, LLC.",3016.238156364,2013
100958,E & J Gallo Winery - Fresno,30951.6017128583,2013
104215,E&B Natural Resources - San Joaquin Valley,58805.171971715,2013
101355,E.F. Oxnard LLC,80041.4244412089,2013
104581,Eagle Petroleum - Lynch Canyon Field,17105.76051,2013
101511,East Bay Municipal Utility District,31570.0121614472,2013
3033,Eastside Power Authority,0.0,2013
104452,"EDF Industrial Power Services (CA), LLC",0.0,2013
104067,"EDF Trading North America, LLC",422346.592227149,2013
101320,Edgington Oil Company,8.00810159999999,2013
104204,Edwards Air Force Base,18162.2298513538,2013
100040,"Eel River Power, LLC",286529.562990712,2013
104374,Eisenhower Medical Center,19806.4051270361,2013
104079,"El Cajon Energy, LLC",12865.397632,2013
100167,Encina Water Pollution Control Facility,15100.8167188827,2013
101738,"Energy 2001, Placer WRSL",14016.3022695842,2013
104070,"Enterprise Products Operating, LLC",133041.251053493,2013
104458,"ERG Operating Company, LLC. 750 Santa Maria Basin",58556.9253279815,2013
104200,"Escalon Premier Brands, a Division of HJ Heinz, co LP",24231.7421859999,2013
104078,"Escondido Energy Center, LLC",0.0,2013
100393,Etiwanda Generating Station,192927.903336248,2013
104066,Exide Technologies,44836.5999999999,2013
101699,ExxonMobil - South Belridge Hill,54502.6645349098,2013
104460,ExxonMobil LFC Facility,280337.183614559,2013
104476,ExxonMobil Oil Corporation - Supply - Fuel Supplier,7889152.05278223,2013
100217,ExxonMobil Oil Corporation - Torrance Refinery,3031748.69970877,2013
104459,ExxonMobil POPCO Facility,44662.5122253497,2013
104519,"Ferrellgas, LP",33991.836966144,2013
104041,Flint Hills Resources LP,23096.418836,2013
104102,Flyers Energy,1601322.258379,2013
104541,Foster Dairy Farms - Modesto Creamery,14817.51814,2013
101575,"Foster Poultry Farms - Livingston Complex, 95334",44249.3557539999,2013
103016,Freeport-McMoRan Oil & Gas LLC - Arroyo Grande Oil Production Facility,48338.9351927437,2013
101054,Freeport-McMoRan Oil & Gas LLC - Gaviota Oil Heating Facility,12385.0303862229,2013
104081,Freeport-McMoRan Oil & Gas LLC - SJV Basin Facility,1026967.66799999,2013
101544,"Fresno Cogeneration Partners, LP",25144.2860695999,2013
101613,Fresno-Clovis Regional Wastewater Reclamation Facility,26211.357162,2013
101235,Frito Lay - Kern Plant,48216.2419344384,2013
104207,Frito Lay - Modesto,22684.226047991,2013
101683,G2 Energy Facility (LFG),14050.4784281249,2013
103018,Gallo Glass Company,136687.2628853,2013
101037,Gas Recovery Systems - Coyote Canyon,50373.6240534699,2013
101684,Gas Recovery Systems - Sycamore Facility,22256.6394373404,2013
101712,Gas Recovery Systems LLC - American Canyon,1165.84612110294,2013
101714,Gas Recovery Systems LLC - Menlo Park,2353.8060257,2013
101658,Gas Recovery Systems LLC - Newby,4967.91157367562,2013
101451,Genentech Inc South San Francisco,35458.7429495,2013
100176,"General Mills Cereal Properties, LLC",20956.5327168799,2013
101223,"GenOn Delta, Contra Costa Generating Station 94509",19777.0575319999,2013
100248,"GenOn Delta, Pittsburg Generating Station 94565",89574.3177863612,2013
104217,"GenOn, Marsh Landing Generating Station",99027.0715207528,2013
104474,GenPower Lincon Landfill Power Plant,16835.0695055743,2013
101700,Georgia-Pacific Gypsum LLC - Antioch,32713.0526439999,2013
104208,Georgia-Pacific Gypsum LLC - San Leandro,20118.71420696,2013
104507,"Gexa Energy California, LLC",0.0,2013
104119,Gila River - Entegra Power Group,188205.731839999,2013
3034,Glendale Water & Power,560060.080459916,2013
100180,"Goal Line LP, 92025",77834.2626156979,2013
100147,"Graphic Packaging International, Inc",126469.176,2013
100181,Grayson Power Plant,162820.85919655,2013
101155,Greka Santa Maria Refinery,23407.0772414569,2013
3035,Gridley Electric Utility,0.0,2013
101713,Guadalupe Energy Holdings LLC,5794.06322891799,2013
101721,Guardian Industries Corp.,114942.71681232,2013
104473,Guzman Power Markets 2014+,0.0,2013
101542,"GWF Energy LLC, Hanford Energy Park Peaker",69833.291224,2013
101364,"GWF Energy LLC, Henrietta Peaker Plant",32990.7889,2013
100358,"GWF Energy LLC, Tracy Peaker Plant",261876.35119513,2013
100186,Harbor Cogeneration Company,13298.029057886,2013
3036,Healdsburg Electric Dept.,0.0,2013
104360,"HGST, Inc",17660.303676,2013
101478,"High Desert Power Project, LLC",1773617.0541884,2013
104009,High Sierra Cogeneration,15802.483052,2013
100189,High Sierra Limited,4868.77031172799,2013
101288,Hilmar Cheese Company,62971.9691836749,2013
100029,HL Power Company,283508.641668063,2013
104368,Hoag Memorial Hospital Presbyterian,23567.1008953216,2013
104426,Holmes Western Oil Corporation,24149.2966848524,2013
104580,Hood Dairy,17052.7080680002,2013
104364,Houweling Nurseries,29354.7617044,2013
104346,Hudson Ranch Power I - Geothermal,21343.0,2013
104377,Huntington Memorial Hospital,14012.814744638,2013
2292,Iberdrola Renewables,107100.0,2013
104229,Idemitsu Apollo Corporation,3381439.95680199,2013
101318,"Imerys Minerals California, Inc.",48585.6042112,2013
3038,Imperial Irrigation District (IID),1340195.66290312,2013
100162,"Imperial Irrigation District (IID), El Centro Generating Station",562334.887382399,2013
101307,"Imperial Irrigation District (IID), Niland Gas Turbine Plant",28625.5830099999,2013
101008,Ingomar Packing Company,81693.0430926237,2013
100323,Ingredion Incorporated Stockton Plant,78124.5472759999,2013
101686,"Inland Empire Energy Center, LLC.",626346.548178597,2013
5045,"IPC (USA), Inc.",744139.389699,2013
104465,Ivanpah Solar Electric Generating System,50145.1329888574,2013
104335,J. Aron & Company,110254.821457515,2013
101705,J. G. Boswell Tomato Company Kern,32656.99723189,2013
104224,J.G. Boswell Company West Processing Townsite,12651.3945743999,2013
101504,J.G.Boswell Tomato Company Kings,39423.6272629599,2013
3077,J.P. Morgan Ventures Energy Corporation,9233.68056,2013
104320,Jaco Oil Company,1031309.014418,2013
104216,John Wayne Airport Orange County,18010.3950399999,2013
104122,Johns Manville (opt-in 2013),9967.289672,2013
104004,JR Simplot Company,48244.761560065,2013
104562,JS West and Companies,20905.311696936,2013
104421,"K2 Pure Solutions, Inc",13623.34799648,2013
104376,"Kaiser Aluminum Fabricated Products, LLC",11857.6183079999,2013
104355,Kaweah Delta Medical Center,14727.43,2013
100202,Kern Front Limited,4294.207618688,2013
5044,Kern Front Natural Gas Pipeline (WCAC),637445.570127999,2013
104498,Kern Oil - Fuel Supplier,2636438.58984949,2013
101507,Kern Oil Refinery,172735.86741675,2013
101514,Kern River Cogeneration Company,852265.435694689,2013
5017,Kern River Gas Transmission,0.0,2013
100199,KES Kingsburg L.P.--Kingsburg Cogeneration Facility,16315.9862871999,2013
101100,"Kiefer Landfill, Department of Waste Management and Recycling",134465.480773612,2013
100962,Kimberly Clark Worldwide Inc.,69422.0192707999,2013
104047,"Kinergy Marketing, LLC",111057.127364833,2013
104425,Kirby Hills Compressor Station,12985.7991847433,2013
3001,Kirkwood Meadows PUD Powerhouse,0.0,2013
101447,Knauf Insulation Gmbh,22078.4780439999,2013
104354,"Kraft Foods Group, Inc. - Tulare",21516.0818399999,2013
100205,Kyocera America Inc.,5290.183414496,2013
100339,"La Paloma Generating Company, LLC",2498962.48640399,2013
104211,La Rosita Power - Marketing,946736.490878683,2013
101327,LACSD - Calabasas LF,32215.3851130764,2013
100064,LACSD - Commerce Refuse To Energy,111121.767170399,2013
101487,LACSD - Joint Water Pollution Control Plant,107048.123133537,2013
100071,LACSD - Puente Hills Landfill,236297.731854871,2013
101373,LACSD - Spadra Landfill,26567.0757885462,2013
100218,"Lake Shore Mojave, LLC",42722.859836928,2013
101465,"Land O' Lakes, Inc.",63558.2746363199,2013
3039,Lassen Municipal Utility District,0.0,2013
101708,Lawrence Livermore National Laboratory (LLNL),22722.263782528,2013
101265,Lehigh Southwest Cement Co - Cupertino,962602.866681572,2013
101381,Lehigh Southwest Cement Co - Redding,291784.022308463,2013
101461,Lehigh Southwest Cement Co - Tehachapi,468680.488898214,2013
104106,Leprino Foods - Lemoore East,20845.424586,2013
101716,Leprino Foods - Lemoore West,51792.824926412,2013
104105,Leprino Foods - Tracy,19774.37494,2013
104052,Lhoist North America - Natividad Plant,60012.4209908959,2013
101499,Liberty Packing - Los Banos (Morning Star),91898.0421443999,2013
104451,Liberty Power Corporation,0.0,2013
104099,Liberty Utilities (CalPeco Electric) LLC,117224.21808,2013
100904,Linn Operating Inc,38785.3649864176,2013
101044,Live Oak Limited,163125.830424,2013
101574,Lockheed Martin Aeronautics Company - Palmdale,19546.1511641879,2013
101623,Lockheed Martin Corporation - Sunnyvale,28726.1548004883,2013
104424,Lodi Compressor Station,17996.0231431061,2013
3040,Lodi Electric Utility,0.0,2013
104172,Lodi Energy Center,463055.24498308,2013
100207,Loma Linda University,62239.9823657734,2013
104479,Lompoc Field Stationary Source,10273.1162198776,2013
5003,Long Beach Gas & Oil Dept (LBGO),505411.027883999,2013
3042,Los Angeles Department of Water & Power (LADWP),12466792.431027,2013
100185,Los Angeles Department of Water & Power-Harbor Generating Station (LADWP),80815.3981239999,2013
100187,Los Angeles Department of Water & Power-Haynes Generating Station (LADWP),1549687.9388321,2013
101004,Los Angeles Department of Water & Power-Scattergood Generating Station (LADWP),778039.826409218,2013
101325,Los Angeles Department of Water & Power-Valley Generating Station (LADWP),363683.302147867,2013
101323,Los Angeles International Airport (LAX),26892.3485871999,2013
100972,Los Gatos Tomato Products,48271.2966987999,2013
101162,Lunday-Thagard Company,36099.7463291449,2013
100682,Luz Solar Partners LTD,24222.7346551,2013
101291,Luz Solar Partners LTD VIII & IX,22935.4719417,2013
101715,LWFP LLC,13404.0693545488,2013
101234,Macpherson Oil Company,327641.73096377,2013
2112,Macquarie Energy LLC,138794.215383337,2013
101278,Madera Power LLC,0.0,2013
101192,MAGTFTC MCAGCC Twentynine Palms,36316.888719259,2013
101687,Malaga Peaking Plant - Kings River Conservation District,94059.6365771999,2013
100314,Malburg Generating Station,327273.354364,2013
100210,Mandalay Generating Station,143609.439797314,2013
104463,Marin Clean Energy,0.0,2013
104169,Mariposa Energy LLC,44505.8838851999,2013
101332,Martinez Cogen Limited Partnership,386217.440650641,2013
104384,"Maruchan, Inc. - Laguna Canyon",15676.3599381501,2013
104633,Matchmaster Dyeing & Finishing,22958.0171225,2013
104613,"Matsui Nursery, Inc.",11848.430144,2013
100296,McKittrick Limited,69978.564756,2013
3044,Merced Irrigation District (MeID),0.0,2013
101665,"Merced Power, LLC, 95317",118373.600687007,2013
2027,"Merrill Lynch Commodities, Inc.",0.0,2013
2046,Metropolitan Water District of Southern California (MWD),0.0,2013
101515,Mid-Set Cogeneration Company,208377.170663243,2013
101744,"Midway Peaking, LLC",24253.370984,2013
100215,Midway-Sunset Cogeneration,835693.813303828,2013
101297,MillerCoors,31591.5594216216,2013
104397,Mira Loma Metal Container Corp,12113.8695356,2013
100036,Miramar - MM and Miramar Energy,40691.1049646347,2013
104629,Mission Bell Winery ,14448.613176,2013
104658,Mission Foods Corporation,12777.8747728,2013
101010,Mitsubishi Cement 2000,1172623.90922521,2013
100088,MM Lopez Energy LLC,24873.7662164713,2013
101711,MM Prima Deshecha Energy LLC,27640.6381253666,2013
100097,MM San Diego LLC - North City,18927.9420201028,2013
100051,MM Tajiguas Energy LLC,14827.3737324507,2013
100057,MM Tulare Energy LLC,0.0,2013
101484,MM West Covina LLC,39532.2009235837,2013
101209,MM Yolo Power LLC,13462.5265387744,2013
3045,Modesto Irrigation District (MID),953446.667190314,2013
101028,"Modesto Irrigation District (MID) - Woodland Generation Station, 95351",227257.520298399,2013
101359,"Modesto Irrigation District - Ripon Generation Station, 95366",11126.721724,2013
5019,Mojave Pipeline Operating Company (MPOC),0.0,2013
104322,"Molycorp Minerals, LLC",49081.5442889344,2013
101329,Monterey Regional Waste Management District,18054.5185800697,2013
3046,Moreno Valley Utility (MVU),0.0,2013
2369,Morgan Stanley Capital Group Inc. - EPE,961262.446,2013
101498,Morning Star Packing Company - Los Banos,65763.4350875999,2013
101536,Morning Star Packing Company - Williams,76093.5566535999,2013
104418,"Morton Salt, Inc.",11889.649976,2013
101228,Mt. Poso Cogeneration Company,307432.8786,2013
104438,Musket Corporation,28439.604992,2013
104097,Naftex Operating Company,40231.3474123644,2013
104405,NASA Ames Research Center,18364.0851003239,2013
101735,National Beef,27020.9580577892,2013
101314,National Cement Company - Lebec,573489.8691342,2013
104408,Naval Air Station Lemoore,8971.85046673999,2013
104214,Naval Air Weapons Station China Lake,15602.053051516,2013
104035,Naval Medical Center - San Diego,25346.8341079999,2013
2388,Nevada Power Company (dba NV Energy),0.0,2013
101697,"New NGC, Inc - Long Beach",25022.5171575999,2013
104415,"New NGC, Inc - Richmond",19639.2423452,2013
100195,"New-Indy Ontario, LLC Linerboard Mill",242056.166400015,2013
101356,New-Indy Oxnard LLC,121991.526569716,2013
104136,Newark Pacific Paperboard (opt-in 2013),22961.4983147999,2013
104611,"Newport Fab, LLC (DBA TowerJazz Semiconductor)",11635.1178544,2013
104225,"Nextera Energy Power Marketing, LLC",65671.656479936,2013
101710,NM Colton Genco LLC,3813.12890525919,2013
101033,"NM Mid Valley Genco, LLC",9121.75207279037,2013
101434,NM Milliken Genco LLC,7373.98767556269,2013
3018,Noble Americas Energy Solutions LLC,360932.874531999,2013
2500,Noble Americas Gas & Power Corporation,22222.044934,2013
104445,Noble Petro Inc,30288.9885319999,2013
104420,"Nong Shim America, Inc.",8910.73064399999,2013
104457,"Nor-Cal Beverage Company, Inc.",10762.5455999999,2013
104323,North Baja Pipeline,0.0,2013
2215,Northern California Power Agency (NCPA),32465.2209599999,2013
101529,Northern California Power Agency - Geothermal Plant No. 1,22639.59,2013
101530,Northern California Power Agency - Geothermal Plant No. 2,27627.47,2013
101358,Northrop Grumman - Palmdale,10536.323644344,2013
104227,Northrop Grumman Marine Systems - Sunnyvale,10571.3570272,2013
104369,Northrop Grumman Systems Corp. - El Segundo,11257.0293091999,2013
104324,Northrop Grumman Systems Corp. - Redondo Beach,14141.8560292,2013
100076,NOVE Power Plant,12434.3716330437,2013
101135,NRG Energy - El Cajon,840.826754439494,2013
100164,NRG Energy - El Segundo,708019.375620363,2013
101534,NRG Energy - Encina,337165.927707678,2013
101535,NRG Energy - Kearny 1,4931.8318353283,2013
101408,NRG Energy - Kearny 2 and 3,11408.1955853731,2013
100208,NRG Energy - Long Beach,22200.391656,2013
100270,NRG Energy - Miramar,2059.01968978792,2013
101607,NRG Energy - San Francisco Thermal,63125.8515660979,2013
100891,Oildale Energy LLC,124436.923253624,2013
101500,Olam West Coast Inc - Williams,46912.9650879999,2013
101213,Olam West Coast Inc- Lemoore,39013.225616,2013
104069,"Olam West Coast, Inc. - Firebaugh",20347.9380999999,2013
101284,"Olam West Coast, Inc. - Gilroy",18399.027204,2013
104378,"Olive View Medical Center, Los Angeles County Department of Health Services",17654.2973683999,2013
100236,OLS Energy Chino,109655.440247199,2013
101745,Orange County Central Utility Facility,36263.5307667,2013
100255,Orange County Sanitation District - Plant 1,24572.5935998692,2013
101280,Orange County Sanitation District - Plant 2,26188.5331119893,2013
104053,Orange Grove Energy Center,22304.4923383999,2013
104495,"Ormat Nevada, Inc. / ORNI 18 North Brawley - Geothermal",53342.3069043319,2013
100695,"Ormat Nevada, Inc./ GEM 2 & 3 - Geothermal",20295.4433988499,2013
101357,Ormond Beach Generating Station,324977.208870036,2013
100106,Otay Landfill Gas LLC,41720.26682296,2013
101154,"Owens Corning Insulating Systems, LLC Santa Clara",13429.262344,2013
101042,"Owens-Brockway Glass Container, Oakland",67373.2418887999,2013
101183,"Owens-Brockway Glass Container, Tracy",86568.76113604,2013
101475,"Owens-Brockway Glass Container, Vernon",66147.2901003,2013
100994,Oxy - Thums Long Beach Company,237353.068,2013
104072,Oxy - Tidelands Oil Production Company - 760 Los Angeles Basin,60516.0697,2013
104419,"PABCO Clay Products, LLC, dba Gladding McBean",15751.43357972,2013
104383,PABCO Paper,18646.2693594234,2013
104616,Pacific Clay Products,12228.6591808,2013
101674,Pacific Coast Energy Company LP,67126.956,2013
101207,Pacific Coast Producers,34935.2291039999,2013
104048,"Pacific Ethanol Stockton, LLC",58628.443828,2013
3002,Pacific Gas and Electric Company (PG&E) - Electric Power Entity,746028.9383274,2013
104025,"Pacific Gas and Electric Company (PG&E) - Gas Distribution System Fugitive Emissions (San Francisco, CA)",213857.75502737,2013
104024,Pacific Gas and Electric Company (PG&E) - Supplier of Natural Gas,43506492.7065209,2013
101298,Pacific Ultrapower Chinese,243956.097814999,2013
3003,PacifiCorp,532154.875899999,2013
101740,"Panoche Energy Center, LLC",176190.775476,2013
101736,Paramount Farms International LLC,25346.7653088,2013
104341,Paramount Petroleum Corporation - Elk Grove Asphalt Terminal,10232.0252568,2013
104500,Paramount Petroleum Corporation - Fuel Supplier,155679.201662987,2013
101056,Paramount Petroleum Corporation Refinery,32657.3566639786,2013
3049,"Pasadena Water and Power, 91101",536240.812511143,2013
100179,"Pasadena Water and Power, Glenarm",59634.475223,2013
101240,"PE-Berkeley, Inc",109499.287354306,2013
104089,Petro-Diamond,2906719.68703,2013
104022,PG&E Burney Compressor Station,55742.506191986,2013
101758,PG&E Colusa Generating Station,980510.811773592,2013
101562,PG&E Delevan Compressor Station,44596.0205621989,2013
101741,PG&E Gateway Generating Station,1238544.44300978,2013
101747,PG&E Gerber Compressor Station,53740.6115904808,2013
101290,PG&E Hinkley Compressor Station,62817.3415608438,2013
100192,PG&E Humboldt Bay Generating Station,163408.142101809,2013
101563,PG&E Kettleman Compressor Station,15168.3813042728,2013
104021,PG&E McDonald Island Underground Storage Station,30623.8242812878,2013
104023,PG&E Tionesta Compressor Station,43128.9375780554,2013
101031,PG&E Topock Compressor Station,19883.7614521824,2013
104010,Phillips 66 Company - Fuel Supplier,19509963.1674468,2013
100913,Phillips 66 Company - Los Angeles Refinery - Carson Plant,944104.091482867,2013
100329,Phillips 66 Company - Los Angeles Refinery - Wilmington Plant,2020930.78374378,2013
100351,Phillips 66 Company - San Francisco Carbon Plant,163774.880282167,2013
100303,Phillips 66 Company - San Francisco Refinery,1363918.43663219,2013
101226,Phillips 66 Company - Santa Maria Refinery,252532.694440123,2013
101692,"Pilkington North America, Lathrop Plant",95711.1837369389,2013
3016,"Pilot Power Group, Inc.",0.0,2013
104494,"Pilot Travel Centers, LLC",134256.838926858,2013
100151,Pitchess Cogeneration Station,101489.4391424,2013
5024,Pittsburg Power Company dba Island Energy - EPE,0.0,2013
101685,Pixley Cogeneration Partners / Calgren Renewable Fuels,56197.0619240038,2013
100888,Plains LPG Services/ Lone Star Frac & Isom Facility,1183423.63073467,2013
3100,Plumas-Sierra REC,1753.22496,2013
101371,"Pomona Power Generation LLC, San Gabriel Facility",55980.8498028,2013
3051,Port of Oakland,0.0,2013
3052,"Port of Stockton, 95203",0.0,2013
2127,Portland General Electric Company,19359.2121549861,2013
3053,Power and Water Resources Pooling Authority (PWRPA),0.0,2013
3101,Powerex Corp - AO/CS,0.0,2013
2243,Powerex Corp. - Marketer,826534.355873964,2013
101513,PPG Industries Inc.,87023.8620943999,2013
101053,Praxair Inc.,42052.2143251836,2013
104394,Press Forge Co,14846.5465007999,2013
104206,Prime Wheel Corporation,29720.1202392,2013
104423,Procter & Gamble Manufacturing Co. - Sacramento Plant,20057.6526511999,2013
104096,ProPetroleum Inc.,751306.671393522,2013
104462,Puget Sound Energy,3654.0072,2013
101400,"Qualcomm, Inc. - Morehouse Facility",24813.3127143999,2013
101523,"Qualcomm, Inc. - Pacific Center Facility",26183.6550008,2013
104197,"Quemetco, Inc.",57750.107748,2013
5028,Questar Southern Trails,0.0,2013
104391,Rady Children's Hospital San Diego,24130.6430011999,2013
104203,Rainbow Energy Marketing Corporation (REMC),0.0,2013
3054,Rancho Cucamonga Municipal Utility,0.0,2013
3055,Redding Electric Utility,172188.592016735,2013
100256,Redding Electric Utility - Redding Power Generation,69373.8814275741,2013
104560,Renewable Energy Group,12026.1189799999,2013
104198,Richard J Donovan Correctional Facility,12829.5704176,2013
100265,Rio Bravo Fresno,257096.118484,2013
100892,Rio Bravo Jasmin,90452.8625219999,2013
100893,Rio Bravo Poso,147871.393385,2013
100055,Rio Bravo Rocklin,305389.140344,2013
100283,"Ripon Cogeneration LLC, Ripon Facility",60157.9429776,2013
104056,River City Petroleum,768885.524746,2013
100013,Riverside Cement Company,1075459.36319419,2013
100387,Riverside Public Utilities - Clearwater Facility,10427.2169912,2013
100392,Riverside Public Utilities - Riverside Energy Resource Center,29423.3521159999,2013
104037,Robinson Oil Supply & Transport,364899.297021,2013
100196,"Rohr, Inc. a UTC Aerospace Systems Company-Cogen Plant",21525.3267388493,2013
101702,Roseburg Forest Products,144923.176437443,2013
3057,Roseville Electric,0.0,2013
101270,"Roseville Electric, Roseville Energy Park",227315.8146756,2013
100130,"Sacramento Municipal Utility District (SMUD) , Carson Ice CG",207078.682523831,2013
100365,"Sacramento Municipal Utility District (SMUD) , Cosumnes Power Plant",1456613.043941,2013
100252,"Sacramento Municipal Utility District (SMUD) , SCA",399190.7563813,2013
100125,"Sacramento Municipal Utility District (SMUD) , SPA",366653.300394413,2013
3058,Sacramento Municipal Utility District (SMUD) - Electric Power Entity,1378288.01760387,2013
104352,Sacramento Municipal Utility District (SMUD) - Gas Pipeline,2367768.755448,2013
101035,Safety-Kleen of California Inc.,17012.6687663999,2013
104357,Saint Agnes Medical Center,23243.7223879999,2013
104436,Saint Bernardine Medical Center,11496.263252,2013
101342,"Saint-Gobain Containers, Inc.",78200.4903316316,2013
101518,Salinas River Cogeneration Company,202608.228747999,2013
104461,Salt River Project,79081.7456628654,2013
104398,San Benito Foods,15108.803672,2013
3004,San Diego Gas & Electric (SDG&E) - Electric Power Entity,1918009.73472663,2013
104085,San Diego Gas and Electric (SDG&E) - Local Distribution,7319974.11820519,2013
104380,San Francisco General Hospital,19949.5463163999,2013
3028,"San Francisco Hetch Hetchy Water and Power, CCSF",0.0,2013
104367,San Francisco International Airport (SFO),12468.66,2013
104486,"San Joaquin Cogen, LLC",10779.5618032,2013
101239,San Joaquin Refining Company,93295.8894482368,2013
104497,San Joaquin Refining Company - Fuel Supplier,238678.988756,2013
101140,San Jose/Santa Clara Regional Wastewater Facility,39489.5193630341,2013
101157,San Marcos Energy LLC,6881.51824728178,2013
104626,Santa Clara Valley Medical Center,14039.9959264,2013
101439,Santa Cruz Energy LLC,6284.52463106274,2013
104381,"Santa Maria Energy, LLC, Careaga Lease",10272.09479194,2013
104396,Saputo Cheese USA Inc. - Levin,10723.5066884,2013
104395,Saputo Cheese USA Inc. - Newman,14210.9242271999,2013
101186,Saputo Cheese USA Inc. - Paige,63920.6295747999,2013
101517,Sargent Canyon Cogeneration Company,203862.43598,2013
104358,Schlosser Forge Company,23814.335290251,2013
101663,SDG&E - Cuyamaca Peak Energy Plant,23814.305516,2013
101401,SDG&E - Miramar Energy Facility,75774.0151239999,2013
104221,SDG&E - Moreno Compressor Station,29301.7796080512,2013
104115,SDG&E - Natural Gas Distribution Sub W,44785.6714107013,2013
100362,SDG&E - Palomar Energy Center,1431136.03209599,2013
100011,Searles Valley Minerals Inc.,1368017.91221872,2013
104503,"SEI Fuel Services, Inc.",1275394.538511,2013
104568,"Self Serve Petroleum, Inc.",24949.151172,2013
2060,Sempra Generation,1520417.22878458,2013
104610,Seneca Foods Corporation ,12314.7950368,2013
104091,Seneca San Joaquin Production Facilities,283198.679527884,2013
101315,Sensient Natural Ingredients LLC,46275.3606048505,2013
104202,SFPP L.P. - Colton Terminal,11012.6614651512,2013
104615,Sharp Grossmont Hospital,12977.5190109621,2013
104454,"Shasta Renewable Resources, LLC",76640.9661659999,2013
104325,Shell Chemical LP - Martinez Catalyst Plant,8264.096868,2013
3081,"Shell Energy North America (US), L.P.",263882.997157996,2013
100914,Shell Oil Products US - Martinez,4191584.68248138,2013
104051,Shell Oil Products US - Supply - Fuel Supplier,11699423.662518,2013
104511,Shiralian Enterprises,117383.345279999,2013
104329,Shultz Steel Company,25214.7042795999,2013
100038,Shutdown - Covanta - Mt. Lassen Power,0.0,2013
100005,"Shutdown - GWF Power Systems, L.P., East Third Street Power Plant",0.0,2013
100004,"Shutdown - GWF Power Systems, L.P., Hanford Power Plant",0.0,2013
100006,"Shutdown - GWF Power Systems, L.P., Loveridge Road Power Plant",0.0,2013
100009,"Shutdown - GWF Power Systems, L.P., Nichols Road Power Plant",0.0,2013
101224,"Shutdown - GWF Power Systems, L.P., Wilbur East Power Plant",0.0,2013
100008,"Shutdown - GWF Power Systems, L.P., Wilbur West Power Plant",0.0,2013
104614,Sierra Aluminum Company,18736.9528416,2013
100090,"Sierra Pacific Industries (SPI) - Anderson, 96007",72266.91,2013
104449,Sierra Pacific Industries (SPI) - Arcata,13544.1595418241,2013
100043,Sierra Pacific Industries (SPI) - Burney,234136.190936533,2013
101680,Sierra Pacific Industries (SPI) - Lincoln,224172.734835999,2013
101378,Sierra Pacific Industries (SPI) - Quincy Division,339464.992169999,2013
101681,Sierra Pacific Industries (SPI) - Shasta Lake,44647.2184127599,2013
101682,Sierra Pacific Industries (SPI) - Sonora,116843.266990232,2013
2438,Sierra Pacific Power Company (dba NV Energy) - Marketer,92543.2984799999,2013
101178,"Sierra Power Corporation, 93270",108710.991403712,2013
104487,SierraPine - ampine Particleboard Division,18058.282347592,2013
104090,Signal Hill Petroleum Facilities,35635.499898,2013
3061,"Silicon Valley Power (SVP), City of Santa Clara",437341.948825229,2013
101438,"Silicon Valley Power (SVP), City of Santa Clara , Cogen",43151.279536,2013
101436,"Silicon Valley Power (SVP), City of Santa Clara , DVR",389822.622696799,2013
101118,Solar Turbines Incorporated - Kearny Mesa,36008.9135470264,2013
104226,Solar Turbines Incorporated - Pacific Highway,8095.15035336199,2013
100259,Solvay - Dominguez,32085.4385446519,2013
100258,Solvay - Martinez,10981.766243888,2013
100096,Sonoma County Landfill Gas to Energy,20103.8436726,2013
100063,Southeast Resource Recovery Facility (SERRF),413872.735548,2013
101539,"Southern California Edison (SCE) - Barre Peaker, 90680",9257.92075599999,2013
101537,"Southern California Edison (SCE) - Center Peaker, 90650",11221.813244,2013
3005,Southern California Edison (SCE) - Electric Power Entity,6941352.52325582,2013
101538,"Southern California Edison (SCE) - Grapeland Peaker, 91739",12005.568804,2013
104326,Southern California Edison (SCE) - McGrath Peaker,13458.9715039999,2013
100394,Southern California Edison (SCE) - Mira Loma Peaker,8905.580416,2013
100344,Southern California Edison (SCE) - Mountainview Generating Station,2132068.42485248,2013
101673,Southern California Edison (SCE) - Pebbly Beach,22786.9282564438,2013
101349,Southern California Gas Co - Aliso Canyon Facility,90088.4639329547,2013
101675,Southern California Gas Co - Blythe Facility,35295.7589989004,2013
104082,Southern California Gas Co - Distribution,1089341.43999999,2013
100915,Southern California Gas Co - Honor Rancho Facility,40925.4941660033,2013
104365,Southern California Gas Co - Kelso Facility,2276.23032952324,2013
101348,Southern California Gas Co - Newberry Springs Facility,15804.4856959129,2013
104366,Southern California Gas Co - North Needles Facility,6448.31732174434,2013
101346,Southern California Gas Co - South Needles Facility,33605.0811183734,2013
104220,Southern California Gas Co - Wheeler Ridge Compressor Station,31746.9334447352,2013
5002,Southern California Gas Company - End User Emissions,45807966.372808,2013
104212,"Southern Counties Oil Co., A California Limited Partnership",192882.646114,2013
5013,Southwest Gas Distribution Facilities,727863.160863999,2013
101241,"Spreckels Sugar Company, Inc.- Brawley",78461.8023011462,2013
100263,SRI International Cogen Project,26487.9533834399,2013
101025,Stanislaus Food Products,46464.5260624,2013
104409,State of California Central Utility Plant - General Services,11315.0865247999,2013
104370,Steelscape Inc.,17995.6472641627,2013
100092,Sunnyvale Water Pollution Control Plant,6916.27447841758,2013
101671,"Sunray Energy, Inc",12835.5753994301,2013
100948,Sunrise Power Company,496982.890152,2013
100886,Sycamore Cogeneration Co,923265.779613203,2013
101073,TAMCO,47228.2155792799,2013
104194,Tenaska Power Services Co.,51586.9040466348,2013
2427,"Terra-Gen Dixie Valley, LLC",36825.861450984,2013
104516,Tesla Motors,28966.3817,2013
101246,Tesoro Los Angeles Refinery - Carson,4413943.82110941,2013
100002,Tesoro Los Angeles Refinery - Wilmington Calciner,236018.680673137,2013
101492,Tesoro Refining & Marketing Company LLC - SRP,44703.2915345083,2013
100335,Tesoro Refining & Marketing Company LLC - Wilmington,1490108.23748954,2013
5012,Tesoro Refining and Marketing - Fuel Supplier,41295451.56621,2013
101331,Tesoro Refining and Marketing Co. - Martinez,2445614.57087086,2013
2278,"The Energy Authority, Inc.",0.0,2013
101582,The P&G Paper Products Co.,324065.520049682,2013
104327,The Soco Group Inc.,295332.020204,2013
100052,"Thermal Energy Development Partnership, L.P.",176897.753699049,2013
5047,"Tiger Natural Gas , Inc.",0.0,2013
104620,Timber Products Company Yreka Veneer,14277.88448408,2013
101750,Toland Landfill - Ventura Regional Sanitation District,8299.43998060375,2013
101502,Tomatek / Neil Jones Food Companies,20682.2647738279,2013
2312,"TransAlta Energy Marketing (US), Inc.",153991.303314296,2013
104230,TransCanada Energy Sales Ltd.,2169.26663999999,2013
104517,TransMontaigne,360177.26702,2013
101460,"TRC Cypress Group, LLC",24028.2787006947,2013
104005,"Tricor Refining, LLC",15355.5711538654,2013
3063,Truckee Donner Public Utilities District,66708.5752905228,2013
100952,"TST, Inc.",18248.8803612,2013
3064,Turlock Irrigation District (TID),484595.883806389,2013
100111,"Turlock Irrigation District (TID), Almond Power Plant",91138.6930511999,2013
100371,Turlock Irrigation District/ Walnut Energy Center,625069.310748,2013
5010,Tuscarora Gas Transmission Pipeline,0.0,2013
104515,"Twin Eagle Resource Management, LLC",99.0999999999999,2013
100300,"U.S. Borax, 93516",310807.529279729,2013
101271,U.S. Gypsum Co Plaster City Plant,44951.042692148,2013
104068,UC Davis Medical Center,62839.5501384239,2013
101205,Ultramar Inc - Valero,939206.424751551,2013
101217,"Unilever Manufacturing (US), Inc.",20464.0512363999,2013
104062,Union Pacific Railroad Company,631624.855167999,2013
101124,United Airlines San Francisco Maintenance Center,29417.7159742285,2013
104545,United Pacific Energy,23309.0536610486,2013
101469,United States Pipe & Foundry Co. LLC,27597.5657964079,2013
104514,"University of California, Berkeley (opt-in 2015)",6752.62567701864,2013
100305,"University of California, Davis",57845.1975521225,2013
101296,"University of California, Irvine",71017.5831703346,2013
100997,"University of California, Los Angeles, UCLA",217963.415503214,2013
104518,"University of California, Office of the President",0.0,2013
104173,"University of California, Riverside, UCR",24195.718801764,2013
101305,"University of California, San Diego, UCSD",148186.193117449,2013
101416,"University of California, San Francisco",58077.3252358976,2013
104372,"University of California, Santa Barbara (opt-in 2015)",20490.081042252,2013
100273,"University of California, Santa Cruz, UCSC EH&S Office (opt-in 2014)",16580.4770634929,2013
104361,University of Southern California (USC) - University Park Campus (UPC),17973.6104448,2013
101068,USS-POSCO Industries,50174.1637492839,2013
104617,VA Greater Los Angeles Healthcare System,17626.166496,2013
104661,VA San Diego Healthcare System,18431.9799008,2013
104071,Valero Marketing and Supply Company - Fuel Supplier,14659973.252133,2013
100372,"Valero Refining Company - California, Benicia Refinery and Benicia Asphalt Plant",2738051.02518635,2013
104444,Valero Wilmington Asphalt Plant,12148.8278195831,2013
104510,Valley Electric Association,13338.65424,2013
104205,Vandenberg Air Force Base,16201.515060502,2013
104413,Venoco Inc. - SB Channel (Onshore),13302.0828485284,2013
3067,Victorville Municipal Utility Services,0.0,2013
104571,Victorville Municipal Utility Services - Gas Utility,11527.2949303999,2013
100953,Vista Metals Corp.,30602.9851464249,2013
5014,Vitol - Fuel Supplier,231654.452169,2013
104467,Vitol Inc. - EPE,7293.48824750597,2013
100058,Wadham Energy Ltd Partnership,215785.4683366,2013
104218,"Walnut Creek Energy, LLC",175361.8195804,2013
3078,WAPA - Desert Southwest Region,1177.40231999999,2013
3079,WAPA - Sierra Nevada Region,1133319.63623246,2013
100060,Waste Management - Altamont Landfill,46531.3943127949,2013
101567,Waste Management - Bradley Landfill,7220.17923829898,2013
100101,Waste Management - El Sobrante Landfill,15755.0284545864,2013
104363,Weber Metals,17360.0096778176,2013
101425,"Wellhead Power Gates, LLC",0.0,2013
5007,West Coast Gas Company Inc,11089.866232,2013
104638,"Western Milling, Goshen CA",11511.05144,2013
104490,Western Refining Company LP,24388.167296,2013
101222,"Wheelabrator Lassen, Inc",45931.0027603999,2013
100878,"Wheelabrator Norwalk Energy Company, Inc.",41973.1320901799,2013
100282,Wheelabrator Shasta Energy Company,714920.873167269,2013
104392,Wild Goose Storage LLC,21412.4397701472,2013
101343,"Wildflower Energy, LP - Indigo Generation, LLC",47700.9611152,2013
100353,"Wildflower Energy, LP - Larkspur Energy Facility, LLC",46775.0727783999,2013
104359,Windset Farms,23126.6598424,2013
101693,"Wm. Bolthouse Farms, Inc.",33811.1283056,2013
104618,WWF Operating Company,13993.9730749552,2013
100322,Yuba City Cogeneration Partners LP,11454.2230196,2013
3006,3 Phases Renewables,0.0,2014
104356,3M Corona,12178.9333707999,2014
104213,ABI Foundry,16230.756974,2014
100001,ACE Cogeneration,368448.294563999,2014
104347,"Aemetis Advanced Fuels Keyes, Inc.",75370.8484136,2014
104019,Aera Energy Belridge Gas Plant 32,179057.374893252,2014
104018,Aera Energy Coastal Basins,226584.8139,2014
104016,Aera Energy San Joaquin Basin,3300513.78453999,2014
104017,Aera Energy Ventura Basin (opt-in 2013),20076.0380499999,2014
104020,Aera Energy Ventura Gas Plant,5129.68,2014
104382,Aerojet Rocketdyne,9080.8919124616,2014
101321,"AES Alamitos, LLC",840968.3475328,2014
100194,"AES Huntington Beach, LLC",530004.703595999,2014
100257,AES Redondo Beach LLC,177456.993888,2014
104006,Agrium US Inc,17061.5947241399,2014
104554,Agron Bioenergy,37569.49272,2014
101701,Air Liquide El Segundo Hydrogen Plant,615058.108524997,2014
101749,Air Liquide Large Industries US L.P. - Rodeo Hydrogen Plant,815745.802673349,2014
101017,"Air Products & Chemicals, Inc., Martinez",255202.551,2014
101248,Air Products Carson Hydrogen Plant,682332.09068341,2014
101512,"Air Products Manufacturing Corporation, Sacramento",44857.6017999999,2014
100127,Air Products Wilmington Hydrogen Plant,839223.9319,2014
3022,Alameda Municipal Power,0.0,2014
101433,"Algonquin Power Sanger, LLC",59862.6528538959,2014
104345,All American Asphalt,16972.6298704,2014
101231,All American Oil and Gas Company,176132.078076137,2014
104406,Allergan,10556.3435727199,2014
100884,Alon Bakersfield Refinery - Area 3,0.0,2014
101237,Alon Bakersfield Refinery - Areas 1&2,20667.6805084388,2014
104499,Alon Bakersfield Refinery - Areas 1&2 - Fuel Supplier,0.0,2014
104027,Ameresco Chiquita Energy LLC,32688.9669554063,2014
101657,Ameresco Half Moon Bay,49967.6374251172,2014
101748,Ameresco Keller Canyon,16400.2629253468,2014
101656,Ameresco Santa Cruz,11119.802438457,2014
104492,"American Biodiesel, Inc. dba Community Fuels",9257.85694714284,2014
104544,"AmeriGas Propane, L.P.",145648.467692896,2014
101179,Amgen Inc.,20739.3208673289,2014
101666,"Ampersand Chowchilla Biomass, LLC, 93610",116214.443911672,2014
100943,Anheuser-Busch LLC - Fairfield (opt-in 2013),16850.118478149,2014
101473,Anheuser-Busch LLC - Los Angeles Brewery,44223.2662621425,2014
104578,Anza Electric Cooperative,0.0,2014
104003,"Apex Oil Company, Inc.",204235.762155,2014
100234,Applied Energy LLC - NAS North Island,159230.583384046,2014
100229,Applied Energy LLC - NTC/MCRD,103147.06367422,2014
101390,Applied Energy LLC - U.S. Naval Station,184986.251079578,2014
104042,Archer Daniels Midland,263184.941005999,2014
104002,ARCO BP Terminal Services Corporation (ATSC) - Terminals,0.0,2014
101342,Ardagh Glass Inc.,74709.6781751999,2014
2098,Arizona Electric Power Cooperative,55789.5324869801,2014
104131,Arizona Public Service Company,521893.073519999,2014
101696,Avenal State Prison,17864.5031804555,2014
104379,"Azteca Milling, L.P.",13119.8544571999,2014
3024,Azusa Light and Water,54179.2788,2014
100897,Badger Creek Limited,116832.472176,2014
104334,"Baker Commodities, Inc., Kerman Division",16833.4933184,2014
2425,Barclays Capital,0.0,2014
104542,Baxter Healthcare Corporation,10743.526686456,2014
104165,Bayer Healthcare,13945.66404,2014
100890,Bear Mountain Limited,161233.977404,2014
3000,Bear Valley Electric Service (BVES),0.0,2014
104624,Belridge Gas Plant - Natural Gas Supplier,78476.856332,2014
104623,Belridge Gas Plant - NGL Supplier,48544.534215,2014
104094,Berry Petroleum Company - San Joaquin Basin,1953149.93558818,2014
3026,Biggs Municipal Utilities,0.0,2014
100120,Biola University,7507.35537399999,2014
100053,Blue Lake Power,124713.247381541,2014
100342,Blythe Energy,670935.484176,2014
2017,BNP Paribas Energy Trading GP,0.0,2014
104054,BNSF Railway - Barstow,452838.34496,2014
104064,BNSF Railway - Commerce,215308.352896,2014
104065,BNSF Railway - Richmond,127904.27072,2014
4000,Bonneville Power Administration - AO/CS,0.0,2014
2044,Bonneville Power Administration - Marketer,2425.161765888,2014
101676,Bottle Rock Power - Geothermal,9654.20999999999,2014
104074,Boyett Petroleum,316877.157666,2014
2113,BP Energy Company,0.0,2014
104001,BP West Coast Products LLC (BPWCP) - Terminals,6770462.55946733,2014
100389,Braun Medical Inc,40327.5008932119,2014
100061,"Brea Generation, LLC",114286.261887973,2014
104075,BreitBurn Operating LP - Los Angeles Basin Facility,40740.5953174164,2014
104120,Brookfield Energy Marketing LP,119754.08328,2014
104450,"Buena Vista Biomass Power, LLC",189966.853310498,2014
3027,Burbank Water and Power,428966.503976612,2014
100018,Burney Forest Products,354638.206614282,2014
104077,BWP/MPP Electricity Generating Facilities at 164 W. Magnolia,661482.395047654,2014
100692,CalEnergy Operating Corporation - J J Elmore - Geothermal,9393.47999999999,2014
100703,CalEnergy Operating Corporation - J M Leathers - Geothermal,24461.52,2014
100712,CalEnergy Operating Corporation - Region 1 - Geothermal,81931.32,2014
100716,CalEnergy Operating Corporation - Region 2 - Geothermal,45104.91,2014
104411,"California Dairies, Inc. Artesia",14651.3553803851,2014
100959,"California Dairies, Inc. Fresno",36000.2732543653,2014
104410,"California Dairies, Inc. Los Banos",14005.7226927534,2014
101509,"California Dairies, Inc. Tipton",45209.2961698816,2014
101190,"California Dairies, Inc. Turlock",35105.3963502576,2014
101197,"California Dairies, Inc. Visalia",56396.2575614564,2014
3072,"California Department of Water Resources (DWR), State Water Project",0.0,2014
100327,California Institute of Technology (CalTech),55956.8269775469,2014
104353,California Natural Products,16606.0694175834,2014
104135,California Paperboard Corporation (opt-in 2013),746.731536,2014
104362,California Polytechnic State University,10538.325588,2014
101060,"California Power Holdings, LLC-Chowchilla Facility, 95360",24840.3384283999,2014
100368,"California Power Holdings, LLC-Red Bluff Facility, 96080",7142.9987424,2014
104014,"California Resources Elk Hills, LLC - 35R Gas Plant",3866477.9061125,2014
101187,"California Resources Elk Hills, LLC - San Joaquin Valley Basin",92760.1035792429,2014
104029,California Resources Production Corporation - Sacramento Valley Basin 730,208998.19824292,2014
104030,California Resources Production Corporation - San Joaquin Valley Basin 745,1322511.04708165,2014
104033,California Resources Production Corporation - SCVGP Gas Plant,94820.4229537797,2014
104031,California Resources Production Corporation - Ventura Basin 755,17901.3112954365,2014
100235,"California State University, Channel Islands",83240.5594236256,2014
104350,"California State University, Fullerton",23446.4732011999,2014
101399,"California State University, San Diego",51972.9231892,2014
100131,"California State University, San Jose",30315.7032164,2014
100954,California Steel Industries,205432.282423,2014
101405,CalPeak Power - Border,9131.90250399999,2014
101662,CalPeak Power - Enterprise,10006.7960719999,2014
100376,"CalPeak Power - Panoche, LLC",8183.985224,2014
100377,"CalPeak Power - Vaca Dixon, LLC",7407.284472,2014
101496,"Calpine - CCFC Sutter Energy, LLC_GL1",490471.564936799,2014
104332,Calpine - CPN Pipeline,607466.196471999,2014
101525,"Calpine - Creed Energy Center, LLC",6536.40393,2014
101526,"Calpine - Delta Energy Center, LLC",2033091.0254796,2014
101527,"Calpine - Geysers Power Company, LLC - Geothermal",198264.259431192,2014
100178,"Calpine - Gilroy Cogen, L.P., Gilroy Cogen_Peaker",75870.3372032,2014
100380,"Calpine - Gilroy Energy Center, LLC for Lambie Energy Center",6687.552052,2014
100337,"Calpine - Gilroy Energy Center, LLC, Feather River",14083.7989591999,2014
101528,"Calpine - Gilroy Energy Center, LLC, Riverview Peaker",11062.8391088,2014
101276,"Calpine - Gilroy Energy Center, LLC, Wolfskill Peaker",10523.3109915999,2014
100383,"Calpine - Goose Haven Energy Center, Peaker",6700.56555639999,2014
100182,"Calpine - Greenleaf Inc, II_Yuba City ",144983.054926,2014
101300,"Calpine - King City Cogen, LLC, King City Cogen_Peaker",235294.541568399,2014
101143,"Calpine - Los Esteros Critical Energy Facility, LLC",110035.8127232,2014
100338,"Calpine - Los Medanos Energy Center, LLC",1397718.4857332,2014
100343,"Calpine - Metcalf Energy Center, LLC",970713.105958399,2014
101426,Calpine - O.L.S. Energy - Agnews Inc. 95134,7842.684508,2014
101746,Calpine - Otay Mesa Energy Center,1390698.607688,2014
100345,Calpine - Pastoria Energy Facility L.L.C.,1895601.31306799,2014
104456,Calpine - Russell City Energy Center,854485.224596,2014
3010,Calpine Corporation,860449.734411,2014
101258,"CalPortland Company, Colton Plant",123.120611303592,2014
101029,"CalPortland Company, Mojave Plant",1033469.92424889,2014
100936,"Campbell Soup Supply Company, L.L.C. - Dixon",40200.3900813552,2014
104199,"Campbell Soup Supply Company, L.L.C. - Stockton",24358.8669235999,2014
104008,Canyon Power Project (CPP),53514.51578796,2014
100128,Cardinal Cogen,222542.054388276,2014
2214,"Cargill Power Markets, LLC",9695.9976,2014
104375,Cargill Salt Operations,4988.449568,2014
101734,Carlton Forge Works,31992.3459903729,2014
100129,Carson Cogeneration Co,17185.6399999999,2014
104660,Cedars-Sinai Medical Center,16429.923616,2014
101476,Cemex Construction Materials Pacific LLC - Victorville Plant,2097962.99237924,2014
104577,Central Arizona Water Conservation District - CAWCD,0.0,2014
101015,Central Contra Costa Sanitary District,70554.9550199914,2014
100917,CertainTeed Corporation,51163.793838946,2014
101520,Chalk Cliff Limited,73539.053748,2014
104484,Chemoil Corporation,599274.05024,2014
104707,"Chemtrade West US, LLC",14005.0427072,2014
104013,Chevron 17Z Gas Plant,238287.703147121,2014
104011,Chevron AAPG 740 Coastal Basin,432957.680847265,2014
104012,Chevron AAPG 745 San Joaquin Basin,2922519.27074,2014
100138,"Chevron Products Company - El Segundo Refinery, 90245",3323214.78525108,2014
104223,Chevron Products Company - Headquarters Fuel Supplier,33505332.8260518,2014
101384,"Chevron Products Company - Richmond Refinery, 94802",4120930.84513414,2014
104195,Chevron SJVBU Natural Gas Sales,459361.14759968,2014
104393,Children's Hospital Los Angeles,13870.590512,2014
101252,Chula Vista Energy Center,1037.99949199999,2014
2428,Citigroup Energy Inc.,0.0,2014
101221,"City of Anaheim, Combustion Turbine Generator",30864.711968,2014
3023,"City of Anaheim, Public Utilities Department, Anaheim City Hall West",1860442.80938353,2014
3025,City of Banning Electric Department,132227.849151481,2014
3029,City of Cerritos,0.0,2014
3031,City of Colton - EPE,201104.405953284,2014
101667,City of Colton - Generation,13177.697672,2014
3032,City of Corona Dept. of Water & Power - EPE,0.0,2014
104642,City of Hope National Medical Center,12496.916912,2014
3030,City of Industry,0.0,2014
3041,City of Lompoc,0.0,2014
3047,City of Needles,9969.28415999999,2014
3048,City of Palo Alto - Electric Power Entity,0.0,2014
5011,City of Palo Alto - Gas Utility,139186.374576,2014
104399,City of Palo Alto Water Quality Control Treatment Plant,22310.5539400948,2014
3056,City of Riverside Public Utilities,829525.92414485,2014
104547,"City of San Diego, Public Utilities Dept, North City Water Reclamation Plant",5045.30507480809,2014
101564,"City of San Diego, Public Utilities Dept, Point Loma Treatment Plant",22888.3074598841,2014
104330,"City of San Diego, Public Utilities Dept, Pump Station 2",8950.258446,2014
3059,City of Shasta Lake - Electric,0.0,2014
5036,City of Susanville Gas Utility,11117.8931627999,2014
3065,"City of Ukiah, Electric Utilities Division",0.0,2014
5008,"City of Vernon, Gas Municipal Utility Department",541413.477167999,2014
3066,"City of Vernon, Vernon Gas & Electric",6659.72279999999,2014
100328,"Civic Center Cogen, LA County",92879.0032158515,2014
104536,Clean Energy,161721.847552,2014
101691,"Clougherty Packing, LLC",19038.6546865745,2014
104485,CMO Inc,41514.7145956,2014
101516,Coalinga Cogeneration Company,209404.776848,2014
101250,Collins Pine Co.,70293.6754483029,2014
104570,Comision Federal de Electricidad (CFE),206273.29032,2014
3011,"Commerce Energy, Inc.",0.0,2014
101503,ConAgra - Oakdale,76362.81994,2014
101729,ConAgra Foods - Helm Facility,32352.6991999999,2014
3012,"Constellation NewEnergy, Inc.",47341.0029599999,2014
100333,Coolwater Generating Station,154905.265011999,2014
100150,"Corona Energy Partners, Ltd.",62461.1992466591,2014
100690,Coso Energy Developers (BLM E&W) - Geothermal,138415.0,2014
101670,Coso Finance Partners (Navy I) - Geothermal,75244.0,2014
101669,Coso Power Developers (Navy II) - Geothermal,156627.0,2014
100933,"Covanta - Delano, Inc.",541435.621999999,2014
100035,Covanta - Mendota,247439.612499999,2014
100041,Covanta - Pacific Oroville Power Inc,0.0,2014
101264,"Covanta - Stanislaus, Inc",260618.276,2014
101037,Coyote Canyon Energy LLC,45368.5141990213,2014
3102,CP Energy Marketing (US) Inc. (Capital Power),0.0,2014
101519,CP Kelco San Diego,100661.628717988,2014
104219,CPV Sentinel Energy Center,262945.634104,2014
101703,"Crestwood West Coast, LLC",1016106.07749997,2014
104488,Crimson Resource Management Corp,12861.909282896,2014
104340,"Criterion Catalyst and Technologies, L. P.",13033.77016,2014
101263,"Crockett Cogeneration Project, LP",820344.774712,2014
104349,"Custom Alloy Light Metals, Inc.",11929.6883988,2014
104338,Darling Ingredients Inc - Fresno,11152.9272488,2014
104337,Darling Ingredients Inc - Los Angeles,18648.2713283999,2014
104339,Darling Ingredients Inc - Turlock,15491.178228,2014
101260,Dart Container Corporation of California,14230.9435087999,2014
2231,DB Energy Trading LLC,0.0,2014
101214,Del Monte - Hanford,28662.0827872,2014
104138,Del Monte - Modesto,14360.0704824,2014
104489,"Delano Energy Center, LLC",14449.923728,2014
104655,Delano Growers Grape Products,11645.9710784,2014
101709,DeMenno/Kerdoon,27455.9011859999,2014
100026,DG Fairhaven Power LLC,229930.553406135,2014
104433,"Diamond Pet Food Processors of California, LLC-Lathrop Facility",9902.7028152,2014
101243,Dicalite Minerals Corp.,29450.559155847,2014
100025,Dinuba Energy,103201.415275132,2014
2264,"Direct Energy Business, LLC (fka Strategic Energy)",0.0,2014
101218,Disneyland Resort,21196.087552786,2014
100157,Double C Limited,16740.402358544,2014
101733,Dow Chemical Company - Pittsburg,40252.4422147778,2014
104663,DSH-Napa State Hospital,14683.5735344,2014
104455,"DTE Stockton, LLC",391496.009061241,2014
101341,"Dynegy Morro Bay, LLC",16.01584193936,2014
100221,"Dynegy Moss Landing, LLC",1672809.89556486,2014
101351,"Dynegy Oakland, LLC.",7972.62473321176,2014
100958,E & J Gallo Winery - Fresno,31847.0736120549,2014
104215,E&B Natural Resources - San Joaquin Valley,180488.733777138,2014
101355,E.F. Oxnard LLC,78776.1854147999,2014
104581,Eagle Petroleum - Lynch Canyon Field,29253.157608,2014
101511,East Bay Municipal Utility District,32508.6095885991,2014
3033,Eastside Power Authority,0.0,2014
100259,Eco Services - Dominguez,29734.135397571,2014
100258,Eco Services - Martinez,21365.940306826,2014
104546,"Ed Staub & Sons Petroleum, Inc.",13976.39643828,2014
104452,"EDF Industrial Power Services (CA), LLC",0.0,2014
104067,"EDF Trading North America, LLC",278780.022729374,2014
101320,Edgington Oil Company,3.0028912,2014
104204,Edwards Air Force Base,18309.011161384,2014
100040,"Eel River Power, LLC",202043.739176175,2014
104374,Eisenhower Medical Center,21404.972669536,2014
104079,"El Cajon Energy, LLC",14720.1836239999,2014
100167,Encina Water Pollution Control Facility,13386.0990694462,2014
101738,"Energy 2001, Placer WRSL",16664.578912647,2014
104070,"Enterprise Products Operating, LLC",34577.6954507097,2014
104458,"ERG Operating Company, LLC. 750 Santa Maria Basin",63580.4260108961,2014
104200,"Escalon Premier Brands, a Division of HJ Heinz, co LP",23610.1327668,2014
104078,"Escondido Energy Center, LLC",19623.058312,2014
100393,Etiwanda Generating Station,150053.589456549,2014
2078,"Exelon Generation Company, LLC",442530.582591901,2014
104066,Exide Technologies,4969.24049912,2014
104460,ExxonMobil LFC Facility,301110.883880363,2014
104476,ExxonMobil Oil Corporation - Supply - Fuel Supplier,8030587.4077514,2014
100217,ExxonMobil Oil Corporation - Torrance Refinery,2834037.92942751,2014
104459,ExxonMobil POPCO Facility,41545.6887944431,2014
104519,"Ferrellgas, LP",28749.193376128,2014
104041,Flint Hills Resources LP,782906.688183999,2014
104102,Flyers Energy,1512085.185816,2014
104541,Foster Dairy Farms - Modesto Creamery,14680.3840996,2014
104548,Foster Farms Porterville Plant ,10298.0900592,2014
104549,Foster Farms Traver Complex ,10812.5942615999,2014
101575,"Foster Poultry Farms - Livingston Complex, 95334",42625.7648036183,2014
103016,Freeport-McMoRan Oil & Gas LLC - Arroyo Grande Oil Production Facility,58785.113183601,2014
101054,Freeport-McMoRan Oil & Gas LLC - Gaviota Oil Heating Facility,13154.7543656556,2014
104081,Freeport-McMoRan Oil & Gas LLC - SJV Basin Facility,978745.07350505,2014
101544,"Fresno Cogeneration Partners, LP",17184.6320387999,2014
101613,Fresno-Clovis Regional Wastewater Reclamation Facility,26110.3773066684,2014
101235,Frito Lay - Kern Plant,48776.792109654,2014
104207,Frito Lay - Modesto,23452.9791757833,2014
101683,G2 Energy Facility (LFG),22293.8259198,2014
103018,Gallo Glass Company,141064.8560229,2014
101712,Gas Recovery Systems LLC - American Canyon,0.0,2014
101714,Gas Recovery Systems LLC - Menlo Park,0.0,2014
101658,Gas Recovery Systems LLC - Newby ,0.0,2014
104559,Genentech - Vacaville,11749.999,2014
101451,Genentech Inc South San Francisco,31226.5944549999,2014
100176,"General Mills Cereal Properties, LLC",21687.249080736,2014
101223,"GenOn Delta, Contra Costa Generating Station 94509",0.0,2014
100248,"GenOn Delta, Pittsburg Generating Station 94565",58152.035846361,2014
104474,GenPower Lincon Landfill Power Plant,17792.2388154406,2014
101700,Georgia-Pacific Gypsum LLC - Antioch,34422.7278759999,2014
104208,Georgia-Pacific Gypsum LLC - San Leandro,18454.0817676,2014
104507,"Gexa Energy California, LLC",0.0,2014
104119,Gila River - Entegra Power Group,191400.41172,2014
3034,Glendale Water & Power,300743.044843957,2014
100180,"Goal Line LP, 92025",79098.5005217803,2014
100147,"Graphic Packaging International, Inc",122458.236,2014
100181,Grayson Power Plant,159357.880621555,2014
101155,Greka Santa Maria Refinery ,23896.4612046244,2014
3035,Gridley Electric Utility,0.0,2014
101713,Guadalupe Energy Holdings LLC,0.0,2014
101721,Guardian Industries Corp.,120165.79835216,2014
104473,Guzman Energy,9897.7944,2014
101542,"GWF Energy LLC, Hanford Energy Park Peaker",92734.357424,2014
101364,"GWF Energy LLC, Henrietta Peaker Plant",57657.5566439999,2014
100358,"GWF Energy LLC, Tracy Peaker Plant",268220.46207258,2014
100186,"Harbor Cogeneration Company, LLC",8246.07974699999,2014
3036,Healdsburg Electric Dept.,0.0,2014
104360,"HGST, Inc",18344.9748919999,2014
101478,"High Desert Power Project, LLC",1586926.13847319,2014
104009,High Sierra Cogeneration,19999.595836,2014
100189,High Sierra Limited,16290.9615684799,2014
101288,Hilmar Cheese Company,68548.4099416499,2014
100029,HL Power Company,254234.863708077,2014
104368,Hoag Memorial Hospital Presbyterian,23486.0126154471,2014
104426,Holmes Western Oil Corporation,35909.2316152352,2014
104580,Hood Dairy,16443.111212,2014
104364,"Houweling Nurseries Oxnard, Inc",35474.7578816,2014
104346,Hudson Ranch Power I - Geothermal,22000.0,2014
104377,Huntington Memorial Hospital,12497.2452096,2014
2292,Iberdrola Renewables,267028.365892303,2014
104229,Idemitsu Apollo Corporation,2321557.52756999,2014
101318,"Imerys Minerals California, Inc.",47425.4670907999,2014
3038,Imperial Irrigation District (IID),1504324.22364362,2014
100162,"Imperial Irrigation District (IID), El Centro Generating Station",539756.1078324,2014
101307,"Imperial Irrigation District (IID), Niland Gas Turbine Plant",41935.4105878799,2014
101008,Ingomar Packing Company,95550.6197444003,2014
100323,Ingredion Incorporated Stockton Plant,81909.2541427999,2014
101686,"Inland Empire Energy Center, LLC.",869346.695836639,2014
5045,"IPC (USA), Inc.",895321.174675,2014
104465,Ivanpah Solar Electric Generating System,46270.3364599999,2014
104335,J. Aron & Company,63239.988576,2014
101705,J. G. Boswell Tomato Company Kern,45184.2718992559,2014
104224,J.G. Boswell Company West Processing Townsite,9439.24941679999,2014
101504,J.G.Boswell Tomato Company Kings,43883.996819528,2014
3077,J.P. Morgan Ventures Energy Corporation,1619.20103999999,2014
104320,Jaco Oil Company,1139177.407393,2014
104216,John Wayne Airport Orange County,14268.9810341224,2014
104122,Johns Manville (opt-in 2013),13311.0579839999,2014
104538,JP Oil,16041.691,2014
104004,JR Simplot Company,7839.6314,2014
104562,JS West and Companies,21976.528739024,2014
104421,"K2 Pure Solutions, Inc",10029.8269287999,2014
104376,"Kaiser Aluminum Fabricated Products, LLC",12339.089948,2014
104355,Kaweah Delta Medical Center,16390.35844,2014
100202,Kern Front Limited,16196.870109112,2014
5044,Kern Front Natural Gas Pipeline (WCAC),906924.605795999,2014
104498,Kern Oil - Fuel Supplier,2498989.15634228,2014
101507,Kern Oil Refinery,117537.476460277,2014
101514,Kern River Cogeneration Company,488605.228466352,2014
5017,Kern River Gas Transmission,0.0,2014
100199,KES Kingsburg L.P.--Kingsburg Cogeneration Facility,39137.3464068,2014
101100,"Kiefer Landfill, Department of Waste Management and Recycling",135371.019405786,2014
100962,Kimberly Clark Worldwide Inc.,65784.4554403999,2014
104047,"Kinergy Marketing, LLC",108605.027923999,2014
104425,Kirby Hills Compressor Station,12440.3164986771,2014
3001,Kirkwood Meadows PUD Powerhouse,0.0,2014
101447,Knauf Insulation Gmbh,20024.071704,2014
104354,Kraft Heinz Foods Company. - Tulare,22913.450428,2014
100205,Kyocera America Inc.,5870.7518656,2014
100339,"La Paloma Generating Company, LLC",2501899.3635172,2014
104211,La Rosita Power - Marketing,962081.951214913,2014
104569,LAC+USC Medical Center,22937.4739008,2014
101327,LACSD - Calabasas LF,32907.0560335487,2014
100064,LACSD - Commerce Refuse To Energy,108952.51892764,2014
101487,LACSD - Joint Water Pollution Control Plant,102945.21008781,2014
100071,LACSD - Puente Hills Landfill,212829.475420526,2014
101373,LACSD - Spadra Landfill,24574.2315542016,2014
100218,"Lake Shore Mojave, LLC - Shutdown",0.0,2014
101465,"Land O' Lakes, Inc.",55775.6490333999,2014
3039,Lassen Municipal Utility District,0.0,2014
101708,Lawrence Livermore National Laboratory (LLNL),21034.6099608,2014
101265,Lehigh Southwest Cement Co - Cupertino,935060.696465283,2014
101381,Lehigh Southwest Cement Co - Redding,267398.695505269,2014
101461,Lehigh Southwest Cement Co - Tehachapi,585367.368919373,2014
104106,Leprino Foods - Lemoore East,21361.9303224,2014
101716,Leprino Foods - Lemoore West,52106.1623855037,2014
104105,Leprino Foods - Tracy,17522.16858,2014
104052,Lhoist North America - Natividad Plant,76244.966477976,2014
101499,Liberty Packing - Los Banos (Morning Star),101607.5553988,2014
104451,Liberty Power Corporation,0.0,2014
104099,Liberty Utilities (CalPeco Electric) LLC,106060.4097168,2014
100904,Linn Operating Inc,291901.079276304,2014
101044,Live Oak Limited,120804.364376,2014
101574,Lockheed Martin Aeronautics Company - Palmdale,16821.4818958719,2014
101623,Lockheed Martin Corporation - Sunnyvale,27187.6473986443,2014
104424,Lodi Compressor Station,11812.115514295,2014
3040,Lodi Electric Utility,0.0,2014
104172,Lodi Energy Center,501924.706724799,2014
100207,Loma Linda University,62040.7883565051,2014
104479,Lompoc Field Stationary Source,9392.75925384524,2014
5003,Long Beach Gas & Oil Dept (LBGO),430478.570967999,2014
3042,Los Angeles Department of Water & Power (LADWP),12996637.4872589,2014
100185,Los Angeles Department of Water & Power-Harbor Generating Station (LADWP),62902.676368,2014
100187,Los Angeles Department of Water & Power-Haynes Generating Station (LADWP),1296023.79751558,2014
101004,Los Angeles Department of Water & Power-Scattergood Generating Station (LADWP),756529.773329679,2014
101325,Los Angeles Department of Water & Power-Valley Generating Station (LADWP),606294.080420612,2014
101323,Los Angeles International Airport (LAX),9339.1506012,2014
100972,Los Gatos Tomato Products,63090.8165392,2014
101162,Lunday-Thagard Company,37428.0983833387,2014
100682,Luz Solar Partners LTD,22705.2484021759,2014
101291,Luz Solar Partners LTD VIII & IX,18470.097415544,2014
101715,LWFP LLC,18807.2709561062,2014
101234,Macpherson Oil Company,372343.789408135,2014
2112,Macquarie Energy LLC,301125.820043999,2014
101278,Madera Power LLC,0.0,2014
104573,"MAG Energy Solutions, Inc.",5298.09216,2014
101192,MAGTFTC MCAGCC Twentynine Palms,42212.4264953409,2014
101687,"Malaga Power, LLC",140037.9425272,2014
100314,Malburg Generating Station,348819.899459999,2014
100210,Mandalay Generating Station,89937.679441186,2014
104463,Marin Clean Energy,0.0,2014
104169,Mariposa Energy LLC,56773.9729999999,2014
101332,Martinez Cogen Limited Partnership,411584.289151499,2014
104384,"Maruchan, Inc. - Laguna Canyon",21072.6471287567,2014
104633,Matchmaster Dyeing & Finishing,23054.1171225,2014
104613,"Matsui Nursery, Inc.",11534.40312,2014
100296,McKittrick Limited,67629.262768,2014
3044,Merced Irrigation District (MeID),0.0,2014
101665,"Merced Power, LLC, 95317",122055.994523417,2014
2027,"Merrill Lynch Commodities, Inc.",0.0,2014
2046,Metropolitan Water District of Southern California (MWD),223675.881599999,2014
101515,Mid-Set Cogeneration Company,198471.115252298,2014
101744,"Midway Peaking, LLC",24691.792964,2014
100215,Midway-Sunset Cogeneration,736769.887553883,2014
101297,MillerCoors,30724.4370001194,2014
104397,Mira Loma Metal Container Corp,11935.6942488,2014
100036,Miramar - MM and Miramar Energy,42613.655086601,2014
104629,Mission Bell Winery ,13930.550848,2014
104658,Mission Foods Corporation,12971.9060048,2014
101010,Mitsubishi Cement 2000,1086911.55884,2014
100088,MM Lopez Energy LLC,25191.3608558894,2014
101711,MM Prima Deshecha Energy LLC,26048.6580001215,2014
100097,MM San Diego LLC - North City,15528.8922980891,2014
100051,MM Tajiguas Energy LLC,14152.99330051,2014
100057,MM Tulare Energy LLC,0.0,2014
101484,MM West Covina LLC,39750.193968685,2014
101209,MM Yolo Power LLC,12519.7978719497,2014
3045,Modesto Irrigation District (MID),1057891.66231403,2014
101028,"Modesto Irrigation District (MID) - Woodland Generation Station, 95351",204033.1237268,2014
101359,"Modesto Irrigation District - Ripon Generation Station, 95366",18991.299788,2014
5019,Mojave Pipeline Operating Company (MPOC),0.0,2014
104322,"Molycorp Minerals, LLC",85419.1210892155,2014
101329,Monterey Regional Waste Management District,15979.1390471709,2014
3046,Moreno Valley Utility (MVU),0.0,2014
2369,Morgan Stanley Capital Group Inc. - EPE,1391630.67488961,2014
101498,Morning Star Packing Company - Los Banos,81953.2983948,2014
101536,Morning Star Packing Company - Williams,85058.3399423999,2014
104418,"Morton Salt, Inc.",13115.851332,2014
101228,Mt. Poso Cogeneration Company,381913.926026827,2014
104438,Musket Corporation,2192.325248,2014
104097,Naftex Operating Company,42031.4773270832,2014
104405,NASA Ames Research Center,16877.627425232,2014
101735,National Beef,11399.4592548756,2014
101314,National Cement Company - Lebec,657760.848099999,2014
104408,Naval Air Station Lemoore,9118.9989261358,2014
104214,Naval Air Weapons Station China Lake,12686.4446896699,2014
104035,Naval Medical Center - San Diego,23537.0836363519,2014
104551,"Nebraska Corn Processing, LLC",8480.95047399999,2014
104717,"Neste US, Inc.",152925.327359999,2014
2388,Nevada Power Company (dba NV Energy),1452.43512,2014
101697,"New NGC, Inc - Long Beach",21290.8608121539,2014
104415,"New NGC, Inc - Richmond",20780.3605792,2014
100195,"New-Indy Ontario, LLC Linerboard Mill",236875.0901284,2014
101356,New-Indy Oxnard LLC,123385.89355741,2014
104136,Newark Pacific Paperboard (opt-in 2013),22341.8906635999,2014
104611,"Newport Fab, LLC (DBA TowerJazz Semiconductor)",10734.6558448,2014
104225,"Nextera Energy Power Marketing, LLC",78046.4050679999,2014
101710,NM Colton Genco LLC,0.0,2014
101033,"NM Mid Valley Genco, LLC",7551.88028891281,2014
101434,NM Milliken Genco LLC,1747.76626174812,2014
3018,Noble Americas Energy Solutions LLC,174.624,2014
2500,Noble Americas Gas & Power Corporation,1782.91104,2014
104445,Noble Petro Inc,12988.121987,2014
104420,"Nong Shim America, Inc.",9071.8883184,2014
104457,"Nor-Cal Beverage Company, Inc.",10518.3060879999,2014
104323,North Baja Pipeline,0.0,2014
2215,Northern California Power Agency (NCPA),18821.41128,2014
101529,Northern California Power Agency - Geothermal Plant No. 1,22464.27,2014
101530,Northern California Power Agency - Geothermal Plant No. 2,26484.08,2014
101358,Northrop Grumman - Palmdale,7625.470542768,2014
104227,Northrop Grumman Marine Systems - Sunnyvale,9350.161609496,2014
104369,Northrop Grumman Systems Corp. - El Segundo,9910.71052631972,2014
104324,Northrop Grumman Systems Corp. - Redondo Beach,12727.469912,2014
100076,NOVE Power Plant,11889.63095656,2014
101135,NRG Energy - El Cajon,994.981133390676,2014
100164,NRG Energy - El Segundo,866032.493327199,2014
101534,NRG Energy - Encina,382668.758974,2014
101535,NRG Energy - Kearny 1,2575.52335692872,2014
101408,NRG Energy - Kearny 2 and 3,17877.5325329185,2014
100208,NRG Energy - Long Beach,18598.920864,2014
100270,NRG Energy - Miramar,4885.79181731668,2014
101607,NRG Energy - San Francisco Thermal,57683.51789,2014
104217,"NRG, Marsh Landing Generating Station ",40731.2514682768,2014
100891,Oildale Energy LLC,130442.8082,2014
101500,Olam West Coast Inc - Williams,49090.09896,2014
101213,Olam West Coast Inc- Lemoore,40794.9711519999,2014
104069,"Olam West Coast, Inc. - Firebaugh",28490.91542,2014
101284,"Olam West Coast, Inc. - Gilroy",21392.960628,2014
104378,"Olive View Medical Center, Los Angeles County Department of Health Services",17596.2410497999,2014
100236,OLS Energy Chino,108984.783544399,2014
101745,Orange County Central Utility Facility,35122.4126691999,2014
100255,Orange County Sanitation District - Plant 1,25665.476978571,2014
101280,Orange County Sanitation District - Plant 2,28476.9753368341,2014
104053,Orange Grove Energy Center,23674.813232,2014
104555,ORCHARD ENERGY LLC,48870.440488,2014
104495,"Ormat Nevada, Inc. / ORNI 18 North Brawley - Geothermal",17312.8628011459,2014
100695,"Ormat Nevada, Inc./ GEM 2 & 3 - Geothermal",21908.2367976999,2014
101357,Ormond Beach Generating Station,133549.726841672,2014
100106,Otay Landfill Gas LLC,44456.994695,2014
101154,"Owens Corning Insulating Systems, LLC Santa Clara",14910.5729952,2014
101042,"Owens-Brockway Glass Container, Oakland",57786.2020399999,2014
101183,"Owens-Brockway Glass Container, Tracy",88717.2274355999,2014
101475,"Owens-Brockway Glass Container, Vernon",65292.6215329999,2014
104419,"PABCO Clay Products, LLC, dba Gladding McBean",11700.464495224,2014
104383,PABCO Paper,18551.176764902,2014
104616,Pacific Clay Products,13400.1068224,2014
101674,Pacific Coast Energy Company LP,64737.5476236351,2014
101207,Pacific Coast Producers,35810.087156,2014
104540,"Pacific Ethanol Madera, LLC",22894.4317548,2014
104048,"Pacific Ethanol Stockton, LLC",67683.3166556,2014
3002,Pacific Gas and Electric Company (PG&E) - Electric Power Entity,672256.12464,2014
104025,"Pacific Gas and Electric Company (PG&E) - Gas Distribution System Fugitive Emissions (San Francisco, CA)",750223.401341905,2014
104024,Pacific Gas and Electric Company (PG&E) - Supplier of Natural Gas ,41616935.3162745,2014
101298,Pacific Ultrapower Chinese,230283.314537,2014
3003,PacifiCorp,579607.162701635,2014
104738,Palo Alto V.A. Health Care System Division,8782.142272,2014
101740,"Panoche Energy Center, LLC",372956.372156,2014
101736,Paramount Farms International LLC,26115.48721704,2014
104341,Paramount Petroleum Corporation - Elk Grove Asphalt Terminal,11180.9554068,2014
104500,Paramount Petroleum Corporation - Fuel Supplier,43032.5300517618,2014
101056,Paramount Petroleum Corporation Refinery,28865.1971956378,2014
3049,"Pasadena Water and Power, 91101",540446.220943928,2014
100179,"Pasadena Water and Power, Glenarm",63491.2485412344,2014
101240,"PE-Berkeley, Inc",112926.64518608,2014
104089,Petro-Diamond,3340970.999743,2014
104022,PG&E Burney Compressor Station,53417.6480375696,2014
101758,PG&E Colusa Generating Station,967021.811354359,2014
101562,PG&E Delevan Compressor Station,38366.6653249997,2014
101741,PG&E Gateway Generating Station,1278163.62071573,2014
101747,PG&E Gerber Compressor Station,48109.0603234583,2014
101290,PG&E Hinkley Compressor Station,71894.6183553925,2014
100192,PG&E Humboldt Bay Generating Station,162548.52791435,2014
101563,PG&E Kettleman Compressor Station,29547.5704686513,2014
104021,PG&E McDonald Island Underground Storage Station,27671.6823743186,2014
104023,PG&E Tionesta Compressor Station,44493.641945225,2014
101031,PG&E Topock Compressor Station,34654.2982378265,2014
104010,Phillips 66 Company - Fuel Supplier,19266598.3737386,2014
100913,Phillips 66 Company - Los Angeles Refinery - Carson Plant,949456.932047161,2014
100329,Phillips 66 Company - Los Angeles Refinery - Wilmington Plant,1913916.28154295,2014
100351,Phillips 66 Company - San Francisco Carbon Plant,217491.724176343,2014
100303,Phillips 66 Company - San Francisco Refinery,1276578.2566425,2014
101226,Phillips 66 Company - Santa Maria Refinery,250287.799786482,2014
101692,"Pilkington North America, Lathrop Plant",7102.5773188,2014
3016,"Pilot Power Group, Inc.",0.0,2014
104494,"Pilot Travel Centers, LLC",61491.2278403809,2014
100151,Pitchess Cogeneration Station,96275.3306623999,2014
5024,Pittsburg Power Company dba Island Energy - EPE,0.0,2014
101685,Pixley Cogeneration Partners / Calgren Renewable Fuels,57721.1161365939,2014
100888,Plains LPG Services/ Lone Star Frac & Isom Facility,907072.093987858,2014
104557,"Plains Marketing, L.P.",11115.854487496,2014
3100,Plumas-Sierra REC,2052.70512,2014
3051,Port of Oakland,0.0,2014
3052,"Port of Stockton, 95203",0.0,2014
2127,Portland General Electric Company,35158.7961599999,2014
3053,Power and Water Resources Pooling Authority (PWRPA),0.0,2014
3101,Powerex Corp - AO/CS,0.0,2014
2243,Powerex Corp. - Marketer,1098132.39094472,2014
101513,PPG Industries Inc.,91454.143416,2014
101053,Praxair Inc.,38815.0559453,2014
104394,Press Forge Co,22099.6530755999,2014
104206,Prime Wheel Corporation,20835.4148204,2014
104423,Procter & Gamble Manufacturing Co. - Sacramento Plant,20107.7020096,2014
104096,ProPetroleum Inc.,859535.020439999,2014
104462,Puget Sound Energy,0.0,2014
101400,"Qualcomm, Inc. - Morehouse Facility",18651.2735332,2014
101523,"Qualcomm, Inc. - Pacific Center Facility",39385.5906612,2014
104197,"Quemetco, Inc.",79928.4692599999,2014
5028,Questar Southern Trails,0.0,2014
101217,"R&B Foods, Inc.",24797.2965943999,2014
104391,Rady Children's Hospital San Diego,22181.7336963999,2014
104203,Rainbow Energy Marketing Corporation (REMC),0.0,2014
3054,Rancho Cucamonga Municipal Utility,0.0,2014
3055,Redding Electric Utility,161045.64984,2014
100256,Redding Electric Utility - Redding Power Generation,119973.643103842,2014
104560,Renewable Energy Group,51747.362216,2014
104198,Richard J Donovan Correctional Facility,5019.91807679999,2014
100265,Rio Bravo Fresno,264667.651198,2014
100892,Rio Bravo Jasmin,98207.6303009999,2014
100893,Rio Bravo Poso,155102.359105999,2014
100055,Rio Bravo Rocklin,293235.918525999,2014
100283,Ripon Cogeneration Facility,58547.3646424,2014
104056,River City Petroleum,650466.871873999,2014
100013,Riverside Cement Company,1221997.8937106,2014
100387,Riverside Public Utilities - Clearwater Facility,8296.12816679999,2014
100392,Riverside Public Utilities - Riverside Energy Resource Center,27549.547404,2014
104037,Robinson Oil Supply & Transport,316053.602661999,2014
100196,"Rohr, Inc. a UTC Aerospace Systems Company-Cogen Plant",17379.7721724123,2014
101702,Roseburg Forest Products,111280.019830339,2014
3057,Roseville Electric,2924.952,2014
101270,"Roseville Electric, Roseville Energy Park",222931.329139999,2014
104552,"RTC Fuels, LLC",0.0,2014
100130,"Sacramento Municipal Utility District (SMUD) , Carson Ice CG",205007.677866955,2014
100365,"Sacramento Municipal Utility District (SMUD) , Cosumnes Power Plant",1510220.191,2014
100252,"Sacramento Municipal Utility District (SMUD) , SCA",380882.139929316,2014
100125,"Sacramento Municipal Utility District (SMUD) , SPA",336475.325692299,2014
3058,Sacramento Municipal Utility District (SMUD) - Electric Power Entity,1513653.06037412,2014
104352,Sacramento Municipal Utility District (SMUD) - Gas Pipeline,2374708.25311939,2014
104632,Sacramento Rendering Company,12032.2556304,2014
101035,Safety-Kleen of California Inc.,18730.3519908,2014
104357,Saint Agnes Medical Center,22673.214972,2014
104436,Saint Bernardine Medical Center,8692.517028,2014
101518,Salinas River Cogeneration Company,200975.659959999,2014
104461,Salt River Project,104044.47168,2014
104398,San Benito Foods,14717.4203488,2014
3004,San Diego Gas & Electric (SDG&E) - Electric Power Entity,883913.671837094,2014
104085,San Diego Gas and Electric (SDG&E) - Local Distribution,6448289.04059119,2014
104115,San Diego Gas and Electric (SDG&E) - Natural Gas Distribution Sub W,93713.7207999999,2014
104380,San Francisco General Hospital,16857.5173112,2014
3028,"San Francisco Hetch Hetchy Water and Power, CCSF",0.0,2014
104367,San Francisco International Airport (SFO),14184.8982428,2014
104556,San Francisco Southeast Treatment Plant,10613.5698240457,2014
101371,San Gabriel Cogeneration Facility,55025.914588,2014
104486,"San Joaquin Cogen, LLC",0.0,2014
101239,San Joaquin Refining Company,94869.3027851791,2014
104497,San Joaquin Refining Company - Fuel Supplier,238471.61798,2014
101140,San Jose/Santa Clara Regional Wastewater Facility,40765.6479847304,2014
101157,San Marcos Energy LLC,9542.86597580624,2014
104670,Santa Barbara Cottage Hospital,12727.7932088788,2014
104626,Santa Clara Valley Medical Center,15178.3372544,2014
101439,Santa Cruz Energy LLC,5410.13891307399,2014
104381,"Santa Maria Energy, LLC, Careaga Lease",9992.7912743552,2014
104396,Saputo Cheese USA Inc. - Levin,10035.8327996,2014
104395,Saputo Cheese USA Inc. - Newman,6555.42252,2014
101186,Saputo Cheese USA Inc. - Paige,65764.4365019999,2014
101517,Sargent Canyon Cogeneration Company,208907.300476,2014
104358,Schlosser Forge Company,26218.6888736,2014
101663,SDG&E - Cuyamaca Peak Energy Plant,13844.549016,2014
101401,SDG&E - Miramar Energy Facility,47340.6160119999,2014
104221,SDG&E - Moreno Compressor Station,15553.8191374048,2014
100362,SDG&E - Palomar Energy Center,990638.564207999,2014
100011,Searles Valley Minerals Inc.,1412647.98629278,2014
104503,"SEI Fuel Services, Inc.",1295061.080478,2014
104568,"Self Serve Petroleum, Inc.",0.0,2014
2060,Sempra Generation,1709676.52403782,2014
104610,Seneca Foods Corporation ,10255.6279728,2014
104091,Seneca San Joaquin Production Facilities,279746.230092113,2014
101315,Sensient Natural Ingredients LLC,46310.4192629098,2014
104202,SFPP L.P. - Colton Terminal,9938.98699999999,2014
104615,Sharp Grossmont Hospital,14451.9244509376,2014
104454,"Shasta Renewable Resources, LLC",45188.700484,2014
104325,Shell Chemical LP - Martinez Catalyst Plant,9368.179092,2014
3081,"Shell Energy North America (US), L.P. - EPE",338818.040984336,2014
100914,Shell Oil Products US - Martinez,3968977.85803635,2014
104051,Shell Oil Products US - Supply - Fuel Supplier,12598410.9772539,2014
104543,Shell Trading US Company - Fuel Supplier,387298.959039999,2014
104511,Shiralian Enterprises,132018.481407999,2014
104329,Shultz Steel Company,24661.163334,2014
104614,Sierra Aluminum Company,18077.9525104,2014
100090,"Sierra Pacific Industries (SPI) - Anderson, 96007",69420.1475999999,2014
104449,Sierra Pacific Industries (SPI) - Arcata,15038.9585145734,2014
100043,Sierra Pacific Industries (SPI) - Burney,233266.578023201,2014
101680,Sierra Pacific Industries (SPI) - Lincoln,230440.6898102,2014
101378,Sierra Pacific Industries (SPI) - Quincy Division,329182.78032,2014
101681,Sierra Pacific Industries (SPI) - Shasta Lake,42935.9624296512,2014
101682,Sierra Pacific Industries (SPI) - Sonora,130249.58007236,2014
2438,Sierra Pacific Power Company (dba NV Energy) - Marketer,95256.95544,2014
101178,"Sierra Power Corporation, 93270",9940.21205524799,2014
104487,SierraPine - ampine Particleboard Division,16543.48706144,2014
104090,Signal Hill Petroleum Facilities,37558.7198916204,2014
3061,"Silicon Valley Power (SVP), City of Santa Clara",433747.193481873,2014
101438,"Silicon Valley Power (SVP), City of Santa Clara , Cogen",43462.5846251999,2014
101436,"Silicon Valley Power (SVP), City of Santa Clara , DVR",376080.389736799,2014
101118,Solar Turbines Incorporated - Kearny Mesa,32655.026174142,2014
104226,Solar Turbines Incorporated - Pacific Highway,8319.23040978899,2014
104537,Sonoma Clean Power (SCP),0.0,2014
100096,Sonoma County Landfill Gas to Energy,34065.8757320336,2014
100063,Southeast Resource Recovery Facility (SERRF),435656.735999999,2014
101539,"Southern California Edison (SCE) - Barre Peaker, 90680 ",16330.719132,2014
101537,"Southern California Edison (SCE) - Center Peaker, 90650",10844.4384279999,2014
3005,Southern California Edison (SCE) - Electric Power Entity,2548289.327808,2014
101538,"Southern California Edison (SCE) - Grapeland Peaker, 91739",8053.75241999999,2014
104326,Southern California Edison (SCE) - McGrath Peaker,14991.429896,2014
100394,Southern California Edison (SCE) - Mira Loma Peaker,9646.286212,2014
100344,Southern California Edison (SCE) - Mountainview Generating Station,2404124.57161975,2014
101673,Southern California Edison (SCE) - Pebbly Beach,22389.8713240762,2014
101349,Southern California Gas Co - Aliso Canyon Facility,128735.240733457,2014
101675,Southern California Gas Co - Blythe Facility,32957.8287319618,2014
104082,Southern California Gas Co - Distribution,1363499.65999999,2014
100915,Southern California Gas Co - Honor Rancho Facility,49126.5226344108,2014
104365,Southern California Gas Co - Kelso Facility,17.0169586809599,2014
101348,Southern California Gas Co - Newberry Springs Facility,13371.1013080641,2014
104366,Southern California Gas Co - North Needles Facility,2885.82776398656,2014
101346,Southern California Gas Co - South Needles Facility,38869.5756955119,2014
104220,Southern California Gas Co - Wheeler Ridge Compressor Station,34251.1974621505,2014
5002,Southern California Gas Company - End User Emissions,44159139.7605239,2014
104212,"Southern Counties Oil Co., A California Limited Partnership",85144.1880729999,2014
5013,Southwest Gas Distribution Facilities,653368.965972,2014
101241,"Spreckels Sugar Company, Inc.- Brawley",76638.8486739203,2014
100263,SRI International Cogen Project,25169.6668444616,2014
101025,Stanislaus Food Products,48056.085636,2014
104409,State of California Central Utility Plant - General Services,10579.3658307999,2014
104370,Steelscape Inc.,17675.3357950368,2014
100092,Sunnyvale Water Pollution Control Plant,6458.50639312055,2014
101671,"Sunray Energy, Inc",4035.95420129473,2014
100948,Sunrise Power Company,1065194.400388,2014
104709,SunSelect Produce (California) Inc,4458.048,2014
104550,"Sunshine Gas Producers, LLC",34014.0906837321,2014
104579,Surprise Valley Electrification Corp.,0.0,2014
100886,Sycamore Cogeneration Co,866753.398011564,2014
101684,Sycamore Energy LLC,25141.1091807178,2014
104567,Tacoma Power - ACS,0.0,2014
101073,TAMCO,54861.8609303552,2014
5021,Tehachapi Cummings County Water District,9724.528376,2014
104194,Tenaska Power Services Co.,69364.9949205,2014
2427,"Terra-Gen Dixie Valley, LLC",35769.5220412655,2014
104516,Tesla Motors ,30772.1504319999,2014
100002,Tesoro Los Angeles Refinery - Wilmington Calciner,281399.629649938,2014
101246,Tesoro Refining & Marketing Company LLC - Los Angeles Refinery - Carson ,6364604.63140194,2014
5012,Tesoro Refining and Marketing - Fuel Supplier,49346840.5101059,2014
101331,Tesoro Refining and Marketing Co. - Martinez,2334466.31004087,2014
2278,"The Energy Authority, Inc.",2066.97859199999,2014
101582,The P&G Paper Products Co.,313663.32805809,2014
104327,The Soco Group Inc.,298547.355729284,2014
104647,The Sun Valley Group,13919.007688,2014
100052,"Thermal Energy Development Partnership, L.P.",165272.371322021,2014
100994,Thums Long Beach Company,185447.7482,2014
104072,Tidelands Oil Production Company - 760 Los Angeles Basin,58932.5443199262,2014
5047,"Tiger Natural Gas , Inc.",0.0,2014
104620,Timber Products Company Yreka Veneer,16903.01151448,2014
101750,Toland Landfill - Ventura Regional Sanitation District,6931.4943968513,2014
101502,Tomatek / Neil Jones Food Companies,25549.03267,2014
2312,"TransAlta Energy Marketing (US), Inc.",247461.098380899,2014
104230,TransCanada Energy Sales Ltd.,16263.16968,2014
104517,TransMontaigne,26902.09664,2014
104760,Transwestern - Topock,0.0,2014
101460,"TRC Cypress Group, LLC",27871.5491629955,2014
104005,"Tricor Refining, LLC",16393.3439023942,2014
3063,Truckee Donner Public Utilities District,35719.6562223634,2014
100952,"TST, Inc.",22387.9360751999,2014
3064,Turlock Irrigation District (TID),546255.14453468,2014
100111,"Turlock Irrigation District (TID), Almond Power Plant",123712.70509,2014
100371,Turlock Irrigation District/ Walnut Energy Center,650219.356117199,2014
5010,Tuscarora Gas Transmission Pipeline,0.0,2014
104515,"Twin Eagle Resource Management, LLC",0.0,2014
100300,"U.S. Borax, 93516",325273.703583367,2014
101271,U.S. Gypsum Co Plaster City Plant,42617.75729636,2014
104068,UC Davis Medical Center,61686.463836488,2014
101205,Ultramar Inc - Valero,932353.273835545,2014
104062,Union Pacific Railroad Company,689712.660223999,2014
101124,"United Airlines, Inc. - San Francisco Maintenance Center",26368.1644260028,2014
104545,United Pacific Energy,37702.1303249046,2014
101469,United States Pipe & Foundry Co. LLC,37467.3725450912,2014
104514,"University of California, Berkeley (opt-in 2015)",5098.99974897689,2014
100305,"University of California, Davis",53025.924668827,2014
101296,"University of California, Irvine",73366.8881485239,2014
100997,"University of California, Los Angeles, UCLA",230006.48773624,2014
104173,"University of California, Riverside, UCR",19445.051812,2014
101305,"University of California, San Diego, UCSD",147359.381473599,2014
101416,"University of California, San Francisco",55475.5618537721,2014
104372,"University of California, Santa Barbara (opt-in 2015)",15950.6340708556,2014
100273,"University of California, Santa Cruz, UCSC EH&S Office (opt-in 2014)",12324.0862104642,2014
104361,University of Southern California (USC) - University Park Campus (UPC),14435.144,2014
101068,USS-POSCO Industries,45450.5339590802,2014
104617,VA Greater Los Angeles Healthcare System,12841.778768,2014
104661,VA San Diego Healthcare System,18042.2297472,2014
104071,Valero Marketing and Supply Company - Fuel Supplier,16200818.271322,2014
100372,"Valero Refining Company - California, Benicia Refinery and Benicia Asphalt Plant",2710549.12047698,2014
104444,Valero Wilmington Asphalt Plant,12255.4974009156,2014
104510,Valley Electric Association,9525.30263999999,2014
104205,Vandenberg Air Force Base,14772.830468204,2014
104413,Venoco Inc. - SB Channel (Onshore),13168.9172632135,2014
104643,Ventura Coastal,11117.1457488,2014
3067,Victorville Municipal Utility Services - EPE,0.0,2014
104571,Victorville Municipal Utility Services - Gas Utility,10824.6054832,2014
100953,Vista Metals Corp.,32119.470754594,2014
5014,Vitol - Fuel Supplier,847218.070861999,2014
104467,Vitol Inc. - EPE,10893.04512,2014
100058,Wadham Energy Ltd Partnership,193164.04569244,2014
104218,"Walnut Creek Energy, LLC",250886.8195948,2014
3078,WAPA - Desert Southwest Region,7.85808,2014
3079,WAPA - Sierra Nevada Region,1170115.99076315,2014
100060,Waste Management - Altamont Landfill,39929.2757978559,2014
101567,Waste Management - Bradley Landfill,0.0,2014
100101,Waste Management - El Sobrante Landfill,16029.4049274174,2014
104363,Weber Metals,17144.7981096607,2014
101425,"Wellhead Power Gates, LLC",0.0,2014
5007,West Coast Gas Company Inc,9424.23416,2014
104638,"Western Milling, Goshen CA",10098.3066432,2014
104490,Western Refining Company LP - Fuel Supplier,37021.8768639999,2014
101222,"Wheelabrator Lassen, Inc",0.0,2014
100878,"Wheelabrator Norwalk Energy Company, Inc.",20920.5159663199,2014
100282,Wheelabrator Shasta Energy Company,682459.930119763,2014
104392,Wild Goose Storage LLC,42902.7177898119,2014
101343,"Wildflower Energy, LP - Indigo Generation, LLC",37705.353772,2014
100353,"Wildflower Energy, LP - Larkspur Energy Facility, LLC",42941.2059999999,2014
104359,Windset Farms,37010.627577024,2014
101693,"Wm. Bolthouse Farms, Inc.",35295.5825168,2014
101493,"Woodland Biomass Power, Ltd",266536.83397877,2014
104618,WWF Operating Company,16468.947302099,2014
100322,Yuba City Cogeneration Partners LP,14515.2223171999,2014
3006,3 Phases Renewables,49390.65216,2015
104356,3M Corona,14809.104736,2015
104213,ABI Foundry,15857.32260068,2015
100001,ACE Cogeneration,0.0,2015
104347,"Aemetis Advanced Fuels Keyes, Inc.",69825.5672864,2015
104019,Aera Energy Belridge Gas Plant 32,159762.70933682,2015
104018,Aera Energy Coastal Basins,231064.6806,2015
104016,Aera Energy San Joaquin Basin,3342460.90833,2015
104017,Aera Energy Ventura Basin (opt-in 2014),12976.1670209738,2015
104020,Aera Energy Ventura Gas Plant,4922.98,2015
104382,Aerojet Rocketdyne,9510.8417769504,2015
101321,"AES Alamitos, LLC",684896.1537308,2015
100194,"AES Huntington Beach, LLC",432210.471536,2015
100257,AES Redondo Beach LLC,318369.8346916,2015
104554,Agron Bioenergy,14913.33806,2015
101701,Air Liquide El Segundo Hydrogen Plant,552487.097020566,2015
101749,Air Liquide Large Industries US L.P. - Rodeo Hydrogen Plant,819886.109928591,2015
101017,"Air Products & Chemicals, Inc., Martinez",196727.5302,2015
101248,Air Products Carson Hydrogen Plant,673013.780243349,2015
101512,"Air Products Manufacturing Corporation, Sacramento",44205.3205788909,2015
100127,Air Products Wilmington Hydrogen Plant,633296.371939445,2015
3022,Alameda Municipal Power,0.0,2015
101433,"Algonquin Power Sanger, LLC",58206.713983264,2015
104345,All American Asphalt - Corona,12782.603488,2015
104666,All American Asphalt Irvine,10405.5033008,2015
101231,All American Oil and Gas Company,173968.572654556,2015
104406,Allergan,9080.08848,2015
100884,Alon Bakersfield Refinery - Area 3,0.0,2015
101237,Alon Bakersfield Refinery - Areas 1&2,31340.2280182575,2015
104499,Alon Bakersfield Refinery - Areas 1&2 - Fuel Supplier,0.0,2015
101371,AltaGas Pomona Energy Inc (San Gabriel Cogeneration Facility),53741.742104,2015
100283,AltaGas Ripon Energy Inc.,24546.6013872,2015
104027,Ameresco Chiquita Energy LLC,33278.5669523388,2015
104637,Ameresco Forward LLC,16643.584070509,2015
101657,Ameresco Half Moon Bay,45483.0675393426,2015
101748,Ameresco Keller Canyon,14313.3989803436,2015
104636,Ameresco San Joaquin LLC ,13621.6261133975,2015
101656,Ameresco Santa Cruz,11361.75260599,2015
104634,Ameresco Vasco Road,16954.1419786104,2015
104492,"American Biodiesel, Inc. dba Community Fuels",4145.33483685709,2015
104544,"AmeriGas Propane, L.P.",155841.463509728,2015
101179,Amgen Inc.,20012.9770048643,2015
101666,"Ampersand Chowchilla Biomass, LLC, 93610",106289.6592176,2015
104487,Ampine: A Division of Timber Products,16480.3657910404,2015
100943,Anheuser-Busch LLC - Fairfield (opt-in 2013),16781.7801257326,2015
101473,Anheuser-Busch LLC - Los Angeles Brewery,43923.6852932296,2015
104578,Anza Electric Cooperative,0.0,2015
104003,"Apex Oil Company, Inc.",226429.456872999,2015
100234,Applied Energy LLC - NAS North Island,167504.260946081,2015
100229,Applied Energy LLC - NTC/MCRD,98331.8683168112,2015
101390,Applied Energy LLC - U.S. Naval Station,194169.759128662,2015
104042,Archer Daniels Midland,376801.361888,2015
104673,Arcturus Manufacturing,9189.6874672,2015
101342,Ardagh Glass Inc.,81085.2486336,2015
2098,Arizona Electric Power Cooperative,54532.6850538137,2015
104131,Arizona Public Service Company,717768.81432,2015
2292,Avangrid Renewables,186516.691272037,2015
101696,Avenal State Prison,17894.3935379975,2015
104379,"Azteca Milling, L.P.",13096.52224512,2015
3024,Azusa Light and Water,51639.37272,2015
100897,Badger Creek Limited,61111.48773152,2015
104334,"Baker Commodities, Inc., Kerman Division",16807.557432,2015
104621,"Baker Commodities, Inc., Vernon Division",11471.5499504,2015
104542,Baxalta US Inc.,10570.62303008,2015
104165,Bayer Healthcare,15168.24296,2015
100890,Bear Mountain Limited,68398.89958112,2015
3000,Bear Valley Electric Service (BVES),0.0,2015
104624,Belridge Gas Plant - Natural Gas Supplier,115516.848881,2015
104623,Belridge Gas Plant - NGL Supplier,46715.8031192531,2015
104094,Berry Petroleum Company - San Joaquin Basin,2143958.44668255,2015
3026,Biggs Municipal Utilities,0.0,2015
100120,Biola University,8027.4212816,2015
100053,Blue Lake Power,57802.851897833,2015
100342,Blythe Energy,539297.66772,2015
104054,BNSF Railway - Barstow,404895.257343999,2015
104064,BNSF Railway - Commerce,197702.248448,2015
104065,BNSF Railway - Richmond,126919.68064,2015
4000,Bonneville Power Administration - AO/CS,0.0,2015
2044,Bonneville Power Administration - Marketer,2750.351245902,2015
101676,Bottle Rock Power - Geothermal,2381.62,2015
104074,Boyett Petroleum,342096.42815,2015
2113,BP Energy Company,229350.77581,2015
104001,BP West Coast Products LLC (BPWCP) - Terminals,7394070.32701089,2015
100389,Braun Medical Inc,46033.7950539448,2015
100061,"Brea Generation, LLC",118840.496858604,2015
104075,BreitBurn Operating LP - Los Angeles Basin Facility,27095.2586201092,2015
104120,Brookfield Energy Marketing LP,61883.25312,2015
104450,"Buena Vista Biomass Power, LLC",183598.939728096,2015
3027,Burbank Water and Power,547703.289539974,2015
100018,Burney Forest Products,362082.792546105,2015
104077,BWP/MPP Electricity Generating Facilities at 164 W. Magnolia,667180.067928975,2015
100692,CalEnergy Operating Corporation - J J Elmore - Geothermal,10242.94,2015
100703,CalEnergy Operating Corporation - J M Leathers - Geothermal,23442.65,2015
100712,CalEnergy Operating Corporation - Region 1 - Geothermal,86173.848377784,2015
100716,CalEnergy Operating Corporation - Region 2 - Geothermal,45609.01,2015
104411,"California Dairies, Inc. Artesia",12292.6005441013,2015
100959,"California Dairies, Inc. Fresno",34279.1352321609,2015
104410,"California Dairies, Inc. Los Banos",13933.4630909953,2015
101509,"California Dairies, Inc. Tipton",37732.8053482733,2015
101190,"California Dairies, Inc. Turlock",34066.4999442776,2015
101197,"California Dairies, Inc. Visalia",56105.2673055566,2015
3072,"California Department of Water Resources (DWR), State Water Project",0.0,2015
100327,California Institute of Technology (CalTech),56363.8104735781,2015
104662,California Medical Facility,10997.859828098,2015
104353,California Natural Products,14817.436988608,2015
104135,California Paperboard Corporation (opt-in 2013),593.21228,2015
104362,California Polytechnic State University,10122.173153719,2015
101060,"California Power Holdings, LLC-Chowchilla Facility, 95360",38987.4395152,2015
100368,"California Power Holdings, LLC-Red Bluff Facility, 96080",11460.6808048,2015
104014,"California Resources Elk Hills, LLC - 35R Gas Plant",3788511.69416784,2015
101187,"California Resources Elk Hills, LLC - San Joaquin Valley Basin",93416.7345,2015
104029,California Resources Production Corporation - Sacramento Valley Basin 730,212160.127399999,2015
104030,California Resources Production Corporation - San Joaquin Valley Basin 745,1341000.3776849,2015
104033,California Resources Production Corporation - SCVGP Gas Plant,97834.4209452268,2015
104031,California Resources Production Corporation - Ventura Basin 755,10929.5262,2015
104657,California State Prison - Corcoran,9620.67979557632,2015
100235,"California State University, Channel Islands",80940.371507234,2015
104350,"California State University, Fullerton",21309.8727872,2015
101399,"California State University, San Diego",49827.84132,2015
100131,"California State University, San Jose",30288.7158128,2015
100954,California Steel Industries,160433.124207001,2015
101405,CalPeak Power - Border,7747.551752,2015
101662,CalPeak Power - Enterprise,9430.529584,2015
100376,"CalPeak Power - Panoche, LLC",21352.234164,2015
100377,"CalPeak Power - Vaca Dixon, LLC",10318.847852,2015
101496,"Calpine - CCFC Sutter Energy, LLC",472390.0720448,2015
104332,Calpine - CPN Pipeline,472224.678464,2015
101526,"Calpine - Delta Energy Center, LLC",1812157.6049168,2015
101527,"Calpine - Geysers Power Company, LLC - Geothermal",202984.00070043,2015
100178,"Calpine - Gilroy Cogen, L.P., Gilroy Cogen_Peaker",114890.8546992,2015
100337,"Calpine - Gilroy Energy Center, LLC, Feather River",15559.2349984,2015
101528,"Calpine - Gilroy Energy Center, LLC, Riverview Peaker",12996.749008,2015
101276,"Calpine - Gilroy Energy Center, LLC, Wolfskill Peaker",14986.206,2015
101300,"Calpine - King City Cogen, LLC, King City Cogen_Peaker",204909.8191088,2015
101143,"Calpine - Los Esteros Critical Energy Facility, LLC",157558.2907728,2015
100338,"Calpine - Los Medanos Energy Center, LLC",1050936.679696,2015
100343,"Calpine - Metcalf Energy Center, LLC",1214577.9504288,2015
101426,Calpine - O.L.S. Energy - Agnews Inc. 95134,15759.6614064,2015
101746,Calpine - Otay Mesa Energy Center,1376800.298784,2015
100345,Calpine - Pastoria Energy Facility L.L.C.,1778765.450832,2015
104456,Calpine - Russell City Energy Center,1104417.2597952,2015
101211,"Calpine - Yuba City Energy Center (Gilroy Energy Center, LLC)",15260.4874032,2015
3010,Calpine Corporation,941545.457389779,2015
101029,"CalPortland Company, Mojave Plant",1033572.32584896,2015
100013,"CalPortland Company, Oro Grande Plant",930160.2439112,2015
100936,"Campbell Soup Supply Company, L.L.C. - Dixon",34811.2777110379,2015
104199,"Campbell Soup Supply Company, L.L.C. - Stockton",20671.7722096,2015
104008,Canyon Power Project (CPP),53204.4674552,2015
100128,Cardinal Cogen,52635.084026266,2015
2214,"Cargill Power Markets, LLC",619.9152,2015
104375,Cargill Salt Operations,5260.23128,2015
101734,Carlton Forge Works,33768.0042357952,2015
100129,Carson Cogeneration Co,17679.26,2015
104660,Cedars-Sinai Medical Center,17128.536888,2015
101476,Cemex Construction Materials Pacific LLC - Victorville Plant,1932089.54497956,2015
104577,Central Arizona Water Conservation District - CAWCD,0.0,2015
101015,Central Contra Costa Sanitary District,73302.4678126606,2015
100917,CertainTeed Corporation,49906.7529567,2015
101520,Chalk Cliff Limited,29986.25742336,2015
104628,Chapel Street Environmental II,1374.59896490624,2015
104707,"Chemtrade West US, LLC",10424.018211008,2015
104013,Chevron 17Z Gas Plant,210751.397863919,2015
104011,Chevron AAPG 740 Coastal Basin,436435.707562931,2015
104012,Chevron AAPG 745 San Joaquin Basin,3139860.63761178,2015
100138,"Chevron Products Company - El Segundo Refinery, 90245",3573788.93975496,2015
104223,Chevron Products Company - Headquarters Fuel Supplier,33419568.3672271,2015
101384,"Chevron Products Company - Richmond Refinery, 94802",4420334.55267144,2015
104195,Chevron SJVBU Natural Gas Sales,350005.82138816,2015
104393,Children's Hospital Los Angeles,14460.3367808,2015
101252,Chula Vista Energy Center,1389.599104,2015
2428,Citigroup Energy Inc.,17.68,2015
101221,"City of Anaheim, Combustion Turbine Generator",30841.918988,2015
3023,"City of Anaheim, Public Utilities Department, Anaheim City Hall West",1465921.98155492,2015
3025,City of Banning Electric Department,122240.132744666,2015
3029,City of Cerritos,0.0,2015
3031,City of Colton - EPE,185242.500564111,2015
101667,City of Colton - Generation,8082.087884,2015
3032,City of Corona Dept. of Water & Power - EPE,0.0,2015
104642,City of Hope National Medical Center,12972.0227632,2015
3030,City of Industry,0.0,2015
104641,City of Lancaster,0.0,2015
3041,City of Lompoc,0.0,2015
3047,City of Needles,7999.52544,2015
3048,City of Palo Alto - Electric Power Entity,0.0,2015
5011,City of Palo Alto - Gas Utility,139703.01776,2015
104399,City of Palo Alto Water Quality Control Treatment Plant,23795.7193248557,2015
3056,City of Riverside Public Utilities,567850.180840322,2015
104547,"City of San Diego, Public Utilities Dept, North City Water Reclamation Plant",7535.03888397314,2015
101564,"City of San Diego, Public Utilities Dept, Point Loma Treatment Plant",21089.8123382828,2015
104330,"City of San Diego, Public Utilities Dept, Pump Station 2",11937.776856,2015
3059,City of Shasta Lake - Electric,0.0,2015
5036,City of Susanville Gas Utility,10054.6920736,2015
3065,"City of Ukiah, Electric Utilities Division",0.0,2015
5008,"City of Vernon, Gas Municipal Utility Department",481684.019456,2015
3066,"City of Vernon, Vernon Gas & Electric",2339.9616,2015
100328,"Civic Center Cogen, LA County",97155.7959015232,2015
104536,Clean Energy,168160.595664,2015
101691,"Clougherty Packing, LLC",18626.8924012294,2015
104485,CMO Inc,44661.7509216,2015
101516,Coalinga Cogeneration Facility,198350.024336,2015
101250,Collins Pine Co.,95191.8353718191,2015
104570,Comision Federal de Electricidad (CFE),233339.57376,2015
3011,"Commerce Energy, Inc.",0.0,2015
104646,Commercial Energy of California,0.0,2015
101503,ConAgra - Oakdale,74008.63864,2015
101729,ConAgra Foods - Helm Facility,33886.684288,2015
3012,"Constellation NewEnergy, Inc.",287238.701956191,2015
100333,Coolwater Generating Station,0.0,2015
100150,"Corona Energy Partners, Ltd.",66744.2675460675,2015
100690,Coso Energy Developers (BLM E&W) - Geothermal,164380.0,2015
101670,Coso Finance Partners (Navy I) - Geothermal,71192.6,2015
101669,Coso Power Developers (Navy II) - Geothermal,385160.5,2015
100933,"Covanta - Delano, Inc.",510759.320872,2015
100035,Covanta - Mendota,8559.89085443332,2015
100041,Covanta - Pacific Oroville Power Inc,0.0,2015
101264,"Covanta - Stanislaus, Inc",258129.314766388,2015
101037,Coyote Canyon Energy LLC,43108.0804696624,2015
101519,CP Kelco San Diego,108002.763741205,2015
101703,"Crestwood West Coast, LLC",738839.770810558,2015
104488,Crimson Resource Management Corp,38591.34116944,2015
104340,"Criterion Catalyst and Technologies, L. P.",15982.3599090832,2015
101263,"Crockett Cogeneration Project, LP",790572.347056,2015
104349,"Custom Alloy Light Metals, Inc.",10978.553528,2015
104338,Darling Ingredients Inc - Fresno,11164.968928,2015
104337,Darling Ingredients Inc - Los Angeles,16616.6627552,2015
104339,Darling Ingredients Inc - Turlock,17314.899216,2015
101260,Dart Container Corporation of California,14001.0941504,2015
101214,Del Monte - Hanford,30675.0481296,2015
104138,Del Monte - Modesto,14425.712608,2015
104489,"Delano Energy Center, LLC",10759.689732,2015
104655,Delano Growers Grape Products,9845.9770680903,2015
101709,DeMenno/Kerdoon,27192.6120912,2015
100026,DG Fairhaven Power LLC,191541.300129074,2015
104433,"Diamond Pet Food Processors of California, LLC-Lathrop Facility",10782.983208,2015
101243,Dicalite Minerals Corp.,25325.9160044165,2015
100025,Dinuba Energy,78121.31705712,2015
2264,"Direct Energy Business, LLC (fka Strategic Energy)",374879.563771123,2015
101218,Disneyland Resort,19724.3750519333,2015
100157,Double C Limited,28670.166242906,2015
101733,Dow Chemical Company - Pittsburg,40885.2046234978,2015
104663,DSH-Napa State Hospital,16685.927022,2015
104455,"DTE Stockton, LLC",466480.3298384,2015
101341,"Dynegy Morro Bay, LLC",0.0,2015
100221,"Dynegy Moss Landing, LLC",1657629.09749406,2015
101351,"Dynegy Oakland, LLC.",23915.252192915,2015
100958,E & J Gallo Winery - Fresno,30040.2459306651,2015
104640,E & J Gallo Winery - Livingston,13907.1447753623,2015
104215,E&B Natural Resources - San Joaquin Valley,235460.345067015,2015
101355,E.F. Oxnard LLC,80782.45045536,2015
104581,Eagle Petroleum - Lynch Canyon Field,28929.295276,2015
101511,East Bay Municipal Utility District,35165.936323684,2015
3033,Eastside Power Authority,0.0,2015
100259,Eco Services - Dominguez,33961.2681483624,2015
100258,Eco Services - Martinez,17413.7105661137,2015
104546,"Ed Staub & Sons Petroleum, Inc.",17331.3844958,2015
104452,"EDF Industrial Power Services (CA), LLC",0.0,2015
104067,"EDF Trading North America, LLC",103280.600821801,2015
101320,Edgington Oil Company,4.3996688,2015
104204,Edwards Air Force Base,17509.0317687533,2015
104374,Eisenhower Medical Center,19980.493488,2015
104079,"El Cajon Energy, LLC",9366.915796,2015
104622,Emidio Pump Station,10418.29896,2015
100167,Encina Water Pollution Control Facility,13698.4714288189,2015
101738,"Energy 2001, Placer WRSL",14071.2070991943,2015
104070,"Enterprise Products Operating, LLC",0.0,2015
104458,"ERG Operating Company, LLC. 750 Santa Maria Basin",31677.6259539211,2015
104200,"Escalon Premier Brands, a Division of Kraft Heinz Company",23445.3467728,2015
104078,"Escondido Energy Center, LLC",25437.921864,2015
100393,Etiwanda Generating Station,96202.3983192517,2015
2078,"Exelon Generation Company, LLC",467912.775708,2015
104066,Exide Technologies,21.7807488,2015
104460,ExxonMobil LFC Facility,129567.959771359,2015
104476,ExxonMobil Oil Corporation - Supply - Fuel Supplier,8218121.51037306,2015
100217,ExxonMobil Oil Corporation - Torrance Refinery,1524766.02805129,2015
104459,ExxonMobil POPCO Facility,17344.8203821069,2015
104519,"Ferrellgas, LP",70438.1823225633,2015
104041,Flint Hills Resources LP,1460262.67474,2015
104102,Flyers Energy,1872299.10901799,2015
104541,Foster Dairy Farms - Modesto Creamery,13626.53532608,2015
104548,Foster Farms Porterville Plant ,10440.2813824,2015
104549,Foster Farms Traver Complex ,10095.8706384,2015
101575,"Foster Poultry Farms - Livingston Complex, 95334",45105.4045431194,2015
103016,Freeport-McMoRan Oil & Gas LLC - Arroyo Grande Oil Production Facility,78299.1939369636,2015
101054,Freeport-McMoRan Oil & Gas LLC - Gaviota Oil Heating Facility,6607.68448442909,2015
104081,Freeport-McMoRan Oil & Gas LLC - SJV Basin Facility,1010792.9684,2015
101544,"Fresno Cogeneration Partners, LP",10523.5984768,2015
101613,Fresno-Clovis Regional Wastewater Reclamation Facility,25060.0009269435,2015
101235,Frito Lay - Kern Plant,51838.5667032874,2015
104207,Frito Lay - Modesto,22984.6258237505,2015
101683,"G2 Energy Ostrom Road, LLC",10807.9123104621,2015
103018,Gallo Glass Company,136976.2249469,2015
101712,Gas Recovery Systems LLC - American Canyon,0.0,2015
101714,Gas Recovery Systems LLC - Menlo Park,0.0,2015
101658,Gas Recovery Systems LLC - Newby ,0.0,2015
104559,Genentech - Vacaville,11797.228932,2015
101451,Genentech Inc South San Francisco,31056.5296656,2015
100176,"General Mills Cereal Properties, LLC",18240.5231937445,2015
100248,"GenOn Delta, Pittsburg Generating Station 94565",126880.16768217,2015
104474,GenPower Lincon Landfill Power Plant,14746.8864935393,2015
101700,Georgia-Pacific Gypsum LLC - Antioch,40218.173888,2015
104208,Georgia-Pacific Gypsum LLC - San Leandro,17428.8341856,2015
104507,"Gexa Energy California, LLC",0.0,2015
104484,Glencore Ltd.,47341.564616,2015
3034,Glendale Water & Power,237588.050686913,2015
100180,"Goal Line LP, 92025",16828.0113808,2015
100147,"Graphic Packaging International, Inc",117024.4,2015
100181,Grayson Power Plant,156013.275981428,2015
101155,Greka Santa Maria Refinery ,23249.6158594736,2015
3035,Gridley Electric Utility,0.0,2015
101713,Guadalupe Energy Holdings LLC,0.0,2015
101721,Guardian Industries Corp.,122649.788480024,2015
104473,Guzman Energy,5507.20440000001,2015
101542,Hanford Energy Park Peaker,54800.10444,2015
100186,"Harbor Cogeneration Company, LLC",17240.2702612096,2015
104672,Harris Ranch Beef Company,10125.3998992,2015
3036,Healdsburg Electric Dept.,0.0,2015
101364,Henrietta Peaker Plant,56417.761372,2015
104360,"HGST, Inc",18342.274035248,2015
101478,"High Desert Power Project, LLC",1442685.2450496,2015
104009,High Sierra Cogeneration,20273.397856,2015
100189,High Sierra Limited,28808.7448901174,2015
101288,Hilmar Cheese Company,74673.1324852424,2015
100029,HL Power Company,268407.727410723,2015
104368,Hoag Memorial Hospital Presbyterian,22622.1761543124,2015
104426,Holmes Western Oil Corporation,33226.260982,2015
104580,Hood Dairy,17285.762688,2015
104364,"Houweling Nurseries Oxnard, Inc",39526.6138848,2015
104346,Hudson Ranch Power I - Geothermal,23980.0,2015
104377,Huntington Memorial Hospital,14910.414639574,2015
104229,Idemitsu Apollo Corporation,2695585.42261399,2015
101318,"Imerys Minerals California, Inc.",36409.4228645153,2015
3038,Imperial Irrigation District (IID),1516172.43385839,2015
100162,"Imperial Irrigation District (IID), El Centro Generating Station",481764.96188641,2015
101307,"Imperial Irrigation District (IID), Niland Gas Turbine Plant",14626.97481164,2015
101008,Ingomar Packing Company,94802.7365007632,2015
100323,Ingredion Incorporated Stockton Plant,76283.1878016,2015
101686,"Inland Empire Energy Center, LLC.",361143.34653207,2015
5045,"IPC (USA), Inc.",882891.761317999,2015
104465,Ivanpah Solar Electric Generating System,68676.3886559999,2015
104335,J. Aron & Company,80167.614,2015
101705,J. G. Boswell Tomato Company Kern,38083.352688,2015
104224,J.G. Boswell Company West Processing Townsite,8745.310304,2015
101504,J.G.Boswell Tomato Company Kings,34096.7485712,2015
3077,J.P. Morgan Ventures Energy Corporation,0.0,2015
104320,Jaco Oil Company,1319683.198998,2015
104216,John Wayne Airport Orange County,11498.0426586673,2015
104122,Johns Manville (opt-in 2013),12338.522016,2015
104538,JP Oil,14933.6645,2015
104004,JR Simplot Company,8341.371512431,2015
104562,JS West and Companies,20406.193253088,2015
104421,"K2 Pure Solutions, Inc",8539.7040688,2015
104376,"Kaiser Aluminum Fabricated Products, LLC",11273.8620576,2015
104355,Kaweah Delta Medical Center,16404.130624,2015
100202,Kern Front Limited,23933.3654636285,2015
5044,Kern Front Natural Gas Pipeline (WCAC),206792.5376944,2015
104498,Kern Oil - Fuel Supplier,2686892.80837999,2015
101507,Kern Oil Refinery,148056.447165689,2015
101514,Kern River Cogeneration Facility,475557.700595996,2015
5017,Kern River Gas Transmission,0.0,2015
100199,KES Kingsburg L.P.--Kingsburg Cogeneration Facility,31005.697304,2015
101100,"Kiefer Landfill, Department of Waste Management and Recycling",120766.06422562,2015
100962,Kimberly Clark Worldwide Inc.,65824.27284,2015
104047,"Kinergy Marketing, LLC",128221.153192,2015
104425,Kirby Hills Compressor Station,11392.37302656,2015
3001,Kirkwood Meadows PUD Powerhouse,0.0,2015
101447,Knauf Insulation,21017.89456,2015
104354,Kraft Heinz Foods Company. - Tulare,23093.378576,2015
100205,Kyocera America Inc.,7430.8017792,2015
100339,"La Paloma Generating Company, LLC",2068035.182912,2015
104211,La Rosita Power - Marketing,1199801.98737391,2015
104569,LAC+USC Medical Center,22560.9921152,2015
101327,LACSD - Calabasas LF,31978.6231600056,2015
100064,LACSD - Commerce Refuse To Energy,120527.780757937,2015
101487,LACSD - Joint Water Pollution Control Plant,111047.333077024,2015
100071,LACSD - Puente Hills Landfill,203190.037224238,2015
101373,LACSD - Spadra Landfill,18453.4401474765,2015
101465,"Land O' Lakes, Inc.",53166.3142512,2015
3039,Lassen Municipal Utility District,0.0,2015
104656,Lathrop Irrigation District,0.0,2015
101708,Lawrence Livermore National Laboratory (LLNL),22763.841153856,2015
101265,Lehigh Southwest Cement Co - Cupertino,993827.10597117,2015
101381,Lehigh Southwest Cement Co - Redding,300065.112246142,2015
101461,Lehigh Southwest Cement Co - Tehachapi,578202.919450246,2015
104106,Leprino Foods - Lemoore East,20735.814192,2015
101716,Leprino Foods - Lemoore West,49553.9618467984,2015
104105,Leprino Foods - Tracy,17243.305088,2015
104052,Lhoist North America - Natividad Plant,83933.3740287392,2015
101499,Liberty Packing - Los Banos (Morning Star),103254.8717712,2015
104451,Liberty Power Corporation,0.0,2015
104099,Liberty Utilities (CalPeco Electric) LLC,98824.07934192,2015
100904,Linn Operating Inc,285383.435174328,2015
101044,Live Oak Limited,64238.95700512,2015
101574,Lockheed Martin Aeronautics Company - Palmdale,16346.867315872,2015
101623,Lockheed Martin Corporation - Sunnyvale,26428.2741265887,2015
104424,Lodi Compressor Station,10972.16182448,2015
3040,Lodi Electric Utility,0.0,2015
104172,Lodi Energy Center,648002.029284,2015
100207,Loma Linda University,60039.4144265836,2015
104479,Lompoc Field Stationary Source,8564.82509721272,2015
5003,Long Beach Gas & Oil Dept (LBGO),450361.060736,2015
3042,Los Angeles Department of Water & Power (LADWP),12206071.0929194,2015
100185,Los Angeles Department of Water & Power-Harbor Generating Station (LADWP),57410.548435288,2015
100187,Los Angeles Department of Water & Power-Haynes Generating Station (LADWP),1191467.63716073,2015
101004,Los Angeles Department of Water & Power-Scattergood Generating Station (LADWP),939342.875242087,2015
101325,Los Angeles Department of Water & Power-Valley Generating Station (LADWP),400630.395655668,2015
101323,Los Angeles International Airport (LAX),14592.4223744,2015
100972,Los Gatos Tomato Products,67321.9699872,2015
101162,"Lunday-Thagard Company, DBA World Oil Refining",39818.984204764,2015
100682,Luz Solar Partners LTD,32942.554849088,2015
101291,Luz Solar Partners LTD VIII & IX,27264.272134624,2015
101715,LWFP LLC,22163.9968959076,2015
101234,Macpherson Oil Company,295912.087144285,2015
2112,Macquarie Energy LLC,187632.779712,2015
104573,"MAG Energy Solutions, Inc.",2321.0061648,2015
101192,MAGTFTC MCAGCC Twentynine Palms,45154.9122901644,2015
101687,"Malaga Power, LLC",56281.931632,2015
100314,Malburg Generating Station,291419.362708,2015
100210,Mandalay Generating Station,152059.281638592,2015
104463,Marin Clean Energy,0.0,2015
104169,Mariposa Energy LLC,47444.7177344,2015
101332,Martinez Cogen Limited Partnership,401276.657888716,2015
104384,"Maruchan, Inc. - Laguna Canyon",19006.2510960633,2015
104633,Matchmaster Dyeing & Finishing,24068.7330718584,2015
104613,"Matsui Nursery, Inc.",12629.225408,2015
100296,McKittrick Limited,30568.21100928,2015
3044,Merced Irrigation District (MeID),0.0,2015
101665,"Merced Power, LLC, 95317",104907.300826256,2015
2046,Metropolitan Water District of Southern California (MWD),54218.5692,2015
101515,Mid-Set Cogeneration Facility,205562.349562255,2015
101744,"Midway Peaking, LLC",51165.401876,2015
100215,Midway-Sunset Cogeneration,663011.949206532,2015
101297,MillerCoors,28280.3067833842,2015
104397,Mira Loma Metal Container Corp,11646.544256,2015
100036,Miramar - MM and Miramar Energy,51135.8848102656,2015
104629,Mission Bell Winery ,14350.3185248,2015
104658,Mission Foods Corporation,13675.46028,2015
101010,Mitsubishi Cement 2000,1190297.17667025,2015
101217,"Mizkan America, Inc.",27602.826808,2015
100088,MM Lopez Energy LLC,22551.4178438351,2015
101711,MM Prima Deshecha Energy LLC,24992.2979761385,2015
100097,MM San Diego LLC - North City,18087.0370271243,2015
100051,MM Tajiguas Energy LLC,13856.5298035614,2015
100057,MM Tulare Energy LLC,0.0,2015
101484,MM West Covina LLC,40421.0145081706,2015
101209,MM Yolo Power LLC,9081.26837082173,2015
3045,Modesto Irrigation District (MID),916942.992764846,2015
101028,"Modesto Irrigation District (MID) - Woodland Generation Station, 95351",248637.80979376,2015
101359,"Modesto Irrigation District - Ripon Generation Station, 95366",13476.986428,2015
5019,Mojave Pipeline Operating Company (MPOC),0.0,2015
104322,"Molycorp Minerals, LLC",62621.039065557,2015
101329,Monterey Regional Waste Management District,13140.3146789734,2015
3046,Moreno Valley Utility (MVU),0.0,2015
2369,Morgan Stanley Capital Group Inc. - EPE,810072.226809251,2015
101498,Morning Star Packing Company - Los Banos,69544.4289808,2015
101536,Morning Star Packing Company - Williams,127401.0767616,2015
104418,"Morton Salt, Inc.",13228.99208,2015
101228,Mt. Poso Cogeneration Company,311479.990425733,2015
104438,Musket Corporation,0.0,2015
104097,Naftex Operating Company,29199.7995127748,2015
104405,NASA Ames Research Center,16534.74506351,2015
101735,National Beef,0.053041,2015
101314,National Cement Company - Lebec,716356.2817288,2015
104408,Naval Air Station Lemoore,10192.876752183,2015
104214,Naval Air Weapons Station China Lake,12764.848391413,2015
104035,Naval Medical Center - San Diego,13830.9269424077,2015
104551,"Nebraska Corn Processing, LLC",12948.643399,2015
104717,"Neste US, Inc.",291911.180928,2015
2388,Nevada Power Company (dba NV Energy),7392.70704,2015
101697,"New NGC, Inc - Long Beach",21280.0091728,2015
104415,"New NGC, Inc - Richmond",21421.9502368,2015
100195,"New-Indy Ontario, LLC Linerboard Mill",239855.8948176,2015
101356,New-Indy Oxnard LLC,118542.945093674,2015
104136,Newark Pacific Paperboard (opt-in 2013),24044.2218352,2015
104611,"Newport Fab, LLC (DBA TowerJazz Semiconductor)",11383.8803136,2015
104225,"Nextera Energy Power Marketing, LLC",79041.32949,2015
101710,NM Colton Genco LLC,0.0,2015
101033,"NM Mid Valley Genco, LLC",9305.57862802114,2015
101434,NM Milliken Genco LLC,0.0,2015
3018,Noble Americas Energy Solutions LLC,0.0,2015
2500,Noble Americas Gas & Power Corp.,21.828,2015
104445,Noble Petro Inc,12005.244486,2015
104420,"Nong Shim America, Inc.",9935.8373296,2015
104457,"Nor-Cal Beverage Company, Inc.",11528.936704,2015
104323,North Baja Pipeline,0.0,2015
2215,Northern California Power Agency (NCPA),90177.14328,2015
101529,Northern California Power Agency - Geothermal Plant No. 1,23037.48,2015
101530,Northern California Power Agency - Geothermal Plant No. 2,24526.89,2015
101358,Northrop Grumman - Palmdale,8861.708185904,2015
104227,Northrop Grumman Marine Systems - Sunnyvale,11880.3988221296,2015
104369,Northrop Grumman Systems Corp. - El Segundo,9262.8381332736,2015
104324,Northrop Grumman Systems Corp. - Redondo Beach,12876.912432,2015
100076,NOVE Power Plant,9005.9027111823,2015
101135,NRG Energy - El Cajon,547.585836492031,2015
100164,NRG Energy - El Segundo,976386.530332,2015
101534,NRG Energy - Encina,466458.69192004,2015
101408,NRG Energy - Kearny 2 and 3,9643.60797171619,2015
100208,NRG Energy - Long Beach,18398.919192,2015
100270,NRG Energy - Miramar,2519.90172059385,2015
101607,NRG Energy - San Francisco Thermal,56951.7330304,2015
104217,"NRG, Marsh Landing Generating Station ",59016.0308475567,2015
100891,Oildale Energy LLC,81051.717616,2015
101500,Olam West Coast Inc - Williams,46717.6204464,2015
101213,Olam West Coast Inc- Lemoore,40967.2480176,2015
104069,"Olam West Coast, Inc. - Firebaugh",29305.084672,2015
101284,"Olam West Coast, Inc. - Gilroy",20854.748544,2015
104378,"Olive View Medical Center, Los Angeles County Department of Health Services",18303.70116176,2015
100236,OLS Energy Chino,106681.7042752,2015
101745,Orange County Central Utility Facility,35484.2364032,2015
100255,Orange County Sanitation District - Plant 1,25079.3088432751,2015
101280,Orange County Sanitation District - Plant 2,31226.8523845174,2015
104053,Orange Grove Energy Center,27149.160888,2015
104675,Orange Plant - R.J. Noble,10645.3144397749,2015
104555,Orchard Energy LLC,86728.655116,2015
104495,"Ormat Nevada, Inc. / ORNI 18 North Brawley - Geothermal",20217.601795612,2015
100695,"Ormat Nevada, Inc./ GEM 2 & 3 - Geothermal",14665.3944457128,2015
101357,Ormond Beach Generating Station,248617.733913056,2015
100106,Otay Landfill Gas LLC,37530.8555782347,2015
101154,"Owens Corning Insulating Systems, LLC Santa Clara",16931.7489984,2015
101475,Owens-Brockway Glass Container Inc,64412.5447024,2015
101042,"Owens-Brockway Glass Container, Oakland",38164.0582256,2015
101183,"Owens-Brockway Glass Container, Tracy",84258.32635904,2015
104419,"PABCO Clay Products, LLC, dba Gladding McBean",12395.327179536,2015
104383,PABCO Paper,17258.39,2015
104616,Pacific Clay Products,16414.1665392,2015
101674,Pacific Coast Energy Company LP,38640.2699891808,2015
101207,Pacific Coast Producers,31947.035368,2015
104540,"Pacific Ethanol Madera, LLC",34664.6614288,2015
104048,"Pacific Ethanol Stockton, LLC",58405.1999728,2015
3002,Pacific Gas and Electric Company (PG&E) - Electric Power Entity,718148.18496,2015
104025,"Pacific Gas and Electric Company (PG&E) - Gas Distribution System Fugitive Emissions (San Francisco, CA)",676458.090415199,2015
104024,Pacific Gas and Electric Company (PG&E) - Supplier of Natural Gas ,43022556.9647952,2015
101298,Pacific Ultrapower Chinese,221429.587547,2015
3003,PacifiCorp,792523.032081141,2015
104669,Pactiv - Red Bluff,11707.311696,2015
104738,Palo Alto V.A. Health Care System Division,8562.63648,2015
101740,"Panoche Energy Center, LLC",434830.593744,2015
101736,Paramount Farms International LLC,15636.3375696,2015
104341,Paramount Petroleum Corporation - Elk Grove Asphalt Terminal,10929.3663984,2015
104500,Paramount Petroleum Corporation - Fuel Supplier,944.044236,2015
101056,Paramount Petroleum Corporation Refinery,11977.8519216996,2015
3049,"Pasadena Water and Power, 91101",392823.653153347,2015
100179,"Pasadena Water and Power, Glenarm",35363.30932198,2015
104574,Patua Geothermal Project - EPE,9.16776,2015
101240,"PE-Berkeley, Inc",128389.780842592,2015
104089,Petro-Diamond,2729033.61451,2015
104022,PG&E Burney Compressor Station,55069.9279848107,2015
101758,PG&E Colusa Generating Station,1382931.05783369,2015
101562,PG&E Delevan Compressor Station,40216.4351729286,2015
101741,PG&E Gateway Generating Station,1305914.15912414,2015
101747,PG&E Gerber Compressor Station,57172.225739472,2015
101290,PG&E Hinkley Compressor Station,82744.102578089,2015
100192,PG&E Humboldt Bay Generating Station,186330.477600392,2015
101563,PG&E Kettleman Compressor Station,26458.9444038524,2015
104021,PG&E McDonald Island Underground Storage Station,18140.7999921808,2015
104023,PG&E Tionesta Compressor Station,45399.6965862595,2015
101031,PG&E Topock Compressor Station,37215.3805862316,2015
104010,Phillips 66 Company - Fuel Supplier,20486175.9662518,2015
100913,Phillips 66 Company - Los Angeles Refinery - Carson Plant,1120943.66651443,2015
100329,Phillips 66 Company - Los Angeles Refinery - Wilmington Plant,2056864.70527676,2015
100351,Phillips 66 Company - San Francisco Carbon Plant,155131.322600598,2015
100303,Phillips 66 Company - San Francisco Refinery,1320781.76937858,2015
101226,Phillips 66 Company - Santa Maria Refinery,207243.386545638,2015
101692,"Pilkington North America, Lathrop Plant",108.8931296,2015
3016,"Pilot Power Group, Inc.",0.0,2015
104494,"Pilot Travel Centers, LLC",0.0,2015
100151,Pitchess Cogeneration Station,102054.5476544,2015
5024,Pittsburg Power Company dba Island Energy - EPE,0.0,2015
101685,Pixley Cogeneration Partners / Calgren Renewable Fuels,81556.6306132786,2015
100888,Plains LPG Services/ Lone Star Frac & Isom Facility,757761.328597642,2015
104557,"Plains Marketing, L.P.",75042.878879192,2015
3100,Plumas-Sierra REC,4306.6644,2015
3051,Port of Oakland,0.0,2015
3052,"Port of Stockton, 95203",0.0,2015
2127,Portland General Electric Company,241338.22608,2015
3053,Power and Water Resources Pooling Authority (PWRPA),0.0,2015
3101,Powerex Corp - AO/CS,0.0,2015
2243,Powerex Corp. - Marketer,691330.090730905,2015
101513,PPG Industries Inc.,90637.6835616,2015
101053,Praxair Inc.,41706.1456803902,2015
104394,Press Forge Co,18690.2282528,2015
104206,Prime Wheel Corporation,20277.3941776,2015
104423,Procter & Gamble Manufacturing Co. - Sacramento Plant (opt-in 2017),20081.0330848,2015
101497,"ProEnergy - Greenleaf Energy Unit 1, LLC",15118.62064,2015
100182,"ProEnergy - Greenleaf Energy Unit 2, LLC",120799.9973232,2015
104096,ProPetroleum Inc.,663535.126514095,2015
104462,Puget Sound Energy,0.0,2015
101400,"Qualcomm, Inc. - Morehouse Facility",18925.394902064,2015
101523,"Qualcomm, Inc. - Pacific Center Facility",40861.159000192,2015
104197,"Quemetco, Inc.",66397.920544,2015
5028,Questar Southern Trails,0.0,2015
104391,Rady Children's Hospital San Diego,22593.8861408,2015
104203,Rainbow Energy Marketing Corporation (REMC),0.0,2015
3054,Rancho Cucamonga Municipal Utility,0.0,2015
3055,Redding Electric Utility,159644.31672,2015
100256,Redding Electric Utility - Redding Power Generation,132171.372871391,2015
104560,Renewable Energy Group,20861.643048,2015
104198,Richard J Donovan Correctional Facility,15264.3138944,2015
100265,Rio Bravo Fresno,273388.930252,2015
100892,Rio Bravo Jasmin,0.0,2015
100893,Rio Bravo Poso,0.0,2015
100055,Rio Bravo Rocklin,290348.645976,2015
104056,River City Petroleum,355635.165761,2015
100387,Riverside Public Utilities - Clearwater Facility,7261.64963936,2015
100392,Riverside Public Utilities - Riverside Energy Resource Center,28989.705284,2015
104037,Robinson Oil Supply & Transport,281461.592571,2015
100196,"Rohr, Inc. a UTC Aerospace Systems Company-Cogen Plant",16724.5872702904,2015
101702,Roseburg Forest Products,125137.122801746,2015
3057,Roseville Electric,4295.31384,2015
101270,"Roseville Electric, Roseville Energy Park",265672.71842,2015
104552,"RTC Fuels, LLC",0.0,2015
100130,"Sacramento Municipal Utility District (SMUD) , Carson Ice CG",213293.600177753,2015
100365,"Sacramento Municipal Utility District (SMUD) , Cosumnes Power Plant",1494224.62946243,2015
100252,"Sacramento Municipal Utility District (SMUD) , SCA",390777.100123243,2015
100125,"Sacramento Municipal Utility District (SMUD) , SPA",438607.997010664,2015
3058,Sacramento Municipal Utility District (SMUD) - Electric Power Entity,967254.282418536,2015
104352,Sacramento Municipal Utility District (SMUD) - Gas Pipeline,2480182.3546234,2015
104632,Sacramento Rendering Company,11935.7760416,2015
101035,Safety-Kleen of California Inc.,18312.3184624,2015
104357,Saint Agnes Medical Center,21680.70808,2015
104436,Saint Bernardine Medical Center,5093.6276576,2015
101518,Salinas River Cogeneration Facility,191813.831764,2015
104461,Salt River Project,152486.47896,2015
104398,San Benito Foods,14179.087024,2015
3004,San Diego Gas & Electric (SDG&E) - Electric Power Entity,962831.401533826,2015
104085,San Diego Gas and Electric (SDG&E) - Local Distribution,6790769.619624,2015
104115,San Diego Gas and Electric (SDG&E) - Natural Gas Distribution Sub W,94885.9903528095,2015
104380,San Francisco General Hospital,14630.7775088,2015
3028,"San Francisco Hetch Hetchy Water and Power, CCSF",0.0,2015
104367,San Francisco International Airport (SFO),14696.5337168,2015
104556,San Francisco Southeast Treatment Plant,11684.9143992304,2015
104486,"San Joaquin Cogen, LLC",0.0,2015
101239,San Joaquin Refining Company,95899.7870781578,2015
104497,San Joaquin Refining Company - Fuel Supplier,298299.626527999,2015
101140,San Jose/Santa Clara Regional Wastewater Facility,39273.1411809881,2015
101157,San Marcos Energy LLC,10788.4251436351,2015
104670,Santa Barbara Cottage Hospital,10296.5583282413,2015
104626,Santa Clara Valley Medical Center,16137.7675632,2015
101439,Santa Cruz Energy LLC,5644.0223576814,2015
104381,"Santa Maria Energy, LLC, Careaga Lease",5078.655409536,2015
104395,Saputo Cheese USA Inc. - Newman,7442.6739856,2015
101186,Saputo Cheese USA Inc. - Paige,66849.2736048,2015
104396,Saputo Cheese USA Inc.- Levin,10556.180016,2015
101517,Sargent Canyon Cogeneration Facility,199525.262512,2015
104358,Schlosser Forge Company,26790.9207376,2015
100040,Scotia Sawmill Cogen,10352.356528223,2015
101663,SDG&E - Cuyamaca Peak Energy Plant,6156.224304,2015
101401,SDG&E - Miramar Energy Facility,44325.91098,2015
104221,SDG&E - Moreno Compressor Station,19934.758718807,2015
100362,SDG&E - Palomar Energy Center,1151864.1218,2015
100011,Searles Valley Minerals Inc.,1503410.04477018,2015
104503,"SEI Fuel Services, Inc.",1387712.07315199,2015
104568,"Self Serve Petroleum, Inc.",0.0,2015
2060,Sempra Generation,1751092.33394472,2015
104610,Seneca Foods Corporation ,10409.1652688,2015
104091,Seneca San Joaquin Production Facilities,272164.253532601,2015
101315,Sensient Natural Ingredients LLC,43056.5492122841,2015
104219,"Sentinel Energy Center, LLC",346419.0468592,2015
104202,SFPP L.P. - Colton Terminal,10152.8412,2015
104615,Sharp Grossmont Hospital,14494.948571248,2015
104454,"Shasta Renewable Resources, LLC",0.0,2015
104325,Shell Chemical LP - Martinez Catalyst Plant,8505.58408,2015
3081,"Shell Energy North America (US), L.P. - EPE",338948.500303731,2015
100914,Shell Oil Products US - Martinez,4131879.89852272,2015
104051,Shell Oil Products US - Supply - Fuel Supplier,13492085.854084,2015
104543,Shell Trading US Company - Fuel Supplier,479919.940685999,2015
104511,Shiralian Enterprises,167515.929868999,2015
104329,Shultz Steel Company,22029.4548064,2015
104614,Sierra Aluminum Company,16525.7026544,2015
100090,"Sierra Pacific Industries (SPI) - Anderson, 96007",127361.25341581,2015
104449,Sierra Pacific Industries (SPI) - Arcata,15644.8552261773,2015
100043,Sierra Pacific Industries (SPI) - Burney,219217.344127275,2015
101680,Sierra Pacific Industries (SPI) - Lincoln,232107.8657403,2015
101378,Sierra Pacific Industries (SPI) - Quincy Division,289245.2866816,2015
101681,Sierra Pacific Industries (SPI) - Shasta Lake,47427.2891502657,2015
101682,Sierra Pacific Industries (SPI) - Sonora,142886.030202641,2015
2438,Sierra Pacific Power Company (dba NV Energy) - Marketer,98150.03856,2015
101178,"Sierra Power Corporation, 93270",0.0,2015
104090,Signal Hill Petroleum Facilities,35971.3870481029,2015
3061,"Silicon Valley Power (SVP), City of Santa Clara",406356.689776689,2015
101438,"Silicon Valley Power (SVP), City of Santa Clara , Cogen",43858.9183952,2015
101436,"Silicon Valley Power (SVP), City of Santa Clara , DVR",377718.8561208,2015
104605,Simi Valley Landfill and Recycling Center,10469.2400300023,2015
101118,Solar Turbines Incorporated - Kearny Mesa,32977.838532297,2015
104226,Solar Turbines Incorporated - Pacific Highway,6844.354640352,2015
104537,Sonoma Clean Power (SCP),0.0,2015
100096,Sonoma County Landfill Gas to Energy,30192.8784978531,2015
104612,Sonoma Developmental Center,10219.889288,2015
100063,Southeast Resource Recovery Facility (SERRF),394513.95034,2015
101539,Southern California Edison (SCE) - Barre Peaker,17869.819696,2015
101537,Southern California Edison (SCE) - Center Peaker,15362.102476,2015
3005,Southern California Edison (SCE) - Electric Power Entity,1768047.544002,2015
101538,Southern California Edison (SCE) - Grapeland Peaker,11773.345204,2015
104326,Southern California Edison (SCE) - McGrath Peaker,22652.52674,2015
100394,Southern California Edison (SCE) - Mira Loma Peaker,14234.315052,2015
100344,Southern California Edison (SCE) - Mountainview Generating Station,2275820.3039656,2015
101673,Southern California Edison (SCE) - Pebbly Beach,22964.8657387485,2015
101349,Southern California Gas Co - Aliso Canyon Facility,109224.73236204,2015
101675,Southern California Gas Co - Blythe Facility,39960.5148260318,2015
104082,Southern California Gas Co - Distribution,1349752.86,2015
100915,Southern California Gas Co - Honor Rancho Facility,54366.8366660256,2015
104365,Southern California Gas Co - Kelso Facility,29.8886325408,2015
101348,Southern California Gas Co - Newberry Springs Facility,8551.27743435729,2015
104366,Southern California Gas Co - North Needles Facility,1870.24684147267,2015
101346,Southern California Gas Co - South Needles Facility,36477.4629812384,2015
104220,Southern California Gas Co - Wheeler Ridge Compressor Station,26192.2643699359,2015
5002,Southern California Gas Company - End User Emissions,42863420.396348,2015
104212,"Southern Counties Oil Co., A California Limited Partnership",76525.868598,2015
5013,Southwest Gas Distribution Facilities,692328.848312,2015
101241,"Spreckels Sugar Company, Inc.- Brawley",70815.5794357957,2015
100263,SRI International Cogen Project,22145.047052626,2015
104635,Stanford University,15513.688608,2015
101025,Stanislaus Food Products,50498.6554784,2015
104409,State of California Central Utility Plant - General Services,11129.569904,2015
104370,Steelscape Inc.,18940.360835,2015
104619,Suburban Propane,11169.463766724,2015
100092,Sunnyvale Water Pollution Control Plant,6408.1508566775,2015
101671,"Sunray Energy, Inc",3210.913530048,2015
100948,Sunrise Power Company,1010626.321004,2015
104709,SunSelect Produce (California) Inc,18137.037568,2015
104550,"Sunshine Gas Producers, LLC",89100.4443688138,2015
104579,Surprise Valley Electrification Corp.,0.0,2015
100886,Sycamore Cogeneration Facility,837293.147593438,2015
101684,Sycamore Energy LLC,26099.5125729573,2015
104567,Tacoma Power - ACS,0.0,2015
101073,TAMCO,48275.4747024,2015
5021,Tehachapi Cummings County Water District,11648.295632,2015
104194,Tenaska Power Services Co.,78463.782234,2015
2427,"Terra-Gen Dixie Valley, LLC",33813.489594772,2015
104516,Tesla Motors ,33946.5282752,2015
100002,Tesoro Los Angeles Refinery - Wilmington Calciner,300091.360921062,2015
101246,Tesoro Refining & Marketing Company LLC - Los Angeles Refinery - Carson ,6029225.01877238,2015
5012,Tesoro Refining and Marketing - Fuel Supplier,49269930.5765537,2015
101331,Tesoro Refining and Marketing Co. - Martinez,2056107.16062819,2015
2278,"The Energy Authority, Inc.",19310.027082,2015
101582,The P&G Paper Products Co.,308807.342626778,2015
104518,The Regents of the University of California - EPE,0.0,2015
104327,The Soco Group Inc.,333437.024244928,2015
104647,The Sun Valley Group,12410.186225024,2015
100052,"Thermal Energy Development Partnership, L.P.",0.0,2015
100994,Thums Long Beach Company,222091.7745,2015
104072,Tidelands Oil Production Company - 760 Los Angeles Basin,45882.7525958,2015
5047,"Tiger Natural Gas, Inc. - EPE",0.0,2015
104620,Timber Products Company Yreka Veneer,16543.54936376,2015
101750,Toland Landfill - Ventura Regional Sanitation District,2299.57723431986,2015
101502,Tomatek / Neil Jones Food Companies,32692.59321224,2015
100358,Tracy Peaker Plant,320044.417888008,2015
2312,"TransAlta Energy Marketing (US), Inc.",208075.912554583,2015
104230,TransCanada Energy Sales Ltd.,50103.9912000001,2015
104517,TransMontaigne,0.0,2015
104760,Transwestern - Topock,0.0,2015
101460,"TRC Cypress Group, LLC",29953.6217191208,2015
104005,"Tricor Refining, LLC",25419.0897316107,2015
104639,Trinity Public Utility District (PUD),0.0,2015
3063,Truckee Donner Public Utility District,71715.8549348493,2015
100952,"TST, Inc.",21494.754406,2015
3064,Turlock Irrigation District (TID),477827.939086672,2015
100111,"Turlock Irrigation District (TID), Almond Power Plant",104436.631804,2015
100371,Turlock Irrigation District/ Walnut Energy Center,699456.694772,2015
5010,Tuscarora Gas Transmission Pipeline,0.0,2015
104515,"Twin Eagle Resource Management, LLC",0.0,2015
100300,"U.S. Borax, 93516",331661.047055108,2015
101271,U.S. Gypsum Co Plaster City Plant,51437.51189568,2015
104068,UC Davis Medical Center,63206.352905862,2015
101205,Ultramar Inc - Valero Wilmington,858937.417685626,2015
104062,Union Pacific Railroad Company,653848.644096,2015
101124,"United Airlines, Inc. - San Francisco Maintenance Center",25798.0713222534,2015
104545,United Pacific Energy,61267.426245738,2015
101469,United States Pipe & Foundry Co. LLC,35671.4981630456,2015
104514,"University of California, Berkeley (opt-in 2015)",5217.37341207633,2015
100305,"University of California, Davis",54648.9224063932,2015
101296,"University of California, Irvine",70858.418441247,2015
100997,"University of California, Los Angeles, UCLA",229823.304274782,2015
104173,"University of California, Riverside, UCR",21377.4615694076,2015
101305,"University of California, San Diego, UCSD",146992.58964,2015
101416,"University of California, San Francisco",54804.4826680095,2015
104372,"University of California, Santa Barbara (opt-in 2015)",15472.4409168592,2015
100273,"University of California, Santa Cruz, UCSC EH&S Office (opt-in 2014)",18874.3591867792,2015
104361,University of Southern California (USC) - University Park Campus (UPC),15863.910736,2015
101068,USS-POSCO Industries,42532.471929403,2015
104617,VA Greater Los Angeles Healthcare System,12867.8579427536,2015
104661,VA San Diego Healthcare System,17204.08488,2015
104071,Valero Marketing and Supply Company - Fuel Supplier,17282809.1331215,2015
100372,"Valero Refining Company - California, Benicia Refinery and Benicia Asphalt Plant",2839356.64117506,2015
104444,Valero Wilmington Asphalt Plant,12201.5150296926,2015
104510,Valley Electric Association,15288.3312,2015
104205,Vandenberg Air Force Base,13151.8540282816,2015
104413,Venoco Inc. - SB Channel (Onshore),7916.71403195326,2015
104643,Ventura Coastal,8538.7328512,2015
3067,Victorville Municipal Utility Services - EPE,0.0,2015
104571,Victorville Municipal Utility Services - Gas Utility,12087.5672688,2015
100953,Vista Metals Corp.,33628.5661184316,2015
5014,Vitol - Fuel Supplier,178649.994513,2015
104467,Vitol Inc. - EPE,36805.93704,2015
100058,Wadham Energy Ltd Partnership,175854.6249176,2015
104218,"Walnut Creek Energy, LLC",226544.5827584,2015
3078,WAPA - Desert Southwest Region,0.0,2015
3079,WAPA - Sierra Nevada Region,1108851.63638003,2015
100060,Waste Management - Altamont Landfill,44665.0194109397,2015
100101,Waste Management - El Sobrante Landfill,14253.9527258812,2015
104363,Weber Metals,17953.4990737472,2015
5007,West Coast Gas Company Inc,9646.048288,2015
104638,"Western Milling, Goshen CA",10098.3066432,2015
104490,Western Refining Company LP - Fuel Supplier,21125.2615679999,2015
100878,"Wheelabrator Norwalk Energy Company, Inc.",21685.07686102,2015
100282,Wheelabrator Shasta Energy Company,713253.458087453,2015
104392,Wild Goose Storage LLC,21617.9737281856,2015
101343,"Wildflower Energy, LP - Indigo Generation, LLC",35503.911372,2015
100353,"Wildflower Energy, LP - Larkspur Energy Facility, LLC",36226.808796,2015
104359,Windset Farms,39807.9737887477,2015
101693,"Wm. Bolthouse Farms, Inc.",29844.4494,2015
101493,"Woodland Biomass Power, Ltd",280591.864671824,2015
104618,WWF Operating Company,17317.86435607,2015
104006,"Yara West Sacramento Terminal, LLC",34833.81494752,2015
100322,Yuba City Cogeneration Partners LP,12429.0696672,2015
3006,3 Phases Renewables,102107.45496,2016
104356,3M Corona,14890.994832,2016
104213,ABI Foundry,16364.8430912333,2016
104347,"Aemetis Advanced Fuels Keyes, Inc.",69792.5034304,2016
104019,Aera Energy Belridge Gas Plant 32,125749.032048372,2016
104018,Aera Energy Coastal Basins,214504.27583582,2016
104016,Aera Energy San Joaquin Basin,3179476.69567584,2016
104017,Aera Energy Ventura Basin (opt-in 2014),8465.49301059,2016
104020,Aera Energy Ventura Gas Plant,4698.73513906,2016
104382,Aerojet Rocketdyne,9998.1734046376,2016
101321,"AES Alamitos, LLC",599927.5757528,2016
100194,"AES Huntington Beach, LLC",298402.7355184,2016
100257,AES Redondo Beach LLC,213408.2361008,2016
104659,Agera Energy LLC,0.0,2016
104554,Agron Bioenergy Fuels,13840.433192,2016
101701,Air Liquide El Segundo Hydrogen Plant,644287.163919634,2016
101749,Air Liquide Large Industries US L.P. - Rodeo Hydrogen Plant,773173.63624343,2016
101017,"Air Products & Chemicals, Inc., Martinez",264231.923,2016
101248,Air Products Carson Hydrogen Plant,743423.381849145,2016
101512,"Air Products Manufacturing Corporation, Sacramento",45336.8289981761,2016
100127,Air Products Wilmington Hydrogen Plant,647841.565933259,2016
3022,Alameda Municipal Power,0.0,2016
101433,"Algonquin Power Sanger, LLC",53460.2558581026,2016
104345,All American Asphalt - Corona,12659.8161088,2016
104666,All American Asphalt - Irvine,9815.0083072,2016
101231,All American Oil & Gas. Inc.,173111.075337057,2016
104406,Allergan,9106.4971072,2016
104341,Alon Asphalt Company - Elk Grove Asphalt Terminal,8844.0348384,2016
100884,Alon Bakersfield Refinery - Area 3,0.0,2016
101237,Alon Bakersfield Refinery - Areas 1&2,25893.9032819878,2016
104499,Alon Bakersfield Refinery - Areas 1&2 - Fuel Supplier,0.0,2016
101371,AltaGas Pomona Energy Inc (San Gabriel Energy Facility),1684.1815408,2016
100283,AltaGas Ripon Energy Inc.,5803.01242272,2016
104027,Ameresco Chiquita Energy LLC,34595.4118384204,2016
104637,Ameresco Forward LLC,17157.681787356,2016
101657,Ameresco Half Moon Bay,46897.2906362756,2016
101748,Ameresco Keller Canyon,16794.884093548,2016
104636,Ameresco San Joaquin LLC ,14202.43935714,2016
101656,Ameresco Santa Cruz,12445.84776402,2016
104634,Ameresco Vasco Road,16998.765676405,2016
104492,"American Biodiesel, Inc. dba Community Fuels",19679.923924,2016
104544,"AmeriGas Propane, L.P.",173044.313521992,2016
101179,Amgen Inc.,21445.1320864,2016
101666,"Ampersand Chowchilla Biomass, LLC, 93610",99551.72774254,2016
104487,Ampine: A Division of Timber Products,17137.6484678,2016
100943,Anheuser-Busch LLC - Fairfield (opt-in 2013),17525.6496533118,2016
101473,Anheuser-Busch LLC - Los Angeles Brewery,44641.3083760916,2016
104578,Anza Electric Cooperative,0.0,2016
104003,"Apex Oil Company, Inc.",383457.950542,2016
100234,Applied Energy LLC - NAS North Island,164608.663199954,2016
100229,Applied Energy LLC - NTC/MCRD,95310.0433225664,2016
101390,Applied Energy LLC - U.S. Naval Station,199199.976867604,2016
104042,Archer Daniels Midland,314960.199044999,2016
104673,Arcturus Manufacturing,11620.698192,2016
101342,Ardagh Glass Inc.,79660.621504,2016
2098,Arizona Electric Power Cooperative,56494.8188434852,2016
104131,Arizona Public Service Company,251420.672568644,2016
2292,Avangrid Renewables,151751.556628979,2016
101696,Avenal State Prison,15391.8027225292,2016
104677,Avista Utilities,0.0,2016
104379,"Azteca Milling, L.P.",12828.3993168,2016
3024,Azusa Light and Water,188658.613318624,2016
100897,Badger Creek Limited,1688.90813312,2016
104334,"Baker Commodities, Inc., Kerman Division",19974.5918816,2016
104621,"Baker Commodities, Inc., Vernon Division",12488.4466208,2016
104542,Baxalta US Inc.,10005.012276624,2016
104165,Bayer Healthcare,14999.73936,2016
100890,Bear Mountain Limited,3991.0144,2016
3000,Bear Valley Electric Service (BVES),0.0,2016
104624,Belridge Gas Plant - Natural Gas Supplier,145076.08966496,2016
104623,Belridge Gas Plant - NGL Supplier,45008.0675577147,2016
104094,Berry Petroleum Company - San Joaquin Basin,1575979.55313149,2016
3026,Biggs Municipal Utilities,0.0,2016
100120,Biola University,7771.6832352,2016
100053,Blue Lake Power,612.80426911172,2016
100342,Blythe Energy,345031.968916,2016
104054,BNSF Railway - Barstow,369945.74912,2016
104064,BNSF Railway - Commerce,195788.532096,2016
104065,BNSF Railway - Richmond,134399.985536,2016
4000,Bonneville Power Administration - AO/CS,0.0,2016
2044,Bonneville Power Administration - Marketer,2247.27165,2016
104692,Boston Energy Trading and Marketing,0.0,2016
101676,Bottle Rock Power - Geothermal,0.0,2016
104680,"Bowerman Power LFG, LLC",58342.4095899303,2016
104074,Boyett Petroleum,387616.977874,2016
2113,BP Energy Company,211664.585062,2016
104001,BP West Coast Products LLC (BPWCP) - Terminals,7475105.05455619,2016
100389,Braun Medical Inc,46711.8095455144,2016
100061,"Brea Generation, LLC",123397.438500472,2016
104075,Breitburn Operating LP - Los Angeles Basin Facility,29792.9489112444,2016
100904,"Bridge Energy, LLC",268383.984756265,2016
104120,Brookfield Energy Marketing LP,56884.8294207948,2016
104450,"Buena Vista Biomass Power, LLC",23811.5081596458,2016
3027,Burbank Water and Power,365936.787901989,2016
100018,Burney Forest Products,358695.659121409,2016
104077,BWP/MPP Electricity Generating Facilities at 164 W. Magnolia,642380.942968368,2016
100692,CalEnergy Operating Corporation - J J Elmore - Geothermal,7591.45,2016
100703,CalEnergy Operating Corporation - J M Leathers - Geothermal,23920.6,2016
100712,CalEnergy Operating Corporation - Region 1 - Geothermal,77604.977490074,2016
100716,CalEnergy Operating Corporation - Region 2 - Geothermal,45657.46,2016
104411,"California Dairies, Inc. Artesia",9541.15492925542,2016
100959,"California Dairies, Inc. Fresno",28656.4792558122,2016
104410,"California Dairies, Inc. Los Banos",11579.872374706,2016
101509,"California Dairies, Inc. Tipton",38943.6923793513,2016
101190,"California Dairies, Inc. Turlock",33757.5533096556,2016
101197,"California Dairies, Inc. Visalia",60423.1227500234,2016
3072,"California Department of Water Resources (DWR), State Water Project",0.0,2016
100327,California Institute of Technology (CalTech),56100.4448824,2016
104662,California Medical Facility,23669.3632,2016
104353,California Natural Products,14474.2316108144,2016
104135,California Paperboard Corporation (opt-in 2013),2432.2844528,2016
104362,California Polytechnic State University,10130.2260473293,2016
101060,"California Power Holdings, LLC-Chowchilla Facility, 95360",12953.8827536,2016
100368,"California Power Holdings, LLC-Red Bluff Facility, 96080",14082.549056,2016
104014,"California Resources Elk Hills, LLC - 35R Gas Plant",3311132.73088915,2016
104072,California Resources Production Corporation - 760 Los Angeles Basin,275884.6195397,2016
104029,California Resources Production Corporation - Sacramento Valley Basin 730,187183.68515972,2016
104030,California Resources Production Corporation - San Joaquin Valley Basin 745,1329885.2012742,2016
104033,California Resources Production Corporation - SCVGP Gas Plant,83287.6409044438,2016
104031,California Resources Production Corporation - Ventura Basin 755,8538.08524,2016
104657,California State Prison - Corcoran,10659.8349392,2016
104736,California State Prison - Sacramento,17028.5280112,2016
100235,"California State University, Channel Islands",84041.676888424,2016
104350,"California State University, Fullerton",20746.5453504,2016
101399,"California State University, San Diego",42010.1287392,2016
100131,"California State University, San Jose",29587.4860912,2016
100954,California Steel Industries,180136.800299353,2016
101405,CalPeak Power - Border,6600.935416,2016
101662,CalPeak Power - Enterprise,7016.366132,2016
100376,"CalPeak Power - Panoche, LLC",10596.739732,2016
100377,"CalPeak Power - Vaca Dixon, LLC",7856.926108,2016
101496,"Calpine - CCFC Sutter Energy, LLC",165.31928,2016
104332,Calpine - CPN Pipeline,377251.16688,2016
101526,"Calpine - Delta Energy Center, LLC",1344295.344016,2016
101527,"Calpine - Geysers Power Company, LLC - Geothermal",209792.384460168,2016
100178,"Calpine - Gilroy Cogen, L.P., Gilroy Cogen_Peaker",101417.2006992,2016
100337,"Calpine - Gilroy Energy Center, LLC, Feather River",16897.4030208,2016
101528,"Calpine - Gilroy Energy Center, LLC, Riverview Peaker",10740.499072,2016
101276,"Calpine - Gilroy Energy Center, LLC, Wolfskill Peaker",9625.5412672,2016
101300,"Calpine - King City Cogen, LLC, King City Cogen_Peaker",194371.2271536,2016
101143,"Calpine - Los Esteros Critical Energy Facility, LLC",71527.5332544,2016
100338,"Calpine - Los Medanos Energy Center, LLC",1145717.5823776,2016
100343,"Calpine - Metcalf Energy Center, LLC",1047999.701752,2016
101426,Calpine - O.L.S. Energy - Agnews Inc. 95134,8747.3482688,2016
101746,Calpine - Otay Mesa Energy Center,1009029.80784,2016
100345,Calpine - Pastoria Energy Facility L.L.C.,1641883.793664,2016
104456,Calpine - Russell City Energy Center,303703.644312,2016
101211,"Calpine - Yuba City Energy Center (Gilroy Energy Center, LLC)",19350.3218672,2016
3010,Calpine Corporation,400261.799379,2016
3018,"Calpine Energy Solutions, LLC",0.0,2016
101029,"CalPortland Company, Mojave Plant",921269.76724808,2016
100013,"CalPortland Company, Oro Grande Plant",874399.4496894,2016
100936,"Campbell Soup Supply Company, L.L.C. - Dixon",36764.1366628117,2016
104199,"Campbell Soup Supply Company, L.L.C. - Stockton",23654.774192,2016
104008,Canyon Power Project (CPP),68599.35183632,2016
100128,Cardinal Cogen,0.0,2016
2214,"Cargill Power Markets, LLC",3948.24864,2016
104375,Cargill Salt Operations,5270.43410664,2016
101734,Carlton Forge Works,32623.8761661331,2016
100129,Carson Cogeneration Co,19857.002388,2016
104660,Cedars-Sinai Medical Center,17344.72568,2016
101476,Cemex Construction Materials Pacific LLC - Victorville Plant,2156577.88465751,2016
101015,Central Contra Costa Sanitary District,73278.6767446686,2016
104743,Central Valley Meat,10745.35516,2016
100917,CertainTeed Corporation,52831.137253258,2016
101520,Chalk Cliff Limited,1728.31833888,2016
104628,Chapel Street Environmental II,5027.09108173784,2016
104707,"Chemtrade West US, LLC",14772.237528192,2016
104013,Chevron 17Z Gas Plant,174503.023254428,2016
104011,Chevron AAPG 740 Coastal Basin,352630.221185684,2016
104012,Chevron AAPG 745 San Joaquin Basin,2827353.6013955,2016
100138,"Chevron Products Company - El Segundo Refinery, 90245",3537187.13461333,2016
104223,Chevron Products Company - Headquarters Fuel Supplier,34219094.977551,2016
101384,"Chevron Products Company - Richmond Refinery, 94802",4312256.94265094,2016
104195,Chevron SJVBU Natural Gas Sales,297087.8978684,2016
104393,Children's Hospital Los Angeles,18500.952272,2016
101252,Chula Vista Energy Center,5634.699424,2016
2428,Citigroup Energy Inc.,0.0,2016
101221,"City of Anaheim, Combustion Turbine Generator",20752.12659376,2016
3023,"City of Anaheim, Public Utilities Department, Anaheim City Hall West",1381448.88149504,2016
3025,City of Banning Electric Department,126466.280207736,2016
3029,City of Cerritos,0.0,2016
3031,City of Colton - EPE,194568.881422204,2016
101667,City of Colton - Generation,3582.952592,2016
3032,City of Corona Dept. of Water & Power - EPE,0.0,2016
104642,City of Hope National Medical Center,13377.4503856,2016
3030,City of Industry,0.0,2016
104641,City of Lancaster,0.0,2016
3041,City of Lompoc,0.0,2016
3047,City of Needles,9856.21512,2016
3048,City of Palo Alto - Electric Power Entity,0.0,2016
5011,City of Palo Alto - Gas Utility,145818.185888,2016
104399,City of Palo Alto Water Quality Control Treatment Plant,23818.2216147355,2016
3056,City of Riverside Public Utilities,543993.997229023,2016
104547,"City of San Diego, Public Utilities Dept, North City Water Reclamation Plant",7172.11432590884,2016
101564,"City of San Diego, Public Utilities Dept, Point Loma Treatment Plant",22581.9048974301,2016
104330,"City of San Diego, Public Utilities Dept, Pump Station 2",9767.63624,2016
3059,City of Shasta Lake - Electric,0.0,2016
5036,City of Susanville Gas Utility,11312.3870224,2016
3065,"City of Ukiah, Electric Utilities Division",0.0,2016
5008,"City of Vernon, Gas Municipal Utility Department",494616.392128,2016
3066,"City of Vernon, Vernon Gas & Electric",349.248,2016
100328,"Civic Center Cogen, LA County",98621.626916312,2016
104536,Clean Energy,145530.482576,2016
104705,CleanPowerSF,0.0,2016
101691,"Clougherty Packing, LLC",19043.2781343411,2016
104485,CMO Inc,640.87055,2016
101516,Coalinga Cogeneration Facility,174150.310916,2016
101250,Collins Pine Co.,76774.650127708,2016
104570,Comision Federal de Electricidad (CFE),135151.55448,2016
104646,Commercial Energy of California,0.0,2016
101503,ConAgra - Oakdale,71169.737752,2016
101729,ConAgra Foods - Helm Facility,3.439224816,2016
3012,"Constellation NewEnergy, Inc.",36681.51744,2016
100150,"Corona Energy Partners, Ltd.",68163.0574420544,2016
100690,Coso Energy Developers (BLM E&W) - Geothermal,143936.03,2016
101670,Coso Finance Partners (Navy I) - Geothermal,92102.7,2016
101669,Coso Power Developers (Navy II) - Geothermal,689710.8,2016
100933,"Covanta - Delano, Inc.",0.0,2016
100035,Covanta - Mendota,0.0,2016
101264,"Covanta - Stanislaus, Inc",258514.380292832,2016
101037,Coyote Canyon Energy LLC,0.0,2016
101519,CP Kelco San Diego,104815.454456347,2016
101703,"Crestwood West Coast, LLC",503953.157047645,2016
104488,Crimson Resource Management Corp,41746.2293959015,2016
104340,"Criterion Catalyst and Technologies, L. P.",15044.638272,2016
101263,"Crockett Cogeneration Project, LP",671743.18376,2016
104349,"Custom Alloy Light Metals, Inc.",11785.5875888,2016
104674,CWP Energy,330.87219,2016
104338,Darling Ingredients Inc - Fresno,11554.517408,2016
104337,Darling Ingredients Inc - Los Angeles,18009.6700752,2016
104339,Darling Ingredients Inc - Turlock,18798.845408,2016
101260,Dart Container Corporation of California,14684.4863728,2016
101214,Del Monte - Hanford,30175.1258112,2016
104138,Del Monte - Modesto,13665.350064,2016
104489,"Delano Energy Center, LLC",6990.836392,2016
104655,Delano Growers Grape Products,11771.7157780416,2016
101709,DeMenno/Kerdoon,26958.05508,2016
100026,DG Fairhaven Power LLC,87243.0186907612,2016
104433,"Diamond Pet Food Processors of California, LLC - Lathrop",11756.5943552,2016
104690,"Diamond Pet Food Processors of California, LLC - Ripon",10766.4406656,2016
101243,Dicalite Minerals Corp.,22804.763940412,2016
100025,Dinuba Energy,25.262272,2016
2264,"Direct Energy Business, LLC (fka Strategic Energy)",433115.828513662,2016
101218,Disneyland Resort,19872.7426137102,2016
100157,Double C Limited,5855.04881848113,2016
101733,Dow Chemical Company - Pittsburg,48394.6496852016,2016
104663,DSH-Napa State Hospital,16368.2698736,2016
104455,"DTE Stockton, LLC",533375.0624219,2016
100221,"Dynegy Moss Landing, LLC",1039848.28499008,2016
101351,"Dynegy Oakland, LLC.",6065.04487623493,2016
100958,E & J Gallo Winery - Fresno,27852.5480095693,2016
104640,E & J Gallo Winery - Livingston,18460.5854844777,2016
104215,E&B Natural Resources - San Joaquin Valley,325323.903008171,2016
101355,E.F. Oxnard LLC,79123.7963979584,2016
104581,Eagle Petroleum - Lynch Canyon Field,26907.2014096,2016
101511,East Bay Municipal Utility District,33444.5906209234,2016
3033,Eastside Power Authority,0.0,2016
100259,Eco Services - Dominguez,32802.561013791,2016
100258,Eco Services - Martinez,14679.820016992,2016
104546,"Ed Staub & Sons Petroleum, Inc.",22504.286552784,2016
104452,"EDF Industrial Power Services (CA), LLC",0.0,2016
104067,"EDF Trading North America, LLC",185543.682592259,2016
101320,Edgington Oil Company,4.6278784,2016
104204,Edwards Air Force Base,16337.7817861474,2016
104374,Eisenhower Medical Center,17013.609472,2016
104079,"El Cajon Energy, LLC",6055.30492,2016
104622,Emidio Pump Station - Shell Pipeline Company,8595.54112,2016
100167,Encina Water Pollution Control Facility,15646.4187871297,2016
101738,"Energy 2001, Placer WRSL",12306.3554456269,2016
104458,"ERG Operating Company, LLC. 750 Santa Maria Basin",29534.4410655023,2016
104200,"Escalon Premier Brands, a Division of Kraft Heinz Company",22933.7008496,2016
104078,"Escondido Energy Center, LLC",17665.223084,2016
100393,Etiwanda Generating Station,106586.490383638,2016
2078,"Exelon Generation Company, LLC",429770.338873582,2016
104066,Exide Technologies,17.02551,2016
104460,ExxonMobil LFC Facility,45631.0325295817,2016
104459,ExxonMobil POPCO Facility,1128.14000053892,2016
104519,"Ferrellgas, LP",60046.4269596777,2016
104041,Flint Hills Resources LP,1797679.16706,2016
104102,Flyers Energy,2006223.524234,2016
104541,Foster Dairy Farms - Modesto Creamery,13634.57573408,2016
104548,Foster Farms Porterville Plant ,9948.426008,2016
104549,Foster Farms Traver Complex ,9276.3115856,2016
101575,"Foster Poultry Farms - Livingston Complex, 95334",45752.4371434144,2016
101054,Freeport-McMoRan Oil & Gas LLC - Gaviota Oil Heating Facility,801.745248196521,2016
101544,"Fresno Cogeneration Partners, LP",5463.352132,2016
101613,Fresno-Clovis Regional Wastewater Reclamation Facility,7843.9395445289,2016
101235,Frito Lay - Kern Plant,54528.4492081145,2016
104207,Frito Lay - Modesto,24493.2898335661,2016
101683,"G2 Energy Ostrom Road, LLC",23381.4815351575,2016
103018,Gallo Glass Company,151949.1863469,2016
104559,Genentech - Vacaville,11614.6320624,2016
101451,Genentech Inc South San Francisco,31437.1408208,2016
100176,"General Mills Cereal Properties, LLC",0.0,2016
100248,"GenOn Delta, Pittsburg Generating Station 94565",85098.70907417,2016
104474,GenPower Lincon Landfill Power Plant,15273.8547357998,2016
101700,Georgia-Pacific Gypsum LLC - Antioch,38903.049728,2016
104208,Georgia-Pacific Gypsum LLC - San Leandro,6391.6573264,2016
104507,"Gexa Energy California, LLC",0.0,2016
104484,Glencore Ltd.,0.0,2016
3034,Glendale Water & Power,272372.190283367,2016
100180,"Goal Line LP, 92025",17129.3382752,2016
104730,Goodrich Corporation,11798.5950503699,2016
100147,"Graphic Packaging International, Inc",123277.485893408,2016
100181,Grayson Power Plant,141428.356636852,2016
101155,Greka Santa Maria Refinery ,23277.0549711945,2016
3035,Gridley Electric Utility,0.0,2016
101721,Guardian Industries Corp.,121301.401056916,2016
104473,Guzman Energy,1295.07972,2016
101542,Hanford Energy Park Peaker,15114.462444,2016
100186,"Harbor Cogeneration Company, LLC",10072.3470369632,2016
104672,Harris Ranch Beef Company,9979.818096,2016
3036,Healdsburg Electric Dept.,0.0,2016
101364,Henrietta Peaker Plant,17241.313116,2016
104360,"HGST, Inc",19067.26873704,2016
101478,"High Desert Power Project, LLC",1262771.4188128,2016
104009,High Sierra Cogeneration,17772.804432,2016
100189,High Sierra Limited,5807.50868256,2016
101288,Hilmar Cheese Company,75849.2041370323,2016
100029,HL Power Company,145939.509463984,2016
104368,Hoag Memorial Hospital Presbyterian,24001.485717182,2016
104426,Holmes Western Oil Corporation,30340.02743837,2016
104580,Hood Dairy,17197.45088,2016
104364,"Houweling Nurseries Oxnard, Inc",40318.5118112,2016
104346,Hudson Ranch Power I - Geothermal,24600.0,2016
104377,Huntington Memorial Hospital,15709.302940306,2016
104229,Idemitsu Apollo Corporation,2894736.062072,2016
101318,"Imerys Minerals California, Inc.",37297.7993500917,2016
3038,Imperial Irrigation District (IID),1405088.08868371,2016
100162,"Imperial Irrigation District (IID), El Centro Generating Station",492049.64364201,2016
101307,"Imperial Irrigation District (IID), Niland Gas Turbine Plant",40795.84029024,2016
101008,Ingomar Packing Company,82832.5167331014,2016
100323,Ingredion Incorporated Stockton Plant,81093.8249408,2016
101686,"Inland Empire Energy Center, LLC.",149372.89372944,2016
5045,"IPC (USA), Inc.",1000020.613073,2016
104465,Ivanpah Solar Electric Generating System,72568.636064,2016
104335,J. Aron & Company LLC,27144.3929999999,2016
101705,J. G. Boswell Tomato Company Kern,42239.47408,2016
104224,J.G. Boswell Company West Processing Townsite,9341.176184,2016
101504,J.G.Boswell Tomato Company Kings,35556.7645984,2016
104320,Jaco Oil Company,1575838.425263,2016
104216,John Wayne Airport Orange County,12011.1978226522,2016
104122,Johns Manville (opt-in 2013),13124.94576,2016
104538,JP Oil,21327.433,2016
104004,JR Simplot Company,6357.071912669,2016
104562,JS West and Companies,0.0,2016
3011,Just Energy Solutions Inc.,0.0,2016
104421,"K2 Pure Solutions, Inc",7513.4136544,2016
104376,"Kaiser Aluminum Fabricated Products, LLC",13189.0925504,2016
104355,Kaweah Delta Medical Center,16550.821632,2016
100202,Kern Front Limited,21023.4107321582,2016
5044,Kern Front Natural Gas Pipeline (WCAC),39605.935296,2016
104498,Kern Oil - Fuel Supplier,2577388.149634,2016
101507,Kern Oil Refinery,134415.834752747,2016
101514,Kern River Cogeneration Facility,439148.013200349,2016
5017,Kern River Gas Transmission Company,0.0,2016
100199,KES Kingsburg L.P.--Kingsburg Cogeneration Facility,14685.0224,2016
101100,"Kiefer Landfill, Department of Waste Management and Recycling",103480.189504352,2016
100962,Kimberly Clark Worldwide Inc.,60551.2565152,2016
104047,"Kinergy Marketing, LLC",127168.350375785,2016
104425,Kirby Hills Compressor Station,7858.049002576,2016
3001,Kirkwood Meadows PUD Powerhouse,0.0,2016
101447,Knauf Insulation,23426.0200048,2016
104354,Kraft Heinz Foods Company - Tulare,21264.570528,2016
100205,Kyocera International Inc.,5024.7932736,2016
100339,"La Paloma Generating Company, LLC",1658428.246656,2016
104211,La Rosita Power - Marketing,1133444.1195495,2016
104569,LAC+USC Medical Center,23466.3792064,2016
101327,LACSD - Calabasas LF,27944.4733517982,2016
100064,LACSD - Commerce Refuse To Energy,121458.969600996,2016
101487,LACSD - Joint Water Pollution Control Plant,103641.424935814,2016
100071,LACSD - Puente Hills Landfill,161298.535291618,2016
101373,LACSD - Spadra Landfill,0.0,2016
101465,"Land O' Lakes, Inc.",55227.70688952,2016
3039,Lassen Municipal Utility District,0.0,2016
104656,Lathrop Irrigation District,0.0,2016
101708,Lawrence Livermore National Laboratory (LLNL),23660.99316896,2016
101265,Lehigh Southwest Cement Co - Cupertino,1017438.48714094,2016
101381,Lehigh Southwest Cement Co - Redding,198916.483864657,2016
101461,Lehigh Southwest Cement Co - Tehachapi,596514.986177676,2016
104106,Leprino Foods - Lemoore East,20188.535728,2016
101716,Leprino Foods - Lemoore West,48844.891978352,2016
104105,Leprino Foods - Tracy,16387.943664,2016
104052,Lhoist North America - Natividad Plant,80725.04266473,2016
101499,Liberty Packing - Los Banos (Morning Star),90869.161928,2016
104451,"Liberty Power Holdings, LLC",0.0,2016
104099,Liberty Utilities (CalPeco Electric) LLC,99466.70352,2016
101044,Live Oak Limited,5232.70867152,2016
101574,Lockheed Martin Aeronautics Company - Palmdale,15581.719959568,2016
101623,Lockheed Martin Corporation - Sunnyvale,24923.2610459875,2016
104424,Lodi Compressor Station,10206.195747968,2016
3040,Lodi Electric Utility,0.0,2016
104172,Lodi Energy Center,211801.95090076,2016
100207,Loma Linda University,59128.461013095,2016
104479,Lompoc Oil and Gas Plant,7552.74297480532,2016
5003,Long Beach Gas & Oil Dept (LBGO),474493.741096,2016
3042,Los Angeles Department of Water & Power (LADWP),7746716.68696325,2016
100185,Los Angeles Department of Water & Power-Harbor Generating Station (LADWP),80426.039374534,2016
100187,Los Angeles Department of Water & Power-Haynes Generating Station (LADWP),1432677.83508947,2016
101004,Los Angeles Department of Water & Power-Scattergood Generating Station (LADWP),966146.778860099,2016
101325,Los Angeles Department of Water & Power-Valley Generating Station (LADWP),712666.566484595,2016
101323,Los Angeles International Airport (LAX),22662.0677392,2016
100972,Los Gatos Tomato Products,62662.6729632,2016
101162,"Lunday-Thagard Company, DBA World Oil Refining",39025.5828536916,2016
100682,Luz Solar Partners LTD,35968.963093488,2016
101291,Luz Solar Partners LTD VIII & IX,22825.031896128,2016
101715,LWFP LLC,26803.7677794534,2016
101234,Macpherson Oil Company,186492.668996416,2016
2112,Macquarie Energy LLC,115722.0753,2016
104573,"MAG Energy Solutions, Inc. - EPE",3521.72952,2016
101192,MAGTFTC MCAGCC Twentynine Palms,45938.7464100288,2016
101687,"Malaga Power, LLC",16501.201548,2016
100314,Malburg Generating Station,299543.840508,2016
100210,Mandalay Generating Station,92793.0345247872,2016
104676,"Mansfield Oil Company of Gainesville, Inc",12225.68512,2016
104463,Marin Clean Energy,0.0,2016
104169,Mariposa Energy LLC,49814.001096,2016
101332,Martinez Cogen Limited Partnership,415323.803482836,2016
104384,"Maruchan, Inc. - Laguna Canyon",16855.0531019328,2016
104633,Matchmaster Dyeing & Finishing,21653.5819819849,2016
104613,"Matsui Nursery, Inc.",12865.342736,2016
100296,McKittrick Limited,3603.97569488,2016
3044,Merced Irrigation District (MeID),0.0,2016
101665,"Merced Power, LLC, 95340",108235.598359726,2016
2046,Metropolitan Water District of Southern California (MWD),174.624,2016
101515,Mid-Set Cogeneration Facility,194174.715056844,2016
101744,"Midway Peaking, LLC",24962.7539,2016
100215,Midway-Sunset Cogeneration,579763.222112256,2016
104737,Milk Specialties Global,12657.618928,2016
101297,MillerCoors,24179.4630783027,2016
104397,Mira Loma Metal Container Corp,11249.831056,2016
100036,Miramar - MM and Miramar Energy,52045.2780713668,2016
104629,Mission Bell Winery ,14434.628704,2016
104658,Mission Foods Corporation,12606.5158992,2016
101010,Mitsubishi Cement 2000,1319439.63534049,2016
101217,"Mizkan America, Inc.",27473.4797296,2016
100088,MM Lopez Energy LLC,20895.1492023256,2016
101711,MM Prima Deshecha Energy LLC,28674.3930878221,2016
100097,MM San Diego LLC - North City,17745.9133667951,2016
100051,MM Tajiguas Energy LLC,13578.9118084804,2016
101484,MM West Covina LLC,44426.4733601104,2016
101209,MM Yolo Power LLC,11259.6783970275,2016
101359,"Modesto Irrigation District - Ripon Generation Station, 95366",38822.408592,2016
3045,Modesto Irrigation District (MID),836606.833953952,2016
101028,"Modesto Irrigation District (MID) - Woodland Generation Station, 95351",199308.3359832,2016
5019,Mojave Pipeline Operating Company (MPOC),0.0,2016
104322,"Molycorp Minerals, LLC",78.617266,2016
101329,Monterey Regional Waste Management District,10504.2826264842,2016
3046,Moreno Valley Utility (MVU),0.0,2016
2369,Morgan Stanley Capital Group Inc. - EPE,502270.258025454,2016
101498,Morning Star Packing Company - Los Banos,44807.946592,2016
101536,Morning Star Packing Company - Williams,112527.7442912,2016
104418,"Morton Salt, Inc.",15263.613344,2016
101228,Mt. Poso Cogeneration Company,323136.004869074,2016
104438,Musket Corporation,86217.1104199999,2016
104097,Naftex Operating Company,28318.6407366626,2016
104405,NASA Ames Research Center,11111.33475174,2016
101314,National Cement Company - Lebec,711524.849113781,2016
104408,Naval Air Station Lemoore,11279.3676747852,2016
104214,Naval Air Weapons Station China Lake,12585.7195433651,2016
104035,Naval Medical Center - San Diego,10955.3656783023,2016
104551,"Nebraska Corn Processing, LLC",16127.428908,2016
104717,"Neste US, Inc.",438357.131648,2016
2388,Nevada Power Company (dba NV Energy),33305.182713397,2016
101697,"New NGC, Inc - Long Beach",26525.146776,2016
104415,"New NGC, Inc - Richmond",22689.8350096,2016
104136,Newark Pacific Paperboard (opt-in 2013),24269.8945936,2016
100195,"New-Indy Ontario, LLC Linerboard Mill",231296.6708672,2016
101356,New-Indy Oxnard LLC,122322.172102695,2016
104611,"Newport Fab, LLC (DBA TowerJazz Semiconductor)",11666.7275376,2016
104225,"Nextera Energy Marketing, LLC",108451.28376,2016
101033,"NM Mid Valley Genco, LLC",8568.41527485714,2016
104682,Noble Americas Corp. - Fuels,605464.652127999,2016
2500,Noble Americas Gas & Power Corp.,0.0,2016
104445,Noble Petro Inc,8412.263948,2016
104420,"Nong Shim America, Inc.",10039.5294032,2016
104457,"Nor-Cal Beverage Company, Inc. - Anaheim",12115.2920816,2016
104323,North Baja Pipeline,0.0,2016
101529,Northern California Power Agency - Geothermal Plant No. 1,21821.11,2016
101530,Northern California Power Agency - Geothermal Plant No. 2,24187.19,2016
2215,Northern California Power Agency (NCPA),99980.09808,2016
101358,Northrop Grumman - Palmdale,7669.171886856,2016
104227,Northrop Grumman Marine Systems - Sunnyvale,10240.3379349072,2016
104369,Northrop Grumman Systems Corp. - El Segundo,9478.36411968,2016
104324,Northrop Grumman Systems Corp. - Redondo Beach,12876.912432,2016
100076,NOVE Power Plant,4000.1647211163,2016
101135,NRG Energy - El Cajon,686.885316650676,2016
100164,NRG Energy - El Segundo,536596.1555,2016
101534,NRG Energy - Encina,214845.771970032,2016
101408,NRG Energy - Kearny 2 and 3,4228.09065539488,2016
100208,NRG Energy - Long Beach,22462.544272,2016
100270,NRG Energy - Miramar,2234.10313643899,2016
101607,NRG Energy - San Francisco Thermal,58559.771700898,2016
104217,"NRG, Marsh Landing Generating Station ",46463.733668403,2016
100891,Oildale Energy LLC,173.120864,2016
101500,Olam West Coast Inc - Williams,47695.5834976,2016
101213,Olam West Coast Inc- Lemoore,36410.4117968,2016
104069,"Olam West Coast, Inc. - Firebaugh",30597.42396096,2016
101284,"Olam West Coast, Inc. - Gilroy (Opt-in 2018)",22858.7897216,2016
104378,"Olive View Medical Center, Los Angeles County Department of Health Services",17831.6506656,2016
100236,OLS Energy Chino,107478.9783952,2016
101745,Orange County Central Utility Facility,34155.706256,2016
100255,Orange County Sanitation District - Plant 1,24845.6213453856,2016
101280,Orange County Sanitation District - Plant 2,33246.0562011499,2016
104053,Orange Grove Energy Center,24558.865408,2016
104675,Orange Plant - R.J. Noble,10792.1752785146,2016
104555,Orchard Energy LLC,0.0,2016
104495,"Ormat Nevada, Inc. / ORNI 18 North Brawley - Geothermal",16502.242670848,2016
100695,"Ormat Nevada, Inc./ GEM 2 & 3 - Geothermal",16942.67387975,2016
101357,Ormond Beach Generating Station,75828.0185121024,2016
100106,Otay Landfill Gas LLC,33359.5313515496,2016
101154,"Owens Corning Insulating Systems, LLC Santa Clara (Opt-In 2018)",14498.4521232,2016
101042,"Owens-Brockway Glass Container, Oakland",0.0,2016
101183,"Owens-Brockway Glass Container, Tracy",89729.7957072,2016
101475,"Owens-Brockway Glass Container, Vernon",63553.8296912,2016
104419,"PABCO Clay Products, LLC, dba Gladding McBean",11085.94631216,2016
104383,PABCO Paper,17689.6,2016
104616,Pacific Clay Products,15573.2672352,2016
101674,Pacific Coast Energy Company LP,29951.8157591658,2016
101207,Pacific Coast Producers,33267.3917671016,2016
104740,Pacific Continental Textiles,10448.5765362335,2016
104540,"Pacific Ethanol Madera, LLC",34563.8352432,2016
104048,"Pacific Ethanol Stockton, LLC",49873.48,2016
3002,Pacific Gas and Electric Company (PG&E) - Electric Power Entity,624209.20416,2016
104025,"Pacific Gas and Electric Company (PG&E) - Gas Distribution System Fugitive Emissions (San Francisco, CA)",605689.793937895,2016
104024,Pacific Gas and Electric Company (PG&E) - Supplier of Natural Gas ,38697655.7508673,2016
101298,Pacific Ultrapower Chinese,215326.428086,2016
3003,PacifiCorp,955431.402694878,2016
104669,Pactiv - Red Bluff,11963.3681744,2016
104738,Palo Alto V.A. Health Care System Division,10143.014496,2016
101740,"Panoche Energy Center, LLC",189370.775124,2016
101056,Paramount Petroleum Corporation ,36703.1600268099,2016
104500,Paramount Petroleum Corporation - Fuel Supplier,48235.668096,2016
3049,"Pasadena Water and Power, 91101",426016.635743298,2016
100179,"Pasadena Water and Power, Glenarm",56119.9732557989,2016
104574,Patua Project - EPE,365.83728,2016
101240,"PE-Berkeley, Inc",122754.708819808,2016
104698,Peninsula Clean Energy (PCE),0.0,2016
104089,Petro-Diamond,2438182.217035,2016
104022,PG&E Burney Compressor Station,46604.1008564559,2016
101758,PG&E Colusa Generating Station,1125772.32289554,2016
101562,PG&E Delevan Compressor Station,26159.0716581441,2016
101741,PG&E Gateway Generating Station,963412.399146588,2016
101747,PG&E Gerber Compressor Station,56699.2176684194,2016
101290,PG&E Hinkley Compressor Station,49340.9870516349,2016
100192,PG&E Humboldt Bay Generating Station,171847.466707611,2016
101563,PG&E Kettleman Compressor Station,14057.9441669146,2016
104021,PG&E McDonald Island Underground Storage Station,18956.3103610408,2016
104023,PG&E Tionesta Compressor Station,52433.8187374324,2016
101031,PG&E Topock Compressor Station,31599.341364226,2016
104010,Phillips 66 Company - Fuel Supplier,20212472.2706637,2016
100913,Phillips 66 Company - Los Angeles Refinery - Carson Plant,969431.86009367,2016
100329,Phillips 66 Company - Los Angeles Refinery - Wilmington Plant,1880624.57087762,2016
100351,Phillips 66 Company - San Francisco Carbon Plant,158582.614812283,2016
100303,Phillips 66 Company - San Francisco Refinery,1214808.06672235,2016
101226,Phillips 66 Company - Santa Maria Refinery,200292.02837063,2016
101692,"Pilkington North America, Lathrop Plant",0.0,2016
3016,"Pilot Power Group, Inc.",0.0,2016
104667,Pio Pico Energy Center,32674.27654,2016
100151,Pitchess Cogeneration Station,93599.4350464,2016
5024,Pittsburg Power Company dba Island Energy - EPE,0.0,2016
101685,Pixley Cogeneration Partners / Calgren Renewable Fuels,127859.573704471,2016
100888,Plains LPG Services/ Lone Star Frac & Isom Facility,1094563.0196085,2016
104557,"Plains Marketing, L.P.",85883.027594288,2016
3100,Plumas-Sierra REC,4462.51632,2016
3051,Port of Oakland,0.0,2016
3052,"Port of Stockton, 95203",0.0,2016
2127,Portland General Electric Company,221457.584376,2016
104681,"Potrero Hills Energy Producers, LLC",25108.4622732276,2016
3053,Power and Water Resources Pooling Authority (PWRPA),0.0,2016
3101,Powerex Corp - AO/CS,0.0,2016
2243,Powerex Corp. - Marketer,786950.222547901,2016
101053,Praxair Inc.,70979.1745235628,2016
104394,Press Forge Co,19369.0668976,2016
104206,Prime Wheel Corporation,22913.358352,2016
104423,Procter & Gamble Manufacturing Co. - Sacramento Plant (opt-in 2017),19686.3737712,2016
101497,"ProEnergy - Greenleaf Energy Unit 1, LLC",19845.637536,2016
100182,"ProEnergy - Greenleaf Energy Unit 2, LLC",125269.928144,2016
104096,ProPetroleum Inc.,537374.238216,2016
104462,Puget Sound Energy,628.542391343741,2016
101400,"Qualcomm, Inc. - Morehouse Facility",25009.297731072,2016
101523,"Qualcomm, Inc. - Pacific Center Facility",41253.102672624,2016
104197,"Quemetco, Inc.",40827.560272,2016
5028,Questar Southern Trails,0.0,2016
104391,Rady Children's Hospital San Diego,22733.3009776,2016
104203,Rainbow Energy Marketing Corporation (REMC),6197.25553998273,2016
3054,Rancho Cucamonga Municipal Utility,0.0,2016
3055,Redding Electric Utility,143285.12577,2016
100256,Redding Electric Utility - Redding Power Generation,141777.694397211,2016
104560,Renewable Energy Group,140959.443872,2016
104198,Richard J Donovan Correctional Facility,14766.5197632,2016
100265,Rio Bravo Fresno,263740.09472,2016
100055,Rio Bravo Rocklin,277174.873292,2016
104691,Rio Tinto - Wilmington,10491.1615088,2016
104056,River City Petroleum,547570.216584,2016
100387,Riverside Public Utilities - Clearwater Facility,10967.010368,2016
100392,Riverside Public Utilities - Riverside Energy Resource Center,39384.9522,2016
104037,Robinson Oil Supply & Transport,275386.297598999,2016
100196,"Rohr, Inc. a UTC Aerospace Systems Company-Cogen Plant",14979.4855495535,2016
101702,Roseburg Forest Products,146585.211070914,2016
3057,Roseville Electric,14749.8165730556,2016
101270,"Roseville Electric, Roseville Energy Park",165744.07879372,2016
104552,"RTC Fuels, LLC",7707.053061,2016
3058,Sacramento Municipal Utility District (SMUD) - Electric Power Entity,717877.759608528,2016
104352,Sacramento Municipal Utility District (SMUD) - Gas Pipeline,2357474.13467868,2016
100130,"Sacramento Municipal Utility District (SMUD) , Carson Ice CG",194314.34412688,2016
100365,"Sacramento Municipal Utility District (SMUD) , Cosumnes Power Plant",1474792.1655381,2016
100252,"Sacramento Municipal Utility District (SMUD) , SCA",360440.823786158,2016
100125,"Sacramento Municipal Utility District (SMUD) , SPA",375654.438090393,2016
104632,Sacramento Rendering Company,13539.7710976,2016
101035,Safety-Kleen of California Inc.,11545.0865136,2016
104357,Saint Agnes Medical Center,21780.271152,2016
104436,Saint Bernardine Medical Center,5475.1781872,2016
101518,Salinas River Cogeneration Facility,212695.950304,2016
104461,Salt River Project,131103.77016,2016
104398,San Benito Foods,14864.4110672,2016
3004,San Diego Gas & Electric (SDG&E) - Electric Power Entity,673551.275379146,2016
104085,San Diego Gas and Electric (SDG&E) - Local Distribution,5924051.5253248,2016
104115,San Diego Gas and Electric (SDG&E) - Natural Gas Distribution Sub W,95327.8076613294,2016
104380,San Francisco General Hospital,15860.6255792,2016
3028,"San Francisco Hetch Hetchy Water and Power, CCSF",0.0,2016
104367,San Francisco International Airport (SFO),16431.2398016,2016
104556,San Francisco Southeast Treatment Plant,9993.66,2016
104486,"San Joaquin Cogen, LLC",0.0,2016
101239,San Joaquin Refining Company,94412.175666122,2016
104497,San Joaquin Refining Company - Fuel Supplier,230815.052988,2016
101140,San Jose/Santa Clara Regional Wastewater Facility,37586.6394353884,2016
101157,San Marcos Energy LLC,11302.5936594303,2016
104670,Santa Barbara Cottage Hospital,18041.1522474047,2016
104626,Santa Clara Valley Medical Center,14705.879696,2016
101439,Santa Cruz Energy LLC,5904.41654041325,2016
104381,"Santa Maria Energy, LLC, Careaga Lease",0.0,2016
104395,Saputo Cheese USA Inc. - Newman,7985.7226112,2016
101186,Saputo Cheese USA Inc. - Paige,66349.9722288,2016
104396,Saputo Cheese USA Inc.- Levin,11372.2044736,2016
101517,Sargent Canyon Cogeneration Facility,214486.676236,2016
104358,Schlosser Forge Company,27583.5032928,2016
100040,Scotia Sawmill Cogen,231566.366540236,2016
101663,SDG&E - Cuyamaca Peak Energy Plant,4981.875884,2016
101401,SDG&E - Miramar Energy Facility,66864.73034,2016
104221,SDG&E - Moreno Compressor Station,15193.362068,2016
100362,SDG&E - Palomar Energy Center,891616.645768,2016
100011,Searles Valley Minerals Inc.,1490892.5730778,2016
104503,"SEI Fuel Services, Inc.",1452261.750203,2016
104568,"Self Serve Petroleum, Inc.",0.0,2016
2060,"Sempra Gas & Power Marketing, LLC",1121947.42032453,2016
104610,Seneca Foods Corporation ,9431.3932768,2016
104091,Seneca San Joaquin Production Facilities,285781.980573362,2016
101315,Sensient Natural Ingredients LLC,45631.57096,2016
104219,"Sentinel Energy Center, LLC",239329.3409696,2016
104081,Sentinel Peak Resources - SJV Basin Facility,891929.1474,2016
103016,Sentinel Peak Resources- Arroyo Grande Oil Production Facility,92365.1017132651,2016
104202,SFPP L.P. - Colton Terminal,10395.9890126479,2016
104615,Sharp Grossmont Hospital,16340.7308128,2016
104325,Shell Chemical LP - Martinez Catalyst Plant,9590.004256,2016
3081,"Shell Energy North America (US), L.P. - EPE",389040.90553752,2016
100914,Shell Oil Products US - Martinez,4008405.52522653,2016
104051,Shell Oil Products US - Supply - Fuel Supplier,14100260.2714449,2016
104543,Shell Trading US Company - Fuel Supplier,434332.484684,2016
104511,Shiralian Enterprises,150137.674874999,2016
104329,Shultz Steel Company,22753.4099584,2016
104614,Sierra Aluminum Company,16210.7309488,2016
100090,"Sierra Pacific Industries (SPI) - Anderson, 96007",254597.508747508,2016
104449,Sierra Pacific Industries (SPI) - Arcata,3634.0013886396,2016
100043,Sierra Pacific Industries (SPI) - Burney,197910.459243522,2016
101680,Sierra Pacific Industries (SPI) - Lincoln,202083.6286635,2016
101378,Sierra Pacific Industries (SPI) - Quincy Division,289847.405507,2016
101681,Sierra Pacific Industries (SPI) - Shasta Lake,51094.2681648772,2016
101682,Sierra Pacific Industries (SPI) - Sonora,139303.039730332,2016
2438,Sierra Pacific Power Company (dba NV Energy),97532.74272,2016
104090,Signal Hill Petroleum Facilities,28084.4844267737,2016
3061,"Silicon Valley Power (SVP), City of Santa Clara",490788.863166189,2016
101438,"Silicon Valley Power (SVP), City of Santa Clara , Cogen",38996.721808,2016
101436,"Silicon Valley Power (SVP), City of Santa Clara , DVR",400837.3306848,2016
104605,Simi Valley Landfill and Recycling Center,8172.5936586268,2016
101118,Solar Turbines Incorporated - Kearny Mesa,29043.448433913,2016
104537,Sonoma Clean Power (SCP),0.0,2016
100096,Sonoma County Landfill Gas to Energy,37347.9791902834,2016
104612,Sonoma Developmental Center,9603.431472,2016
100063,Southeast Resource Recovery Facility (SERRF),386728.001268,2016
101539,Southern California Edison (SCE) - Barre Peaker,15576.40902,2016
101537,Southern California Edison (SCE) - Center Peaker,14798.660064,2016
3005,Southern California Edison (SCE) - Electric Power Entity,1528992.899022,2016
101538,Southern California Edison (SCE) - Grapeland Peaker,17887.636232,2016
104326,Southern California Edison (SCE) - McGrath Peaker,16951.8332,2016
100394,Southern California Edison (SCE) - Mira Loma Peaker,17860.210856,2016
100344,Southern California Edison (SCE) - Mountainview Generating Station,1942290.6205544,2016
101673,Southern California Edison (SCE) - Pebbly Beach,22767.6633925927,2016
101349,Southern California Gas Co - Aliso Canyon Facility,9306.87038367496,2016
101675,Southern California Gas Co - Blythe Facility,39883.883488,2016
104082,Southern California Gas Co - Distribution,1365525.5685022,2016
100915,Southern California Gas Co - Honor Rancho Facility,40813.7719884439,2016
101348,Southern California Gas Co - Newberry Springs Facility,3556.020929,2016
101346,Southern California Gas Co - South Needles Facility,7512.851554,2016
104220,Southern California Gas Co - Wheeler Ridge Compressor Station,15578.539444,2016
5002,Southern California Gas Company - End User Emissions,42433086.444236,2016
104212,"Southern Counties Oil Co., A California Limited Partnership",83109.664829,2016
5013,Southwest Gas Distribution Facilities,719284.541588,2016
101241,"Spreckels Sugar Company, Inc.- Brawley",81589.0400715647,2016
100263,SRI International Cogen Project,24531.113432744,2016
104635,Stanford University,19162.79673168,2016
101025,Stanislaus Food Products,51023.845376,2016
104409,State of California Central Utility Plant - General Services,11122.139824,2016
104370,Steelscape Inc.,20275.94106624,2016
104619,Suburban Propane,9443.50118712,2016
101671,"Sunray Energy, Inc",0.0,2016
100948,Sunrise Power Company,1311432.283148,2016
104709,SunSelect Produce (California) Inc,25711.154976,2016
104550,"Sunshine Gas Producers, LLC",83680.2200414528,2016
104579,Surprise Valley Electrification Corp.,0.0,2016
100886,Sycamore Cogeneration Facility,879836.108433648,2016
101684,Sycamore Energy LLC,23371.4085591704,2016
104567,Tacoma Power - ACS,0.0,2016
101073,TAMCO,54015.5663264,2016
5021,Tehachapi Cummings County Water District,20871.8908,2016
104194,Tenaska Power Services Co.,43637.56401,2016
2427,"Terra-Gen Dixie Valley, LLC",35455.6817101242,2016
104516,Tesla Motors ,27592.1328,2016
100002,Tesoro Los Angeles Refinery - Wilmington Calciner,258014.068820499,2016
101246,Tesoro Refining & Marketing Company LLC - Los Angeles Refinery - Carson ,6393186.53351382,2016
5012,Tesoro Refining and Marketing - Fuel Supplier,48446716.155533,2016
101331,Tesoro Refining and Marketing Co. - Martinez,2365254.04895498,2016
2278,"The Energy Authority, Inc.",7590.14793,2016
101582,The P&G Paper Products Co.,302174.055240339,2016
104518,The Regents of the University of California - EPE,0.0,2016
104327,The Soco Group Inc.,374162.923046238,2016
104647,The Sun Valley Group,12468.258032,2016
100052,"Thermal Energy Development Partnership, L.P.",0.0,2016
5047,"Tiger Natural Gas, Inc. - EPE",0.0,2016
104620,Timber Products Company Yreka Veneer,15591.85433184,2016
101502,Tomatek / Neil Jones Food Companies,32988.854225024,2016
100217,Torrance Refinery,2441904.32097484,2016
104476,Torrance Refining Company LLC  - Fuel Supplier,8352497.01980107,2016
100358,Tracy Peaker Plant,141638.096128884,2016
2312,"TransAlta Energy Marketing (US), Inc.",112770.024525286,2016
104230,TransCanada Energy Sales Ltd.,105418.326,2016
104760,Transwestern - Topock,0.0,2016
101460,"TRC Cypress Group, LLC",34745.499721624,2016
104005,"Tricor Refining, LLC",46555.9295761019,2016
104639,Trinity Public Utility District (PUD),0.0,2016
3063,Truckee Donner Public Utility District,67517.8097425403,2016
100952,"TST, Inc.",25593.3457504,2016
3064,Turlock Irrigation District (TID),395711.047903794,2016
100111,"Turlock Irrigation District (TID), Almond Power Plant",63862.337112,2016
100371,Turlock Irrigation District/ Walnut Energy Center,538067.676712,2016
5010,Tuscarora Gas Transmission Pipeline,0.0,2016
104515,"Twin Eagle Resource Management, LLC",18921.38352,2016
100300,"U.S. Borax, 93516",351099.352977034,2016
101271,U.S. Gypsum Co Plaster City Plant,65283.3311728,2016
104068,UC Davis Medical Center,63139.847852364,2016
101205,Ultramar Inc - Valero Wilmington,1018610.76481982,2016
104062,Union Pacific Railroad Company,622113.886975999,2016
104695,Unisource Electric Power Marketing,0.0,2016
101124,"United Airlines, Inc. - San Francisco Maintenance Center",25697.8290723684,2016
104545,United Pacific Energy,24573.3651041689,2016
101469,United States Pipe & Foundry Co. LLC,40780.5939787497,2016
104514,"University of California, Berkeley (opt-in 2015)",4993.05123253324,2016
100305,"University of California, Davis",54241.7764352222,2016
101296,"University of California, Irvine",71428.6833115568,2016
100997,"University of California, Los Angeles, UCLA",232970.434019061,2016
104173,"University of California, Riverside, UCR",22353.5230528,2016
101305,"University of California, San Diego, UCSD",154666.8963696,2016
101416,"University of California, San Francisco",56254.4929084066,2016
104372,"University of California, Santa Barbara (opt-in 2015)",17377.833741599,2016
100273,"University of California, Santa Cruz, UCSC EH&S Office",27519.2934012306,2016
104361,University of Southern California (USC) - University Park Campus (UPC),16975.901816,2016
101068,USS-POSCO Industries,44869.0429981998,2016
104617,VA Greater Los Angeles Healthcare System,12628.057824,2016
104661,VA San Diego Healthcare System,15976.068218176,2016
104071,Valero Marketing and Supply Company - Fuel Supplier,18306927.8437341,2016
100372,"Valero Refining Company - California, Benicia Refinery and Benicia Asphalt Plant",2786747.95865472,2016
104444,Valero Wilmington Asphalt Plant,12387.2236912726,2016
104510,Valley Electric Association,9313.1606736,2016
104205,Vandenberg Air Force Base,15665.979154176,2016
104783,Vaquero Energy - North Garey,13371.9025589084,2016
104413,Venoco Inc. - SB Channel (Onshore),2199.11851976331,2016
104643,Ventura Coastal,8768.0675776,2016
3067,Victorville Municipal Utility Services - EPE,0.0,2016
104571,Victorville Municipal Utility Services - Gas Utility,12781.4942832,2016
100953,Vista Metals Corp.,32164.2394385051,2016
5014,Vitol - Fuel Supplier,178207.115764999,2016
104467,Vitol Inc. - EPE,697.62288,2016
101513,Vitro Flat Glass LLC,63816.5953104,2016
100058,Wadham Energy Ltd Partnership,224550.2829256,2016
104218,"Walnut Creek Energy, LLC",231784.768744,2016
3078,WAPA - Desert Southwest Region,0.0,2016
3079,WAPA - Sierra Nevada Region,831719.383369642,2016
100060,Waste Management - Altamont Landfill,42477.6921947273,2016
100101,Waste Management - El Sobrante Landfill,7943.86792525023,2016
104363,Weber Metals,17782.2487177393,2016
5007,West Coast Gas Company Inc,10053.906608,2016
104638,"Western Milling, Goshen CA",8678.4448912,2016
104490,Western Refining Company LP - Fuel Supplier,24478.027264,2016
100878,"Wheelabrator Norwalk Energy Company, Inc.",23909.91033698,2016
100282,Wheelabrator Shasta Energy Company,581910.606634004,2016
104392,Wild Goose Storage LLC,14656.9384364416,2016
101343,"Wildflower Energy, LP - Indigo Generation, LLC",19667.952544,2016
100353,"Wildflower Energy, LP - Larkspur Energy Facility, LLC",25730.792092,2016
104359,Windset Farms,40834.97,2016
101693,"Wm. Bolthouse Farms, Inc.",30221.313006,2016
101493,"Woodland Biomass Power, Ltd",272036.558865787,2016
104679,WP&A Firebaugh,13625.9918688,2016
104678,WP&A King,12283.41940112,2016
101736,WP&A Lost Hills,35333.19242976,2016
104618,WWF Operating Company,17858.9862265924,2016
104006,"Yara West Sacramento Terminal, LLC",0.0,2016
100322,Yuba City Cogeneration Partners LP,7350.472,2016
104693,ZGlobal Inc.,0.0,2016
104198,Richard J Donovan Correctional Facility,10606.467488,2017
104692,Boston Energy Trading and Marketing,0.0,2017
104682,Noble Americas Corp. - Fuels,345344.53,2017
104619,Suburban Propane,3609.002376756,2017
2369,Morgan Stanley Capital Group Inc. - EPE,357955.577776491,2017
104335,J. Aron & Company LLC,47584.2976440001,2017
104659,Agera Energy LLC,0.0,2017
104544,"AmeriGas Propane, L.P.",194343.577073519,2017
104727,"American PowerNet Management, LP",0.0,2017
3012,"Constellation NewEnergy, Inc.",171269.726368968,2017
2078,"Exelon Generation Company, LLC",294348.41941468,2017
104570,Comision Federal de Electricidad (CFE),44141.45472,2017
104211,La Rosita Power - Marketing,574863.258802238,2017
104676,"Mansfield Oil Company of Gainesville, Inc",23217.8174599999,2017
2278,"The Energy Authority, Inc.",2711.63379,2017
104473,Guzman Energy,265.42848,2017
104716,Guzman Renewables Energy Partners,381.99,2017
104451,"Liberty Power Holdings, LLC",0.0,2017
104225,"Nextera Energy Marketing, LLC",97543.151514,2017
104494,"Pilot Travel Centers, LLC",30129.9615199999,2017
104560,Renewable Energy Group,273101.832764,2017
2214,"Cargill Power Markets, LLC",5124.77784,2017
104203,Rainbow Energy Marketing Corporation (REMC),3503.74996975231,2017
104042,Archer Daniels Midland,251099.740364,2017
104003,"Apex Oil Company, Inc.",341278.269621,2017
104519,"Ferrellgas, LP",70679.4903961514,2017
104041,Flint Hills Resources LP,1542633.918348,2017
104062,Union Pacific Railroad Company,682205.268352,2017
104551,"Nebraska Corn Processing, LLC",17330.878344,2017
5047,"Tiger Natural Gas, Inc. - EPE",0.0,2017
104503,"SEI Fuel Services, Inc.",1490769.63572499,2017
104645,"Tenaska California Energy Marketing, LLC",0.0,2017
104194,Tenaska Power Services Co.,67441.04034,2017
2112,Macquarie Energy LLC,97988.284512,2017
104051,Shell Oil Products US - Supply - Fuel Supplier,14268014.9487685,2017
104543,Shell Trading US Company - Fuel Supplier,421087.318403999,2017
104515,"Twin Eagle Resource Management, LLC",21916.18512,2017
104452,"EDF Industrial Power Services (CA), LLC",0.0,2017
104067,"EDF Trading North America, LLC",94571.2108971342,2017
104445,Noble Petro Inc,408.38772297619,2017
104010,Phillips 66 Company - Fuel Supplier,19561208.4207738,2017
2264,"Direct Energy Business, LLC (fka Strategic Energy)",335071.680351337,2017
2500,Noble Americas Gas & Power Corp.,0.0,2017
2428,Citigroup Energy Inc.,567.528,2017
3011,Just Energy Solutions Inc.,0.0,2017
104717,"Neste US, Inc.",1033082.83115136,2017
104507,"Gexa Energy California, LLC",0.0,2017
2113,BP Energy Company,125512.557409238,2017
5014,Vitol - Fuel Supplier,20019.883343,2017
104467,Vitol Inc. - EPE,174.624,2017
104071,Valero Marketing and Supply Company - Fuel Supplier,19208022.7119572,2017
104096,ProPetroleum Inc.,157961.402348,2017
104490,Western Refining Company LP - Fuel Supplier,56870.6109439999,2017
104625,Public Service Company of Colorado (PSCo),41502.88608,2017
104131,Arizona Public Service Company,43366.7271502305,2017
3078,WAPA - Desert Southwest Region,0.0,2017
104438,Musket Corporation,127510.846532,2017
104461,Salt River Project,129223.06968,2017
104628,Chapel Street Environmental II,4249.75361546768,2017
104323,North Baja Pipeline,0.0,2017
2098,Arizona Electric Power Cooperative,22211.6824496138,2017
104695,Unisource Electric Power Marketing,0.0,2017
104760,Transwestern - Topock,0.0,2017
5028,Questar Southern Trails,0.0,2017
104510,Valley Electric Association,14473.0030128,2017
2388,Nevada Power Company (dba NV Energy),25340.54692741,2017
2438,Sierra Pacific Power Company (dba NV Energy),113295.047112,2017
5013,Southwest Gas Distribution Facilities,743441.1671328,2017
104574,Patua Project - EPE,30.60023664,2017
5010,Tuscarora Gas Transmission Pipeline,0.0,2017
104545,United Pacific Energy,17976.3365921799,2017
2427,"Terra-Gen Dixie Valley, LLC",34694.860515594,2017
104633,Matchmaster Dyeing & Finishing,25779.5753984,2017
100328,"Civic Center Cogen, LA County",96942.5667332896,2017
3042,Los Angeles Department of Water & Power (LADWP),7028139.52781657,2017
2046,Metropolitan Water District of Southern California (MWD),116765.83008,2017
104082,Southern California Gas Co - Distribution,1360966.140731,2017
5002,Southern California Gas Company - End User Emissions,41713889.695188,2017
104066,Exide Technologies,17.0838923,2017
104393,Children's Hospital Los Angeles,14463.1973616,2017
104569,LAC+USC Medical Center,23749.2741952,2017
104542,Baxalta US Inc.,8215.7,2017
104064,BNSF Railway - Commerce,225171.400591237,2017
104376,"Kaiser Aluminum Fabricated Products, LLC",12735.449016,2017
100064,LACSD - Commerce Refuse To Energy,109235.015177927,2017
104136,Newark Pacific Paperboard (opt-in 2013),24529.6289616,2017
101323,Los Angeles International Airport (LAX),22440.2055504,2017
104660,Cedars-Sinai Medical Center,16950.984512,2017
104621,"Baker Commodities, Inc., Vernon Division",14217.139648,2017
101691,"Clougherty Packing, LLC",20254.0157710293,2017
104337,Darling Ingredients Inc - Los Angeles,17641.9129584,2017
100314,Malburg Generating Station,302617.016884,2017
101475,"Owens-Brockway Glass Container, Vernon",49103.7067456,2017
104383,PABCO Paper,18126.81,2017
3066,"Vernon Public Utilities, Electric Power Entity",0.0,2017
5008,"Vernon Public Utilities, Gas Municipal Utility",479282.723744,2017
104617,VA Greater Los Angeles Healthcare System,11666.923904,2017
104361,University of Southern California (USC) - University Park Campus (UPC),18336.5776736,2017
100997,"University of California, Los Angeles, UCLA",226218.014063755,2017
2292,Avangrid Renewables,178181.362974703,2017
3027,Burbank Water and Power,368494.768672537,2017
3010,Calpine Corporation,218285.475036227,2017
3033,Eastside Power Authority,0.0,2017
3036,Healdsburg Electric Dept.,0.0,2017
5017,Kern River Gas Transmission Company,0.0,2017
3040,Lodi Electric Utility,0.0,2017
3081,"Shell Energy North America (US), L.P. - EPE",413275.055793923,2017
5012,Tesoro Refining and Marketing - Fuel Supplier,47107099.6542703,2017
3064,Turlock Irrigation District (TID),379387.087671443,2017
5007,West Coast Gas Company Inc,10787.786224,2017
104740,Pacific Continental Textiles,7557.93044570728,2017
101709,DeMenno/Kerdoon,25842.6833136,2017
3006,3 Phases Renewables,317178.73896,2017
101701,Air Liquide El Segundo Hydrogen Plant,629938.150984247,2017
100138,"Chevron Products Company - El Segundo Refinery, 90245",3604870.92789512,2017
100164,NRG Energy - El Segundo,593590.980344,2017
104206,Prime Wheel Corporation,19028.3924224,2017
100257,AES Redondo Beach LLC,352443.8061604,2017
104324,Northrop Grumman Systems Corp. - Redondo Beach,11980.0805472,2017
101162,"Lunday-Thagard Company, DBA World Oil Refining",37558.2704457855,2017
104329,Shultz Steel Company,24199.2610688,2017
104713,Hyperion Water Reclamation Plant,73234.003037803,2017
101004,Los Angeles Department of Water & Power-Scattergood Generating Station (LADWP),803694.027209792,2017
101356,New-Indy Oxnard LLC,119525.549649276,2017
100217,Torrance Refinery,2916551.44607358,2017
104476,Torrance Refining Company LLC  - Fuel Supplier,10282921.5182608,2017
100071,LACSD - Puente Hills Landfill,147849.811434784,2017
100120,Biola University,8779.17024,2017
100878,Metropolitan State Hospital,21830.64898138,2017
101537,Southern California Edison (SCE) - Center Hybrid,13465.275508,2017
104728,Pico Rivera Innovative Municipal Energy (PRIME),0.0,2017
104075,Breitburn Operating LP - Los Angeles Basin Facility,26823.7073947244,2017
104730,Goodrich Corporation,11449.6910713367,2017
101539,Southern California Edison (SCE) - Barre Peaker,18071.713968,2017
104411,"California Dairies, Inc. Artesia",8343.4527010332,2017
3029,City of Cerritos,0.0,2017
101673,Southern California Edison (SCE) - Pebbly Beach,23217.3279239169,2017
101734,Carlton Forge Works,35401.0785044234,2017
101056,Paramount Petroleum Corporation ,32882.2523578106,2017
104500,Paramount Petroleum Corporation - Fuel Supplier,59049.7850839999,2017
104394,Press Forge Co,21121.8,2017
104363,Weber Metals,17025.6036166272,2017
104370,Steelscape Inc.,20717.86099584,2017
100127,Air Products Wilmington Hydrogen Plant,747740.39506978,2017
100186,"Harbor Cogeneration Company, LLC",965.15657507725,2017
100185,Los Angeles Department of Water & Power-Harbor Generating Station (LADWP),51859.410187125,2017
100329,Phillips 66 Company - Los Angeles Refinery - Wilmington Plant,1911704.23895416,2017
104691,Rio Tinto - Wilmington,12068.4348128,2017
100002,Tesoro Los Angeles Refinery - Wilmington Calciner,310962.321405439,2017
101205,Ultramar Inc - Valero Wilmington,987769.692729122,2017
104444,Valero Wilmington Asphalt Plant,15194.3644174345,2017
101487,LACSD - Joint Water Pollution Control Plant,106970.09610824,2017
100913,Phillips 66 Company - Los Angeles Refinery - Carson Plant,923999.170643521,2017
100129,Carson Cogeneration Co,2304.063432,2017
104090,Signal Hill Petroleum Facilities,30153.4056968607,2017
104072,California Resources Production Corporation - 760 Los Angeles Basin,265828.347618757,2017
100208,NRG Energy - Long Beach,29117.037796,2017
100063,Southeast Resource Recovery Facility (SERRF),356432.870856,2017
101321,"AES Alamitos, LLC",591906.2500244,2017
100187,Los Angeles Department of Water & Power-Haynes Generating Station (LADWP),1147118.83922176,2017
5003,Long Beach Gas & Oil Dept (LBGO),504145.338116,2017
101248,Air Products Carson Hydrogen Plant,612128.176537673,2017
100259,Eco Services - Dominguez,35560.575168,2017
101246,Tesoro Refining & Marketing Company LLC - Los Angeles Refinery - Carson ,6334722.70066344,2017
101697,"New NGC, Inc - Long Beach",30288.6494728,2017
104642,City of Hope National Medical Center,14160.830256,2017
3049,"Pasadena Water and Power, 91101",409088.797864665,2017
104377,Huntington Memorial Hospital,15674.1913267107,2017
100179,"Pasadena Water and Power, Glenarm",46169.6482259315,2017
100327,California Institute of Technology (CalTech),59324.382122032,2017
100181,Grayson Power Plant,133730.710580132,2017
3034,Glendale Water & Power,299126.537472798,2017
101327,LACSD - Calabasas LF,30343.5125233804,2017
101179,Amgen Inc.,20338.9470832,2017
100895,Berry Petroleum Company - Placerita,238052.253871709,2017
101349,Southern California Gas Co - Aliso Canyon Facility,21983.969285958,2017
100088,MM Lopez Energy LLC,11632.289493992,2017
104378,"Olive View Medical Center, Los Angeles County Department of Health Services",18725.951016,2017
104550,"Sunshine Gas Producers, LLC",94463.6858954678,2017
100151,Pitchess Cogeneration Station,98595.0227984,2017
101325,Los Angeles Department of Water & Power-Valley Generating Station (LADWP),588754.212645939,2017
100915,Southern California Gas Co - Honor Rancho Facility,44712.5737289652,2017
104027,Ameresco Chiquita Energy LLC,33794.2552156112,2017
101473,Anheuser-Busch LLC - Los Angeles Brewery,42963.5820926921,2017
104077,BWP/MPP Electricity Generating Facilities at 164 W. Magnolia,567519.821974592,2017
3024,Azusa Light and Water,217658.388075843,2017
101297,MillerCoors USA LLC.,24228.128791051,2017
100236,OLS Energy Chino,100894.6803232,2017
104734,Frito Lay - Rancho Cucamonga,10112.33888,2017
104658,Mission Foods Corporation,19416.576952,2017
104420,"Nong Shim America, Inc.",10693.6577248,2017
3054,Rancho Cucamonga Municipal Utility,0.0,2017
104358,Schlosser Forge Company,28113.8146384,2017
100393,Etiwanda Generating Station,97685.317056048,2017
101538,Southern California Edison (SCE) - Grapeland Hybrid,13479.788664,2017
101073,TAMCO,59341.4853168,2017
3030,City of Industry,0.0,2017
104218,"Walnut Creek Energy, LLC",179873.6709792,2017
104349,"Custom Alloy Light Metals, Inc.",10976.3457328,2017
104197,"Quemetco, Inc.",38362.37988,2017
104618,WWF Operating Company,15484.0775294942,2017
104397,Mira Loma Metal Container Corp,10292.3909472,2017
100195,"New-Indy Ontario, LLC Linerboard Mill",227756.0254592,2017
101053,Praxair Inc.,74775.1059428137,2017
100394,Southern California Edison (SCE) - Mira Loma Peaker,13477.286272,2017
101371,AltaGas Pomona Energy Inc (San Gabriel Energy Facility),0.0,2017
3005,Southern California Edison (SCE) - Electric Power Entity,698557.29231,2017
101373,LACSD - Spadra Landfill,0.0,2017
101484,MM West Covina LLC,42004.950958489,2017
100196,"Rohr, Inc. a UTC Aerospace Systems Company-Cogen Plant",13484.0435015123,2017
101252,Chula Vista Energy Center,3637.230384,2017
100106,Otay Landfill Gas LLC,25533.6468886596,2017
104615,Sharp Grossmont Hospital,19048.6659264,2017
101534,NRG Energy - Encina,340995.030760753,2017
104327,The Soco Group Inc.,374395.861599618,2017
100167,Encina Water Pollution Control Facility,13479.4855784819,2017
104079,"El Cajon Energy, LLC",8018.445848,2017
101663,SDG&E - Cuyamaca Peak Energy Plant,5180.76974,2017
100180,"Goal Line LP, 92025",17224.4273776,2017
101662,CalPeak Power - Enterprise,7000.45048,2017
104078,"Escondido Energy Center, LLC",25365.293692,2017
100362,SDG&E - Palomar Energy Center,981822.567876,2017
104053,Orange Grove Energy Center,25478.0479052,2017
101157,San Marcos Energy LLC,9771.91338987979,2017
101684,Sycamore Energy LLC,18802.4770435885,2017
101305,"University of California, San Diego, UCSD",148757.8333536,2017
3018,"Calpine Energy Solutions, LLC",0.0,2017
104330,"City of San Diego, Public Utilities Dept, Pump Station 2",8306.83860698183,2017
2060,"Sempra Gas & Power Marketing, LLC",1142857.21703815,2017
101564,"City of San Diego, Public Utilities Dept, Point Loma Treatment Plant",22099.3890032392,2017
100036,Miramar - MM and Miramar Energy,48726.7822864954,2017
101519,CP Kelco San Diego,94149.2322958441,2017
104547,"City of San Diego, Public Utilities Dept, North City Water Reclamation Plant",7432.85509597386,2017
100097,MM San Diego LLC - North City,15631.9392172673,2017
100270,NRG Energy - Miramar,0.0,2017
101400,"Qualcomm, Inc. - Morehouse Facility",22302.622334464,2017
101523,"Qualcomm, Inc. - Pacific Center Facility",39841.676290448,2017
101401,SDG&E - Miramar Energy Facility,60995.87378,2017
3016,"Pilot Power Group, Inc.",0.0,2017
100205,Kyocera International Inc.,8127.50764352,2017
101408,NRG Energy - Kearny 2 and 3,7102.33641979503,2017
104391,Rady Children's Hospital San Diego,21760.6398192,2017
3004,San Diego Gas & Electric (SDG&E) - Electric Power Entity,622098.831169792,2017
104085,San Diego Gas and Electric (SDG&E) - Local Distribution,6076298.8639072,2017
104115,San Diego Gas and Electric (SDG&E) - Natural Gas Distribution Sub W,94340.049604,2017
101118,Solar Turbines Incorporated - Kearny Mesa,38239.641333218,2017
104035,Naval Medical Center - San Diego,24237.18472784,2017
100234,Applied Energy LLC - NAS North Island,163583.174973759,2017
101390,Applied Energy LLC - U.S. Naval Station,198936.564128975,2017
100229,Applied Energy LLC - NTC/MCRD,103333.596727759,2017
101405,CalPeak Power - Border,7274.49098,2017
101746,Calpine - Otay Mesa Energy Center,828401.325648,2017
104667,Pio Pico Energy Center,91475.945044,2017
100353,"Wildflower Energy, LP - Larkspur Energy Facility, LLC",27477.877412,2017
104661,VA San Diego Healthcare System,14610.137808,2017
101399,"California State University, San Diego",40995.7901392,2017
3025,City of Banning Electric Department,147034.57690169,2017
100342,Blythe Energy,689321.321584,2017
101675,Southern California Gas Co - Blythe Facility,50211.2016086395,2017
104495,"Ormat Nevada, Inc. / ORNI 18 North Brawley - Geothermal",18197.1742413953,2017
101241,"Spreckels Sugar Company, Inc.- Brawley",92133.0380850162,2017
100692,CalEnergy Operating Corporation - J J Elmore - Geothermal,9011.68,2017
100703,CalEnergy Operating Corporation - J M Leathers - Geothermal,27864.59,2017
100712,CalEnergy Operating Corporation - Region 1 - Geothermal,53718.151049667,2017
100716,CalEnergy Operating Corporation - Region 2 - Geothermal,36856.09,2017
104346,Hudson Ranch Power I - Geothermal,24600.0,2017
100162,"Imperial Irrigation District (IID), El Centro Generating Station",476141.1220398,2017
100695,"Ormat Nevada, Inc./ GEM 2 & 3 - Geothermal",17787.2874895777,2017
3038,Imperial Irrigation District (IID),1485260.52149702,2017
101271,U.S. Gypsum Co Plaster City Plant,73886.9498512,2017
101307,"Imperial Irrigation District (IID), Niland Gas Turbine Plant",37502.09648064,2017
104219,"Sentinel Energy Center, LLC",259670.211676,2017
101343,"Wildflower Energy, LP - Indigo Generation, LLC",40120.0594,2017
104374,Eisenhower Medical Center,21089.645216,2017
101192,MAGTFTC MCAGCC Twentynine Palms,55455.1412562016,2017
104725,Apple Valley Choice Energy,0.0,2017
101476,Cemex Construction Materials Pacific LLC - Victorville Plant,2057688.33135099,2017
104054,BNSF Railway - Barstow,397449.77856,2017
3000,Bear Valley Electric Service (BVES),0.0,2017
104202,SFPP L.P. - Colton Terminal,11903.1497170587,2017
3031,City of Colton - EPE,219399.455809015,2017
101667,City of Colton - Generation,6495.058824,2017
100954,California Steel Industries,176775.253477616,2017
100953,Vista Metals Corp.,34252.5501400302,2017
101033,"NM Mid Valley Genco, LLC",0.0,2017
104721,"Forged Metals, Inc.",8803.9070992,2017
100952,"TST, Inc.",21038.908384,2017
101291,Luz Solar Partners LTD VIII & IX,30698.094008736,2017
101290,PG&E Hinkley Compressor Station,44721.1898687628,2017
104365,Southern California Gas Co - Kelso Facility,12198.0424523873,2017
100207,Loma Linda University,52092.2485527448,2017
101010,Mitsubishi Cement 2000,1258739.59635114,2017
3047,City of Needles,11310.83304,2017
101031,PG&E Topock Compressor Station,25509.1787624966,2017
101346,Southern California Gas Co - South Needles Facility,1152.87386472924,2017
104465,Ivanpah Solar Electric Generating System,68689.072858162,2017
101348,Southern California Gas Co - Newberry Springs Facility,2612.65614779808,2017
104322,MP Mine Operations LLC,8.4232785,2017
100013,"CalPortland Company, Oro Grande Plant",1025122.1529274,2017
100344,Southern California Edison (SCE) - Mountainview Generating Station,1628979.4322696,2017
104571,Victorville Municipal Utility Services - Gas Utility,11985.0799296,2017
3067,Victorville Municipal Utility Services - EPE,0.0,2017
101478,"High Desert Power Project, LLC",892770.0680944,2017
104436,Saint Bernardine Medical Center,6082.0193568,2017
3056,City of Riverside Public Utilities,593445.887086461,2017
100392,Riverside Public Utilities - Riverside Energy Resource Center,54416.435604,2017
104614,Sierra Aluminum Company,15935.7489952,2017
104173,"University of California, Riverside, UCR",22391.8675728,2017
104616,Pacific Clay Products,14327.5877872,2017
104578,Anza Electric Cooperative,0.0,2017
3046,Moreno Valley Utility (MVU),0.0,2017
104221,SDG&E - Moreno Compressor Station,14558.4241573125,2017
101686,"Inland Empire Energy Center, LLC.",144827.08795776,2017
104666,All American Asphalt - Irvine,10012.8235728,2017
104680,"Bowerman Power LFG, LLC",79239.7733268619,2017
104406,Allergan,9009.025072,2017
100389,Braun Medical Inc,46284.3218410406,2017
104089,Petro-Diamond,2186043.40369399,2017
104384,"Maruchan, Inc. - Laguna Canyon",18869.9468285992,2017
100194,"AES Huntington Beach, LLC",256534.394584,2017
101280,Orange County Sanitation District - Plant 2,33094.987437741,2017
104536,Clean Energy,148622.616512,2017
104611,"Newport Fab, LLC (DBA TowerJazz Semiconductor)",11025.6390064,2017
104368,Hoag Memorial Hospital Presbyterian,22979.9748663692,2017
101711,MM Prima Deshecha Energy LLC,28306.8128016746,2017
101296,"University of California, Irvine",72796.9642095074,2017
101745,Orange County Central Utility Facility,36468.7220032,2017
5045,"IPC (USA), Inc.",381068.966747,2017
104216,John Wayne Airport Orange County,11489.359108462,2017
100255,Orange County Sanitation District - Plant 1,26278.8406682443,2017
104357,Saint Agnes Medical Center,22750.002736,2017
104457,"Nor-Cal Beverage Company, Inc. - Anaheim",12244.4587152,2017
101218,Disneyland Resort,17670.1323006262,2017
104008,Canyon Power Project (CPP),91255.39273,2017
3023,"City of Anaheim, Public Utilities Department, Anaheim City Hall West",1433205.78947718,2017
101221,"City of Anaheim, Combustion Turbine Generator",42113.044584,2017
100061,"Brea Generation, LLC",122012.570533997,2017
100904,"Bridge Energy, LLC",31561.0121453054,2017
104350,"California State University, Fullerton",20330.76974944,2017
100962,Kimberly Clark Worldwide Inc.,65587.7362432,2017
104675,Orange Plant - R.J. Noble,10883.071692715,2017
104212,"Southern Counties Oil Co., A California Limited Partnership",97012.4142949999,2017
104345,All American Asphalt - Corona,12739.8699136,2017
3032,City of Corona Dept. of Water & Power - EPE,0.0,2017
100150,"Corona Energy Partners, Ltd.",49212.2442469248,2017
101260,Dart Container Corporation of California,14355.8114768,2017
100387,Riverside Public Utilities - Clearwater Facility,12188.8764096,2017
104356,3M Corona,16392.295568,2017
100101,Waste Management - El Sobrante Landfill,0.0,2017
104020,Aera Energy Ventura Gas Plant,4398.73104287,2017
100235,"California State University, Channel Islands",82198.751157254,2017
104364,"Houweling Nurseries Oxnard, Inc",40747.75284,2017
101355,E.F. Oxnard LLC,79548.130740048,2017
101582,The P&G Paper Products Co.,313730.021609865,2017
104673,Arcturus Manufacturing,6210.60644416,2017
101357,Ormond Beach Generating Station,154507.131374913,2017
100210,Mandalay Generating Station,96712.6801253906,2017
104326,Southern California Edison (SCE) - McGrath Peaker,24296.310504,2017
104033,California Resources Production Corporation - SCVGP Gas Plant,71250.9216024257,2017
104031,California Resources Production Corporation - Ventura Basin 755,10361.0400808877,2017
104605,Simi Valley Landfill and Recycling Center,0.0,2017
104670,Santa Barbara Cottage Hospital,11506.4477208235,2017
104372,"University of California, Santa Barbara (opt-in 2015)",18053.8548821805,2017
104460,ExxonMobil LFC Facility,1296.68652278698,2017
104459,ExxonMobil POPCO Facility,132.26396502601,2017
101054,Freeport-McMoRan Oil & Gas LLC - Gaviota Oil Heating Facility,824.13870526407,2017
100051,MM Tajiguas Energy LLC,14771.7056788378,2017
104413,SB Channel (Onshore),2303.02177438099,2017
101696,Avenal State Prison,16667.2378154647,2017
101563,PG&E Kettleman Compressor Station,12761.1091274354,2017
101705,J. G. Boswell Tomato Company Kern,30198.8649168,2017
101516,Coalinga Cogeneration Facility,0.0,2017
104657,California State Prison - Corcoran,15125.52,2017
104224,J.G. Boswell Company West Processing Townsite,11322.2371856,2017
101504,J.G.Boswell Tomato Company Kings,28400.5944976,2017
104489,"Delano Energy Center, LLC",11672.384923,2017
104655,Delano Growers Grape Products,15256.794547296,2017
104718,Styrotek,9047.9746128,2017
101515,Mid-Set Cogeneration Facility,0.0,2017
100215,Midway-Sunset Cogeneration,528409.351011534,2017
104091,Seneca San Joaquin Production Facilities,320133.224942143,2017
104081,Sentinel Peak Resources - SJV Basin Facility,793094.034044231,2017
100948,Sunrise Power Company,1098297.401036,2017
101715,LWFP LLC,24669.6965948112,2017
104638,"Western Milling, Goshen CA",8545.3243936,2017
104743,Central Valley Meat,11272.1053744,2017
101214,Del Monte - Hanford,21948.965651984,2017
101542,Hanford Energy Park Peaker,12068.830008,2017
100972,Los Gatos Tomato Products,55878.898472,2017
100345,Calpine - Pastoria Energy Facility L.L.C.,1463317.1056,2017
101314,National Cement Company - Lebec,722465.838806842,2017
101364,Henrietta Peaker Plant,23091.752776,2017
104106,Leprino Foods - Lemoore East,21778.307488,2017
101716,Leprino Foods - Lemoore West,47342.009792324,2017
101213,Olam West Coast Inc- Lemoore,30514.754768,2017
104408,Naval Air Station Lemoore,9312.013951902,2017
101736,WP&A Lost Hills,28090.43801456,2017
104624,Belridge Gas Plant - Natural Gas Supplier,139290.41374176,2017
104623,Belridge Gas Plant - NGL Supplier,43859.7907427241,2017
104485,CMO Inc,426.6358,2017
100339,La Paloma Generating Plant - GHG,1164737.270992,2017
100296,McKittrick Limited,11319.19616,2017
101520,Chalk Cliff Limited,10413.62490896,2017
101685,Pixley Cogeneration Partners / Calgren Renewable Fuels,136994.128363363,2017
104548,Foster Farms Porterville Plant ,10140.5519552,2017
104538,JP Oil,17537.072731354,2017
100888,Plains LPG Services/ Lone Star Frac & Isom Facility,1134029.01279807,2017
104094,Berry Petroleum Company - San Joaquin Basin,1204750.99849653,2017
104426,Holmes Western Oil Corporation,28116.258184951,2017
101460,"TRC Cypress Group, LLC",34136.773625902,2017
101509,"California Dairies, Inc. Tipton",40646.8257584815,2017
104354,Kraft Heinz Foods Company - Tulare,20523.048544,2017
101465,"Land O' Lakes, Inc.",58712.0569696,2017
101186,Saputo Cheese USA Inc. - Paige,68382.4387696,2017
104396,Saputo Cheese USA Inc.- Levin,10891.329696,2017
104014,"California Resources Elk Hills, LLC - 35R Gas Plant",3327891.96545034,2017
101703,"Crestwood West Coast, LLC",785013.274473019,2017
104715,"Crestwood West Coast, LLC - LPG Consignee",6040.7888126,2017
101197,"California Dairies, Inc. Visalia",60316.1178380643,2017
104355,Kaweah Delta Medical Center,15637.93016,2017
104737,Milk Specialties Global,12300.1896224,2017
104643,Ventura Coastal,8978.3069984,2017
104017,Aera Energy Ventura Basin (opt-in 2014),11393.1326674134,2017
104622,Emidio Pump Station - Shell Pipeline Company,9157.5736,2017
100890,Bear Mountain Limited,16747.347248,2017
104498,Kern Oil - Fuel Supplier,2497530.130666,2017
101507,Kern Oil Refinery,156103.229469421,2017
5019,Mojave Pipeline Operating Company (MPOC),0.0,2017
104097,Naftex Operating Company,30687.1717859341,2017
101693,"Wm. Bolthouse Farms, Inc.",32615.954856,2017
101231,All American Oil & Gas. Inc.,210029.167879068,2017
100884,Alon Bakersfield Refinery - Area 3,0.0,2017
101237,Alon Bakersfield Refinery - Areas 1&2,20075.1750462959,2017
104499,Alon Bakersfield Refinery - Areas 1&2 - Fuel Supplier,0.0,2017
100897,Badger Creek Limited,8178.5464552,2017
104030,California Resources Production Corporation - San Joaquin Valley Basin 745,1322799.8833,2017
100157,Double C Limited,12982.9062344188,2017
104215,E&B Natural Resources - San Joaquin Valley,436562.640590265,2017
100189,High Sierra Limited,13414.072190709,2017
104320,Jaco Oil Company,1684037.065867,2017
100202,Kern Front Limited,26911.5565816881,2017
5044,Kern Front Natural Gas Pipeline (WCAC),73542.12992208,2017
101514,Kern River Cogeneration Facility,461799.9476,2017
101044,Live Oak Limited,12055.04846224,2017
101234,Macpherson Oil Company,188087.742603136,2017
101228,Mt. Poso Cogeneration Company,290350.330901027,2017
100891,Oildale Energy LLC,0.0,2017
101239,San Joaquin Refining Company,99825.5475139056,2017
104497,San Joaquin Refining Company - Fuel Supplier,217675.085436,2017
100886,Sycamore Cogeneration Facility,829133.0491,2017
104005,"Tricor Refining, LLC",46510.0628698502,2017
104488,Crimson Resource Management Corp,42426.6445081116,2017
104016,Aera Energy San Joaquin Basin,3354856.05579873,2017
104195,Chevron SJVBU Natural Gas Sales,256030.24099968,2017
104220,Southern California Gas Co - Wheeler Ridge Compressor Station,23401.7472414611,2017
101235,Frito Lay - Kern Plant,56337.0679957414,2017
103016,Sentinel Peak Resources- Arroyo Grande Oil Production Facility,96346.007907692,2017
104362,California Polytechnic State University,10092.43688,2017
101226,Phillips 66 Company - Santa Maria Refinery,189422.775141208,2017
101318,"Imerys Minerals California, Inc.",33911.9331020556,2017
104205,Vandenberg Air Force Base,18995.63893796,2017
3041,City of Lompoc,0.0,2017
104018,Aera Energy Coastal Basins,434873.931134677,2017
104581,Eagle Petroleum - Lynch Canyon Field,29675.0295805216,2017
101518,Salinas River Cogeneration Facility,66693.2581,2017
101517,Sargent Canyon Cogeneration Facility,0.0,2017
104458,"ERG Operating Company, LLC. 750 Santa Maria Basin",39449.5140357005,2017
104783,Vaquero Energy - North Garey,18914.4211178168,2017
101674,Pacific Coast Energy Company LP,32339.8737878385,2017
104381,"Santa Maria Energy, LLC, Careaga Lease",0.0,2017
101155,Greka Santa Maria Refinery ,24163.9080318259,2017
104359,Windset Farms,37661.9023985772,2017
101029,"CalPortland Company, Mojave Plant",1103127.90601174,2017
100682,Luz Solar Partners LTD,26596.3017332,2017
100300,"U.S. Borax, 93516",337654.14768,2017
104204,Edwards Air Force Base,18360.162916458,2017
104641,City of Lancaster,0.0,2017
100690,Coso Energy Developers (BLM E&W) - Geothermal,149316.8,2017
101670,Coso Finance Partners (Navy I) - Geothermal,97776.3,2017
101669,Coso Power Developers (Navy II) - Geothermal,164117.3,2017
104214,Naval Air Weapons Station China Lake,12245.911963607,2017
101461,Lehigh Southwest Cement Co - Tehachapi,599315.785660266,2017
104709,SunSelect Produce (California) Inc,25488.199504,2017
5021,Tehachapi Cummings County Water District,24380.374576,2017
100011,Searles Valley Minerals Inc.,1511121.21054388,2017
101574,Lockheed Martin Aeronautics Company - Palmdale,16003.12894104,2017
101666,"Ampersand Chowchilla Biomass, LLC, 93610",95067.3618148,2017
100917,CertainTeed Corporation,54515.5012887625,2017
100376,"CalPeak Power - Panoche, LLC",9050.831524,2017
101744,"Midway Peaking, LLC",40406.13474,2017
104069,"Olam West Coast, Inc. - Firebaugh",33056.42592,2017
101740,"Panoche Energy Center, LLC",273673.109628,2017
101502,Tomatek / Neil Jones Food Companies,27129.937190448,2017
104679,WP&A Firebaugh,7448.9364816,2017
101729,ConAgra Foods - Helm Facility,0.0,2017
104004,JR Simplot Company,7588.199868698,2017
104334,"Baker Commodities, Inc., Kerman Division",21751.9147824,2017
104549,Foster Farms Traver Complex ,9371.6554336,2017
101721,"Guardian Industries, LLC",123971.119521866,2017
100199,KES Kingsburg L.P.--Kingsburg Cogeneration Facility,8024.194504,2017
104410,"California Dairies, Inc. Los Banos",10167.659026903,2017
101008,Ingomar Packing Company,79916.1466466016,2017
101499,Liberty Packing - Los Banos (Morning Star),78912.7727216,2017
101498,Morning Star Packing Company - Los Banos,51332.5174352,2017
101342,Ardagh Glass Inc.,82403.0426128,2017
104629,Mission Bell Winery ,17509.7902144,2017
104379,"Azteca Milling, L.P.",12796.2642208,2017
104540,"Pacific Ethanol Madera, LLC",40848.908072,2017
100025,Dinuba Energy,0.0,2017
101433,"Algonquin Power Sanger, LLC",39379.8057171756,2017
101544,"Fresno Cogeneration Partners, LP",14512.5561648,2017
104672,Harris Ranch Beef Company,9821.2177312,2017
100959,"California Dairies, Inc. Fresno",28073.9964894048,2017
104338,Darling Ingredients Inc - Fresno,11829.3560672,2017
101613,Fresno-Clovis Regional Wastewater Reclamation Facility,5684.2132162566,2017
104511,Shiralian Enterprises,226343.144757,2017
101687,"Malaga Power, LLC",12125.284608,2017
100265,Rio Bravo Fresno,270594.185392,2017
101513,Vitro Flat Glass LLC,89867.295136,2017
100958,E & J Gallo Winery - Fresno,28270.4417198435,2017
104678,WP&A King,10240.279125824,2017
104052,Lhoist North America - Natividad Plant,103096.355607953,2017
104613,"Matsui Nursery, Inc.",13814.4983056,2017
101300,"Calpine - King City Cogen, LLC, King City Cogen_Peaker",183046.5911136,2017
101329,Monterey Regional Waste Management District,7965.64276219827,2017
101657,Ameresco Half Moon Bay,45050.4816175351,2017
100263,SRI International Cogen Project,24533.296946674,2017
104405,NASA Ames Research Center,14932.7996464,2017
104698,Peninsula Clean Energy (PCE),0.0,2017
101451,Genentech Inc South San Francisco,31087.109752,2017
104568,"Self Serve Petroleum, Inc.",0.0,2017
104720,Silicon Valley Clean Energy Authority,0.0,2017
104227,Northrop Grumman Marine Systems - Sunnyvale,20338.5172,2017
101623,Lockheed Martin Corporation - Sunnyvale,24147.2870716596,2017
104705,CleanPowerSF,0.0,2017
3028,"San Francisco Hetch Hetchy Water and Power, CCSF",0.0,2017
101607,NRG Energy - San Francisco Thermal,58915.596179864,2017
3002,Pacific Gas and Electric Company (PG&E) - Electric Power Entity,761805.49464,2017
104025,"Pacific Gas and Electric Company (PG&E) - Gas Distribution System Fugitive Emissions (San Francisco, CA)",630249.13457033,2017
104024,Pacific Gas and Electric Company (PG&E) - Supplier of Natural Gas ,38202173.5011598,2017
104380,San Francisco General Hospital,16068.9225648,2017
104484,Glencore Ltd.,0.0,2017
104556,San Francisco Southeast Treatment Plant,8939.61472,2017
104367,San Francisco International Airport (SFO),15420.4888688,2017
101124,"United Airlines, Inc. - San Francisco Maintenance Center",26989.8493096,2017
101416,"University of California, San Francisco",55059.5822926597,2017
3048,City of Palo Alto - Electric Power Entity,0.0,2017
5011,City of Palo Alto - Gas Utility,153102.530176,2017
104399,City of Palo Alto Water Quality Control Treatment Plant,23061.6373252047,2017
104738,Palo Alto V.A. Health Care System Division,9961.6144,2017
104635,Stanford University,21996.786,2017
3022,Alameda Municipal Power,0.0,2017
104732,NCPA - CT1 Alameda,11422.9943776,2017
101528,"Calpine - Gilroy Energy Center, LLC, Riverview Peaker",12102.591952,2017
101700,Georgia-Pacific Gypsum LLC - Antioch,39740.260528,2017
104217,"NRG, Marsh Landing Generating Station ",109347.642067396,2017
101741,PG&E Gateway Generating Station,1111267.65001577,2017
100372,"Valero Refining Company - California, Benicia Refinery and Benicia Asphalt Plant",2369137.47128312,2017
104169,Mariposa Energy LLC,79951.7414476,2017
101263,"Crockett Cogeneration Project, LP",666018.943984,2017
100943,Anheuser-Busch LLC - Fairfield (opt-in 2013),19188.3951725242,2017
101276,"Calpine - Gilroy Energy Center, LLC, Wolfskill Peaker",9446.6461696,2017
104733,PABCO Gypsum Newark,18677.9686208,2017
104516,"Tesla, Inc.",22147.635536,2017
104456,Calpine - Russell City Energy Center,306525.376408,2017
101708,Lawrence Livermore National Laboratory (LLNL),23662.71872989,2017
104634,Ameresco Vasco Road,16897.4845057741,2017
100060,Waste Management - Altamont Landfill,40018.3162004693,2017
101017,"Air Products & Chemicals, Inc., Martinez",232437.412,2017
101015,Central Contra Costa Sanitary District,73895.1527688992,2017
100258,Eco Services - Martinez,14562.9861146825,2017
101332,Martinez Cogen Limited Partnership,406522.96510896,2017
104325,Shell Chemical LP - Martinez Catalyst Plant,8783.362928,2017
100914,Shell Oil Products US - Martinez,4091138.41193238,2017
101331,Tesoro Refining and Marketing Co. - Martinez,2169020.1158524,2017
104663,DSH-Napa State Hospital,15367.8960918,2017
104375,Cargill Salt Operations,4026.04192,2017
104418,"Morton Salt, Inc.",3585.332032,2017
101035,Safety-Kleen of California Inc.,0.0,2017
101748,Ameresco Keller Canyon,15963.3552373042,2017
101526,"Calpine - Delta Energy Center, LLC",210919.1616688,2017
100338,"Calpine - Los Medanos Energy Center, LLC",1264291.9363872,2017
104340,"Criterion Catalyst and Technologies, L. P.",14159.2699392,2017
101733,Dow Chemical Company - Pittsburg,54324.7891510184,2017
100248,"GenOn Delta, Pittsburg Generating Station 94565",64.6978088225,2017
104421,"K2 Pure Solutions, Inc",7293.26409904,2017
101068,USS-POSCO Industries,43097.9916691261,2017
104029,California Resources Production Corporation - Sacramento Valley Basin 730,157847.638,2017
104332,Calpine - CPN Pipeline,367879.819264,2017
101749,Air Liquide Large Industries US L.P. - Rodeo Hydrogen Plant,839102.206782213,2017
100351,Phillips 66 Company - San Francisco Carbon Plant,160002.659943334,2017
100303,Phillips 66 Company - San Francisco Refinery,1290019.83748216,2017
104013,Chevron 17Z Gas Plant,124115.5957683,2017
104011,Chevron AAPG 740 Coastal Basin,307959.393515758,2017
104012,Chevron AAPG 745 San Joaquin Basin,2579984.43275718,2017
104223,Chevron Products Company - Headquarters Fuel Supplier,34833830.8121381,2017
104425,Kirby Hills Compressor Station,10079.2403535262,2017
104681,"Potrero Hills Energy Producers, LLC",35538.3293982854,2017
101469,United States Pipe & Foundry Co. LLC,38807.1126751979,2017
5024,Pittsburg Power Company dba Island Energy - EPE,0.0,2017
101351,"Dynegy Oakland, LLC.",2124.14596208544,2017
101511,East Bay Municipal Utility District,35348.2367934312,2017
3051,Port of Oakland,0.0,2017
104518,The Regents of the University of California - EPE,0.0,2017
104213,ABI Foundry,16494.13333172,2017
104646,Commercial Energy of California,0.0,2017
104165,Bayer Healthcare,15774.9673712,2017
104514,"University of California, Berkeley",121837.150126724,2017
104065,BNSF Railway - Richmond,138790.675833904,2017
104707,"Chemtrade West US, LLC",11315.60530848,2017
100076,NOVE Power Plant,1556.48372716062,2017
101384,"Chevron Products Company - Richmond Refinery, 94802",4600449.95809609,2017
104415,"New NGC, Inc - Richmond",26500.5054464,2017
104463,Marin Clean Energy,0.0,2017
100096,Sonoma County Landfill Gas to Energy,28736.1077045196,2017
100343,"Calpine - Metcalf Energy Center, LLC",814981.6617936,2017
101265,Lehigh Southwest Cement Co - Cupertino,831772.051484066,2017
100178,"Calpine - Gilroy Cogen, L.P., Gilroy Cogen_Peaker",102476.618656,2017
101284,"Olam West Coast, Inc. - Gilroy",23898.374672,2017
104398,San Benito Foods,15679.4483856,2017
104656,Lathrop Irrigation District,0.0,2017
100221,"Dynegy Moss Landing, LLC",889031.084357676,2017
104135,California Paperboard Corporation (opt-in 2013),1989.1704032,2017
100147,"Graphic Packaging International, Inc",107190.658094664,2017
101154,"Owens Corning Insulating Systems, LLC Santa Clara",15406.5846416,2017
104037,Robinson Oil Supply & Transport,275810.19672,2017
3061,"Silicon Valley Power (SVP), City of Santa Clara",529964.925109577,2017
101438,"Silicon Valley Power (SVP), City of Santa Clara , Cogen",40036.8587072,2017
101436,"Silicon Valley Power (SVP), City of Santa Clara , DVR",278897.6312872,2017
101439,Santa Cruz Energy LLC,6531.5895499008,2017
100273,"University of California, Santa Cruz, UCSC EH&S Office",26997.8113668685,2017
104554,Agron Bioenergy Fuels,0.0,2017
101656,Ameresco Santa Cruz,12094.7530216,2017
104360,"HGST, Inc",19399.715079278,2017
104626,Santa Clara Valley Medical Center,15501.322832,2017
101426,Calpine - O.L.S. Energy - Agnews Inc. 95134,10741.8577152,2017
101140,San Jose/Santa Clara Regional Wastewater Facility,34858.446011209,2017
101143,"Calpine - Los Esteros Critical Energy Facility, LLC",101620.6575184,2017
100131,"California State University, San Jose",30562.6840912,2017
104492,"American Biodiesel, Inc. dba Community Fuels",22322.891368,2017
104455,"DTE Stockton, LLC",428742.77594395,2017
3052,"Port of Stockton, 95203",0.0,2017
101217,"Mizkan America, Inc.",17640.8355968,2017
104199,"Campbell Soup Supply Company, L.L.C. - Stockton",21776.849228656,2017
100323,Ingredion Incorporated Stockton Plant,84528.8305328,2017
104048,"Pacific Ethanol Stockton, LLC",59108.8710064,2017
104021,PG&E McDonald Island Underground Storage Station,25782.0553671324,2017
104424,Lodi Compressor Station,12088.2928326108,2017
104636,Ameresco San Joaquin LLC ,16017.9940483722,2017
104172,Lodi Energy Center,290326.8724748,2017
3053,Power and Water Resources Pooling Authority (PWRPA),0.0,2017
104347,"Aemetis Advanced Fuels Keyes, Inc.",74914.17964,2017
101264,"Covanta - Stanislaus, Inc",253339.991717832,2017
104339,Darling Ingredients Inc - Turlock,16882.150128,2017
104200,"Escalon Premier Brands, a Division of Kraft Heinz Company",20849.1919056,2017
101288,Hilmar Cheese Company,73556.73268435,2017
101298,Pacific Ultrapower Chinese,229832.653847,2017
104353,California Natural Products,17499.59009717,2017
104433,"Diamond Pet Food Processors of California, LLC - Lathrop",11080.7277424,2017
104486,"San Joaquin Cogen, LLC",0.0,2017
104640,E & J Gallo Winery - Livingston,15490.1368033291,2017
101575,"Foster Poultry Farms - Livingston Complex, 95334",40245.277751819,2017
101315,Sensient Natural Ingredients LLC,42685.7406064,2017
104637,Ameresco Forward LLC,17230.4104474878,2017
3044,Merced Irrigation District (MeID),0.0,2017
101665,"Merced Power, LLC, 95340",102727.874029203,2017
104074,Boyett Petroleum,350270.872236,2017
101503,ConAgra - Oakdale,51865.1851776,2017
104541,Foster Dairy Farms DBA Crystal Creamery,14083.348134568,2017
101028,"Modesto Irrigation District (MID) - Woodland Generation Station, 95351",186309.10647536,2017
101359,"Modesto Irrigation District - Ripon Generation Station, 95366",50328.496708,2017
103018,Gallo Glass Company,146928.3971373,2017
104562,JS West and Companies,0.0,2017
3045,Modesto Irrigation District (MID),829054.118644669,2017
104610,Seneca Foods Corporation ,9627.2926432,2017
101025,Stanislaus Food Products,51969.110768,2017
104138,Del Monte - Modesto,13050.8983696,2017
104207,Frito Lay - Modesto,25741.8146704,2017
100111,"Turlock Irrigation District (TID), Almond Power Plant",102292.901066,2017
101060,"California Power Holdings, LLC-Chowchilla Facility, 95360",12925.5900704,2017
100283,AltaGas Ripon Energy Inc.,10237.7320944,2017
104690,"Diamond Pet Food Processors of California, LLC - Ripon",11677.7718208,2017
101682,Sierra Pacific Industries (SPI) - Sonora,140230.197610656,2017
104105,Leprino Foods - Tracy,16207.764224,2017
101183,"Owens-Brockway Glass Container, Tracy",95122.9642272,2017
100052,"Thermal Energy Development Partnership, L.P.",0.0,2017
100358,Tracy Peaker Plant,383050.22531594,2017
101190,"California Dairies, Inc. Turlock",33171.820548028,2017
104711,"Hilmar Cheese, Inc. - Turlock Facility",10212.005760832,2017
100371,Turlock Irrigation District/ Walnut Energy Center,503949.525244,2017
104537,Sonoma Clean Power (SCP),0.0,2017
101676,Bottle Rock Power - Geothermal,0.0,2017
104612,Sonoma Developmental Center,10150.3065888,2017
101527,"Calpine - Geysers Power Company, LLC - Geothermal",196023.312848262,2017
101529,Northern California Power Agency - Geothermal Plant No. 1,19299.0,2017
101530,Northern California Power Agency - Geothermal Plant No. 2,24771.0,2017
3065,"City of Ukiah, Electric Utilities Division",0.0,2017
104712,Redwood Coast Energy Authority,0.0,2017
100192,PG&E Humboldt Bay Generating Station,199428.977436643,2017
104449,Sierra Pacific Industries (SPI) - Arcata,0.0,2017
104647,The Sun Valley Group,13810.7620368,2017
100053,Blue Lake Power,0.0,2017
100026,DG Fairhaven Power LLC,1343.620500268,2017
100040,Humboldt Sawmill Company,235523.936327546,2017
104102,Flyers Energy,2510661.259706,2017
100305,"University of California, Davis",56361.1285118529,2017
100936,"Campbell Soup Supply Company, L.L.C. - Dixon",33304.0068,2017
104341,Alon Asphalt Company - Elk Grove Asphalt Terminal,8949.3509152,2017
3079,WAPA - Sierra Nevada Region,740726.092153983,2017
104693,ZGlobal Inc.,0.0,2017
100365,"Sacramento Municipal Utility District (SMUD) , Cosumnes Power Plant",1258599.0057,2017
104450,"Buena Vista Biomass Power, LLC",0.0,2017
3001,Kirkwood Meadows PUD Powerhouse,0.0,2017
101738,"Energy 2001, Placer WRSL",11482.7758444972,2017
104474,GenPower Lincon Landfill Power Plant,15086.0000551202,2017
104419,"PABCO Clay Products, LLC, dba Gladding McBean",13262.739609504,2017
100055,Rio Bravo Rocklin,262115.987718,2017
101680,Sierra Pacific Industries (SPI) - Lincoln,216406.140748,2017
104487,Ampine: A Division of Timber Products,17251.87242368,2017
104736,California State Prison - Sacramento,14934.86998512,2017
2215,Northern California Power Agency (NCPA),13164.7268974258,2017
101100,"Kiefer Landfill, Department of Waste Management and Recycling",127178.532057727,2017
104662,California Medical Facility,23566.830013542,2017
100377,"CalPeak Power - Vaca Dixon, LLC",5431.34118,2017
104559,Genentech - Vacaville,11475.7638672,2017
101683,"G2 Energy Ostrom Road, LLC",23407.9696463277,2017
104382,Aerojet Rocketdyne,8097.9632430496,2017
3057,Roseville Electric,19201.398816,2017
101270,"Roseville Electric, Roseville Energy Park",15877.699284,2017
100130,"Sacramento Municipal Utility District (SMUD) , Carson Ice CG",147923.5729139,2017
101209,MM Yolo Power LLC,4562.98080926957,2017
101207,Pacific Coast Producers,31086.4569664,2017
101493,"Woodland Biomass Power, Ltd",271236.091674454,2017
104229,Idemitsu Apollo Corporation,2437393.92650199,2017
104409,State of California Central Utility Plant - General Services,11221.915184,2017
104047,"Kinergy Marketing, LLC",137315.683584166,2017
3058,Sacramento Municipal Utility District (SMUD) - Electric Power Entity,586158.160779998,2017
104352,Sacramento Municipal Utility District (SMUD) - Gas Pipeline,1918051.97339341,2017
104068,UC Davis Medical Center,63715.35042744,2017
100125,"Sacramento Municipal Utility District (SMUD) , SPA",243333.634091601,2017
3072,"California Department of Water Resources (DWR), State Water Project",0.0,2017
101512,"Air Products Manufacturing Corporation, Sacramento",46525.6062511877,2017
104580,Hood Dairy,18537.147376,2017
104423,Procter & Gamble Manufacturing Co. - Sacramento Plant (opt-in 2017),19511.9526432,2017
100252,"Sacramento Municipal Utility District (SMUD) , SCA",307542.3995684,2017
104632,Sacramento Rendering Company,14181.2417472,2017
104056,River City Petroleum,833333.33909,2017
3026,Biggs Municipal Utilities,0.0,2017
3035,Gridley Electric Utility,0.0,2017
104392,Wild Goose Storage LLC,20631.6010572165,2017
101758,PG&E Colusa Generating Station,981612.674332297,2017
101378,Sierra Pacific Industries (SPI) - Quincy Division,401463.003566,2017
101562,PG&E Delevan Compressor Station,35361.7154518028,2017
101536,Morning Star Packing Company - Williams,82943.5168208,2017
101500,Olam West Coast Inc - Williams,35217.2524,2017
100058,Wadham Energy Ltd Partnership,212026.6308616,2017
104122,Johns Manville (opt-in 2013),15666.819536,2017
100337,"Calpine - Gilroy Energy Center, LLC, Feather River",15482.535344,2017
101496,"Calpine - CCFC Sutter Energy, LLC",0.0,2017
101211,"Calpine - Yuba City Energy Center (Gilroy Energy Center, LLC)",24147.9404448,2017
101497,"ProEnergy - Greenleaf Energy Unit 1, LLC",12105.351696,2017
100182,"ProEnergy - Greenleaf Energy Unit 2, LLC",121783.7664512,2017
100322,Yuba City Cogeneration Partners LP,14711.0064512,2017
3055,Redding Electric Utility,138503.92014,2017
100256,Redding Electric Utility - Redding Power Generation,89617.3392047507,2017
101381,Lehigh Southwest Cement Co - Redding,270979.80189673,2017
100090,"Sierra Pacific Industries (SPI) - Anderson, 96007",284209.084952492,2017
100282,Wheelabrator Shasta Energy Company,702607.516167232,2017
100018,Burney Forest Products,304106.504581381,2017
101243,Dicalite Minerals Corp.,27116.2013290647,2017
104022,PG&E Burney Compressor Station,36920.2623624653,2017
100043,Sierra Pacific Industries (SPI) - Burney,215169.175651606,2017
104023,PG&E Tionesta Compressor Station,29100.7908337432,2017
3059,City of Shasta Lake - Electric,0.0,2017
101447,Knauf Insulation,22996.041952,2017
101681,Sierra Pacific Industries (SPI) - Shasta Lake,45637.885093577,2017
101250,Collins Pine Co.,66674.0048061812,2017
101747,PG&E Gerber Compressor Station,58976.8500446432,2017
100368,"California Power Holdings, LLC-Red Bluff Facility, 96080",11153.8715728,2017
104669,Pactiv - Red Bluff,11194.8909216,2017
104639,Trinity Public Utility District (PUD),0.0,2017
101702,Roseburg Forest Products,146645.973394354,2017
104620,Timber Products Company Yreka Veneer,17392.8840316,2017
104579,Surprise Valley Electrification Corp.,0.0,2017
104714,Tuscarora Gas Transmission - Shoetree Compressor Station,10064.8606767209,2017
3100,Plumas-Sierra REC,3843.03768,2017
5036,City of Susanville Gas Utility,12962.7245488,2017
104009,High Sierra Cogeneration,11872.922872,2017
3039,Lassen Municipal Utility District,0.0,2017
100029,HL Power Company,216554.490419137,2017
104099,Liberty Utilities (CalPeco Electric) LLC,88356.7673189509,2017
3063,Truckee Donner Public Utility District,61716.6377124794,2017
2127,Portland General Electric Company,408159.060067767,2017
101135,NRG Energy - El Cajon,0.0,2017
2044,Bonneville Power Administration - Marketer,2150.28818648824,2017
4000,Bonneville Power Administration - AO/CS,0.0,2017
3003,PacifiCorp,756736.312579412,2017
104546,"Ed Staub & Sons Petroleum, Inc.",23450.21238124,2017
104462,Puget Sound Energy,233.63823412318,2017
104001,BP West Coast Products LLC (BPWCP) - Terminals,7352965.81163199,2017
104567,Tacoma Power - ACS,0.0,2017
104677,Avista Utilities,13153.8771630548,2017
104674,CWP Energy,1947.504768,2017
104573,"MAG Energy Solutions, Inc. - EPE",12033.14186004,2017
104120,Brookfield Energy Marketing LP,9933.785406,2017
104557,"Plains Marketing, L.P.",105400.72012088,2017
104230,TransCanada Energy Sales Ltd.,128807.90112,2017
2312,"TransAlta Energy Marketing (US), Inc.",140627.538541271,2017
3101,Powerex Corp - AO/CS,0.0,2017
2243,Powerex Corp. - Marketer,511884.539129392,2017
3006,3 Phases Renewables,370024.76352,2018
104356,3M Corona,15246.683376,2018
104796,AAK Richmond,12789.0464288,2018
104213,ABI Foundry,18486.6888431933,2018
104347,"Aemetis Advanced Fuels Keyes, Inc.",78140.453056,2018
104018,Aera Energy Coastal Basins,427736.561102987,2018
104016,Aera Energy San Joaquin Basin,3241464.47232857,2018
104017,Aera Energy Ventura Basin,26000.2299721789,2018
101321,"AES Alamitos, LLC",686627.622806,2018
100194,"AES Huntington Beach, LLC",201648.6051708,2018
100257,AES Redondo Beach LLC,194684.9951844,2018
104659,Agera Energy LLC,0.0,2018
101701,Air Liquide El Segundo Hydrogen Plant,574149.928260395,2018
101749,Air Liquide Large Industries US L.P. - Rodeo Hydrogen Plant,863632.615543752,2018
101017,"Air Products & Chemicals, Inc., Martinez",260248.403,2018
101248,Air Products Carson Hydrogen Plant,729776.205378663,2018
101512,"Air Products Manufacturing Corporation, Sacramento",49678.7946736603,2018
100127,Air Products Wilmington Hydrogen Plant,809984.31081863,2018
3022,Alameda Municipal Power,0.0,2018
101433,"Algonquin Power Sanger, LLC",66723.266188144,2018
104345,All American Asphalt - Corona,12925.0275072,2018
104666,All American Asphalt - Irvine,9472.0464288,2018
104406,Allergan,7864.0975088,2018
100884,Alon Bakersfield Refinery - Area 3,0.0,2018
101237,Alon Bakersfield Refinery - Areas 1&2,18849.726017647,2018
104499,Alon Bakersfield Refinery - Areas 1&2 - Fuel Supplier,0.0,2018
101371,AltaGas Pomona Energy Inc (San Gabriel Energy Facility),0.0,2018
100283,AltaGas Ripon Energy Inc.,5299.133056,2018
101056,AltAir Paramount LLC,29216.4920233716,2018
104759,AltAir Paramount LLC - Fuel Supplier,24311.4698999999,2018
104027,Ameresco Chiquita Energy LLC,35678.0573737706,2018
104637,Ameresco Forward LLC,16178.260419486,2018
101657,Ameresco Half Moon Bay,45958.1736412597,2018
101748,Ameresco Keller Canyon,16023.9118304985,2018
104636,Ameresco San Joaquin LLC ,17288.5851803238,2018
101656,Ameresco Santa Cruz,11872.85039523,2018
104634,Ameresco Vasco Road,17702.0266488395,2018
104727,"American PowerNet Management, LP",0.0,2018
104544,"AmeriGas Propane, L.P.",107173.811779696,2018
101179,Amgen Inc.,20016.561006912,2018
101666,"Ampersand Chowchilla Biomass, LLC, 93610",91294.03546092,2018
104487,Ampine: A Division of Timber Products,9993.80491556,2018
100943,Anheuser-Busch LLC - Fairfield,16364.046,2018
101473,Anheuser-Busch LLC - Los Angeles Brewery,39858.6869158072,2018
104578,Anza Electric Cooperative,0.0,2018
104722,AOT Energy Americas LLC,14508.7302399999,2018
104003,"Apex Oil Company, Inc.",379518.490983,2018
104833,Apple Inc - Bloom Energy Servers,11107.810384,2018
104725,Apple Valley Choice Energy,0.0,2018
100234,Applied Energy LLC - NAS North Island,17791.988739344,2018
100229,Applied Energy LLC - NTC/MCRD,11467.6291184128,2018
101390,Applied Energy LLC - U.S. Naval Station,23336.5651350531,2018
104761,Applied Natural Gas Fuels,124611.97810768,2018
104042,Archer Daniels Midland,76451.89782,2018
101715,Arcosa LWFP LLC,25685.5348723559,2018
104673,Arcturus Manufacturing,0.0,2018
101342,Ardagh Glass Inc.,83804.7708032,2018
2098,Arizona Electric Power Cooperative,9874.90351223259,2018
104131,Arizona Public Service Company,58705.6118242934,2018
2292,Avangrid Renewables,187494.973658143,2018
101696,Avenal State Prison,16646.3357120488,2018
104677,Avista Utilities,1800.6140315964,2018
104379,"Azteca Milling, L.P.",13064.1610624,2018
3024,Azusa Light and Water,41794.50816,2018
100897,Badger Creek Limited,3914.06212288,2018
104334,"Baker Commodities, Inc., Kerman Division",21863.7852512,2018
104621,"Baker Commodities, Inc., Vernon Division",15537.1941968,2018
104542,Baxalta US Inc.,8046.9146272,2018
104165,Bayer Healthcare,14578.7775632,2018
100890,Bear Mountain Limited,17778.536208,2018
3000,Bear Valley Electric Service (BVES),0.0,2018
104623,Belridge Gas Plant - NGL Supplier,101950.358200386,2018
100895,Berry Petroleum Company - Placerita,230688.167488682,2018
104094,Berry Petroleum Company - San Joaquin Basin,1178319.96059677,2018
3026,Biggs Municipal Utilities,0.0,2018
100120,Biola University,8613.7288944,2018
100053,Blue Lake Power,0.0,2018
100342,Blythe Energy,1089802.332616,2018
104054,BNSF Railway - Barstow,443444.753664,2018
104064,BNSF Railway - Commerce,266004.85312,2018
104065,BNSF Railway - Richmond,140475.207296,2018
4000,Bonneville Power Administration - AO/CS,0.0,2018
2044,Bonneville Power Administration - Marketer,1329.17832,2018
104692,Boston Energy Trading and Marketing,0.0,2018
101676,Bottle Rock Power - Geothermal,0.0,2018
104680,"Bowerman Power LFG, LLC",81767.8602423988,2018
104074,Boyett Petroleum,321731.549206999,2018
2113,BP Energy Company,174802.575268617,2018
104001,BP West Coast Products LLC (BPWCP) - Terminals,7324022.809645,2018
100389,Braun Medical Inc,52313.2547229833,2018
100061,"Brea Generation, LLC",122158.654092682,2018
104075,Breitburn Operating LP - Los Angeles Basin Facility,21765.4675874027,2018
100904,"Bridge Energy, LLC",30758.5266409289,2018
104120,Brookfield Energy Marketing LP,17461.33716,2018
3027,Burbank Water and Power,341015.452802435,2018
100018,Burney Forest Products,345765.410972239,2018
104077,BWP/MPP Electricity Generating Facilities at 164 W. Magnolia,615279.66833507,2018
100002,Calciner,282970.621476752,2018
100692,CalEnergy Operating Corporation - J J Elmore - Geothermal,5641.39,2018
100703,CalEnergy Operating Corporation - J M Leathers - Geothermal,22192.8,2018
100712,CalEnergy Operating Corporation - Region 1 - Geothermal,68675.412577858,2018
100716,CalEnergy Operating Corporation - Region 2 - Geothermal,36409.07,2018
104411,"California Dairies, Inc. Artesia",10048.7026269367,2018
100959,"California Dairies, Inc. Fresno",28276.1639044097,2018
104410,"California Dairies, Inc. Los Banos",1822.50441732574,2018
101509,"California Dairies, Inc. Tipton",39636.5422140354,2018
101190,"California Dairies, Inc. Turlock",34019.1984296676,2018
101197,"California Dairies, Inc. Visalia",61479.875181545,2018
104711,"California Dairies, Inc., Turlock North",19051.004491008,2018
3072,"California Department of Water Resources (DWR), State Water Project",0.0,2018
100327,California Institute of Technology (CalTech),59808.0096912,2018
104662,California Medical Facility,12158.7952,2018
104353,California Natural Products,21992.494535636,2018
104135,California Paperboard Corporation,2126.3456016,2018
104362,California Polytechnic State University,10677.427805116,2018
101060,"California Power Holdings, LLC-Chowchilla Facility, 95360",10251.865168,2018
100368,"California Power Holdings, LLC-Red Bluff Facility, 96080",7787.3288608,2018
104014,"California Resources Elk Hills, LLC - 35R Gas Plant",3295486.88376888,2018
104072,California Resources Production Corporation - 760 Los Angeles Basin,276431.464959403,2018
104029,California Resources Production Corporation - Sacramento Valley Basin 730,104660.378036253,2018
104030,California Resources Production Corporation - San Joaquin Valley Basin 745,1291044.70999273,2018
104033,California Resources Production Corporation - Ventura Basin 755 incl. SCVGP Gas Plant,89796.4621228919,2018
104657,California State Prison - Corcoran,10021.240792,2018
104736,California State Prison - Sacramento,14776.0461872,2018
100235,"California State University, Channel Islands",26185.04176336,2018
104350,"California State University, Fullerton",19581.14685536,2018
101399,"California State University, San Diego",42317.198024,2018
100131,"California State University, San Jose",27618.6210352,2018
100954,California Steel Industries,176672.727661216,2018
101405,CalPeak Power - Border,6675.507644,2018
101662,CalPeak Power - Enterprise,7041.190208,2018
100376,"CalPeak Power - Panoche, LLC",8278.377524,2018
100377,"CalPeak Power - Vaca Dixon, LLC",6511.303644,2018
101496,"Calpine - CCFC Sutter Energy, LLC",236090.8344576,2018
104332,Calpine - CPN Pipeline,304747.278656,2018
101526,"Calpine - Delta Energy Center, LLC",1200263.720864,2018
101527,"Calpine - Geysers Power Company, LLC - Geothermal",207652.359,2018
100178,"Calpine - Gilroy Cogen, L.P., Gilroy Cogen_Peaker",88402.1153152,2018
100337,"Calpine - Gilroy Energy Center, LLC, Feather River",21341.949504,2018
101528,"Calpine - Gilroy Energy Center, LLC, Riverview Peaker",10842.821888,2018
101276,"Calpine - Gilroy Energy Center, LLC, Wolfskill Peaker",5765.2750464,2018
101300,"Calpine - King City Cogen, LLC, King City Cogen_Peaker",179434.5320224,2018
101143,"Calpine - Los Esteros Critical Energy Facility, LLC",160205.7184992,2018
100338,"Calpine - Los Medanos Energy Center, LLC",1291705.6252016,2018
100343,"Calpine - Metcalf Energy Center, LLC",811260.927168,2018
101426,Calpine - O.L.S. Energy - Agnews Inc. 95134,8306.723296,2018
101746,Calpine - Otay Mesa Energy Center,197227.970848,2018
100345,Calpine - Pastoria Energy Facility L.L.C.,1631861.942544,2018
104456,Calpine - Russell City Energy Center,389863.5366208,2018
101211,"Calpine - Yuba City Energy Center (Gilroy Energy Center, LLC)",19978.237928,2018
3010,Calpine Corporation,293236.937203311,2018
3018,"Calpine Energy Solutions, LLC",0.0,2018
101029,"CalPortland Company, Mojave Plant",1109761.78770639,2018
100013,"CalPortland Company, Oro Grande Plant",1065644.6736484,2018
100936,"Campbell Soup Supply Company, L.L.C. - Dixon",30759.794348352,2018
104199,"Campbell Soup Supply Company, L.L.C. - Stockton",24196.208102,2018
104008,Canyon Power Project (CPP),105031.89796504,2018
2214,"Cargill Power Markets, LLC",0.0,2018
104748,Carlsbad Energy Center Project,72141.5975232,2018
101734,Carlton Forge Works,35642.028535998,2018
100129,Carson Cogeneration Co,0.0,2018
104660,Cedars-Sinai Medical Center,17242.29672,2018
101476,Cemex Construction Materials Pacific LLC - Victorville Plant,2097699.5318345,2018
104755,Centennial Energy LLC,16854.633968464,2018
101015,Central Contra Costa Sanitary District,72859.1702681469,2018
104743,Central Valley Meat,11796.2550608,2018
100917,CertainTeed Corporation,57782.992252053,2018
101520,Chalk Cliff Limited,7724.5738744,2018
104628,Chapel Street Environmental II,4410.59609449174,2018
104707,"Chemtrade West US, LLC",10407.050668032,2018
104013,Chevron 17Z Gas Plant,43237.2755350063,2018
104011,Chevron AAPG 740 Coastal Basin,221919.341111631,2018
104012,Chevron AAPG 745 San Joaquin Basin,2503227.27672627,2018
100138,"Chevron Products Company - El Segundo Refinery, 90245",3398468.23458691,2018
104223,Chevron Products Company - Headquarters Fuel Supplier,33542308.7490156,2018
101384,"Chevron Products Company - Richmond Refinery, 94802",4549706.37319572,2018
104195,Chevron SJVBU Natural Gas Sales,112529.6107668,2018
104393,Children's Hospital Los Angeles,14552.74044,2018
101252,Chula Vista Energy Center,3233.685788,2018
2428,Citigroup Energy Inc.,4912.17312,2018
101221,"City of Anaheim, Combustion Turbine Generator",19853.6540584,2018
3023,"City of Anaheim, Public Utilities Department, Anaheim City Hall West",1139378.14629272,2018
3025,City of Banning Electric Department,0.0,2018
3029,City of Cerritos,0.0,2018
3031,City of Colton - EPE,3.05592,2018
101667,City of Colton - Generation,4667.107012,2018
3032,City of Corona Dept. of Water & Power - EPE,0.0,2018
104642,City of Hope National Medical Center,14105.423088,2018
3030,City of Industry,0.0,2018
104641,City of Lancaster,0.0,2018
3041,City of Lompoc,0.0,2018
3047,City of Needles,18022.94304,2018
3048,City of Palo Alto - Electric Power Entity,0.0,2018
5011,City of Palo Alto - Gas Utility,153504.179072,2018
104399,City of Palo Alto Water Quality Control Treatment Plant,30216.5629922898,2018
3056,City of Riverside Public Utilities,632423.660593299,2018
104547,"City of San Diego, Public Utilities Dept, North City Water Reclamation Plant",2203.23521581741,2018
101564,"City of San Diego, Public Utilities Dept, Point Loma Treatment Plant",19585.7064348606,2018
104330,"City of San Diego, Public Utilities Dept, Pump Station 2",12057.32790464,2018
3059,City of Shasta Lake - Electric,0.0,2018
5036,City of Susanville Gas Utility,11118.212496,2018
3065,"City of Ukiah, Electric Utilities Division",0.0,2018
100328,"Civic Center Cogen, LA County",79267.0363036288,2018
104536,Clean Energy,129937.607265424,2018
104749,Clean Power Alliance,0.0,2018
104705,CleanPowerSF,0.0,2018
104485,CMO Inc,9522.0699268,2018
101516,Coalinga Cogeneration Facility,0.0,2018
101250,Collins Pine Co.,76000.632813917,2018
104570,Comision Federal de Electricidad (CFE),11818.98888,2018
104646,Commercial Energy of California,0.0,2018
101503,ConAgra - Oakdale,60184.456711136,2018
3012,"Constellation NewEnergy, Inc.",219225.53669392,2018
100150,"Corona Energy Partners, Ltd.",0.0,2018
100690,Coso Energy Developers (BLM E&W) - Geothermal,93755.63,2018
101670,Coso Finance Partners (Navy I) - Geothermal,86990.8,2018
101669,Coso Power Developers (Navy II) - Geothermal,174837.2,2018
101264,"Covanta - Stanislaus, Inc",262214.222353232,2018
101519,CP Kelco San Diego,96830.6259789579,2018
104488,Crimson Resource Management Corp,58380.6053605438,2018
101263,"Crockett Cogeneration Project, LP",668770.992544,2018
104349,"Custom Alloy Light Metals, Inc.",11161.3812608,2018
104674,CWP Energy,10092.39408,2018
104338,Darling Ingredients Inc - Fresno,12141.626408,2018
104337,Darling Ingredients Inc - Los Angeles,17641.9129584,2018
104339,Darling Ingredients Inc - Turlock,16353.87144,2018
101260,Dart Container Corporation of California,14400.34206912,2018
101214,Del Monte - Hanford,25280.121387328,2018
104138,Del Monte - Modesto,13757.5679712,2018
104489,"Delano Energy Center, LLC",3949.753632,2018
104655,Delano Growers Grape Products,17743.4260426491,2018
101709,DeMenno/Kerdoon,26217.4247056,2018
100026,DG Fairhaven Power LLC,69257.13362592,2018
104433,"Diamond Pet Food Processors of California, LLC - Lathrop",11419.23688,2018
104690,"Diamond Pet Food Processors of California, LLC - Ripon",11408.0864528,2018
101243,Dicalite Minerals Corp.,27161.0150583582,2018
2264,"Direct Energy Business, LLC (fka Strategic Energy)",354168.67094403,2018
101218,Disneyland Resort,18963.4170850984,2018
100157,Double C Limited,14434.7401552,2018
101733,Dow Chemical Company - Pittsburg,49452.9390405725,2018
104663,DSH-Napa State Hospital,16910.384432,2018
104742,"DTE Energy Trading, Inc.",188927.45184,2018
104455,"DTE Stockton, LLC",555368.476648325,2018
100221,"Dynegy Moss Landing, LLC",1557959.04346199,2018
101351,"Dynegy Oakland, LLC.",4659.1018372417,2018
100958,E & J Gallo Winery - Fresno,26886.5778175501,2018
104640,E & J Gallo Winery - Livingston,17910.8857160066,2018
104215,E&B Natural Resources - San Joaquin Valley,520529.719643313,2018
101355,E.F. Oxnard LLC,76980.6904,2018
104581,Eagle Petroleum - Lynch Canyon Field,31322.9177585,2018
104758,East Bay Community Energy,0.0,2018
101511,East Bay Municipal Utility District,35497.785137314,2018
3033,Eastside Power Authority,0.0,2018
100259,Eco Services - Dominguez,32487.5577664,2018
100258,Eco Services - Martinez,14058.512971936,2018
104546,"Ed Staub & Sons Petroleum, Inc.",23449.479294832,2018
104452,"EDF Industrial Power Services (CA), LLC",0.0,2018
104067,"EDF Trading North America, LLC",144762.989387788,2018
104204,Edwards Air Force Base,20553.4723155335,2018
104374,Eisenhower Medical Center,19437.566928,2018
104079,"El Cajon Energy, LLC",10133.854404,2018
104735,Elbow River Marketing Ltd.,29237.824966626,2018
104341,Elk Grove Asphalt Terminal,7244.3439216,2018
104622,Emidio Pump Station - Shell Pipeline Company,7253.6156,2018
100167,Encina Water Pollution Control Facility,15130.2157565973,2018
101738,"Energy 2001, Placer WRSL",12351.6945561653,2018
101607,Energy Center San Francisco LLC,60193.5565424,2018
104787,Equinix - Great Oaks,13733.2404,2018
104788,Equinix - Lundy,10722.55272,2018
104458,"ERG Operating Company, LLC. 750 Santa Maria Basin",38292.4666902835,2018
104200,"Escalon Premier Brands, a Division of Kraft Heinz Company",24589.212896,2018
104078,"Escondido Energy Center, LLC",14318.288044,2018
100393,Etiwanda Generating Station,1.9118789965307,2018
2078,"Exelon Generation Company, LLC",372785.527816598,2018
104460,ExxonMobil LFC Facility,1.44180814518,2018
104459,ExxonMobil POPCO Facility,0.0,2018
104519,"Ferrellgas, LP",24996.4894327257,2018
104041,Flint Hills Resources LP,1348561.732616,2018
104102,Flyers Energy,2024162.331432,2018
104541,Foster Dairy Farms DBA Crystal Creamery,14083.348134568,2018
104548,Foster Farms Porterville Plant ,9294.3985232,2018
104549,Foster Farms Traver Complex ,9315.2186688,2018
101575,"Foster Poultry Farms - Livingston Complex, 95334",46245.5768481139,2018
101544,"Fresno Cogeneration Partners, LP",3991.737255592,2018
101613,Fresno-Clovis Regional Wastewater Reclamation Facility,4264.43565477688,2018
101235,Frito Lay - Kern Plant,52953.9400522944,2018
104207,Frito Lay - Modesto,26052.752904,2018
104734,Frito Lay - Rancho Cucamonga,10610.15424,2018
101683,"G2 Energy Ostrom Road, LLC",24595.3362854149,2018
103018,Gallo Glass Company,141030.687144,2018
104763,Garberville Gas Corporation,19364.60202219,2018
104559,Genentech - Vacaville,11367.2210128,2018
101451,Genentech Inc South San Francisco,30859.11244,2018
100248,"GenOn Delta, Pittsburg Generating Station 94565",16.7488469694,2018
104474,GenPower Lincon Landfill Power Plant,12340.9466954507,2018
101700,Georgia-Pacific Gypsum LLC - Antioch,45319.666816,2018
104507,"Gexa Energy California, LLC",0.0,2018
104484,Glencore Ltd.,0.0,2018
3034,Glendale Water & Power,298799.051367997,2018
100180,"Goal Line LP, 92025",14696.1038336,2018
104730,Goodrich Corporation,8785.3868,2018
101231,"Grade 6 Oil, LLC",227442.558633409,2018
100147,"Graphic Packaging International, Inc.",0.0,2018
100181,Grayson Power Plant,115579.308923842,2018
101155,Greka Santa Maria Refinery ,15217.6872517754,2018
3035,Gridley Electric Utility,0.0,2018
101721,"Guardian Industries, LLC",120360.242290688,2018
104473,Guzman Energy,65746.37256,2018
104716,Guzman Renewables Energy Partners,2274.04104,2018
101542,Hanford Energy Park Peaker,9840.282824,2018
100186,"Harbor Cogeneration Company, LLC",12.81404121792,2018
104672,Harris Ranch Beef Company,10514.571568,2018
104747,"Hartland Fuel Products, LLC ",17663.961362896,2018
3036,Healdsburg Electric Dept.,0.0,2018
101364,Henrietta Peaker Plant,18614.736932,2018
104360,"HGST, Inc",18406.7866224,2018
101478,"High Desert Power Project, LLC",1220042.9298976,2018
104009,High Sierra Cogeneration,18284.4132048,2018
100189,High Sierra Limited,15343.39966592,2018
101288,Hilmar Cheese Company,68111.883844119,2018
100029,HL Power Company,258410.092044966,2018
104368,Hoag Memorial Hospital Presbyterian,23170.0020885244,2018
104426,Holmes Western Oil Corporation,31903.077330908,2018
104580,Hood Dairy,20041.685504,2018
104364,"Houweling Nurseries Oxnard, Inc",35471.2178416,2018
104346,Hudson Ranch Power I - Geothermal,24713.4,2018
100040,Humboldt Sawmill Company,299669.112698798,2018
104377,Huntington Memorial Hospital,15458.4199438365,2018
104713,Hyperion Water Reclamation Plant,95740.4971522792,2018
104834,IBE Project - Bloom Energy Servers,12596.426912,2018
104708,Idaho Power,59842.900067833,2018
104229,Idemitsu Apollo Corporation,2596893.131809,2018
101318,"Imerys Filtration Minerals, Inc.",36169.6759426147,2018
3038,Imperial Irrigation District (IID),1149274.50540163,2018
100162,"Imperial Irrigation District (IID), El Centro Generating Station",325628.20584576,2018
101307,"Imperial Irrigation District (IID), Niland Gas Turbine Plant",35691.2121136,2018
101008,Ingomar Packing Company,81965.8775089082,2018
100323,Ingredion Incorporated Stockton Plant,82286.9790304,2018
101686,"Inland Empire Energy Center, LLC.",79382.506236,2018
5045,"IPC (USA), Inc.",373650.343704999,2018
104465,Ivanpah Solar Electric Generating System,73052.7588527764,2018
104335,J. Aron & Company LLC,14088.26448,2018
101705,J. G. Boswell Tomato Company Kern,36843.6597616,2018
104224,J.G. Boswell Company West Processing Townsite,9863.0437744,2018
101504,J.G.Boswell Tomato Company Kings,33335.478496,2018
104320,Jaco Oil Company,1739650.535193,2018
104216,John Wayne Airport Orange County,10909.6980498967,2018
104122,Johns Manville,15608.4525744,2018
104538,JP Oil,24433.887301766,2018
104004,JR Simplot Company,7686.116268222,2018
104562,JS West and Companies,0.0,2018
3011,Just Energy Solutions Inc.,0.0,2018
104421,"K2 Pure Solutions, Inc",11403.554104,2018
104376,"Kaiser Aluminum Fabricated Products, LLC",13846.81225424,2018
104832,Kaiser Permanente - Bloom Energy Servers,14094.86176,2018
104355,Kaweah Delta Medical Center,18482.8,2018
100202,Kern Front Limited,10388.50858496,2018
5044,Kern Front Natural Gas Pipeline (WCAC),55059.121824,2018
104498,Kern Oil - Fuel Supplier,2537448.43677799,2018
101507,Kern Oil Refinery,128682.994680262,2018
101514,Kern River Cogeneration Facility,476100.9745,2018
5017,Kern River Gas Transmission Company,0.0,2018
100199,KES Kingsburg L.P.--Kingsburg Cogeneration Facility,2730.9895904,2018
101100,"Kiefer Landfill, Department of Waste Management and Recycling",124297.03836818,2018
100962,Kimberly Clark Worldwide Inc.,64545.3543984,2018
104047,"Kinergy Marketing, LLC",151552.18712,2018
104774,King City Community Power,0.0,2018
104425,Kirby Hills Compressor Station,8671.2615759457,2018
3001,Kirkwood Meadows PUD Powerhouse,0.0,2018
104800,Kiva Energy Inc.,84808.32292016,2018
101447,Knauf Insulation,20329.377024,2018
104354,Kraft Heinz Foods Company - Tulare,20040.199488,2018
100205,Kyocera International Inc.,8057.75254672121,2018
100339,La Paloma Generating Plant - GHG,422208.8879012,2018
104211,La Rosita Power - Marketing,604590.541006901,2018
104569,LAC+USC Medical Center,22616.0914656,2018
101327,LACSD - Calabasas LF,28805.8406651761,2018
100064,LACSD - Commerce Refuse To Energy,54320.767834125,2018
101487,LACSD - Joint Water Pollution Control Plant,107100.57651512,2018
100071,LACSD - Puente Hills Landfill,134971.964503448,2018
101373,LACSD - Spadra Landfill,0.0,2018
101465,"Land O' Lakes, Inc.",59243.490679,2018
104762,"Lansing Trade Group, LLC",29816.6285696058,2018
3039,Lassen Municipal Utility District,0.0,2018
104656,Lathrop Irrigation District,0.0,2018
101708,Lawrence Livermore National Laboratory (LLNL),24203.8545939066,2018
101265,Lehigh Southwest Cement Co - Cupertino,875981.173831976,2018
101381,Lehigh Southwest Cement Co - Redding,318226.843615148,2018
101461,Lehigh Southwest Cement Co - Tehachapi,629435.049443496,2018
104106,Leprino Foods - Lemoore East,23159.5009808,2018
101716,Leprino Foods - Lemoore West,48864.793612528,2018
104105,Leprino Foods - Tracy,16454.1297552,2018
104052,Lhoist North America - Natividad Plant,84229.20977947,2018
101499,Liberty Packing - Los Banos (Morning Star),87240.9371056,2018
104451,"Liberty Power Holdings, LLC",0.0,2018
104099,Liberty Utilities (CalPeco Electric) LLC,66156.55866072,2018
101044,Live Oak Limited,10978.41076432,2018
101574,Lockheed Martin Aeronautics Company - Palmdale,15772.408876224,2018
101623,Lockheed Martin Corporation - Sunnyvale,22015.0304751149,2018
104424,Lodi Compressor Station,13648.281015359,2018
3040,Lodi Electric Utility,0.0,2018
104172,Lodi Energy Center,547701.026416,2018
100207,Loma Linda University,57106.2800437556,2018
5003,Long Beach Gas & Oil Dept (LBGO),487648.489284,2018
3042,Los Angeles Department of Water & Power (LADWP),6632629.96336803,2018
100185,Los Angeles Department of Water & Power-Harbor Generating Station (LADWP),29167.300512087,2018
100187,Los Angeles Department of Water & Power-Haynes Generating Station (LADWP),1229228.48302516,2018
101004,Los Angeles Department of Water & Power-Scattergood Generating Station (LADWP),716330.634058824,2018
101325,Los Angeles Department of Water & Power-Valley Generating Station (LADWP),591000.738260889,2018
101323,Los Angeles International Airport (LAX),23963.0375968,2018
101246,Los Angeles Refinery (LAR),6367797.26128226,2018
100972,Los Gatos Tomato Products,59455.5160816,2018
101162,"Lunday-Thagard Company, DBA World Oil Refining",37660.815852356,2018
100682,Luz Solar Partners LTD,17009.981310864,2018
101291,Luz Solar Partners LTD VIII & IX,22103.542044672,2018
101234,Macpherson Oil Company,177025.037543041,2018
2112,Macquarie Energy LLC,208032.19056,2018
104573,"MAG Energy Solutions, Inc. - EPE",26689.96872,2018
101192,MAGTFTC MCAGCC Twentynine Palms,56845.2914450816,2018
101687,"Malaga Power, LLC",15699.927424,2018
100314,Malburg Generating Station,214482.14246,2018
100210,Mandalay Generating Station,0.0,2018
104676,"Mansfield Oil Company of Gainesville, Inc",20659.7095999999,2018
104463,Marin Clean Energy,0.0,2018
104169,Mariposa Energy LLC,65308.131284,2018
101332,Martinez Cogen Limited Partnership,374608.274371564,2018
104384,"Maruchan, Inc. - Laguna Canyon",20819.6538684807,2018
104633,Matchmaster Dyeing & Finishing,24529.48036,2018
104805,MATRIX OIL CORP,12022.085,2018
104613,"Matsui Nursery, Inc.",12663.9960002291,2018
100296,McKittrick Limited,10904.756912,2018
3044,Merced Irrigation District (MeID),0.0,2018
101665,"Merced Power, LLC, 95340",92507.783147374,2018
100878,Metropolitan State Hospital,4289.67617956,2018
2046,Metropolitan Water District of Southern California (MWD),280669.22616,2018
101703,"Midstream Energy Partners, USA, LLC",843504.189992436,2018
101744,"Midway Peaking, LLC",30228.82806,2018
100215,Midway-Sunset Cogeneration,542718.631970944,2018
104737,Milk Specialties Global,12961.3075264,2018
101297,MillerCoors USA LLC.,24341.9292945255,2018
104397,Mira Loma Metal Container Corp,10881.564448,2018
100036,Miramar - MM and Miramar Energy,47032.0994389217,2018
104629,Mission Bell Winery ,13330.991,2018
104658,Mission Foods Corporation,12861.8346768,2018
101010,Mitsubishi Cement 2000,1178861.92714309,2018
101217,"Mizkan America, Inc.",20152.89788,2018
100088,MM Lopez Energy LLC,10722.5781551824,2018
101711,MM Prima Deshecha Energy LLC,27336.6142231069,2018
100097,MM San Diego LLC - North City,15985.6360996754,2018
100051,MM Tajiguas Energy LLC,15313.4779281051,2018
101484,MM West Covina LLC,39687.1340196909,2018
101209,MM Yolo Power LLC,10176.1457170428,2018
101359,"Modesto Irrigation District - Ripon Generation Station, 95366",15705.433768,2018
3045,Modesto Irrigation District (MID),532170.3069,2018
101028,"Modesto Irrigation District (MID) - Woodland Generation Station, 95351",223956.0749148,2018
5019,Mojave Pipeline Operating Company (MPOC),0.0,2018
104726,Monterey Bay Community Power,0.0,2018
101329,Monterey Regional Waste Management District,13084.0625530652,2018
3046,Moreno Valley Utility (MVU),0.0,2018
2369,Morgan Stanley Capital Group Inc. - EPE,473976.12879932,2018
101498,Morning Star Packing Company - Los Banos,59124.7660704,2018
101536,Morning Star Packing Company - Williams,103496.0362464,2018
104418,"Morton Salt, Inc.",0.0,2018
104322,MP Mine Operations LLC,138.299001932,2018
101228,Mt. Poso Cogeneration Company,290057.821900668,2018
104438,Musket Corporation,326962.612581936,2018
104097,Naftex Operating Company,33044.5558582022,2018
104405,NASA Ames Research Center,16216.441496,2018
101314,National Cement Company - Lebec,830444.322334079,2018
104408,Naval Air Station Lemoore,9642.36058164025,2018
104789,Naval Air Station North Island,14343.24561936,2018
104214,Naval Air Weapons Station China Lake,11790.985888319,2018
104035,Naval Medical Center - San Diego,20287.5792051587,2018
104732,NCPA - CT1 Alameda,8217.6790944,2018
104551,"Nebraska Corn Processing, LLC",14054.067505,2018
104717,"Neste US, Inc.",1590926.018432,2018
2388,Nevada Power Company (dba NV Energy),19439.5275873769,2018
101697,"New NGC, Inc - Long Beach",34854.986696112,2018
104415,"New NGC, Inc - Richmond",29711.0217856,2018
104136,Newark Pacific Paperboard,24940.735288,2018
100195,"New-Indy Ontario, LLC Linerboard Mill",228781.2491264,2018
101356,New-Indy Oxnard LLC,117992.999165956,2018
104611,"Newport Fab, LLC (DBA TowerJazz Semiconductor)",11501.7850688,2018
104225,"Nextera Energy Marketing, LLC",125507.07096,2018
104420,"Nong Shim America, Inc.",11715.1769664,2018
104457,"Nor-Cal Beverage Company, Inc. - Anaheim",13523.382464,2018
104323,North Baja Pipeline,0.0,2018
101529,Northern California Power Agency - Geothermal Plant No. 1,20515.2,2018
101530,Northern California Power Agency - Geothermal Plant No. 2,23801.0,2018
2215,Northern California Power Agency (NCPA),41303.46639,2018
101358,Northrop Grumman - Palmdale,11483.209497296,2018
104227,Northrop Grumman Marine Systems - Sunnyvale,16461.4377749072,2018
104324,Northrop Grumman Systems Corp. - Redondo Beach,11131.2575936,2018
100076,NOVE Power Plant,752.74797985233,2018
101135,NRG Energy - El Cajon,0.0,2018
100164,NRG Energy - El Segundo,485579.051668,2018
101534,NRG Energy - Encina,233880.923959232,2018
101408,NRG Energy - Kearny 2 and 3,0.0,2018
100208,NRG Energy - Long Beach,21478.285948,2018
104217,"NRG, Marsh Landing Generating Station ",139464.453253992,2018
101500,Olam West Coast Inc - Williams,36827.881456,2018
101213,Olam West Coast Inc- Lemoore,43819.0188656,2018
104069,"Olam West Coast, Inc. - Firebaugh",30365.7975856,2018
101284,"Olam West Coast, Inc. - Gilroy",35316.974688,2018
104378,"Olive View Medical Center, Los Angeles County Department of Health Services",18437.6479904,2018
100236,OLS Energy Chino,18702.5144208,2018
101745,Orange County Central Utility Facility,36406.442129,2018
100255,Orange County Sanitation District - Plant 1,26802.0240960415,2018
101280,Orange County Sanitation District - Plant 2,31352.3992140094,2018
104053,Orange Grove Energy Center,20373.7326,2018
104675,Orange Plant - R.J. Noble,11197.1570951083,2018
104495,"Ormat Nevada, Inc. / ORNI 18 North Brawley - Geothermal",32980.023141366,2018
100695,"Ormat Nevada, Inc./ GEM 2 & 3 - Geothermal",12418.752231331,2018
101357,Ormond Beach Generating Station,119926.933722694,2018
100106,Otay Landfill Gas LLC,22351.2856587806,2018
101154,"Owens Corning Insulating Systems, LLC Santa Clara",17193.0072688,2018
104778,"Owens Corning Roofing and Asphalt, LLC",10209.4128752,2018
101183,"Owens-Brockway Glass Container, Tracy",86233.5168976,2018
101475,"Owens-Brockway Glass Container, Vernon",58407.921163808,2018
104419,"PABCO Clay Products, LLC, dba Gladding McBean",14734.75723264,2018
104733,PABCO Gypsum Newark,28674.34846556,2018
104383,PABCO Paper,17870.7301988339,2018
104616,Pacific Clay Products,11083.0151456,2018
101674,Pacific Coast Energy Company LP,34992.927123846,2018
101207,Pacific Coast Producers,34835.452432,2018
104740,Pacific Continental Textiles,7557.95166331971,2018
104540,"Pacific Ethanol Madera, LLC",40212.2988176,2018
104048,"Pacific Ethanol Stockton, LLC",63015.251488,2018
3002,Pacific Gas and Electric Company (PG&E) - Electric Power Entity,876352.29024,2018
104025,"Pacific Gas and Electric Company (PG&E) - Gas Distribution System Fugitive Emissions (San Francisco, CA)",497298.773043059,2018
104024,Pacific Gas and Electric Company (PG&E) - Supplier of Natural Gas ,41664524.9368522,2018
101298,Pacific Ultrapower Chinese,281662.576658,2018
3003,PacifiCorp,674175.910270785,2018
104669,Pactiv - Red Bluff,10546.3139312,2018
104738,Palo Alto V.A. Health Care System Division,9545.8324304,2018
101740,"Panoche Energy Center, LLC",311022.799036,2018
104500,Paramount Petroleum Corporation - Fuel Supplier,9024.807354,2018
3049,"Pasadena Water and Power, 91101",444595.907494738,2018
100179,"Pasadena Water and Power, Glenarm",42981.9570190588,2018
104801,Peet's Coffee,10173.368374039,2018
104698,Peninsula Clean Energy (PCE),0.0,2018
104089,Petro-Diamond,2112193.84419328,2018
104022,PG&E Burney Compressor Station,30226.4746142666,2018
101758,PG&E Colusa Generating Station,1169153.44596136,2018
101562,PG&E Delevan Compressor Station,45644.0114365281,2018
101741,PG&E Gateway Generating Station,1163952.42402263,2018
101747,PG&E Gerber Compressor Station,57876.3081544733,2018
101290,PG&E Hinkley Compressor Station,57570.840713249,2018
100192,PG&E Humboldt Bay Generating Station,179024.533129678,2018
101563,PG&E Kettleman Compressor Station,15221.6840951037,2018
104021,PG&E McDonald Island Underground Storage Station,20564.3867618534,2018
104023,PG&E Tionesta Compressor Station,36993.2191098328,2018
101031,PG&E Topock Compressor Station,35158.8931838993,2018
104010,Phillips 66 Company - Fuel Supplier,19419378.3680549,2018
100913,Phillips 66 Company - Los Angeles Refinery - Carson Plant,936704.481837352,2018
100329,Phillips 66 Company - Los Angeles Refinery - Wilmington Plant,1923612.5333518,2018
100351,Phillips 66 Company - San Francisco Carbon Plant,220999.609163527,2018
100303,Phillips 66 Company - San Francisco Refinery,1259934.91192558,2018
101226,Phillips 66 Company - Santa Maria Refinery,169295.817600891,2018
104728,Pico Rivera Innovative Municipal Energy (PRIME),0.0,2018
3016,"Pilot Power Group, Inc.",0.0,2018
104494,"Pilot Travel Centers, LLC",856259.457067673,2018
104667,Pio Pico Energy Center,80552.818736,2018
104773,Pioneer Community Energy (PIO),0.0,2018
100151,Pitchess Cogeneration Station,79245.6933776,2018
5024,Pittsburg Power Company- EPE,0.0,2018
101685,Pixley Cogeneration Partners / Calgren Renewable Fuels,141405.564077629,2018
100888,Plains LPG Services/ Lone Star Frac & Isom Facility,1044253.5178512,2018
104557,"Plains Marketing, L.P.",121331.9095774,2018
104731,Plains Midstream Canada ULC,199952.494489768,2018
3100,Plumas-Sierra REC,2100.72672,2018
3051,Port of Oakland,0.0,2018
3052,"Port of Stockton, 95203",0.0,2018
2127,Portland General Electric Company,419159.097163934,2018
104681,"Potrero Hills Energy Producers, LLC",34473.6485631563,2018
3053,Power and Water Resources Pooling Authority (PWRPA),0.0,2018
3101,Powerex Corp - AO/CS,0.0,2018
2243,Powerex Corp. - Marketer,595063.633922803,2018
101053,Praxair Inc.,80001.5855540897,2018
104777,"Praxair Plainfield, Inc.",0.0,2018
104394,Press Forge Co,17773.335152,2018
104206,Prime Wheel Corporation,16754.9790016,2018
104423,Procter & Gamble Manufacturing Co. - Sacramento Plant,20356.2114048,2018
101497,"ProEnergy - Greenleaf Energy Unit 1, LLC",31633.8681104,2018
100182,"ProEnergy - Greenleaf Energy Unit 2, LLC",116663.66648,2018
104096,ProPetroleum Inc.,107720.194553904,2018
104625,Public Service Company of Colorado (PSCo),299069.35704,2018
104744,Public Service Company of New Mexico,1704.74222310115,2018
104462,Puget Sound Energy,3712.42355473957,2018
101400,"Qualcomm, Inc. - Morehouse Facility",23515.0011192,2018
101523,"Qualcomm, Inc. - Pacific Center Facility",41004.47484128,2018
104197,"Quemetco, Inc.",39151.963148,2018
5028,Questar Southern Trails,0.0,2018
104391,Rady Children's Hospital San Diego,22750.6342928,2018
104203,Rainbow Energy Marketing Corporation (REMC),16244.3976,2018
3054,Rancho Cucamonga Municipal Utility,0.0,2018
104767,Rancho Mirage Energy Authority (RMEA),0.0,2018
3055,Redding Electric Utility,105847.99896,2018
100256,Redding Electric Utility - Redding Power Generation,112179.611036015,2018
104712,Redwood Coast Energy Authority,23814.348,2018
104560,"REG Marketing & Logistics Group, LLC",447547.691436,2018
104198,Richard J Donovan Correctional Facility,3965.9713379808,2018
100265,Rio Bravo Fresno,269611.620732,2018
100055,Rio Bravo Rocklin,274831.600034,2018
104691,Rio Tinto - Wilmington,11535.6662336,2018
104056,River City Petroleum,1113272.552129,2018
100387,Riverside Public Utilities - Clearwater Facility,7089.1773152,2018
100392,Riverside Public Utilities - Riverside Energy Resource Center,50780.932156,2018
104037,Robinson Oil Supply & Transport,280429.248348,2018
100196,"Rohr, Inc., a Collins Aerospace Company-Cogen Plant",11346.9352198839,2018
101702,Roseburg Forest Products,126503.600436493,2018
3057,Roseville Electric,102028.05,2018
101270,"Roseville Electric, Roseville Energy Park",117819.05,2018
3058,Sacramento Municipal Utility District (SMUD) - Electric Power Entity,434016.995323527,2018
104352,Sacramento Municipal Utility District (SMUD) - Gas Pipeline,2170723.4724348,2018
100130,"Sacramento Municipal Utility District (SMUD) , Carson Ice CG",179633.3737264,2018
100365,"Sacramento Municipal Utility District (SMUD) , Cosumnes Power Plant",1311999.8936,2018
100252,"Sacramento Municipal Utility District (SMUD) , SCA",372601.057802882,2018
100125,"Sacramento Municipal Utility District (SMUD) , SPA",341881.791308,2018
104632,Sacramento Rendering Company,13481.2804464,2018
101035,Safety-Kleen of California Inc.,0.0,2018
104357,Saint Agnes Medical Center,18852.925776,2018
104436,Saint Bernardine Medical Center,8513.5926448,2018
101518,Salinas River Cogeneration Facility,221854.6918,2018
104461,Salt River Project,302265.4128,2018
104398,San Benito Foods,17044.680766296,2018
3004,San Diego Gas & Electric (SDG&E) - Electric Power Entity,887426.724657083,2018
104085,San Diego Gas and Electric (SDG&E) - Local Distribution,4747012.4141712,2018
104115,San Diego Gas and Electric (SDG&E) - Natural Gas Distribution Sub W,94318.202571,2018
104380,San Francisco General Hospital,14587.6671232,2018
3028,"San Francisco Hetch Hetchy Water and Power, CCSF",0.0,2018
104367,San Francisco International Airport (SFO),15111.2489392,2018
104556,San Francisco Southeast Treatment Plant,9073.07768111378,2018
104768,San Jacinto Power ,0.0,2018
101239,San Joaquin Refining Company,95417.1817637698,2018
104497,San Joaquin Refining Company - Fuel Supplier,224018.530415999,2018
104793,San Jose Clean Energy,0.0,2018
101140,San Jose/Santa Clara Regional Wastewater Facility,36763.5598229452,2018
101157,San Marcos Energy LLC,9043.0280984043,2018
104670,Santa Barbara Cottage Hospital,12227.0255978067,2018
104626,Santa Clara Valley Medical Center,16903.69736,2018
101439,Santa Cruz Energy LLC,6091.24550306233,2018
104381,"Santa Maria Energy, LLC, Careaga Lease",13138.5104567153,2018
101186,Saputo Cheese USA Inc. - Paige,70220.200064,2018
104396,Saputo Cheese USA Inc.- Levin,11617.5032576,2018
101517,Sargent Canyon Cogeneration Facility,0.0,2018
104358,Schlosser Forge Company,27973.2640608,2018
101663,SDG&E - Cuyamaca Peak Energy Plant,8981.990756,2018
101401,SDG&E - Miramar Energy Facility,50448.910744,2018
104221,SDG&E - Moreno Compressor Station,4851.461423704,2018
100362,SDG&E - Palomar Energy Center,752975.271276,2018
100011,Searles Valley Minerals Inc.,1573636.75660787,2018
104503,"SEI Fuel Services, Inc.",1564199.209852,2018
2060,"Sempra Gas & Power Marketing, LLC",1429317.84036595,2018
104610,Seneca Foods Corporation ,962.6677008,2018
104091,Seneca San Joaquin Production Facilities,294824.692163038,2018
101315,Sensient Natural Ingredients LLC,44838.510821697,2018
104219,"Sentinel Energy Center, LLC",268703.617724,2018
104888,Sentinel Peak Resources - Los Angeles Basin,12088.61727158,2018
104081,Sentinel Peak Resources - SJV Basin Facility,808701.832989375,2018
103016,Sentinel Peak Resources- AG Facility,104246.694119876,2018
104792,"Setton Pistachio of Terra Bella, Inc",9999.985456,2018
104202,SFPP L.P. - Colton Terminal,14292.5502617874,2018
104615,Sharp Grossmont Hospital,19077.157694,2018
104340,Shell Catalysts & Technologies,15475.39716,2018
104325,Shell Chemical LP - Martinez Catalyst Plant,14009.309696,2018
3081,"Shell Energy North America (US), L.P. - EPE",374015.972453806,2018
100914,Shell Oil Products US - Martinez,3907119.54166105,2018
104051,Shell Oil Products US - Supply - Fuel Supplier,13211017.4920653,2018
104543,Shell Trading US Company - Fuel Supplier,441817.04098,2018
104511,Shiralian Enterprises,363288.047798,2018
104329,Shultz Steel Company,27511.834864,2018
104614,Sierra Aluminum Company,15565.9698352,2018
100090,"Sierra Pacific Industries (SPI) - Anderson, 96007",304220.176510716,2018
100043,Sierra Pacific Industries (SPI) - Burney,169469.824895292,2018
101680,Sierra Pacific Industries (SPI) - Lincoln,223891.6809698,2018
101378,Sierra Pacific Industries (SPI) - Quincy Division,295180.5260025,2018
101681,Sierra Pacific Industries (SPI) - Shasta Lake,44982.7113654955,2018
101682,Sierra Pacific Industries (SPI) - Sonora,141796.954579329,2018
2438,Sierra Pacific Power Company (dba NV Energy),132040.62792,2018
104766,Sierra Resources Santa Barbara Basin,14408.4484965651,2018
104090,Signal Hill Petroleum Facilities,31083.9853120697,2018
104720,Silicon Valley Clean Energy Authority,0.0,2018
3061,"Silicon Valley Power (SVP), City of Santa Clara",99672.75984,2018
101438,"Silicon Valley Power (SVP), City of Santa Clara , Cogen",39192.822848,2018
101436,"Silicon Valley Power (SVP), City of Santa Clara , DVR",369242.3869208,2018
101691,Smithfield Packaged Meats Corp,19529.2285346608,2018
104798,"Soil Safe of California, Inc.",10455.130928,2018
104764,Solana Energy Alliance (SEA),4583.88,2018
101118,Solar Turbines Incorporated - Kearny Mesa,42806.3984997829,2018
104537,Sonoma Clean Power (SCP),0.0,2018
100096,Sonoma County Landfill Gas to Energy,27043.1858245917,2018
104612,Sonoma Developmental Center,9562.4917312,2018
100063,Southeast Resource Recovery Facility (SERRF),327342.243116,2018
101539,Southern California Edison (SCE) - Barre,18187.725664,2018
101537,Southern California Edison (SCE) - Center,9749.094008,2018
3005,Southern California Edison (SCE) - Electric Power Entity,1209810.415248,2018
101538,Southern California Edison (SCE) - Grapeland,6843.79438,2018
104326,Southern California Edison (SCE) - McGrath Peaker,12973.50028,2018
100394,Southern California Edison (SCE) - Mira Loma,13184.804796,2018
100344,Southern California Edison (SCE) - MountainView,820891.7782032,2018
101673,Southern California Edison (SCE) - Pebbly Beach,22424.9429943812,2018
101349,Southern California Gas Co - Aliso Canyon Facility,11956.9326612913,2018
101675,Southern California Gas Co - Blythe Facility,43494.0715748231,2018
104082,Southern California Gas Co - Distribution,1363737.347282,2018
100915,Southern California Gas Co - Honor Rancho Facility,37057.4203378858,2018
104365,Southern California Gas Co - Kelso Facility,90.2638577458102,2018
101348,Southern California Gas Co - Newberry Springs Facility,1164.49654010814,2018
101346,Southern California Gas Co - South Needles Facility,2011.60102763605,2018
104220,Southern California Gas Co - Wheeler Ridge Compressor Station,20553.4859249603,2018
5002,Southern California Gas Company - End User Emissions,39890210.6248928,2018
104212,"Southern Counties Oil Co., A California Limited Partnership",243505.302153999,2018
5013,Southwest Gas Distribution Facilities,750629.160896,2018
101241,"Spreckels Sugar Company, Inc.- Brawley",75526.8413158928,2018
100263,SRI International Cogen Project,24990.197714698,2018
104635,Stanford University,19663.644997264,2018
101025,Stanislaus Food Products,56919.9694384,2018
104409,State of California Central Utility Plant - General Services,11739.314112,2018
104370,Steelscape Inc.,20747.86790464,2018
104619,Suburban Propane,3408.292598778,2018
104797,SunOpta Aseptic,10036.49262336,2018
100948,Sunrise Power Company,1008904.393088,2018
104709,SunSelect Produce (California) Inc,26022.1276926288,2018
104550,"Sunshine Gas Producers, LLC",98257.9212834582,2018
104794,Superior Gas Liquids USA,44396.0995768068,2018
104579,Surprise Valley Electrification Corp.,0.0,2018
100886,Sycamore Cogeneration Facility,909459.1493,2018
101684,Sycamore Energy LLC,21606.8134576699,2018
104567,Tacoma Power - ACS,0.0,2018
105757,Tacoma Power - Marketer,948.09408,2018
101073,TAMCO,75778.4509456,2018
104790,Teichert Materials,10193.5602688,2018
104194,Tenaska Power Services Co.,74617.7532,2018
2427,"Terra-Gen Dixie Valley, LLC",35049.5204074152,2018
104516,"Tesla, Inc.",23770.258864,2018
5012,Tesoro Refining and Marketing - Fuel Supplier,46154867.4874464,2018
101331,Tesoro Refining and Marketing Co. - Martinez,2220528.31093947,2018
2278,"The Energy Authority, Inc.",6393.10296,2018
101582,The P&G Paper Products Co.,315435.415098706,2018
104518,The Regents of the University of California - EPE,0.0,2018
104327,The Soco Group Inc.,311639.016843904,2018
104647,The Sun Valley Group,14463.154904,2018
5047,"Tiger Natural Gas, Inc. - EPE",0.0,2018
104620,Timber Products Company Yreka Veneer,16767.672891984,2018
101502,Tomatek / Neil Jones Food Companies,29138.175142592,2018
100217,Torrance Refinery,3049472.91014635,2018
104476,Torrance Refining Company LLC  - Fuel Supplier,10565994.5154397,2018
100358,Tracy Combined Cycle Plant,390233.189531924,2018
2312,"TransAlta Energy Marketing (US), Inc.",182003.921134475,2018
104230,TransCanada Energy Sales Ltd.,135571.08864,2018
104760,Transwestern - Topock,0.0,2018
101460,"TRC Cypress Group, LLC",34370.6418314716,2018
104005,"Tricor Refining, LLC",46114.7683533145,2018
104639,Trinity Public Utility District (PUD),0.0,2018
3063,Truckee Donner Public Utility District,64995.5276509264,2018
100952,"TST, Inc.",19340.6946064,2018
3064,Turlock Irrigation District (TID),441646.863574841,2018
100111,"Turlock Irrigation District (TID), Almond Power Plant",95279.811512,2018
100371,Turlock Irrigation District/ Walnut Energy Center,554756.942112,2018
104714,Tuscarora Gas Transmission - Shoetree Compressor Station,9353.13824786208,2018
5010,Tuscarora Gas Transmission Pipeline,0.0,2018
104515,"Twin Eagle Resource Management, LLC",2904.87024,2018
100300,"U.S. Borax, 93516",338822.52776,2018
101271,U.S. Gypsum Co Plaster City Plant,73163.9340736,2018
104068,UC Davis Medical Center,61877.499790438,2018
101205,Ultramar Inc - Valero Wilmington,1070130.36211789,2018
104062,Union Pacific Railroad Company,685109.471268571,2018
101124,"United Airlines, Inc. - San Francisco Maintenance Center",25312.0389312782,2018
104545,United Pacific Energy,22892.8652940162,2018
101469,United States Pipe & Foundry Co. LLC,43299.9882893269,2018
104514,"University of California, Berkeley",123900.630289231,2018
100305,"University of California, Davis",56227.77577034,2018
101296,"University of California, Irvine",68927.4843457895,2018
100997,"University of California, Los Angeles, UCLA",223913.660908938,2018
104173,"University of California, Riverside, UCR",22900.3769408,2018
101305,"University of California, San Diego, UCSD",151298.7349616,2018
101416,"University of California, San Francisco",55002.1796352997,2018
104372,"University of California, Santa Barbara",18115.865913156,2018
100273,"University of California, Santa Cruz, UCSC EH&S Office",27117.1178741717,2018
104361,University of Southern California (USC) - University Park Campus (UPC),19957.513312,2018
101068,USS-POSCO Industries,33040.4500306632,2018
104617,VA Greater Los Angeles Healthcare System,11160.8929984,2018
104661,VA San Diego Healthcare System,15427.0061104,2018
104071,Valero Marketing and Supply Company - Fuel Supplier,20029018.4637873,2018
100372,"Valero Refining Company - California, Benicia Refinery and Benicia Asphalt Plant",2855400.85102151,2018
104444,Valero Wilmington Asphalt Plant,14151.1926560863,2018
104750,Valley Clean Energy Alliance,0.0,2018
104510,Valley Electric Association,7542.2157432,2018
104205,Vandenberg Air Force Base,18173.2409111078,2018
104783,Vaquero Energy - Santa Barbara County,22153.6649252706,2018
104643,Ventura Coastal,6759.6055024,2018
3066,"Vernon Public Utilities, Electric Power Entity",0.0,2018
5008,"Vernon Public Utilities, Gas Municipal Utility",405422.4638016,2018
3067,Victorville Municipal Utility Services - EPE,0.0,2018
104571,Victorville Municipal Utility Services - Gas Utility,11667.7677488,2018
100953,Vista Metals Corp.,34427.0265536633,2018
5014,Vitol - Fuel Supplier,137114.819308,2018
104467,Vitol Inc. - EPE,20179.54944,2018
101513,Vitro Flat Glass LLC,91917.27906315,2018
100058,Wadham Energy Ltd Partnership,189017.84816908,2018
104218,"Walnut Creek Energy, LLC",207039.816064,2018
104745,WAPA - Colorado River Storage Project  ,0.0,2018
3078,WAPA - Desert Southwest Region,0.0,2018
3079,WAPA - Sierra Nevada Region,314953.57224,2018
100060,Waste Management - Altamont Landfill,38554.901017479,2018
104746,"Waste Management - Redwood Landfill, Inc.",16682.1363679152,2018
104363,Weber Metals,19029.6341161408,2018
5007,West Coast Gas Company Inc,10258.28688,2018
104638,"Western Milling, Goshen CA",8298.5183648,2018
100282,Wheelabrator Shasta Energy Company,495112.40572069,2018
104392,Wild Goose Storage LLC,28810.1304240875,2018
101343,"Wildflower Energy, LP - Indigo Generation, LLC",19320.016156,2018
100353,"Wildflower Energy, LP - Larkspur Energy Facility, LLC",24999.889468,2018
104359,Windset Farms,37646.3923871693,2018
101693,"Wm. Bolthouse Farms, Inc.",26543.5309168,2018
101493,"Woodland Biomass Power, Ltd",295005.845842756,2018
104679,WP&A Firebaugh,14060.2800448,2018
104678,WP&A King,9504.911848592,2018
101736,WP&A Lost Hills,49719.17135816,2018
104618,WWF Operating Company,17049.1282693141,2018
100322,Yuba City Cogeneration Partners LP,5554.7490368,2018
3006,3 Phases Renewables,477315.0588,2019
104356,3M Corona,14403.2790736,2019
104796,AAK Richmond,12162.0007488,2019
104213,ABI Foundry,15449.2753603867,2019
104347,"Aemetis Advanced Fuels Keyes, Inc.",78800.5572848,2019
104018,Aera Energy Coastal Basins,407206.580410955,2019
104016,Aera Energy San Joaquin Basin,3115284.46002719,2019
104017,Aera Energy Ventura Basin,21811.7539955003,2019
101321,"AES Alamitos, LLC",531188.2043224,2019
100194,"AES Huntington Beach, LLC",254434.5754408,2019
100257,AES Redondo Beach LLC,171501.447352,2019
104659,Agera Energy LLC,0.0,2019
101701,Air Liquide El Segundo Hydrogen Plant,604876.980056774,2019
101749,Air Liquide Large Industries US L.P. - Rodeo Hydrogen Plant,801794.416229989,2019
101017,"Air Products & Chemicals, Inc., Martinez",263499.978,2019
101248,Air Products Carson Hydrogen Plant,698706.955077881,2019
101512,"Air Products Manufacturing Corporation, Sacramento",47136.1614563286,2019
100127,Air Products Wilmington Hydrogen Plant,823044.485379264,2019
3022,Alameda Municipal Power,0.0,2019
101433,"Algonquin Power Sanger, LLC",27195.339142848,2019
104345,All American Asphalt - Corona,13252.8691728,2019
104666,All American Asphalt - Irvine,10300.9249248,2019
104406,Allergan,7911.230752,2019
101237,Alon Bakersfield Refinery - Areas 1&2,17028.4278176226,2019
104499,Alon Bakersfield Refinery - Areas 1&2 - Fuel Supplier,0.0,2019
100283,AltaGas Ripon Energy Inc.,2963.9703632,2019
101056,AltAir Paramount LLC,27502.4600172737,2019
104759,AltAir Paramount LLC - Fuel Supplier,38806.9256649999,2019
104027,Ameresco Chiquita Energy LLC,32007.2009639723,2019
104637,Ameresco Forward LLC,16670.5669063659,2019
101657,Ameresco Half Moon Bay,46665.8517031087,2019
101748,Ameresco Keller Canyon,16043.2224748526,2019
104636,Ameresco San Joaquin LLC ,15945.4423647189,2019
101656,Ameresco Santa Cruz,12010.8471032755,2019
104634,Ameresco Vasco Road,17251.5435999374,2019
104727,"American PowerNet Management, LP",0.0,2019
104544,"AmeriGas Propane, L.P.",118409.33843084,2019
101179,Amgen Inc.,19849.2835824,2019
101666,"Ampersand Chowchilla Biomass, LLC, 93610",104811.88626108,2019
104487,Ampine: A Division of Timber Products,10188.9280156,2019
100943,Anheuser-Busch LLC - Fairfield,17026.9952153591,2019
101473,Anheuser-Busch LLC - Los Angeles Brewery,40309.1129442385,2019
104578,Anza Electric Cooperative,0.0,2019
104722,AOT Energy Americas LLC,0.0,2019
104003,"Apex Oil Company, Inc.",273226.623882,2019
104833,Apple Inc - Bloom Energy Servers,11433.884752,2019
104725,Apple Valley Choice Energy,0.0,2019
100234,Applied Energy LLC - NAS North Island,0.0,2019
100229,Applied Energy LLC - NTC/MCRD,0.0,2019
101390,Applied Energy LLC - U.S. Naval Station,0.0,2019
104761,Applied Natural Gas Fuels,127976.75936,2019
104042,Archer Daniels Midland,63446.738296,2019
101715,Arcosa LWFP LLC,23301.1001632448,2019
101342,Ardagh Glass Inc.,81616.4980256,2019
2098,Arizona Electric Power Cooperative,13180.4324331784,2019
104131,Arizona Public Service Company,280768.579665511,2019
2292,Avangrid Renewables,118470.733103394,2019
101696,Avenal State Prison,13973.698384,2019
104677,Avista Utilities,41283.8432022505,2019
104379,"Azteca Milling, L.P.",12970.7065776,2019
3024,Azusa Light and Water,41782.72104,2019
100897,Badger Creek Limited,7102.041968,2019
104334,"Baker Commodities, Inc., Kerman Division",21269.2886288,2019
104621,"Baker Commodities, Inc., Vernon Division",18531.2616912,2019
104542,Baxalta US Inc.,8076.0617696,2019
104165,Bayer Healthcare,12743.860928,2019
100890,Bear Mountain Limited,16230.266752,2019
3000,Bear Valley Electric Service (BVES),0.0,2019
100895,Berry Petroleum Company - Placerita,214559.832030247,2019
104094,Berry Petroleum Company - San Joaquin Basin,1301662.06455899,2019
3026,Biggs Municipal Utilities,0.0,2019
100120,Biola University,7445.5292592,2019
104825,"Bleyhl Farm Service, Inc.",14631.671617272,2019
100053,Blue Lake Power,0.0,2019
100342,Blythe Energy,612038.246144,2019
104054,BNSF Railway - Barstow,383447.531776,2019
104064,BNSF Railway - Commerce,222902.216304762,2019
104065,BNSF Railway - Richmond,131326.013001143,2019
4000,Bonneville Power Administration - ACS,0.0,2019
2044,Bonneville Power Administration - Marketer,1330.576434,2019
104692,Boston Energy Trading and Marketing,0.0,2019
104680,"Bowerman Power LFG, LLC",90878.8843923082,2019
104074,Boyett Petroleum,310417.616896,2019
2113,BP Energy Company,227212.06273086,2019
104001,BP West Coast Products LLC (BPWCP) - Terminals,7025044.0764,2019
100389,Braun Medical Inc,50645.0438781352,2019
100061,"Brea Generation, LLC",123346.64757032,2019
104075,Breitburn Operating LP - Los Angeles Basin Facility,16598.461796443,2019
100904,"Bridge Energy, LLC",30771.8459431542,2019
104120,Brookfield Renewable Trading and Marketing LP,18306.86463,2019
3027,Burbank Water and Power,301954.813288237,2019
100018,Burney Forest Products,374254.119270619,2019
104077,BWP/MPP Electricity Generating Facilities at 164 W. Magnolia,631344.7777554,2019
100002,Calciner,262853.49826564,2019
104826,CalEnergy LLC,0.0,2019
100692,CalEnergy Operating Corporation - J J Elmore - Geothermal,7716.47,2019
100703,CalEnergy Operating Corporation - J M Leathers - Geothermal,21456.36,2019
100712,CalEnergy Operating Corporation - Region 1 - Geothermal,70991.514536071,2019
100716,CalEnergy Operating Corporation - Region 2 - Geothermal,35589.5,2019
104411,"California Dairies, Inc. Artesia",8554.10824237032,2019
100959,"California Dairies, Inc. Fresno",31663.7545721899,2019
104410,"California Dairies, Inc. Los Banos",2347.16523192882,2019
101509,"California Dairies, Inc. Tipton",43928.4394676712,2019
101190,"California Dairies, Inc. Turlock",36951.0227873343,2019
101197,"California Dairies, Inc. Visalia",63980.8820145063,2019
104711,"California Dairies, Inc., Turlock North",19237.3849137366,2019
3072,"California Department of Water Resources (DWR), State Water Project",0.0,2019
100327,California Institute of Technology (CalTech),60291.613484112,2019
104662,California Medical Facility,6.51140368,2019
104353,California Natural Products,20904.6956413072,2019
104135,California Paperboard Corporation,1127.700392,2019
104362,California Polytechnic State University,12120.498197495,2019
101060,"California Power Holdings, LLC-Chowchilla Facility, 95360",6915.1170768,2019
100368,"California Power Holdings, LLC-Red Bluff Facility, 96080",6813.5478832,2019
104014,"California Resources Elk Hills, LLC - 35R Gas Plant",3283410.42158514,2019
104072,California Resources Production Corporation - 760 Los Angeles Basin,230275.751398497,2019
104029,California Resources Production Corporation - Sacramento Valley Basin 730,98756.7484328268,2019
104030,California Resources Production Corporation - San Joaquin Valley Basin 745,1006273.47299747,2019
104033,California Resources Production Corporation - Ventura Basin 755 incl. SCVGP Gas Plant,87045.5819527266,2019
104657,California State Prison - Corcoran,10699.6495536,2019
104736,California State Prison - Sacramento,14451.1394032,2019
100235,"California State University, Channel Islands",6431.493859536,2019
104350,"California State University, Fullerton",19881.24301008,2019
101399,"California State University, San Diego",42703.0473856,2019
100131,"California State University, San Jose",30619.2323072,2019
100954,California Steel Industries,153264.327545008,2019
101405,CalPeak Power - Border,5417.380184,2019
101662,CalPeak Power - Enterprise,3191.52312,2019
100376,"CalPeak Power - Panoche, LLC",3992.995944,2019
100377,"CalPeak Power - Vaca Dixon, LLC",4639.16274,2019
101496,"Calpine - CCFC Sutter Energy, LLC",253823.367856,2019
104332,Calpine - CPN Pipeline,365267.350064,2019
101526,"Calpine - Delta Energy Center, LLC",1371800.385664,2019
101527,"Calpine - Geysers Power Company, LLC - Geothermal",188963.321342739,2019
100178,"Calpine - Gilroy Cogen, L.P., Gilroy Cogen_Peaker",61399.7875743922,2019
100337,"Calpine - Gilroy Energy Center, LLC, Feather River",7446.850752,2019
101528,"Calpine - Gilroy Energy Center, LLC, Riverview Peaker",11581.37184,2019
101276,"Calpine - Gilroy Energy Center, LLC, Wolfskill Peaker",4401.579392,2019
101300,"Calpine - King City Cogen, LLC, King City Cogen_Peaker",80503.0805088,2019
101143,"Calpine - Los Esteros Critical Energy Facility, LLC",97547.503584,2019
100338,"Calpine - Los Medanos Energy Center, LLC",1074006.38816,2019
100343,"Calpine - Metcalf Energy Center, LLC",996790.661632,2019
101426,Calpine - O.L.S. Energy - Agnews Inc. 95134,3513.525616,2019
101746,Calpine - Otay Mesa Energy Center,293208.6934624,2019
100345,Calpine - Pastoria Energy Facility L.L.C.,1525122.36882536,2019
104456,Calpine - Russell City Energy Center,345517.878992,2019
101211,"Calpine - Yuba City Energy Center (Gilroy Energy Center, LLC)",18517.61688,2019
3010,Calpine Corporation,147109.96542933,2019
3018,"Calpine Energy Solutions, LLC",0.0,2019
101029,"CalPortland Company, Mojave Plant",1124362.84573528,2019
100013,"CalPortland Company, Oro Grande Plant",1250871.80082015,2019
100936,"Campbell Soup Supply Company, L.L.C. - Dixon",34516.9036736,2019
104199,"Campbell Soup Supply Company, L.L.C. - Stockton",23420.9336528,2019
104008,Canyon Power Project (CPP),72178.8202964,2019
104748,Carlsbad Energy Center Project,221476.7374784,2019
101734,Carlton Forge Works,39179.0419026619,2019
100129,Carson Hybrid Energy Storage LLC,13953.370616,2019
104660,Cedars-Sinai Medical Center,19552.308592,2019
101476,Cemex Construction Materials Pacific LLC - Victorville Plant,2018067.80547506,2019
104755,Centennial Energy LLC,14071.349239424,2019
101015,Central Contra Costa Sanitary District,72318.7877645076,2019
104743,Central Valley Meat,11622.024992,2019
100917,CertainTeed Corporation,58021.445332918,2019
101520,Chalk Cliff Limited,5022.35514592,2019
104628,Chapel Street Environmental II,4738.07424378313,2019
104802,Chase Inc.,41188.782596,2019
104707,"Chemtrade West US, LLC",13626.846540288,2019
104011,Chevron AAPG 740 Coastal Basin,231987.602912,2019
104012,Chevron AAPG 745 San Joaquin Basin,2433843.54140727,2019
100138,"Chevron Products Company - El Segundo Refinery, 90245",3313212.36488733,2019
104223,Chevron Products Company - Headquarters Fuel Supplier,34950670.133088,2019
101384,"Chevron Products Company - Richmond Refinery, 94802",4492362.87166985,2019
104195,Chevron SJVBU Natural Gas Sales,18.825668,2019
104393,Children's Hospital Los Angeles,15245.1389808,2019
101252,Chula Vista Energy Center,3677.82406,2019
2428,Citigroup Energy Inc.,436.56,2019
101221,"City of Anaheim, Combustion Turbine Generator",11409.69853282,2019
3023,"City of Anaheim, Public Utilities Department, Anaheim City Hall West",1087024.757721,2019
3025,City of Banning Electric Department,0.0,2019
3029,City of Cerritos,0.0,2019
3031,City of Colton - EPE,0.0,2019
101667,City of Colton - Generation,2451.511996,2019
3032,City of Corona Dept. of Water & Power - EPE,0.0,2019
104642,City of Hope National Medical Center,13707.807664,2019
3030,City of Industry,0.0,2019
104641,City of Lancaster,0.0,2019
3041,City of Lompoc,0.0,2019
3047,City of Needles,16556.97456,2019
3048,City of Palo Alto - Electric Power Entity,0.0,2019
5011,City of Palo Alto - Gas Utility,152465.77232,2019
104399,City of Palo Alto Water Quality Control Treatment Plant,5933.41859333337,2019
3056,City of Riverside Public Utilities,556975.205516504,2019
104547,"City of San Diego, Public Utilities Dept, North City Water Reclamation Plant",17731.6514151247,2019
101564,"City of San Diego, Public Utilities Dept, Point Loma Treatment Plant",15953.2433353965,2019
104330,"City of San Diego, Public Utilities Dept, Pump Station 2",11467.4531741184,2019
3059,City of Shasta Lake - Electric,0.0,2019
5036,City of Susanville Gas Utility,12105.935488,2019
3065,"City of Ukiah, Electric Utilities Division",0.0,2019
100328,"Civic Center Cogen, LA County",69771.374750728,2019
104536,Clean Energy,141941.718566277,2019
104749,Clean Power Alliance,57166.163874,2019
104705,CleanPowerSF,0.0,2019
104485,CMO Inc,30002.4984524,2019
101250,Collins Pine Co.,105443.889164999,2019
104570,Comision Federal de Electricidad (CFE),6226.21872,2019
104646,Commercial Energy of California,0.0,2019
101503,ConAgra - Oakdale,59503.769144,2019
104828,"Consolidated Edison Energy, Inc.",0.0,2019
3012,"Constellation NewEnergy, Inc.",27488.666173116,2019
101733,Corteva agriscience - Pittsburg Operations,47088.7160341375,2019
100690,Coso Energy Developers (BLM E&W) - Geothermal,112402.0,2019
101670,Coso Finance Partners (Navy I) - Geothermal,80499.0,2019
101669,Coso Power Developers (Navy II) - Geothermal,133106.3,2019
101264,"Covanta - Stanislaus, Inc",268888.561013436,2019
101519,CP Kelco San Diego,108931.047991803,2019
104851,Crimson - Coalinga Station,10536.702592,2019
104488,Crimson Resource Management Corp,378851.679971171,2019
101263,"Crockett Cogeneration Project, LP",734975.5528,2019
104541,"Crystal Creamery, Inc.",14366.05968,2019
104349,"Custom Alloy Light Metals, Inc.",11416.5408224,2019
104674,CWP Energy,1404.85008,2019
104338,Darling Ingredients Inc - Fresno,12160.7217136,2019
104337,Darling Ingredients Inc - Los Angeles,20578.0099072,2019
104339,Darling Ingredients Inc - Turlock,15073.403296,2019
101260,Dart Container Corporation of California,14401.4640112,2019
101214,Del Monte - Hanford,21705.9278944,2019
104138,Del Monte - Modesto,15638.2698208,2019
104489,"Delano Energy Center, LLC",4127.312936,2019
104655,Delano Growers Grape Products,15087.0082065453,2019
101709,DeMenno/Kerdoon,25455.8627344,2019
100026,DG Fairhaven Power LLC,131027.644242164,2019
104433,"Diamond Pet Food Processors of California, LLC - Lathrop",11603.9964336,2019
104690,"Diamond Pet Food Processors of California, LLC - Ripon",15525.2795328,2019
101243,Dicalite Minerals Corp.,28655.564867579,2019
2264,"Direct Energy Business, LLC (fka Strategic Energy)",110496.29117647,2019
101218,Disneyland Resort,20870.6042552729,2019
100157,Double C Limited,8912.699392,2019
104663,DSH-Napa State Hospital,17605.04384,2019
104742,"DTE Energy Trading, Inc.",414911.42616,2019
104455,"DTE Stockton, LLC",552434.50944463,2019
100221,"Dynegy Moss Landing, LLC",1940436.9701817,2019
101351,"Dynegy Oakland, LLC.",4789.61132786602,2019
100958,E & J Gallo Winery - Fresno,34444.9129979513,2019
104640,E & J Gallo Winery - Livingston,17988.2687805957,2019
104215,E&B Natural Resources - San Joaquin Valley,605431.050350619,2019
101355,E.F. Oxnard LLC,76543.8228483599,2019
104581,Eagle Petroleum - Lynch Canyon Field,28279.5182576,2019
104758,East Bay Community Energy,0.0,2019
101511,East Bay Municipal Utility District,32524.0750858345,2019
3033,Eastside Power Authority,0.0,2019
100259,Eco Services - Dominguez,36134.5594624,2019
100258,Eco Services - Martinez,13341.8139324934,2019
104546,"Ed Staub & Sons Petroleum, Inc.",19982.469309264,2019
104452,"EDF Industrial Power Services (CA), LLC",0.0,2019
104067,"EDF Trading North America, LLC",161547.88816161,2019
104204,Edwards Air Force Base,20608.2218439421,2019
104374,Eisenhower Medical Center,19240.935168,2019
104079,"El Cajon Energy, LLC",5341.847116,2019
104921,El Centro Nacional de Control de Energia (CENACE) - EPE,2871.69168,2019
104735,Elbow River Marketing Ltd.,37133.27018656,2019
100167,Encina Water Pollution Control Facility,13996.1858534506,2019
104829,"Enel Trading North America, LLC",0.87312,2019
101738,"Energy 2001, Placer WRSL",12596.5145433425,2019
101607,Energy Center San Francisco LLC,60872.779336878,2019
104823,Equinix Caspian - Bloom Energy Servers,13674.213088,2019
104824,Equinix Duane - Bloom Energy Servers,13830.510128,2019
104787,Equinix Great Oaks - Bloom Energy Servers,30661.180416,2019
104788,Equinix Lundy - Bloom Energy Servers,10829.87232,2019
104200,"Escalon Premier Brands, a Division of Kraft Heinz Company",24003.032656,2019
104078,"Escondido Energy Center, LLC",9776.260684,2019
2078,"Exelon Generation Company, LLC",278657.531969866,2019
104460,ExxonMobil LFC Facility,3.18970264,2019
104459,ExxonMobil POPCO Facility,0.0,2019
104519,"Ferrellgas, LP",28132.6679947471,2019
104041,Flint Hills Resources LP,1289154.40438,2019
104102,Flyers Energy,2082817.728046,2019
104548,Foster Farms Porterville Plant ,8839.1097568,2019
104549,Foster Farms Traver Complex ,8404.5296848,2019
101575,"Foster Poultry Farms - Livingston Complex, 95334",45494.9317885665,2019
101544,"Fresno Cogeneration Partners, LP",4696.15228592,2019
101235,Frito Lay - Kern Plant,49651.4273300677,2019
104207,Frito Lay - Modesto,26413.4885952,2019
104734,Frito Lay - Rancho Cucamonga,10664.28768,2019
101683,"G2 Energy Ostrom Road, LLC",15430.8546955622,2019
103018,Gallo Glass Company,141021.0332416,2019
104763,Garberville Gas Corporation,19762.054662592,2019
104559,Genentech - Vacaville,11490.5709552,2019
101451,Genentech Inc South San Francisco,29938.4246912,2019
104474,GenPower Lincon Landfill Power Plant,9216.31655169208,2019
101700,Georgia-Pacific Gypsum LLC - Antioch,41733.4803248,2019
104507,"Gexa Energy California, LLC",0.0,2019
104484,Glencore Ltd.,0.0,2019
3034,Glendale Water & Power,278724.562410879,2019
100180,"Goal Line LP, 92025",9376.5274432,2019
104730,Goodrich Corporation,11083.897414528,2019
101231,"Grade 6 Oil, LLC",233807.058532045,2019
100181,Grayson Power Plant,67485.8728432555,2019
101155,Greka Santa Maria Refinery ,15325.6177838423,2019
3035,Gridley Electric Utility,0.0,2019
101721,"Guardian Industries, LLC",116835.487061298,2019
104473,Guzman Energy,93378.87432,2019
104716,Guzman Renewables Energy Partners,271.97688,2019
101542,Hanford Energy Park Peaker,7060.703628,2019
100186,"Harbor Cogeneration Company, LLC",3683.252313312,2019
104672,Harris Ranch Beef Company,12019.0725456,2019
3036,Healdsburg Electric Dept.,0.0,2019
101364,Henrietta Peaker Plant,18570.094968,2019
104360,"HGST, Inc",18904.7824272,2019
101478,"High Desert Power Project, LLC",1359198.4470656,2019
104009,High Sierra Cogeneration,16863.521856,2019
100189,High Sierra Limited,9197.218384,2019
101288,Hilmar Cheese Company,77272.7256902993,2019
100029,HL Power Company,266930.436529252,2019
104368,Hoag Memorial Hospital Presbyterian,24290.8938602872,2019
104426,Holmes Western Oil Corporation,34755.69263638,2019
104580,Hood Dairy,18383.61008,2019
104364,"Houweling Nurseries Oxnard, Inc",36341.207208,2019
104747,HTP Energy,21191.573158192,2019
104346,Hudson Ranch Power I - Geothermal,24890.0,2019
100040,Humboldt Sawmill Company,284799.692800884,2019
104377,Huntington Memorial Hospital,14673.256364874,2019
104713,Hyperion Water Reclamation Plant,97227.2787996817,2019
104834,IBE Project - Bloom Energy Servers,14762.613664,2019
104708,Idaho Power,21471.7261819406,2019
104229,Idemitsu Apollo Corporation,2443396.003911,2019
101318,"Imerys Filtration Minerals, Inc.",32400.7926181518,2019
3038,Imperial Irrigation District (IID),986011.627221995,2019
100162,"Imperial Irrigation District (IID), El Centro Generating Station",290436.91754952,2019
101307,"Imperial Irrigation District (IID), Niland Gas Turbine Plant",43370.84269432,2019
101008,Ingomar Packing Company,69711.3510352913,2019
100323,Ingredion Incorporated Stockton Plant,1618.2555024,2019
101686,"Inland Empire Energy Center, LLC.",13618.718010816,2019
5045,"IPC (USA), Inc.",282271.783624,2019
104465,Ivanpah Solar Electric Generating System,69762.0825621229,2019
104335,J. Aron & Company LLC,5163.79131,2019
101705,J. G. Boswell Tomato Company Kern,38885.9923872,2019
104224,J.G. Boswell Company West Processing Townsite,12000.9166144,2019
101504,J.G.Boswell Tomato Company Kings,31733.8079936,2019
104320,Jaco Oil Company,1787709.756047,2019
104216,John Wayne Airport Orange County,11726.116739793,2019
104122,Johns Manville,15584.5204336,2019
104538,JP Oil,16825.3586787314,2019
104004,JR Simplot Company,9652.470549424,2019
104562,JS West and Companies,0.0,2019
3011,Just Energy Solutions Inc.,0.0,2019
104421,"K2 Pure Solutions, Inc",11830.9747632,2019
104376,"Kaiser Aluminum Fabricated Products, LLC",14479.421472,2019
104832,Kaiser Permanente - Bloom Energy Servers,13606.015568,2019
104355,Kaweah Delta Medical Center,15927.756352,2019
100202,Kern Front Limited,7608.030416,2019
5044,Kern Front Natural Gas Pipeline (WCAC),40124.607952,2019
104498,Kern Oil - Fuel Supplier,2723104.0177,2019
101507,Kern Oil Refinery,144410.034477068,2019
101514,Kern River Cogeneration Facility,417876.3221,2019
5017,Kern River Gas Transmission Company,0.0,2019
100199,KES Kingsburg L.P.--Kingsburg Cogeneration Facility,1959.5721488,2019
104808,Keyera Energy Inc.,13175.618139792,2019
104831,Keysight Technologies Inc - Bloom Energy Servers,12396.02704,2019
101100,"Kiefer Landfill, Department of Waste Management and Recycling",125909.7922673,2019
100962,Kimberly Clark Worldwide Inc.,56229.837072,2019
104047,"Kinergy Marketing, LLC",72561.616777,2019
104774,King City Community Power,0.0,2019
104425,Kirby Hills Compressor Station,13771.219584064,2019
3001,Kirkwood Meadows PUD Powerhouse,0.0,2019
104800,Kiva Energy Inc.,170306.01586219,2019
101447,Knauf Insulation,21158.744432,2019
104354,Kraft Heinz Foods Company - Tulare,20659.0933088,2019
100205,Kyocera International Inc.,8368.060755816,2019
100339,La Paloma Generating Plant - GHG,409604.7178464,2019
104211,La Rosita Power - Marketing,540373.102495971,2019
104569,LAC+USC Medical Center,24365.3870432,2019
101327,LACSD - Calabasas LF,30269.7427735812,2019
100064,LACSD - Commerce Refuse To Energy,0.0,2019
101487,LACSD - Joint Water Pollution Control Plant,103148.529616527,2019
100071,LACSD - Puente Hills Landfill,114773.54814606,2019
101373,LACSD - Spadra Landfill,0.0,2019
101465,"Land O' Lakes, Inc.",56946.3919483638,2019
104762,"Lansing Trade Group, LLC",115101.582319315,2019
3039,Lassen Municipal Utility District,0.0,2019
104656,Lathrop Irrigation District,0.0,2019
101708,Lawrence Livermore National Laboratory (LLNL),23474.8803910235,2019
101265,Lehigh Southwest Cement Co - Cupertino,768367.083620131,2019
101381,Lehigh Southwest Cement Co - Redding,292845.179757331,2019
101461,Lehigh Southwest Cement Co - Tehachapi,559895.960117866,2019
104106,Leprino Foods - Lemoore East,22622.6617792,2019
101716,Leprino Foods - Lemoore West,50623.6222645004,2019
104105,Leprino Foods - Tracy,16601.18696,2019
104052,Lhoist North America - Natividad Plant,82675.319999046,2019
101499,Liberty Packing - Los Banos (Morning Star),81345.529090624,2019
104099,Liberty Utilities (CalPeco Electric) LLC,56292.90674112,2019
101044,Live Oak Limited,7304.511648,2019
101574,Lockheed Martin Aeronautics Company - Palmdale,18166.241125936,2019
101623,Lockheed Martin Corporation - Sunnyvale,19475.4065446206,2019
104424,Lodi Compressor Station,14169.1798966106,2019
3040,Lodi Electric Utility,0.0,2019
104172,Lodi Energy Center,463978.67740308,2019
100207,Loma Linda University,53445.8992496967,2019
5003,Long Beach Gas & Oil Dept (LBGO),525804.073362,2019
3042,Los Angeles Department of Water & Power (LADWP),5626118.77064435,2019
100185,Los Angeles Department of Water & Power-Harbor Generating Station (LADWP),60447.42598257,2019
100187,Los Angeles Department of Water & Power-Haynes Generating Station (LADWP),1185578.55999158,2019
101004,Los Angeles Department of Water & Power-Scattergood Generating Station (LADWP),528080.97742472,2019
101325,Los Angeles Department of Water & Power-Valley Generating Station (LADWP),865304.094972005,2019
101323,Los Angeles International Airport (LAX),26289.5389392,2019
101246,Los Angeles Refinery (LAR),5918257.53826534,2019
100972,Los Gatos Tomato Products,62106.6270048,2019
101162,"Lunday-Thagard Company, DBA World Oil Refining",37832.4163890831,2019
100682,Luz Solar Partners LTD,1718.029641744,2019
101291,Luz Solar Partners LTD VIII & IX,25286.089015296,2019
101234,Macpherson Oil Company,144075.424978727,2019
2112,Macquarie Energy LLC,281217.54552,2019
104573,"MAG Energy Solutions, Inc. - EPE",86286.52056,2019
101192,MAGTFTC MCAGCC Twentynine Palms,53428.9880787907,2019
101687,"Malaga Power, LLC",9432.88882,2019
100314,Malburg Generating Station,270986.414412,2019
104676,"Mansfield Oil Company of Gainesville, Inc",24548.746232,2019
104463,Marin Clean Energy,0.0,2019
104169,Mariposa Energy LLC,52952.5225144,2019
104217,Marsh Landing Generating Station ,42580.9573131986,2019
101332,Martinez Cogen Limited Partnership,391110.469599042,2019
100914,Martinez Refining Company LLC,3712650.11977219,2019
104384,"Maruchan, Inc. - Laguna Canyon",20075.5087404573,2019
104633,Matchmaster Dyeing & Finishing,23859.3508304,2019
104805,MATRIX OIL CORP,14692.398,2019
104613,"Matsui Nursery, Inc.",12802.562034,2019
100296,McKittrick Limited,7702.286288,2019
3044,Merced Irrigation District (MeID),0.0,2019
101665,"Merced Power, LLC, 95340",69469.7396074692,2019
104848,Metal Coaters of California,10898.786312,2019
100878,Metropolitan State Hospital,4067.40039888,2019
2046,Metropolitan Water District of Southern California (MWD),101646.4476,2019
101703,"Midstream Energy Partners, USA, LLC",865001.451898517,2019
101744,"Midway Peaking, LLC",31867.606728,2019
100215,Midway-Sunset Cogeneration,512430.962430166,2019
104737,Milk Specialties Global,13292.669298544,2019
101297,MillerCoors USA LLC.,21574.1592091222,2019
104397,Mira Loma Metal Container Corp,11040.9290496,2019
100036,Miramar - MM and Miramar Energy,45311.009459957,2019
104629,Mission Bell Winery ,13459.6058416,2019
104658,Mission Foods Corporation,17954.842028864,2019
101010,Mitsubishi Cement 2000,1112357.43272962,2019
101217,"Mizkan America, Inc.",21395.2497136,2019
100088,MM Lopez Energy LLC,12095.9454684756,2019
101711,MM Prima Deshecha Energy LLC,27129.4164692674,2019
100051,MM Tajiguas Energy LLC,14425.620251366,2019
101484,MM West Covina LLC,39598.7987096161,2019
101209,MM Yolo Power LLC,13731.7021711403,2019
3045,Modesto Irrigation District (MID),427104.245346,2019
101028,"Modesto Irrigation District (MID) - Woodland Generation Station, 95351",207496.06423112,2019
101359,"Modesto Irrigation District - Ripon Generation Station, 95366",8457.649804,2019
5019,Mojave Pipeline Operating Company (MPOC),0.0,2019
104726,Monterey Bay Community Power,0.0,2019
101329,Monterey Regional Waste Management District,16984.3930691611,2019
3046,Moreno Valley Utility (MVU),0.0,2019
2369,Morgan Stanley Capital Group Inc. - EPE,471437.508451886,2019
101498,Morning Star Packing Company - Los Banos,57469.5830704,2019
101536,Morning Star Packing Company - Williams,99658.4583056,2019
104322,MP Mine Operations LLC,4055.7826023875,2019
101228,Mt. Poso Cogeneration Company,322541.073651423,2019
104438,Musket Corporation,838181.428364872,2019
104097,Naftex Operating Company,40436.7194246486,2019
104405,NASA Ames Research Center,13397.8724912,2019
101314,National Cement Company - Lebec,812345.864882638,2019
104408,Naval Air Station Lemoore,10935.3799019227,2019
104789,Naval Air Station North Island,3247.7569616,2019
104214,Naval Air Weapons Station China Lake,11723.192052677,2019
104035,Naval Medical Center - San Diego,16754.6506888167,2019
104732,NCPA - CT1 Alameda,6464.2014432,2019
104551,"Nebraska Corn Processing, LLC",11724.332162,2019
104717,"Neste US, Inc.",1965417.220096,2019
2388,Nevada Power Company (dba NV Energy),108231.269433774,2019
101697,"New NGC, Inc - Long Beach",35054.5097656,2019
104415,"New NGC, Inc - Richmond",26432.6528944,2019
100195,"New-Indy Ontario, LLC Linerboard Mill",232395.839752,2019
101356,New-Indy Oxnard LLC,114216.169801616,2019
104136,Newark Pacific Paperboard,23996.4888784,2019
104611,"Newport Fab, LLC (DBA TowerJazz Semiconductor)",11996.2144352,2019
104225,"Nextera Energy Marketing, LLC",94209.648,2019
104420,"Nong Shim America, Inc.",11265.5244464,2019
104457,"Nor-Cal Beverage Company, Inc. - Anaheim",13350.818856,2019
104323,North Baja Pipeline,0.0,2019
2215,Northern California Power Agency (NCPA),25532.753118,2019
101529,Northern California Power Agency - Geothermal Plant No. 1,14826.74,2019
101530,Northern California Power Agency - Geothermal Plant No. 2,24163.53,2019
101358,Northrop Grumman - Palmdale,15365.628979264,2019
104227,Northrop Grumman Marine Systems - Sunnyvale,16770.9536789072,2019
104369,Northrop Grumman Systems Corp. - El Segundo,10365.3808921517,2019
104324,Northrop Grumman Systems Corp. - Redondo Beach,12357.479572672,2019
100076,NOVE Power Plant,748.897484324086,2019
100164,NRG Energy - El Segundo,243454.3303264,2019
101534,NRG Energy - Encina,57.73917879484,2019
100208,NRG Energy - Long Beach,13135.157372,2019
101500,Olam West Coast Inc - Williams,35179.3483776,2019
101213,Olam West Coast Inc- Lemoore,34523.0069536,2019
104069,"Olam West Coast, Inc. - Firebaugh",31483.7911088,2019
101284,"Olam West Coast, Inc. - Gilroy",44045.8766268673,2019
104378,"Olive View Medical Center, Los Angeles County Department of Health Services",17365.97517808,2019
100236,OLS Energy Chino,8885.9404896,2019
101745,Orange County Central Utility Facility,33920.3478576,2019
100255,Orange County Sanitation District - Plant 1,25457.5008904539,2019
101280,Orange County Sanitation District - Plant 2,34904.8708441159,2019
104053,Orange Grove Energy Center,11692.9670948,2019
104675,Orange Plant - R.J. Noble,9607.9319776,2019
104495,"Ormat Nevada, Inc. / ORNI 18 North Brawley - Geothermal",34450.678764611,2019
100695,"Ormat Nevada, Inc./ GEM 2 & 3 - Geothermal",9896.78,2019
101357,"Ormond Beach Power, LLC",101012.643221234,2019
100106,Otay Landfill Gas LLC,18516.6713178449,2019
101154,"Owens Corning Insulating Systems, LLC Santa Clara",12302.5207616,2019
104778,"Owens Corning Roofing and Asphalt, LLC",9892.8171664,2019
101183,"Owens-Brockway Glass Container, Tracy",87187.1092448,2019
101475,"Owens-Brockway Glass Container, Vernon",58657.4637616,2019
104419,"PABCO Clay Products, LLC, dba Gladding McBean",13622.897983488,2019
104733,PABCO Gypsum Newark,29156.0638032,2019
104383,PABCO Paper,16889.9873923056,2019
104616,Pacific Clay Products,11417.4728781712,2019
101674,Pacific Coast Energy Company LP,37763.8139678115,2019
101207,Pacific Coast Producers,36095.965504,2019
104740,Pacific Continental Textiles,33.703050709952,2019
104540,"Pacific Ethanol Madera, LLC",37534.588208,2019
104048,"Pacific Ethanol Stockton, LLC",95573.5267156,2019
3002,Pacific Gas and Electric Company (PG&E) - Electric Power Entity,596804.22462,2019
104025,"Pacific Gas and Electric Company (PG&E) - Gas Distribution System Fugitive Emissions (San Francisco, CA)",496789.387834538,2019
104024,Pacific Gas and Electric Company (PG&E) - Supplier of Natural Gas ,42058498.9361743,2019
101298,Pacific Ultrapower Chinese,260684.35607,2019
3003,PacifiCorp,778613.085336347,2019
104738,Palo Alto V.A. Health Care System Division,9546.1243264,2019
101740,"Panoche Energy Center, LLC",322653.604308,2019
3049,"Pasadena Water and Power, 91101",369211.167827739,2019
100179,"Pasadena Water and Power, Glenarm",35539.2319990107,2019
104801,Peet's Coffee,10714.8751780064,2019
104698,Peninsula Clean Energy (PCE),0.0,2019
104089,Petro-Diamond,2063784.333487,2019
104022,PG&E Burney Compressor Station,46746.6270035227,2019
101758,PG&E Colusa Generating Station,1157803.83324315,2019
101562,PG&E Delevan Compressor Station,32299.6971313114,2019
101741,PG&E Gateway Generating Station,1137159.67680745,2019
101747,PG&E Gerber Compressor Station,52042.1244359562,2019
101290,PG&E Hinkley Compressor Station,72939.9660781513,2019
100192,PG&E Humboldt Bay Generating Station,189163.355794004,2019
101563,PG&E Kettleman Compressor Station,38208.3888110131,2019
104021,PG&E McDonald Island Underground Storage Station,16697.6688032802,2019
104023,PG&E Tionesta Compressor Station,33228.3552721141,2019
101031,PG&E Topock Compressor Station,52647.2919256682,2019
104010,Phillips 66 Company - Fuel Supplier,18231153.1523096,2019
100913,Phillips 66 Company - Los Angeles Refinery - Carson Plant,897746.461936576,2019
100329,Phillips 66 Company - Los Angeles Refinery - Wilmington Plant,1811846.91537406,2019
100351,Phillips 66 Company - San Francisco Carbon Plant,169001.617684044,2019
100303,Phillips 66 Company - San Francisco Refinery,1169908.89336685,2019
101226,Phillips 66 Company - Santa Maria Refinery,172570.974796273,2019
104728,Pico Rivera Innovative Municipal Energy (PRIME),0.0,2019
3016,"Pilot Power Group, LLC.",0.0,2019
104494,"Pilot Travel Centers, LLC",1741855.93758153,2019
104667,Pio Pico Energy Center,57072.995668,2019
104773,Pioneer Community Energy (PIO),0.0,2019
100151,Pitchess Cogeneration Station,11080.0855712,2019
5024,Pittsburg Power Company- EPE,0.0,2019
101685,Pixley Cogeneration Partners / Calgren Renewable Fuels,133474.280057801,2019
100888,Plains LPG Services/ Lone Star Frac & Isom Facility,1140791.97368539,2019
104557,"Plains Marketing, L.P.",98468.655046832,2019
104731,Plains Midstream Canada ULC,156129.322105936,2019
3100,Plumas-Sierra REC,3886.25712,2019
3051,Port of Oakland,0.0,2019
3052,"Port of Stockton, 95203",0.0,2019
2127,Portland General Electric Company,302168.525283788,2019
104681,"Potrero Hills Energy Producers, LLC",33835.5206517905,2019
3053,Power and Water Resources Pooling Authority (PWRPA),0.0,2019
3101,Powerex Corp - ACS,0.0,2019
2243,Powerex Corp. - Marketer,459141.85353968,2019
101053,Praxair Inc.,81048.8061379527,2019
104777,"Praxair Plainfield, Inc.",0.0,2019
104394,Press Forge Co,22021.03228,2019
104206,Prime Wheel Corporation,14012.3188784,2019
104423,Procter & Gamble Manufacturing Co. - Sacramento Plant,20262.6560832,2019
101497,"ProEnergy - Greenleaf Energy Unit 1, LLC",4224.106624,2019
100182,"ProEnergy - Greenleaf Energy Unit 2, LLC",114341.23576,2019
104096,ProPetroleum Inc.,117255.066029714,2019
104625,Public Service Company of Colorado (PSCo),507188.8596,2019
104744,Public Service Company of New Mexico,1070.40443453207,2019
104462,Puget Sound Energy,14213.1415976356,2019
101400,"Qualcomm, Inc. - Morehouse Facility",22163.92864,2019
101523,"Qualcomm, Inc. - Pacific Center Facility",39931.4152576,2019
104197,"Quemetco, Inc.",35540.6668536,2019
5028,Questar Southern Trails,0.0,2019
104391,Rady Children's Hospital San Diego,22390.54714144,2019
104203,Rainbow Energy Marketing Corporation (REMC),8548.20950420158,2019
3054,Rancho Cucamonga Municipal Utility,0.0,2019
104767,Rancho Mirage Energy Authority (RMEA),0.0,2019
3055,Redding Electric Utility,67970.312628,2019
100256,Redding Electric Utility - Redding Power Generation,105921.244305219,2019
104712,Redwood Coast Energy Authority,0.0,2019
104560,"REG Marketing & Logistics Group, LLC",714463.915976,2019
104669,Reynolds Consumer Products - Red Bluff,9689.1745952,2019
104198,Richard J Donovan Correctional Facility,2100.8445056,2019
100265,Rio Bravo Fresno,290244.379342,2019
100055,Rio Bravo Rocklin,258235.468716,2019
104691,Rio Tinto - Wilmington,10175.0275264,2019
104056,River City Petroleum,1276546.828637,2019
100387,Riverside Public Utilities - Clearwater Facility,3975.7084352,2019
100392,Riverside Public Utilities - Riverside Energy Resource Center,45018.381312,2019
104037,Robinson Oil Supply & Transport,276925.664505,2019
100196,"Rohr, Inc., a Collins Aerospace Company-Cogen Plant",4261.41982427059,2019
101702,Roseburg Forest Products,117203.131574942,2019
3057,Roseville Electric,19030.7611447132,2019
101270,"Roseville Electric, Roseville Energy Park",129908.877728,2019
100130,"Sacramento Municipal Utility District (SMUD) , Carson Ice CG",148033.5289336,2019
100365,"Sacramento Municipal Utility District (SMUD) , Cosumnes Power Plant",1065431.8193,2019
100252,"Sacramento Municipal Utility District (SMUD) , SCA",346945.390074316,2019
100125,"Sacramento Municipal Utility District (SMUD) , SPA",287379.712340258,2019
3058,Sacramento Municipal Utility District (SMUD) - Electric Power Entity,363070.676151362,2019
104352,Sacramento Municipal Utility District (SMUD) - Gas Pipeline,1821304.55047124,2019
104632,Sacramento Rendering Company,13203.6448928,2019
101035,Safety-Kleen of California Inc.,509.1568464,2019
104357,Saint Agnes Medical Center,22581.07456,2019
104436,Saint Bernardine Medical Center,11306.3208928,2019
101518,Salinas River Cogeneration Facility,221314.487,2019
104461,Salt River Project,341764.05192,2019
104398,San Benito Foods,12316.931158264,2019
3004,San Diego Gas & Electric (SDG&E) - Electric Power Entity,661010.683016077,2019
104085,San Diego Gas and Electric (SDG&E) - Local Distribution,4690292.3298064,2019
104115,San Diego Gas and Electric (SDG&E) - Natural Gas Distribution Sub W,94886.395359,2019
104380,San Francisco General Hospital,13960.9133392,2019
3028,"San Francisco Hetch Hetchy Water and Power, CCSF",0.0,2019
104367,San Francisco International Airport (SFO),15212.9508128,2019
104556,San Francisco Southeast Treatment Plant,8859.165318,2019
104768,San Jacinto Power ,0.0,2019
101239,San Joaquin Refining Company,95809.1092895058,2019
104497,San Joaquin Refining Company - Fuel Supplier,227585.416396,2019
104793,San Jose Clean Energy,0.0,2019
101140,San Jose/Santa Clara Regional Wastewater Facility,39887.3714309466,2019
101157,San Marcos Energy LLC,9730.54286446528,2019
104670,Santa Barbara Cottage Hospital,12396.0386610633,2019
104626,Santa Clara Valley Medical Center,15645.2594032,2019
101439,Santa Cruz Energy LLC,6175.4824385265,2019
104381,"Santa Maria Energy, LLC, Careaga Lease",15603.8868640295,2019
101186,Saputo Cheese USA Inc. - Paige,68395.8394496,2019
104396,Saputo Cheese USA Inc.- Levin,11677.5436112,2019
104358,Schlosser Forge Company,28301.1057264,2019
101663,SDG&E - Cuyamaca Peak Energy Plant,4297.775864,2019
101401,SDG&E - Miramar Energy Facility,40050.472008,2019
104221,SDG&E - Moreno Compressor Station,10647.1978491734,2019
100362,SDG&E - Palomar Energy Center,464783.03448,2019
104862,"Seaboard Energy Marketing, Inc.",125758.787612,2019
100011,Searles Valley Minerals Inc.,1325771.08884726,2019
104503,"SEI Fuel Services, Inc.",1604837.469194,2019
2060,"Sempra Gas & Power Marketing, LLC",1483778.71753324,2019
104091,Seneca San Joaquin Production Facilities,401784.509649169,2019
101315,Sensient Natural Ingredients LLC,46280.0258848,2019
104219,"Sentinel Energy Center, LLC",306128.308116,2019
104888,Sentinel Peak Resources - Los Angeles Basin,11631.9925729074,2019
104081,Sentinel Peak Resources - SJV Basin Facility,867923.386100054,2019
103016,Sentinel Peak Resources- AG Facility,107677.68155692,2019
104792,"Setton Pistachio of Terra Bella, Inc",8283.1168704,2019
104202,SFPP L.P. - Colton Terminal,10895.00378905,2019
104615,Sharp Grossmont Hospital,19559.7599008,2019
104340,Shell Catalysts & Technologies,17238.263248,2019
104325,Shell Chemical LP - Martinez Catalyst Plant,14494.918496,2019
3081,"Shell Energy North America (US), L.P. - EPE",428177.323970746,2019
104051,Shell Oil Products US - Supply - Fuel Supplier,13234685.3546615,2019
104543,Shell Trading US Company - Fuel Supplier,429951.97449,2019
104511,Shiralian Enterprises,717842.335332,2019
104329,Shultz Steel Company,29347.4732195,2019
104614,"Sierra Aluminum, a Division of Samuel, Son & Co. (USA) Inc.",15752.1835616,2019
100090,"Sierra Pacific Industries (SPI) - Anderson, 96007",310646.419336043,2019
100043,Sierra Pacific Industries (SPI) - Burney,152242.040301841,2019
101680,Sierra Pacific Industries (SPI) - Lincoln,226524.937416249,2019
101378,Sierra Pacific Industries (SPI) - Quincy Division,496840.239302291,2019
101681,Sierra Pacific Industries (SPI) - Shasta Lake,42648.8647213107,2019
101682,Sierra Pacific Industries (SPI) - Sonora,138139.51738983,2019
2438,Sierra Pacific Power Company (dba NV Energy),135300.28785264,2019
104766,Sierra Resources Santa Barbara Basin,10026.972085894,2019
104090,Signal Hill Petroleum Facilities,32560.7021536029,2019
104720,Silicon Valley Clean Energy Authority,0.0,2019
3061,"Silicon Valley Power (SVP), City of Santa Clara",110384.196,2019
101438,"Silicon Valley Power (SVP), City of Santa Clara , Cogen",39887.6892368,2019
101436,"Silicon Valley Power (SVP), City of Santa Clara , DVR",283935.7922888,2019
101691,Smithfield Packaged Meats Corp,22961.3313474226,2019
104798,"Soil Safe of California, Inc.",10626.128912,2019
104764,Solana Energy Alliance (SEA),0.0,2019
101118,Solar Turbines Incorporated - Kearny Mesa,40882.3423472884,2019
104537,Sonoma Clean Power (SCP),0.0,2019
100096,Sonoma County Landfill Gas to Energy,18062.532797456,2019
104612,Sonoma Developmental Center,43.6994848,2019
100063,Southeast Resource Recovery Facility (SERRF),359127.135564,2019
101539,Southern California Edison (SCE) - Barre Peaker,11586.664088,2019
101537,Southern California Edison (SCE) - Center Hybrid,6873.022772,2019
3005,Southern California Edison (SCE) - Electric Power Entity,823363.526166,2019
101538,Southern California Edison (SCE) - Grapeland Hybrid,5118.7322,2019
104326,Southern California Edison (SCE) - McGrath Peaker,10752.761208,2019
100394,Southern California Edison (SCE) - Mira Loma Peaker,9168.835216,2019
100344,Southern California Edison (SCE) - Mountainview,1216354.4919096,2019
101673,Southern California Edison (SCE) - Pebbly Beach,22834.9038480026,2019
101349,Southern California Gas Co - Aliso Canyon Facility,10401.9244413271,2019
101675,Southern California Gas Co - Blythe Facility,40137.4238819471,2019
104082,Southern California Gas Co - Distribution,1359770.065803,2019
100915,Southern California Gas Co - Honor Rancho Facility,32220.1257824935,2019
104365,Southern California Gas Co - Kelso Facility,3.78584269073856,2019
101346,Southern California Gas Co - South Needles Facility,2009.79113766691,2019
104220,Southern California Gas Co - Wheeler Ridge Compressor Station,25354.9282305477,2019
5002,Southern California Gas Company - End User Emissions,41166708.228178,2019
104212,"Southern Counties Oil Co., A California Limited Partnership",671118.942399,2019
5013,Southwest Gas Distribution Facilities,866991.652697,2019
101241,"Spreckels Sugar Company, Inc.- Brawley",89101.8668814112,2019
100263,SRI International Cogen Project,25324.890881824,2019
104635,Stanford University,20633.650592,2019
101025,Stanislaus Food Products,53727.0093168,2019
104409,State of California Central Utility Plant - General Services,12839.97432,2019
104370,Steelscape Inc.,20749.9738440576,2019
104619,Suburban Propane,13997.796236488,2019
104837,Sun Streams LLC,0.0,2019
104797,SunOpta Aseptic,10.441040312,2019
100948,Sunrise Power Company,824166.45596,2019
104709,SunSelect Produce (California) Inc,28094.406208,2019
104550,"Sunshine Gas Producers, LLC",91125.3671993945,2019
104794,Superior Gas Liquids USA,79207.5602049461,2019
104579,Surprise Valley Electrification Corp.,0.0,2019
100886,Sycamore Cogeneration Facility,417455.4533,2019
101684,Sycamore Energy LLC,22772.105482459,2019
104567,Tacoma Power - ACS,0.0,2019
105757,Tacoma Power - Marketer,2813.7312,2019
101073,TAMCO,47617.8019088,2019
104827,TEC Energy Inc.,214.35096,2019
104790,Teichert Materials,7936.0472192,2019
104194,Tenaska Power Services Co.,93132.9687362714,2019
2427,"Terra-Gen Dixie Valley, LLC",33218.80907599,2019
104458,"Terracore Operating Company, LLC. 750 Santa Maria Basin",39005.6506730597,2019
104516,"Tesla, Inc.",23594.033288,2019
5012,Tesoro Refining and Marketing - Fuel Supplier,44354482.4424956,2019
101331,Tesoro Refining and Marketing Co. - Martinez,2285325.05033315,2019
2278,"The Energy Authority, Inc.",24874.274064,2019
101582,The P&G Paper Products Co.,311839.668106235,2019
104518,The Regents of the University of California - EPE,0.0,2019
104327,The Soco Group Inc.,0.0,2019
104647,The Sun Valley Group,14412.7258896,2019
5047,"Tiger Natural Gas, Inc. - EPE",0.0,2019
104620,Timber Products Company Yreka Veneer,15925.109172,2019
101502,Tomatek / Neil Jones Food Companies,27646.6983469168,2019
100217,Torrance Refinery,2810773.17933571,2019
104476,Torrance Refining Company LLC  - Fuel Supplier,8572707.6159688,2019
100358,Tracy Combined Cycle Plant,389924.78027688,2019
2312,"TransAlta Energy Marketing (US), Inc.",319072.733788501,2019
104230,TransCanada Energy Sales Ltd.,121158.06024,2019
104760,Transwestern - Topock,0.0,2019
101460,"TRC Cypress Group, LLC",32852.7196349924,2019
104005,"Tricor Refining, LLC",45350.2672622064,2019
104639,Trinity Public Utility District (PUD),0.0,2019
3063,Truckee Donner Public Utility District,57912.5225889227,2019
104804,Truman Arnold Companies,44488.390056,2019
100952,"TST, Inc.",19193.4038848,2019
3064,Turlock Irrigation District (TID),302395.77849,2019
100111,"Turlock Irrigation District (TID), Almond Power Plant",160819.864368,2019
100371,Turlock Irrigation District/ Walnut Energy Center,469461.389444,2019
104714,Tuscarora Gas Transmission - Shoetree Compressor Station,14885.290872832,2019
5010,Tuscarora Gas Transmission Pipeline,0.0,2019
104515,"Twin Eagle Resource Management, LLC",590.66568,2019
100300,"U.S. Borax, 93516",336885.93048,2019
101271,U.S. Gypsum Co Plaster City Plant,77379.5491776,2019
104775,"U.S. Venture, Inc.",35556.183968,2019
104068,UC Davis Medical Center,60802.663994594,2019
101205,Ultramar Inc - Valero Wilmington,1135875.91599369,2019
104062,Union Pacific Railroad Company,664010.129664,2019
101124,"United Airlines, Inc. - San Francisco Maintenance Center",28308.1579860749,2019
104545,United Pacific Energy,25258.49218764,2019
101469,United States Pipe & Foundry Co. LLC,35579.7023565909,2019
104514,"University of California, Berkeley",131674.93687834,2019
100305,"University of California, Davis",54380.1052143182,2019
101296,"University of California, Irvine",69141.5575199798,2019
100997,"University of California, Los Angeles, UCLA",226127.084916035,2019
104173,"University of California, Riverside, UCR",24670.340570312,2019
101305,"University of California, San Diego, UCSD",159792.1337104,2019
101416,"University of California, San Francisco",54545.8672928955,2019
104372,"University of California, Santa Barbara",19297.5438552931,2019
100273,"University of California, Santa Cruz, UCSC EH&S Office",27259.8390612783,2019
104361,University of Southern California (USC) - University Park Campus (UPC),23404.6405488,2019
101068,USS-POSCO Industries,33291.5444291729,2019
104617,VA Greater Los Angeles Healthcare System,12046.362168,2019
104661,VA San Diego Healthcare System,17738.5676848,2019
104071,Valero Marketing and Supply Company - Fuel Supplier,18563568.7540023,2019
100372,"Valero Refining Company - California, Benicia Refinery and Benicia Asphalt Plant",2546779.02126388,2019
104444,Valero Wilmington Asphalt Plant,13462.5643086275,2019
104750,Valley Clean Energy Alliance,0.0,2019
104510,Valley Electric Association,8569.0135944,2019
104844,"Valley Milk, LLC",14748.204616,2019
104205,Vandenberg Air Force Base,16449.189835524,2019
104838,Vaquero Energy - Kern County,13987.98,2019
104783,Vaquero Energy - Santa Barbara County,20041.785449486,2019
104643,Ventura Coastal,9763.3957872,2019
104836,Ventura Coastal LLC,15084.5537232,2019
3066,"Vernon Public Utilities, Electric Power Entity",0.0,2019
5008,"Vernon Public Utilities, Gas Municipal Utility",468780.836384,2019
104830,"Viasyn, Inc.",1.30968,2019
3067,Victorville Municipal Utility Services - EPE,0.0,2019
104571,Victorville Municipal Utility Services - Gas Utility,12703.0326384,2019
100953,Vista Metals Corp.,35038.56,2019
5014,Vitol - Fuel Supplier,93715.238639,2019
104467,Vitol Inc. - EPE,8076.79656,2019
101513,Vitro Flat Glass LLC,92808.9930416,2019
100058,Wadham Energy Ltd Partnership,208857.670964,2019
104218,"Walnut Creek Energy, LLC",237314.048528,2019
104745,WAPA - Colorado River Storage Project  ,0.0,2019
3078,WAPA - Desert Southwest Region,0.0,2019
3079,WAPA - Sierra Nevada Region,276073.649718,2019
100060,Waste Management - Altamont Landfill,38401.3022371954,2019
104746,"Waste Management - Redwood Landfill, Inc.",17138.5845364112,2019
104363,Weber Metals,24231.3481240256,2019
5007,West Coast Gas Company Inc,10405.137104,2019
100282,Wheelabrator Shasta Energy Company,477201.825690388,2019
104392,Wild Goose Storage LLC,41661.8855590717,2019
101343,"Wildflower Energy, LP - Indigo Generation, LLC",19927.701156,2019
100353,"Wildflower Energy, LP - Larkspur Energy Facility, LLC",29758.576232,2019
104359,Windset Farms,33448.2638416374,2019
101693,"Wm. Bolthouse Farms, Inc.",23941.8512544,2019
101493,"Woodland Biomass Power, LLC",284686.018308607,2019
104679,WP&A Firebaugh,10997.8664288,2019
104678,WP&A King,6930.350810608,2019
101736,WP&A Lost Hills,31752.302085744,2019
104618,WWF Operating Company,14895.1967838237,2019
100322,Yuba City Cogeneration Partners LP,1981.071616,2019
3006,3 Phases Renewables - EPE,114077.4936,2020
104356,3M Corona,15244.5127312,2020
104796,AAK Richmond,14379.17748624,2020
104213,ABI Foundry,17029.0559863233,2020
104347,"Aemetis Advanced Fuels Keyes, Inc.",137905.216785372,2020
104018,Aera Energy Coastal Basins,268194.26655033,2020
104016,Aera Energy San Joaquin Basin,3030476.82115915,2020
104017,Aera Energy Ventura Basin,21633.28650045,2020
101321,"AES Alamitos, LLC",921914.2543132,2020
100194,"AES Huntington Beach, LLC",645651.5906652,2020
100257,AES Redondo Beach LLC,239882.3618764,2020
101701,Air Liquide El Segundo Hydrogen Plant,556633.956965942,2020
101749,Air Liquide Large Industries US L.P. - Rodeo Hydrogen Plant,882698.248407665,2020
101017,"Air Products & Chemicals, Inc., Martinez",87219.079,2020
101248,Air Products Carson Hydrogen Plant,507918.785151475,2020
101512,"Air Products Manufacturing Corporation, Sacramento",48589.5885060175,2020
100127,Air Products Wilmington Hydrogen Plant,707582.658147009,2020
3022,Alameda Municipal Power - RSO,0.0,2020
101433,"Algonquin Power Sanger, LLC",28147.58116768,2020
104345,All American Asphalt - Corona,12358.6749664,2020
104666,All American Asphalt - Irvine,8009.148592,2020
104406,Allergan,7911.283824,2020
101237,Alon Bakersfield Refinery - Areas 1&2,16315.8678502164,2020
104499,Alon Bakersfield Refinery - Areas 1&2 - Fuel Supplier,0.0,2020
100283,AltaGas Ripon Energy Inc.,3785.3604,2020
101056,AltAir Paramount LLC,24807.1463377377,2020
104759,AltAir Paramount LLC - Fuel Supplier,414041.480977,2020
104899,Altman Specialty Plants,10135.1704544,2020
104027,Ameresco Chiquita Energy LLC,33474.801705075,2020
104637,Ameresco Forward LLC,16963.0959532326,2020
101657,Ameresco Half Moon Bay,43127.3663558983,2020
101748,Ameresco Keller Canyon,16381.202985252,2020
104636,Ameresco San Joaquin LLC ,15620.3629031959,2020
101656,Ameresco Santa Cruz,11705.637831525,2020
104634,Ameresco Vasco Road,18302.8580333418,2020
104727,"American PowerNet Management, LP - RSO",0.0,2020
104544,"AmeriGas Propane, L.P.",87332.095060768,2020
101179,Amgen Inc.,20698.7009424,2020
101666,"Ampersand Chowchilla Biomass, LLC, 93610",97044.9596662796,2020
104487,Ampine: A Division of Timber Products,8921.91568732,2020
3023,"Anaheim, City of PUD - EPE",863977.334429579,2020
100943,Anheuser-Busch LLC - Fairfield,16581.6306931193,2020
101473,Anheuser-Busch LLC - Los Angeles Brewery,38211.768066758,2020
104578,Anza Electric Cooperative - RSO,0.0,2020
104722,AOT Energy Americas LLC,0.0,2020
104003,"Apex Oil Company, Inc.",179748.041623,2020
104833,Apple Inc - Bloom Energy Servers,11076.61890816,2020
104725,Apple Valley Choice Energy - RSO,0.0,2020
104761,Applied Natural Gas Fuels,117182.339136,2020
104042,Archer Daniels Midland,48753.209096,2020
101715,Arcosa LWFP LLC,19474.4162503794,2020
101342,Ardagh Glass Inc.,79806.079928,2020
2098,Arizona Electric Power Cooperative (AEPCo) - EPE,13431.0467190125,2020
104131,Arizona Public Service Company (APSC) - EPE,122353.887844536,2020
2292,Avangrid Renewables - EPE,213280.180210254,2020
101696,Avenal State Prison,21065.232096,2020
104677,Avista Utilities - EPE,4459.78692516878,2020
104379,"Azteca Milling, L.P.",13460.7787328,2020
3024,Azusa Light & Water - EPE,41805.42216,2020
100897,Badger Creek Limited,9389.7636,2020
104334,"Baker Commodities, Inc., Kerman Division",18620.3218144,2020
104621,"Baker Commodities, Inc., Vernon Division",17310.8710512,2020
104869,Baldwin Park Resident Owned Utility District (BPROUD) - RSO,0.0,2020
3025,"Banning, City of Electric Department - EPE",0.0,2020
104542,Baxalta US Inc.,8842.069104592,2020
104165,Bayer Healthcare,11489.504208,2020
104867,BB ENERGY USA LLC,13777.340988,2020
100890,Bear Mountain Limited,20466.102288,2020
3000,Bear Valley Electric Service - RSO,0.0,2020
100895,Berry Petroleum Company - Placerita,206745.512311676,2020
104094,Berry Petroleum Company - San Joaquin Basin,1205698.26731258,2020
3026,Biggs Municipal Utilities - RSO,0.0,2020
100120,Biola University,581.8920224,2020
104871,BioMarin Pharmaceutical Inc.,10809.3175344,2020
104825,"Bleyhl Farm Service, Inc.",19223.9643518773,2020
100053,Blue Lake Power,0.0,2020
100342,Blythe Energy,765455.379232,2020
104054,BNSF Railway - Barstow,336013.93728,2020
104064,BNSF Railway - Commerce,248678.125339428,2020
104065,BNSF Railway - Richmond,117407.647804953,2020
4000,Bonneville Power Administration (BPA) - ACS,0.0,2020
2044,Bonneville Power Administration (BPA) - EPE,14049.7466453109,2020
104692,Boston Energy Trading & Marketing - EPE,0.0,2020
104680,"Bowerman Power LFG, LLC",80624.7924121324,2020
104074,Boyett Petroleum,173145.229547,2020
2113,BP Energy Company - EPE,133351.320762041,2020
104001,BP Products North America Inc - Terminals,6771386.243833,2020
100389,Braun Medical Inc,53089.8202877381,2020
100061,"Brea Generation, LLC",128487.112378529,2020
104075,Breitburn Operating LP - Los Angeles Basin Facility,13573.2205406681,2020
100904,"Bridge Energy, LLC",36601.2763076467,2020
104120,Brookfield Renewable Trading & Marketing LP - EPE,70915.88097,2020
3027,Burbank Water & Power - EPE,332500.762352997,2020
100018,Burney Forest Products,388500.015159595,2020
104077,BWP/MPP Electricity Generating Facilities at 164 W. Magnolia,550956.5088598,2020
100002,Calciner,277746.247885281,2020
104826,CalEnergy LLC - EPE,0.0,2020
100692,CalEnergy Operating Corporation - J J Elmore - Geothermal,7290.52,2020
100703,CalEnergy Operating Corporation - J M Leathers - Geothermal,25544.96,2020
100712,CalEnergy Operating Corporation - Region 1 - Geothermal,74968.509597053,2020
100716,CalEnergy Operating Corporation - Region 2 - Geothermal,45044.49,2020
104411,"California Dairies, Inc. Artesia",5338.04621768596,2020
100959,"California Dairies, Inc. Fresno",36160.1402790278,2020
104410,"California Dairies, Inc. Los Banos",12837.1243536,2020
101509,"California Dairies, Inc. Tipton",43705.6016380385,2020
101190,"California Dairies, Inc. Turlock",37058.7363127397,2020
101197,"California Dairies, Inc. Visalia",67063.1146665515,2020
104711,"California Dairies, Inc., Turlock North",24627.8068544,2020
3072,California Department of Water Resources (DWR) - EPE,0.0,2020
100327,California Institute of Technology (CalTech),53171.577295296,2020
104662,California Medical Facility,5226.636704,2020
104353,California Natural Products,21088.01691426,2020
104135,California Paperboard Corporation,2240.8749776,2020
104362,California Polytechnic State University,11468.0418912,2020
101060,"California Power Holdings, LLC-Chowchilla Facility, 95360",8639.1609968,2020
100368,"California Power Holdings, LLC-Red Bluff Facility, 96080",5074.7287184,2020
104014,"California Resources Elk Hills, LLC - 35R Gas Plant",2877819.24992175,2020
104072,California Resources Production Corporation - 760 Los Angeles Basin,251714.10582256,2020
104029,California Resources Production Corporation - Sacramento Valley Basin 730,84232.7534456188,2020
104030,California Resources Production Corporation - San Joaquin Valley Basin 745,827365.0325,2020
104033,California Resources Production Corporation - Ventura Basin 755 incl. SCVGP Gas Plant,80103.0756862588,2020
104657,California State Prison - Corcoran,12611.8496352,2020
104736,California State Prison - Sacramento,15005.099632,2020
100235,"California State University, Channel Islands",8860.087367024,2020
104350,"California State University, Fullerton",17482.9623184,2020
101399,"California State University, San Diego",34944.9611968,2020
100131,"California State University, San Jose",27593.4277568,2020
100954,California Steel Industries,124433.282666944,2020
101405,CalPeak Power - Border,9528.087356,2020
101662,CalPeak Power - Enterprise,9217.721324,2020
100376,"CalPeak Power - Panoche, LLC",11123.053856,2020
100377,"CalPeak Power - Vaca Dixon, LLC",9740.378764,2020
101496,"Calpine - CCFC Sutter Energy, LLC",373527.346329888,2020
104332,Calpine - CPN Pipeline,107256.813696,2020
101525,"Calpine - Creed Energy Center, LLC",10693.6311888,2020
101526,"Calpine - Delta Energy Center, LLC",1497819.43198736,2020
101527,"Calpine - Geysers Power Company, LLC - Geothermal",210004.341384599,2020
100178,"Calpine - Gilroy Cogen, L.P., Gilroy Cogen_Peaker",72318.1680672,2020
100337,"Calpine - Gilroy Energy Center, LLC, Feather River",17883.7726768,2020
101528,"Calpine - Gilroy Energy Center, LLC, Riverview Peaker",13317.834608,2020
101276,"Calpine - Gilroy Energy Center, LLC, Wolfskill Peaker",5485.9889536,2020
100383,"Calpine - Goose Haven Energy Center, Peaker",10068.4801792,2020
101300,"Calpine - King City Cogen, LLC, King City Cogen_Peaker",36098.6880976,2020
101143,"Calpine - Los Esteros Critical Energy Facility, LLC",127505.883347731,2020
100338,"Calpine - Los Medanos Energy Center, LLC",1198138.11773703,2020
100343,"Calpine - Metcalf Energy Center, LLC",932274.1730944,2020
101426,Calpine - O.L.S. Energy - Agnews Inc. 95134,7071.3769664,2020
101746,Calpine - Otay Mesa Energy Center,813895.182424,2020
100345,Calpine - Pastoria Energy Facility L.L.C.,1632239.496752,2020
104456,Calpine - Russell City Energy Center,422953.695104,2020
101211,"Calpine - Yuba City Energy Center (Gilroy Energy Center, LLC)",34804.9254176,2020
3010,Calpine Corporation - EPE,120745.314928573,2020
3018,"Calpine Energy Solutions, LLC - EPE",0.0,2020
101029,"CalPortland Company, Mojave Plant",1116923.33442644,2020
100013,"CalPortland Company, Oro Grande Plant",1374930.3787212,2020
100936,"Campbell Soup Supply Company, L.L.C. - Dixon",39662.772513284,2020
104199,"Campbell Soup Supply Company, L.L.C. - Stockton",24810.72321744,2020
104008,Canyon Power Project (CPP),63197.19576532,2020
104748,Carlsbad Energy Center Project,236003.700848,2020
101734,Carlton Forge Works,22803.947717328,2020
100129,Carson Hybrid Energy Storage LLC,10609.380396,2020
104458,Cat Canyon Resources 750 Santa Maria Basin,38443.3870522812,2020
104660,Cedars-Sinai Medical Center,17858.568784,2020
101476,Cemex Construction Materials Pacific LLC - Victorville Plant,2095723.38142188,2020
104755,Centennial Energy LLC,19946.548075272,2020
104726,Central Coast Community Energy - RSO,0.0,2020
101015,Central Contra Costa Sanitary District,71243.0743417579,2020
104743,Central Valley Meat,11480.481968,2020
3029,"Cerritos, City of - EPE",0.0,2020
100917,CertainTeed Corporation,57856.96730663,2020
101520,Chalk Cliff Limited,6398.89104,2020
104628,Chapel Street Environmental II - EPE,5841.72496014516,2020
104802,Chase Inc.,185079.666806,2020
104707,"Chemtrade West US, LLC",10289.09623744,2020
104011,Chevron AAPG 740 Coastal Basin,179743.6157,2020
104012,Chevron AAPG 745 San Joaquin Basin,2046471.649431,2020
100138,"Chevron Products Company - El Segundo Refinery, 90245",3099919.7010187,2020
104223,Chevron Products Company - Headquarters Fuel Supplier,31725200.4758333,2020
101384,"Chevron Products Company - Richmond Refinery, 94802",4129306.94480241,2020
104195,Chevron SJVBU Natural Gas Sales,0.0,2020
104393,Children's Hospital Los Angeles,14152.1582912,2020
101252,Chula Vista Energy Center,2455.205896,2020
2428,Citigroup Energy Inc. - EPE,196.452,2020
101221,"City of Anaheim, Combustion Turbine Generator",0.0,2020
101667,City of Colton - Generation,8753.243984,2020
104642,City of Hope National Medical Center,13189.0713216,2020
5011,City of Palo Alto - Gas Utility,138718.160656,2020
104399,City of Palo Alto Water Quality Control Treatment Plant,0.0,2020
104547,"City of San Diego, Public Utilities Dept, North City Water Reclamation Plant",17041.3407362429,2020
101564,"City of San Diego, Public Utilities Dept, Point Loma Treatment Plant",17401.3468642821,2020
104330,"City of San Diego, Public Utilities Dept, Pump Station 2",11059.470920384,2020
5036,City of Susanville Gas Utility,11511.476016,2020
100328,"Civic Center Cogen, LA County",41673.7344836496,2020
104536,Clean Energy,151574.477555749,2020
104749,Clean Power Alliance (CPA) - EPE,69000.92736,2020
104705,CleanPowerSF - RSO,0.0,2020
104485,CMO Inc,7783.1473256,2020
101250,Collins Pine Co.,107494.472622,2020
3031,"Colton, City of - EPE",0.87312,2020
104570,Comision Federal de Electricidad (CFE) - EPE,0.0,2020
104646,Commercial Energy of California - RSO,0.0,2020
101503,ConAgra - Oakdale,67056.020888,2020
104828,"Consolidated Edison Energy, Inc. (ConEd) - EPE",0.0,2020
3012,"Constellation NewEnergy, Inc. - EPE",32352.58848,2020
3032,"Corona, City of Department of Water & Power - EPE",0.0,2020
101733,Corteva agriscience - Pittsburg Operations,39587.5552952125,2020
100690,Coso Energy Developers (BLM E&W) - Geothermal,120186.53,2020
101670,Coso Finance Partners (Navy I) - Geothermal,70969.41,2020
101669,Coso Power Developers (Navy II) - Geothermal,123602.67,2020
101264,"Covanta - Stanislaus, Inc",276802.130878668,2020
101519,CP Kelco San Diego,112187.443652461,2020
104851,Crimson - Coalinga Station,9385.25248,2020
104488,Crimson Resource Management Corp,346199.659241799,2020
101263,"Crockett Cogeneration Project, LP",670590.884496,2020
104541,"Crystal Creamery, Inc.",16000.836496,2020
104349,"Custom Alloy Light Metals, Inc.",10700.005136,2020
104674,CWP Energy - EPE,3027.5436,2020
104338,Darling Ingredients Inc - Fresno,13386.7167568,2020
104337,Darling Ingredients Inc - Los Angeles,20281.3639632,2020
104339,Darling Ingredients Inc - Turlock,14132.3730496,2020
101260,Dart Container Corporation of California,14768.63415168,2020
101214,Del Monte - Hanford,27508.624008,2020
104138,Del Monte - Modesto,14307.2718256,2020
104489,"Delano Energy Center, LLC",3986.20107,2020
104655,Delano Growers Grape Products,11442.9119050449,2020
101709,DeMenno/Kerdoon,25000.8764784,2020
104856,Desert Community Energy (DCCE) - RSO,0.0,2020
100026,DG Fairhaven Power LLC,16128.0175376,2020
104433,"Diamond Pet Food Processors of California, LLC - Lathrop",11369.243056,2020
104690,"Diamond Pet Food Processors of California, LLC - Ripon",15266.69152,2020
101243,Dicalite Minerals Corp.,29307.4342770218,2020
2264,"Direct Energy Business, LLC (fka Strategic Energy) - EPE",57631.00368,2020
101218,Disneyland Resort,10239.3801925349,2020
100157,Double C Limited,11935.62744,2020
104663,DSH-Napa State Hospital,18272.901888,2020
104742,"DTE Energy Trading, Inc. - EPE",84135.15288,2020
104455,"DTE Stockton, LLC",571324.941335282,2020
100958,E & J Gallo Winery - Fresno,33197.5000636109,2020
104640,E & J Gallo Winery - Livingston,22000.3295262964,2020
104215,E&B Natural Resources - San Joaquin Valley,565844.500098949,2020
101355,E.F. Oxnard LLC,30198.0938586558,2020
104581,Eagle Petroleum - Lynch Canyon Field,7763.5748672,2020
104758,East Bay Community Energy - EPE,6246.991836,2020
101511,East Bay Municipal Utility District,34790.3421576397,2020
3033,Eastside Power Authority - RSO,0.0,2020
100259,Eco Services - Dominguez,35145.2549248,2020
100258,Eco Services - Martinez,8842.815748708,2020
104546,"Ed Staub & Sons Petroleum, Inc.",18467.179703928,2020
104452,"EDF Industrial Power Services (CA), LLC - RSO",0.0,2020
104067,"EDF Trading North America, LLC - EPE",63846.89892,2020
104204,Edwards Air Force Base,20480.9598993674,2020
104374,Eisenhower Medical Center,19467.021888,2020
104079,"El Cajon Energy, LLC",3883.491608,2020
104921,El Centro Nacional de Control de Energia (CENACE) - EPE,16787.47824,2020
100164,"El Segundo Energy Center, LLC",187593.3383472,2020
104735,Elbow River Marketing Ltd.,27495.871904856,2020
100167,Encina Water Pollution Control Facility,17467.7009434464,2020
104829,"Enel Trading North America, LLC - EPE",27119.1072,2020
101738,"Energy 2001, Placer WRSL",20251.2433153824,2020
101607,Energy Center San Francisco LLC,49223.3140896,2020
104823,Equinix Caspian - Bloom Energy Servers,14614.595856,2020
104824,Equinix Duane - Bloom Energy Servers,14023.52556192,2020
104787,Equinix Great Oaks - Bloom Energy Servers,38288.635184,2020
104788,Equinix Lundy - Bloom Energy Servers,11006.53149424,2020
104200,"Escalon Premier Brands, a Division of Kraft Heinz Company",19848.715712,2020
104078,"Escondido Energy Center, LLC",7295.62066,2020
104845,ETC Endure Energy - EPE,0.0,2020
2078,"Exelon Generation Company, LLC - EPE",160918.512556612,2020
104460,ExxonMobil LFC Facility,0.14849821,2020
104459,ExxonMobil POPCO Facility,0.0,2020
104846,Factor Gas Liquids Inc,22822.20169172,2020
104519,"Ferrellgas, LP",29614.379065968,2020
104041,Flint Hills Resources LP,1229064.623896,2020
104102,Flyers Energy,1805598.449659,2020
104548,Foster Farms Porterville Plant ,8839.9960592,2020
101575,"Foster Poultry Farms - Livingston Complex, 95334",48917.5928161924,2020
104868,Freedom Fuels & Commodities,23306.283083136,2020
101544,"Fresno Cogeneration Partners, LP",2858.65791492714,2020
101235,Frito Lay - Kern Plant,52956.9525026029,2020
104207,Frito Lay - Modesto,26017.274272,2020
104734,Frito Lay - Rancho Cucamonga,10327.09048224,2020
101683,"G2 Energy Ostrom Road, LLC",15454.5570295446,2020
103018,Gallo Glass Company,170092.0885072,2020
104763,Garberville Gas Corporation,38629.255183152,2020
104858,Genentech - Bloom Energy Servers,11095.77736944,2020
104559,Genentech - Vacaville,12623.546704,2020
101451,Genentech Inc South San Francisco,29378.1542016,2020
104474,GenPower Lincoln Landfill Power Plant,19375.3157512386,2020
101700,Georgia-Pacific Gypsum LLC - Antioch,41673.2913696,2020
104507,"Gexa Energy California, LLC - RSO",0.0,2020
104484,Glencore Ltd.,0.0,2020
3034,Glendale Water & Power - EPE,258783.135572815,2020
100180,"Goal Line LP, 92025",10822.9305024,2020
101697,"Gold Bond Building Products, LLC - Long Beach",30381.1321455936,2020
104415,"Gold Bond Building Products, LLC - Richmond",24644.5722992,2020
104730,Goodrich Corporation,9124.68341271844,2020
101231,"Grade 6 Oil, LLC",157876.872626752,2020
100181,Grayson Power Plant,93798.378298093,2020
101155,Greka Santa Maria Refinery ,5310.670872,2020
3035,Gridley Electric Utility - RSO,0.0,2020
101721,"Guardian Industries, LLC",116965.393141252,2020
104473,Guzman Energy - EPE,21257.85264,2020
104716,Guzman Renewables Energy Partners - EPE,4847.9988,2020
101542,Hanford Energy Park Peaker,11556.234136,2020
104887,"Hanford Grain Company, LLC",10361.822072768,2020
100186,"Harbor Cogeneration Company, LLC",13218.7810272,2020
104672,Harris Ranch Beef Company,12263.187824,2020
3036,Healdsburg Electric Department - RSO,0.0,2020
101364,Henrietta Peaker Plant,17734.3885,2020
101478,"High Desert Power Project, LLC",1279213.8785664,2020
104009,High Sierra Cogeneration,16526.567728,2020
100189,High Sierra Limited,12169.834176,2020
101288,Hilmar Cheese Company,76754.705282152,2020
100029,HL Power Company,282475.918214972,2020
104368,Hoag Memorial Hospital Presbyterian,24313.0195464026,2020
104426,Holmes Western Oil Corporation,26073.41996511,2020
104580,Hood Dairy,18569.043648,2020
104364,"Houweling Nurseries Oxnard, Inc",42334.154528,2020
104747,HTP Energy,12598.1400232426,2020
104346,Hudson Ranch Power I - Geothermal,23984.0,2020
100040,Humboldt Sawmill Company,295562.278082822,2020
104377,Huntington Memorial Hospital,14711.16851478,2020
104713,Hyperion Water Reclamation Plant,89918.113752176,2020
104834,IBE Project - Bloom Energy Servers,17543.2401034,2020
104708,Idaho Power - EPE,33490.6690564279,2020
104229,Idemitsu Apollo Corporation,2147234.108366,2020
104857,Illumina - Bloom Energy Servers,10770.59514176,2020
101318,"Imerys Filtration Minerals, Inc.",34534.2483536878,2020
3038,Imperial Irrigation District (IID) - EPE,960213.166248559,2020
100162,"Imperial Irrigation District (IID), El Centro Generating Station",289436.63601844,2020
101307,"Imperial Irrigation District (IID), Niland Gas Turbine Plant",57533.00699512,2020
3030,"Industry, City of - RSO",0.0,2020
101008,Ingomar Packing Company,81320.1186417316,2020
100323,Ingredion Incorporated Stockton Plant,1004.042632,2020
101686,"Inland Empire Energy Center, LLC.",0.0,2020
5045,"IPC (USA), Inc.",4284.71976,2020
101297,"Irwindale Brew Yard, LLC",10432.5658138281,2020
104465,Ivanpah Solar Electric Generating System,79150.2009301229,2020
104335,J. Aron & Company LLC - EPE,0.0,2020
101705,J. G. Boswell Tomato Company Kern,34791.6892608,2020
104224,J.G. Boswell Company West Processing Townsite,10520.0061408,2020
101504,J.G.Boswell Tomato Company Kings,31119.2501552,2020
104320,Jaco Oil Company,1890748.114357,2020
104216,John Wayne Airport Orange County,12600.3624546444,2020
104122,Johns Manville,15585.9362544,2020
104538,JP Oil,16083.58075747,2020
104004,JR Simplot Company,9495.742806442,2020
104562,JS West and Companies,0.0,2020
3011,Just Energy Solutions Inc. - RSO,0.0,2020
104421,"K2 Pure Solutions, Inc",11476.0876064,2020
104376,"Kaiser Aluminum Fabricated Products, LLC",14481.0189392,2020
104832,Kaiser Permanente - Bloom Energy Servers,12998.15753888,2020
104355,Kaweah Delta Medical Center,16677.504496,2020
100202,Kern Front Limited,10264.549376,2020
5044,Kern Front Natural Gas Pipeline (WCAC),54143.046032,2020
104498,Kern Oil - Fuel Supplier,2533345.47008036,2020
101507,Kern Oil Refinery,128320.793371566,2020
101514,Kern River Cogeneration Facility,298386.4984,2020
5017,Kern River Gas Transmission Company,0.0,2020
100199,KES Kingsburg L.P.--Kingsburg Cogeneration Facility,1851.4485632,2020
104808,Keyera Energy Inc.,4161.48717608,2020
104831,Keysight Technologies Inc - Bloom Energy Servers,12845.74749216,2020
101100,"Kiefer Landfill, Department of Waste Management and Recycling",124230.876869357,2020
100962,Kimberly Clark Worldwide Inc.,7664.5096384,2020
104047,"Kinergy Marketing, LLC",46918.693143,2020
104774,King City Community Power - RSO,0.0,2020
104425,Kirby Hills Compressor Station,10217.152692672,2020
3001,Kirkwood Meadows PUD Powerhouse - RSO,0.0,2020
104849,Kiros Energy Marketing ULC,39038.6741675346,2020
104800,Kiva Energy Inc.,223962.931504002,2020
101447,Knauf Insulation,20995.553728,2020
104354,Kraft Heinz Foods Company - Tulare,20039.509552,2020
100205,Kyocera International Inc.,8931.66426551763,2020
100339,La Paloma Generating Plant - GHG,650515.8326256,2020
104211,La Rosita Power - EPE,279956.678968247,2020
104569,LAC+USC Medical Center,24509.233392,2020
101327,LACSD - Calabasas LF,27710.3919258735,2020
101487,LACSD - Joint Water Pollution Control Plant,103388.519726768,2020
100071,LACSD - Puente Hills Landfill,122625.703340936,2020
104641,"Lancaster, City of - RSO",0.0,2020
101465,"Land O' Lakes, Inc.",62831.3020413296,2020
104762,"Lansing Trade Group, LLC",134772.812643969,2020
3039,Lassen Municipal Utility District - RSO,0.0,2020
104656,Lathrop Irrigation District - RSO,0.0,2020
101708,Lawrence Livermore National Laboratory (LLNL),21843.184836205,2020
101381,Lehigh Cement West Inc. - Redding,283448.353841599,2020
101461,Lehigh Cement West Inc.- Tehachapi,533910.593474043,2020
101265,Lehigh Southwest Cement Co - Cupertino,184788.167107677,2020
104106,Leprino Foods - Lemoore East,22750.2627888,2020
101716,Leprino Foods - Lemoore West,50849.2123693616,2020
104105,Leprino Foods - Tracy,17592.6143776,2020
104052,Lhoist North America - Natividad Plant,64381.4327971425,2020
101499,Liberty Packing - Los Banos (Morning Star),113751.54109216,2020
104099,Liberty Utilities (CalPeco Electric) LLC - EPE,36197.27330088,2020
101053,Linde Inc.,74420.1813249661,2020
101044,Live Oak Limited,10383.27144,2020
101574,Lockheed Martin Aeronautics Company - Palmdale,17632.495809648,2020
101623,Lockheed Martin Corporation - Sunnyvale,22098.8183022969,2020
104424,Lodi Compressor Station,8950.32882474789,2020
3040,Lodi Electric Utility - RSO,0.0,2020
104172,Lodi Energy Center,290537.30570124,2020
100207,Loma Linda University,55031.4519035993,2020
3041,"Lompoc, City of - RSO",0.0,2020
5003,Long Beach Gas & Oil Dept (LBGO),508754.121996,2020
100208,Long Beach Generating Station,29890.804152,2020
3042,Los Angeles Department of Water & Power (LADWP) - EPE,4741327.06477078,2020
100185,Los Angeles Department of Water & Power-Harbor Generating Station (LADWP),40610.590543218,2020
100187,Los Angeles Department of Water & Power-Haynes Generating Station (LADWP),1486395.78762003,2020
101004,Los Angeles Department of Water & Power-Scattergood Generating Station (LADWP),721103.082215364,2020
101325,Los Angeles Department of Water & Power-Valley Generating Station (LADWP),338956.181416433,2020
101323,Los Angeles International Airport (LAX),28336.016488,2020
101246,Los Angeles Refinery (LAR),5621453.73160706,2020
100972,Los Gatos Tomato Products,62720.1870896,2020
101162,"Lunday-Thagard Company, DBA World Oil Refining",33900.7588243172,2020
100682,Luz Solar Partners LTD,9.583529472,2020
101291,Luz Solar Partners LTD VIII & IX,17832.181926,2020
101234,Macpherson Oil Company,68199.879799392,2020
2112,Macquarie Energy LLC - EPE,62387.04336,2020
104573,"MAG Energy Solutions, Inc. - EPE",77618.90377776,2020
101192,MAGTFTC MCAGCC Twentynine Palms,49518.177981984,2020
101687,"Malaga Power, LLC",7199.337112,2020
100314,Malburg Generating Station,274375.080324,2020
104676,"Mansfield Oil Company of Gainesville, Inc",23941.46548,2020
104463,Marin Clean Energy - EPE,2596.253634,2020
104169,Mariposa Energy LLC,61706.9610952,2020
104217,Marsh Landing Generating Station ,160960.345781962,2020
101332,Martinez Cogen Limited Partnership,320630.017985798,2020
100914,Martinez Refining Company LLC,3699297.75692865,2020
104384,"Maruchan, Inc. - Laguna Canyon",20815.3452588288,2020
104633,Matchmaster Dyeing & Finishing,20531.96464,2020
104805,MATRIX OIL CORP,17549.582,2020
104613,"Matsui Nursery, Inc.",11809.361076,2020
100296,McKittrick Limited,8131.638768,2020
3044,Merced Irrigation District - RSO,0.0,2020
101665,"Merced Power, LLC, 95340",86125.2003915227,2020
104878,Mercuria Energy America - EPE,127.03896,2020
104848,Metal Coaters of California,7552.729392,2020
100878,Metropolitan State Hospital,3985.068480359,2020
2046,Metropolitan Water District of Southern California (MWD) - EPE,123188.93736,2020
101703,"Midstream Energy Partners, USA, LLC",698347.491841905,2020
101744,"Midway Peaking, LLC",18806.720908,2020
100215,Midway-Sunset Cogeneration,385425.7621248,2020
104737,Milk Specialties Global,13441.870476,2020
104397,Mira Loma Metal Container Corp,11103.352336,2020
100036,Miramar - MM and Miramar Energy,42557.9650841462,2020
104629,Mission Bell Winery ,14082.78691321,2020
104658,Mission Foods Corporation,12595.46949312,2020
101010,Mitsubishi Cement 2000,1216324.20606897,2020
100088,MM Lopez Energy LLC,12963.1661004337,2020
101711,MM Prima Deshecha Energy LLC,24727.1394549712,2020
100051,MM Tajiguas Energy LLC,11613.8863965037,2020
101484,MM West Covina LLC,38728.5713416082,2020
101209,MM Yolo Power LLC,13724.3346031361,2020
3045,Modesto Irrigation District (MID) - EPE,498187.865112,2020
101028,"Modesto Irrigation District (MID) - Woodland Generation Station, 95351",205490.84075368,2020
101359,"Modesto Irrigation District - Ripon Generation Station, 95366",10976.977476,2020
5019,Mojave Pipeline Operating Company (MPOC),0.0,2020
101329,Monterey Regional Waste Management District,19194.6936191654,2020
3046,Moreno Valley Utility - RSO,0.0,2020
2369,Morgan Stanley Capital Group Inc. - EPE,442689.110620592,2020
101498,Morning Star Packing Company - Los Banos,59607.9707088,2020
101536,Morning Star Packing Company - Williams,115806.447536,2020
101217,Morning Star-Stockton,37.1822432,2020
100221,Moss Land Power Plant,1984495.1924968,2020
104322,MP Mine Operations LLC,5911.75666557941,2020
101228,Mt. Poso Cogeneration Company,327139.135831633,2020
104438,Musket Corporation,545432.006277848,2020
104097,Naftex Operating Company,32180.5186084474,2020
104405,NASA Ames Research Center,14240.08161216,2020
101314,National Cement Company - Lebec,861617.309393669,2020
104408,Naval Air Station Lemoore,11111.3151797567,2020
104789,Naval Air Station North Island,4191.38932816,2020
104214,Naval Air Weapons Station China Lake,11653.7715934909,2020
104035,Naval Medical Center - San Diego,14112.985848,2020
104732,NCPA - CT1 Alameda,6854.7742128,2020
104551,"Nebraska Corn Processing, LLC",20661.226094,2020
3047,"Needles, City of - EPE",20214.47424,2020
104717,"Neste US, Inc.",2472537.86496,2020
2388,Nevada Power Company (dba NV Energy) - EPE,68825.3938979397,2020
100195,"New-Indy Ontario, LLC Linerboard Mill",208193.654416,2020
101356,New-Indy Oxnard LLC,113719.314041291,2020
104136,Newark Pacific Paperboard,22252.6013376,2020
104611,"Newport Fab, LLC (DBA TowerJazz Semiconductor)",12247.0167856,2020
104225,"Nextera Energy Marketing, LLC - EPE",124753.686703394,2020
104866,NGL Supply Co. Ltd.,58890.05296532,2020
104895,Nissin Foods USA,12960.9678656,2020
104420,"Nong Shim America, Inc.",14037.7350592,2020
104457,"Nor-Cal Beverage Company, Inc. - Anaheim",11814.7081952,2020
104323,North Baja Pipeline,0.0,2020
2215,Northern California Power Agency (NCPA) - EPE,18963.5870153108,2020
101529,Northern California Power Agency - Geothermal Plant No. 1,20445.93,2020
101530,Northern California Power Agency - Geothermal Plant No. 2,23084.95,2020
101358,Northrop Grumman - Palmdale,13018.341775776,2020
104227,Northrop Grumman Marine Systems - Sunnyvale,6620.457538152,2020
104369,Northrop Grumman Systems Corp. - El Segundo,10044.1907594176,2020
104324,Northrop Grumman Systems Corp. - Redondo Beach,12606.2876896,2020
101351,Oakland Power Plant,5204.93669537622,2020
3051,"Oakland, Port of - RSO",0.0,2020
101500,Olam West Coast Inc - Williams,0.053041,2020
101213,Olam West Coast Inc- Lemoore,837.34348,2020
104069,"Olam West Coast, Inc. - Firebaugh",27028.189728,2020
101284,"Olam West Coast, Inc. - Gilroy",37478.0265548065,2020
104378,"Olive View Medical Center, Los Angeles County Department of Health Services",17684.60248304,2020
100236,OLS Energy Chino,11262.8443104,2020
101745,Orange County Central Utility Facility,30779.1544039913,2020
100255,Orange County Sanitation District - Plant 1,21676.715042292,2020
101280,Orange County Sanitation District - Plant 2,36172.76237776,2020
104053,Orange Grove Energy Center,10656.067764,2020
104675,Orange Plant - R.J. Noble,9509.653248,2020
104495,"Ormat Nevada, Inc. / ORNI 18 North Brawley - Geothermal",38368.0798764459,2020
100695,"Ormat Nevada, Inc./ GEM 2 & 3 - Geothermal",1642.76469064,2020
101357,"Ormond Beach Power, LLC",395469.986392819,2020
100106,Otay Landfill Gas LLC,0.0,2020
101154,"Owens Corning Insulating Systems, LLC Santa Clara",11455.1091392,2020
104778,"Owens Corning Roofing and Asphalt, LLC",9499.4475024,2020
101475,Owens-Brockway Glass Container Inc. Vernon,61221.4168048,2020
101183,"Owens-Brockway Glass Container, Tracy",89007.186448,2020
104419,"PABCO Clay Products, LLC, dba Gladding McBean",9349.75374475098,2020
104733,PABCO Gypsum Newark,29006.899609,2020
104383,PABCO Paper,17357.135003062,2020
104616,Pacific Clay Products,13021.7352737568,2020
101674,Pacific Coast Energy Company LP,26663.0972298779,2020
101207,Pacific Coast Producers,34687.1002704,2020
104740,Pacific Continental Textiles,6737.03928819955,2020
104540,"Pacific Ethanol Madera, LLC",10362.3982224,2020
104048,"Pacific Ethanol Stockton, LLC",25554.459896,2020
3002,Pacific Gas & Electric Company (PG&E) - EPE,522894.1056,2020
104025,"Pacific Gas and Electric Company (PG&E) - Gas Distribution System Fugitive Emissions (San Francisco, CA)",497512.087372852,2020
104024,Pacific Gas and Electric Company (PG&E) - Supplier of Natural Gas ,40304582.6721521,2020
101298,Pacific Ultrapower Chinese,255556.297839,2020
3003,PacifiCorp - MJRP,602997.562402347,2020
104738,Palo Alto V.A. Health Care System Division,8835.0232128,2020
3048,"Palo Alto, City of - RSO",0.0,2020
101740,"Panoche Energy Center, LLC",279878.288588,2020
3049,Pasadena Water & Power - EPE,333710.603254941,2020
100179,"Pasadena Water and Power, Glenarm",31048.4700863525,2020
104476,PBF Energy Western Region LLC,8402824.29731682,2020
104801,Peet's Coffee,11318.4531277991,2020
104698,Peninsula Clean Energy - RSO,0.0,2020
104089,Petro-Diamond,2163974.521774,2020
104022,PG&E Burney Compressor Station,61690.3076498311,2020
101758,PG&E Colusa Generating Station,1179821.07038901,2020
101562,PG&E Delevan Compressor Station,40264.5628841663,2020
101741,PG&E Gateway Generating Station,1143586.45117617,2020
101747,PG&E Gerber Compressor Station,60856.65288301,2020
101290,PG&E Hinkley Compressor Station,63136.0819423441,2020
100192,PG&E Humboldt Bay Generating Station,227214.088122335,2020
101563,PG&E Kettleman Compressor Station,22778.4263474002,2020
104021,PG&E McDonald Island Underground Storage Station,17520.7685045582,2020
104023,PG&E Tionesta Compressor Station,26085.8782155021,2020
101031,PG&E Topock Compressor Station,23469.0797552955,2020
104010,Phillips 66 Company - Fuel Supplier,15068014.2624646,2020
100913,Phillips 66 Company - Los Angeles Refinery - Carson Plant,830065.032351261,2020
100329,Phillips 66 Company - Los Angeles Refinery - Wilmington Plant,1642710.80045332,2020
100351,Phillips 66 Company - San Francisco Carbon Plant,186327.201940625,2020
100303,Phillips 66 Company - San Francisco Refinery,1121394.50079662,2020
101226,Phillips 66 Company - Santa Maria Refinery,174870.919260853,2020
104728,Pico Rivera Innovative Municipal Energy - RSO,0.0,2020
3016,"Pilot Power Group, LLC - RSO",0.0,2020
104494,"Pilot Travel Centers, LLC",1549947.50664248,2020
104667,Pio Pico Energy Center,54337.95854,2020
104773,Pioneer Community Energy - RSO,0.0,2020
100151,Pitchess Cogeneration Station,10634.1640128,2020
5024,Pittsburg Power Company - RSO,0.0,2020
101685,Pixley Cogeneration Partners / Calgren Renewable Fuels,123895.04747408,2020
100888,Plains LPG Services/ Lone Star Frac & Isom Facility,706820.517694016,2020
104557,"Plains Marketing, L.P.",73499.487628216,2020
104731,Plains Midstream Canada ULC,30298.216880504,2020
3100,Plumas-Sierra REC - EPE,4197.08784,2020
104881,Pom Wonderful LLC,10084.5655616,2020
104870,Pomona Choice Energy - RSO,0.0,2020
2127,Portland General Electric Company (PGE) - EPE,410599.250618523,2020
104681,"Potrero Hills Energy Producers, LLC",34272.9102246249,2020
3053,Power and Water Resources Pooling Authority (PWRPA) - RSO,0.0,2020
2243,Powerex Corp. - EPE,519252.884393452,2020
104777,"Praxair Plainfield, Inc. - RSO",0.0,2020
104394,Press Forge Co,14052.298016,2020
104206,Prime Wheel Corporation,3593.345904,2020
104423,Procter & Gamble Manufacturing Co. - Sacramento Plant,21529.5463927897,2020
101497,"ProEnergy - Greenleaf Energy Unit 1, LLC",0.0,2020
100182,"ProEnergy - Greenleaf Energy Unit 2, LLC",39138.424048,2020
104096,ProPetroleum Inc.,376124.185659381,2020
104625,Public Service Company of Colorado (PSCo) - EPE,507117.70032,2020
104744,Public Service Company of New Mexico (PNM) - EPE,531.325186160538,2020
104462,Puget Sound Energy - EPE,10740.1749420843,2020
101400,"Qualcomm, Inc. - Morehouse Facility",22540.163053504,2020
101523,"Qualcomm, Inc. - Pacific Center Facility",39896.882883767,2020
104197,"Quemetco, Inc.",36237.923066,2020
5028,Questar Southern Trails,0.0,2020
104391,Rady Children's Hospital San Diego,23077.881552,2020
104203,Rainbow Energy Marketing Corporation (REMC) - EPE,31083.2092274905,2020
3054,Rancho Cucamonga Municipal Utility - EPE,0.0,2020
104767,Rancho Mirage Energy Authority - RSO,0.0,2020
3055,Redding Electric Utility - EPE,68347.934988,2020
100256,Redding Electric Utility - Redding Power Generation,151523.318279253,2020
104712,Redwood Coast Energy Authority (RCEA) - EPE,58586.352,2020
104560,"REG Marketing & Logistics Group, LLC",384767.173110857,2020
104709,"Revol Greens CA, LLC",5440.94144,2020
104669,Reynolds Consumer Products - Red Bluff,9527.0661712,2020
104198,Richard J Donovan Correctional Facility,15388.9004144,2020
100265,Rio Bravo Fresno,287203.824246,2020
100055,Rio Bravo Rocklin,298451.517448,2020
104691,Rio Tinto - Wilmington,10394.8782864,2020
104056,River City Petroleum,1252440.289682,2020
100387,Riverside Public Utilities - Clearwater Facility,3763.3567488,2020
100392,Riverside Public Utilities - Riverside Energy Resource Center,56546.485704,2020
3056,"Riverside, City of Public Utilities - EPE",472815.862793537,2020
104037,Robinson Oil Supply & Transport,267617.103712,2020
100196,"Rohr, Inc., a Collins Aerospace Company-Cogen Plant",448.510380415104,2020
101702,Roseburg Forest Products,134322.128480323,2020
3057,Roseville Electric - EPE,47532.070788,2020
101270,"Roseville Electric, Roseville Energy Park",131224.9841516,2020
104861,"Sacramento Energy Resources, LLC",22448.083261504,2020
100130,"Sacramento Municipal Utility District (SMUD) , Carson Ice CG",119672.5927998,2020
100365,"Sacramento Municipal Utility District (SMUD) , Cosumnes Power Plant",1415029.4683,2020
100252,"Sacramento Municipal Utility District (SMUD) , SCA",322230.055844976,2020
100125,"Sacramento Municipal Utility District (SMUD) , SPA",246703.89253215,2020
3058,Sacramento Municipal Utility District (SMUD) - EPE,387709.024601445,2020
104352,Sacramento Municipal Utility District (SMUD) - Gas Pipeline,2075084.0136766,2020
104632,Sacramento Rendering Company,15085.8327584,2020
101035,Safety-Kleen of California Inc.,1712.4901456,2020
104357,Saint Agnes Medical Center,23839.836256,2020
104436,Saint Bernardine Medical Center,10864.1143744,2020
101518,Salinas River Cogeneration Facility,180139.6494,2020
104461,Salt River Project - EPE,491963.518575847,2020
104398,San Benito Foods,13947.70278964,2020
3004,San Diego Gas & Electric (SDG&E) - EPE,642768.320527686,2020
104085,San Diego Gas and Electric (SDG&E) - Local Distribution,5340871.517132,2020
104115,San Diego Gas and Electric (SDG&E) - Natural Gas Distribution Sub W,96128.963084,2020
104380,San Francisco General Hospital,13207.789816,2020
3028,San Francisco Hetch Hetchy Water and Power (CCSF) - RSO,0.0,2020
104367,San Francisco International Airport (SFO),16608.9460864,2020
104556,San Francisco Southeast Treatment Plant,7066.48977,2020
104768,San Jacinto Power - RSO,0.0,2020
101239,San Joaquin Refining Company,95405.2475729424,2020
104497,San Joaquin Refining Company - Fuel Supplier,213315.60046,2020
104793,San Jose Clean Energy - RSO,0.0,2020
101140,San Jose/Santa Clara Regional Wastewater Facility,39441.260896216,2020
101157,San Marcos Energy LLC,9491.10603331572,2020
104670,Santa Barbara Cottage Hospital,11664.5577977731,2020
104626,Santa Clara Valley Medical Center,15419.7564752,2020
3061,"Santa Clara, City of (SVP) - EPE",102671.49048,2020
101439,Santa Cruz Energy LLC,6258.13211921782,2020
104381,"Santa Maria Energy, LLC, Careaga Lease",16564.4791784354,2020
101186,Saputo Cheese USA Inc. - Paige,64509.1327584,2020
104396,Saputo Cheese USA Inc.- Levin,11657.2329568,2020
104358,Schlosser Forge Company,23033.3912944,2020
101663,SDG&E - Cuyamaca Peak Energy Plant,4142.654128,2020
101401,SDG&E - Miramar Energy Facility,43986.485148,2020
104221,SDG&E - Moreno Compressor Station,18541.7627936832,2020
100362,SDG&E - Palomar Energy Center,787193.662468,2020
104862,"Seaboard Energy Marketing, Inc.",155804.480488,2020
100011,Searles Valley Minerals Inc.,1584517.89025225,2020
104885,Seattle City Light - EPE,550.93872,2020
104503,"SEI Fuel Services, Inc.",1234579.049081,2020
2060,"Sempra Gas & Power Marketing, LLC - EPE",1051567.30235506,2020
104091,Seneca San Joaquin Production Facilities,387862.024385283,2020
101315,Sensient Natural Ingredients LLC,47165.9673952,2020
104219,"Sentinel Energy Center, LLC",321951.424512,2020
104888,Sentinel Peak Resources - Los Angeles Basin,15479.0526649978,2020
104081,Sentinel Peak Resources - SJV Basin Facility,701503.031972917,2020
103016,Sentinel Peak Resources- AG Facility,72518.0329648393,2020
104792,"Setton Pistachio of Terra Bella, Inc",1391.8768864,2020
104202,SFPP L.P. - Colton Terminal,9759.23812687136,2020
104615,Sharp Grossmont Hospital,18972.2793968,2020
3059,"Shasta Lake, City of - RSO",0.0,2020
100282,Shasta Sustainable Resource Management,489399.513634664,2020
104340,Shell Catalysts & Technologies,13654.89488,2020
104325,Shell Chemical LP - Martinez Catalyst Plant,12038.6295776,2020
3081,"Shell Energy North America (US), L.P. - EPE",175462.565711914,2020
104051,Shell Oil Products US - Supply - Fuel Supplier,8948589.32784145,2020
104543,Shell Trading US Company - Fuel Supplier,415307.597266,2020
104511,Shiralian Enterprises,2014736.765337,2020
104329,Shultz Steel Company,20747.6386336,2020
104614,"Sierra Aluminum, a Division of Samuel, Son & Co. (USA) Inc.",14769.1468272,2020
100090,"Sierra Pacific Industries (SPI) - Anderson, 96007",179290.943294,2020
100043,Sierra Pacific Industries (SPI) - Burney,215703.467537395,2020
101680,Sierra Pacific Industries (SPI) - Lincoln,163211.68463,2020
101378,Sierra Pacific Industries (SPI) - Quincy Division,356694.940871,2020
101681,Sierra Pacific Industries (SPI) - Shasta Lake,45926.1681665122,2020
101682,Sierra Pacific Industries (SPI) - Sonora,132773.374112,2020
2438,Sierra Pacific Power Company (dba NV Energy) - EPE,134849.53528704,2020
104766,Sierra Resources Santa Barbara Basin,9320.4558173689,2020
104090,Signal Hill Petroleum Facilities,41755.9037906658,2020
104720,Silicon Valley Clean Energy Authority (SVCEA) - RSO,0.0,2020
101438,"Silicon Valley Power (SVP), City of Santa Clara , Cogen",37162.1607552,2020
101436,"Silicon Valley Power (SVP), City of Santa Clara , DVR",207559.8959088,2020
101691,Smithfield Packaged Meats Corp,23680.7058301828,2020
104798,"Soil Safe of California, Inc.",5587.95088,2020
104764,Solana Energy Alliance (SEA) - EPE,7986.42864,2020
101118,Solar Turbines Incorporated - Kearny Mesa,34828.247460883,2020
104537,Sonoma Clean Power - RSO,0.0,2020
100096,Sonoma County Landfill Gas to Energy,17355.2256281233,2020
104612,Sonoma Developmental Center,0.0,2020
100063,Southeast Resource Recovery Facility (SERRF),357951.444212,2020
101539,Southern California Edison (SCE) - Barre Peaker,23999.62518,2020
101537,Southern California Edison (SCE) - Center Hybrid,12501.846632,2020
3005,Southern California Edison (SCE) - EPE,868750.51992,2020
101538,Southern California Edison (SCE) - Grapeland Hybrid,10768.577224,2020
104326,Southern California Edison (SCE) - McGrath Peaker,12016.978632,2020
100394,Southern California Edison (SCE) - Mira Loma Peaker,11253.644392,2020
100344,Southern California Edison (SCE) - Mountainview,1154048.26576,2020
101673,Southern California Edison (SCE) - Pebbly Beach,20624.7364966991,2020
101349,Southern California Gas Co - Aliso Canyon Facility,9778.43409368893,2020
101675,Southern California Gas Co - Blythe Facility,51353.5568754057,2020
104082,Southern California Gas Co - Distribution,1366158.121199,2020
100915,Southern California Gas Co - Honor Rancho Facility,24488.3250545797,2020
104365,Southern California Gas Co - Kelso Facility,4.3156385756,2020
101346,Southern California Gas Co - South Needles Facility,6322.74467162837,2020
104220,Southern California Gas Co - Wheeler Ridge Compressor Station,23609.5000524486,2020
5002,Southern California Gas Company - End User Emissions,40409268.2126697,2020
104212,"Southern Counties Oil Co., A California Limited Partnership",572024.572985,2020
5013,Southwest Gas Distribution Facilities,814790.982784,2020
104886,Specialty Granules LLC,10293.727547966,2020
101241,"Spreckels Sugar Company, Inc.- Brawley",91113.2115308365,2020
100263,SRI International Cogen Project,24581.813272024,2020
104635,Stanford University,20299.63276939,2020
101025,Stanislaus Food Products,45371.6614544,2020
104853,Stanton Energy Reliability Center,29785.3332,2020
104409,State of California Central Utility Plant - General Services,12348.686816,2020
104370,Steelscape Inc.,20674.7601632,2020
3052,"Stockton, Port of - RSO",0.0,2020
104619,Suburban Propane,2529.1481076,2020
104837,Sun Streams LLC - EPE,0.0,2020
104797,SunOpta Aseptic,11019.3552816,2020
100948,Sunrise Power Company,1123353.5248,2020
104550,"Sunshine Gas Producers, LLC",88850.3473903087,2020
104892,Sunsweet Growers Inc,21674.9904565333,2020
104794,Superior Gas Liquids USA,40016.2982880695,2020
104579,Surprise Valley Electrification Corp. - RSO,0.0,2020
104884,Swisstex California,14309.431856,2020
100886,Sycamore Cogeneration Facility,457219.7366,2020
101684,Sycamore Energy LLC,25955.9474256562,2020
104567,Tacoma Power - ACS,0.0,2020
105757,Tacoma Power - EPE,2979.967536,2020
101073,TAMCO,18384.5335328,2020
104859,Targa Liquids Marketing and Trade LLC,70369.453028192,2020
104827,TEC Energy Inc. - EPE,1167.798,2020
104790,Teichert Materials,6091.2538848,2020
104194,Tenaska Power Services Co. - EPE,40668.7659404796,2020
2427,"Terra-Gen Dixie Valley, LLC - EPE",33411.5350155517,2020
104516,"Tesla, Inc.",28052.86569216,2020
5012,Tesoro Refining and Marketing - Fuel Supplier,34830788.4042493,2020
101331,Tesoro Refining and Marketing Co. - Martinez,764368.620653605,2020
2278,"The Energy Authority, Inc. (TEA) - EPE",148342.25364,2020
101582,The P&G Paper Products Co.,312808.981201594,2020
104518,The Regents of the University of California - RSO,0.0,2020
104327,The Soco Group Inc.,0.0,2020
104647,The Sun Valley Group,11531.8928144,2020
5047,"Tiger Natural Gas, Inc. - RSO",0.0,2020
104620,Timber Products Company Yreka Veneer,13630.81618528,2020
101502,Tomatek / Neil Jones Food Companies,30616.812224,2020
100217,Torrance Refinery,2809420.70632391,2020
100358,Tracy Combined Cycle Plant,316233.744481086,2020
2312,"TransAlta Energy Marketing (US), Inc. - EPE",186534.755453441,2020
104230,TransCanada Energy Sales Ltd. - EPE,30410.33304,2020
104760,Transwestern - Topock,0.0,2020
101460,"TRC Cypress Group, LLC",32480.2212291354,2020
104005,"Tricor Refining, LLC",43264.260208857,2020
104639,Trinity PUD - RSO,0.0,2020
3063,Truckee Donner PUD - EPE,62158.026322767,2020
104804,Truman Arnold Companies,307322.465525757,2020
100952,"TST, Inc.",16903.3948496,2020
104854,Tucson Electric Power - EPE,0.0,2020
3064,Turlock Irrigation District (TID) - EPE,194742.298746,2020
100111,"Turlock Irrigation District (TID), Almond Power Plant",138604.457632,2020
100371,Turlock Irrigation District/ Walnut Energy Center,555069.663668,2020
104714,Tuscarora Gas Transmission - Shoetree Compressor Station,11740.55205,2020
5010,Tuscarora Gas Transmission Pipeline,0.0,2020
104515,"Twin Eagle Resource Management, LLC - EPE",6055.96032,2020
100300,"U.S. Borax, 93516",344106.429152,2020
101271,U.S. Gypsum Co Plaster City Plant,69942.8882496,2020
104775,"U.S. Venture, Inc.",62180.964228,2020
104068,UC Davis Medical Center,59773.149969066,2020
3065,"Ukiah, City of Electric Utilities Division - RSO",0.0,2020
101205,Ultramar Inc - Valero Wilmington,963678.991887567,2020
104062,Union Pacific Railroad Company,612103.744512,2020
104880,Uniper Global Commodities North America - EPE,174.624,2020
101124,"United Airlines, Inc. - San Francisco Maintenance Center",26864.9642607891,2020
104545,United Pacific Energy,94089.895721149,2020
101469,United States Pipe & Foundry Co. LLC,40782.2468863255,2020
104514,"University of California, Berkeley",124173.153861595,2020
100305,"University of California, Davis",51156.4527570621,2020
101296,"University of California, Irvine",68986.4244529342,2020
100997,"University of California, Los Angeles, UCLA",211027.037701217,2020
104173,"University of California, Riverside, UCR",22815.1114656,2020
101305,"University of California, San Diego, UCSD",150563.698376,2020
101416,"University of California, San Francisco",52758.5740004432,2020
104372,"University of California, Santa Barbara",16441.5099971443,2020
100273,"University of California, Santa Cruz, UCSC EH&S Office",25757.2721684889,2020
104361,University of Southern California (USC) - University Park Campus (UPC),19172.80743768,2020
101068,USS-POSCO Industries,35202.7704621028,2020
104617,VA Greater Los Angeles Healthcare System,11397.7408836912,2020
104661,VA San Diego Healthcare System,15629.2688096,2020
104071,Valero Marketing and Supply Company - Fuel Supplier,14289818.5504836,2020
100372,"Valero Refining Company - California, Benicia Refinery and Benicia Asphalt Plant",2753756.8018042,2020
104444,Valero Wilmington Asphalt Plant,14524.9174509303,2020
104750,Valley Clean Energy Alliance (VCEA) - RSO,0.0,2020
104510,Valley Electric Association (VEA) - EPE,10122.08016,2020
104844,"Valley Milk, LLC",12847.5583088,2020
104205,Vandenberg Air Force Base,11913.643402825,2020
104838,Vaquero Energy - Kern County,10769.3135996,2020
104783,Vaquero Energy - Santa Barbara County,23150.308727208,2020
104643,Ventura Coastal,10117.3117264,2020
104836,Ventura Coastal LLC,15800.0491984,2020
3066,Vernon Public Utilities - EPE,0.0,2020
5008,"Vernon Public Utilities, Gas Municipal Utility",468576.2119808,2020
104830,"Viasyn, Inc. - EPE",0.0,2020
104882,Victor Packing,10436.980304,2020
3067,Victorville Municipal Utility Services - EPE,0.0,2020
104571,Victorville Municipal Utility Services - Gas Utility,14758.1927664,2020
100953,Vista Metals Corp.,21948.45632,2020
5014,Vitol - Fuel Supplier,42095.59556,2020
104467,Vitol Inc. - EPE,1512.74876275244,2020
101513,Vitro Flat Glass LLC,84111.9754896,2020
100058,Wadham Energy Ltd Partnership,163144.4855584,2020
104218,"Walnut Creek Energy, LLC",219694.8132352,2020
104745,WAPA - Colorado River Storage Project (CRSP) - EPE,0.0,2020
3078,WAPA - Desert Southwest Region (DSR) - EPE,116.99808,2020
3079,WAPA - Sierra Nevada Region (SNR) - EPE,281372.618874,2020
100060,Waste Management - Altamont Landfill,38016.441628769,2020
104746,"Waste Management - Redwood Landfill, Inc.",14896.1364896112,2020
104363,Weber Metals,16530.4568866176,2020
5007,West Coast Gas Company Inc,10209.672928,2020
104883,Western Community Energy - RSO,0.0,2020
104360,"Western Digital Technologies, Inc.",17928.8838768,2020
104392,Wild Goose Storage LLC,33435.1182870592,2020
101343,"Wildflower Energy, LP - Indigo Generation, LLC",23595.834452,2020
100353,"Wildflower Energy, LP - Larkspur Energy Facility, LLC",18881.29506,2020
104359,Windset Farms,31238.1740121415,2020
101693,"Wm. Bolthouse Farms, Inc.",28908.5784528,2020
101493,"Woodland Biomass Power, LLC",46239.3269706907,2020
104679,WP&A Firebaugh,14659.2400224,2020
104678,WP&A King,7962.1520092,2020
101736,WP&A Lost Hills,45477.264450176,2020
104618,"WWF Operating Company, LLC",15819.8562631639,2020
100322,Yuba City Cogeneration Partners LP,12758.5406432,2020
3006,3 Phases Renewables - EPE,0.87312,2021
104356,3M Corona,17197.31261844,2021
104903,3PR Trading - EPE,143268.95112,2021
104796,AAK Richmond,14994.596961,2021
104213,ABI Foundry,16911.79943844,2021
104347,"Aemetis Advanced Fuels Keyes, Inc.",160196.788746969,2021
104018,Aera Energy Coastal Basins,232166.459400175,2021
104016,Aera Energy San Joaquin Basin,2783424.15124852,2021
104017,Aera Energy Ventura Basin,18854.1920113586,2021
101321,"AES Alamitos, LLC",1477435.56731164,2021
100194,"AES Huntington Beach, LLC",1451906.665067,2021
100257,AES Redondo Beach LLC,192627.6969824,2021
101701,Air Liquide El Segundo Hydrogen Plant,539059.43345433,2021
101749,Air Liquide Large Industries US L.P. - Rodeo Hydrogen Plant,817527.149635261,2021
101017,"Air Products & Chemicals, Inc., Martinez",0.0,2021
101248,Air Products Carson Hydrogen Plant,717971.316427197,2021
101512,"Air Products Manufacturing Corporation, Sacramento",47444.3580911165,2021
100127,Air Products Wilmington Hydrogen Plant,689727.81330148,2021
3022,Alameda Municipal Power - RSO,0.0,2021
101433,"Algonquin Power Sanger, LLC",64497.9244598208,2021
104345,All American Asphalt - Corona,14049.08001432,2021
104666,All American Asphalt - Irvine,8255.92844196,2021
101237,Alon Bakersfield Refinery - Areas 1&2,17342.3854269397,2021
104499,Alon Bakersfield Refinery - Areas 1&2 - Fuel Supplier,0.0,2021
100283,AltaGas Ripon Energy Inc.,2387.25673668,2021
101056,AltAir Paramount LLC,27806.3313762436,2021
104759,AltAir Paramount LLC - Fuel Supplier,638206.91204,2021
104899,Altman Specialty Plants,9020.07818244,2021
104027,Ameresco Chiquita Energy LLC,27729.5391257044,2021
104637,Ameresco Forward LLC,17631.548924819,2021
101657,Ameresco Half Moon Bay,47261.2919233943,2021
101748,Ameresco Keller Canyon,16147.454743351,2021
104636,Ameresco San Joaquin LLC ,15232.7399594365,2021
101656,Ameresco Santa Cruz,11865.6956348603,2021
104634,Ameresco Vasco Road,18247.4372692422,2021
104727,"American PowerNet Management, LP - RSO",0.0,2021
104544,"AmeriGas Propane, L.P.",92117.4925589912,2021
101179,Amgen Inc.,20692.83486888,2021
101666,"Ampersand Chowchilla Biomass, LLC, 93610",93413.8059387674,2021
104487,Ampine: A Division of Timber Products,22348.256800256,2021
3023,"Anaheim, City of PUD - EPE",1070351.96705876,2021
100943,Anheuser-Busch LLC - Fairfield,16537.4015,2021
101473,Anheuser-Busch LLC - Los Angeles Brewery,38371.4501315132,2021
104578,Anza Electric Cooperative - RSO,0.0,2021
104003,"Apex Oil Company, Inc.",112044.163408,2021
104833,Apple Inc - Bloom Energy Servers,10120.518573,2021
104725,Apple Valley Choice Energy - RSO,0.0,2021
104761,Applied Natural Gas Fuels,97375.0617648,2021
104042,Archer Daniels Midland,114253.115184,2021
101715,Arcosa LWFP LLC,21356.749049901,2021
101342,Ardagh Glass Inc.,78017.0451552,2021
2098,Arizona Electric Power Cooperative (AEPCo) - EPE,19512.5980959771,2021
104131,Arizona Public Service Company (APSC) - EPE,312654.305402782,2021
2292,Avangrid Renewables - EPE,131787.812494242,2021
101696,Avenal State Prison,12656.879712252,2021
104677,Avista Utilities - EPE,980.958520091816,2021
104379,"Azteca Milling, L.P.",13285.667482812,2021
3024,Azusa Light & Water - EPE,38117.79984,2021
100897,Badger Creek Limited,11065.7242764,2021
104334,"Baker Commodities, Inc., Kerman Division",21238.61365224,2021
104621,"Baker Commodities, Inc., Vernon Division",17832.59674452,2021
104869,Baldwin Park Resident Owned Utility District (BPROUD) - RSO,0.0,2021
3025,"Banning, City of Electric Department - EPE",0.0,2021
104165,Bayer Healthcare,12085.26995448,2021
104867,BB ENERGY USA LLC,342905.191740999,2021
100890,Bear Mountain Limited,25414.2310824,2021
3000,Bear Valley Electric Service - RSO,0.0,2021
104094,Berry Petroleum Company - San Joaquin Basin,1118267.62959089,2021
3026,Biggs Municipal Utilities - RSO,0.0,2021
104871,BioMarin Pharmaceutical Inc.,11177.8447914,2021
104825,"Bleyhl Farm Service, Inc.",0.0,2021
100342,Blythe Energy,884770.3132296,2021
104054,BNSF Railway - Barstow,376548.028452,2021
104064,BNSF Railway - Commerce,270187.451264572,2021
104065,BNSF Railway - Richmond,101201.610661714,2021
4000,Bonneville Power Administration (BPA) - ACS,0.0,2021
2044,Bonneville Power Administration (BPA) - EPE,20667.214102,2021
104692,Boston Energy Trading & Marketing - EPE,0.0,2021
104680,"Bowerman Power LFG, LLC",84658.4268103754,2021
104074,Boyett Petroleum,96039.859824,2021
2113,BP Energy Company - EPE,57406.4889357022,2021
104001,BP Products North America Inc - Terminals,8096654.81215,2021
100389,Braun Medical Inc,53821.5328873481,2021
100061,Brea Power Facility,122530.591364357,2021
100904,"Bridge Energy, LLC",43756.6182178455,2021
104120,Brookfield Renewable Trading & Marketing LP - EPE,24420.6982510452,2021
104911,Building Materials Manufacturing Corporation (DBA GAF),12249.5576904,2021
3027,Burbank Water & Power - EPE,360622.255128399,2021
100018,Burney Forest Products,367448.585162378,2021
104077,BWP/MPP Electricity Generating Facilities at 164 W. Magnolia,442929.397176692,2021
100002,Calciner,285809.907122721,2021
104826,CalEnergy LLC - EPE,0.0,2021
100692,CalEnergy Operating Corporation - J J Elmore - Geothermal,9296.3749,2021
100703,CalEnergy Operating Corporation - J M Leathers - Geothermal,27121.29466,2021
100712,CalEnergy Operating Corporation - Region 1 - Geothermal,77195.3180792213,2021
100716,CalEnergy Operating Corporation - Region 2 - Geothermal,41972.88138,2021
104411,"California Dairies, Inc. Artesia",0.8439611302044,2021
100959,"California Dairies, Inc. Fresno",36013.79142918,2021
104410,"California Dairies, Inc. Los Banos",15393.34262628,2021
101509,"California Dairies, Inc. Tipton",45639.63618768,2021
101190,"California Dairies, Inc. Turlock",38028.88501452,2021
101197,"California Dairies, Inc. Visalia",67418.16385788,2021
104711,"California Dairies, Inc., Turlock North",23416.93613124,2021
3072,California Department of Water Resources (DWR) - EPE,0.0,2021
100327,California Institute of Technology (CalTech),59462.8114893192,2021
104662,California Medical Facility,7005.608226,2021
104353,California Natural Products,20855.941628282,2021
104908,"California Paper Products, LLC",12517.8508044,2021
104135,California Paperboard Corporation,4441.23557424,2021
104362,California Polytechnic State University,12495.9276585148,2021
101060,"California Power Holdings, LLC-Chowchilla Facility, 95360",24244.81809156,2021
100368,"California Power Holdings, LLC-Red Bluff Facility, 96080",7384.4561484,2021
104014,"California Resources Elk Hills, LLC - 35R Gas Plant",2770146.68488896,2021
104072,California Resources Production Corporation - 760 Los Angeles Basin,220714.719382118,2021
104029,California Resources Production Corporation - Sacramento Valley Basin 730,78975.3326408887,2021
104030,California Resources Production Corporation - San Joaquin Valley Basin 745,789796.357867345,2021
104657,California State Prison - Corcoran,12374.99467272,2021
104736,California State Prison - Sacramento,16047.69122052,2021
100235,"California State University, Channel Islands",6777.3002333004,2021
104350,"California State University, Fullerton",18208.75377456,2021
101399,"California State University, San Diego",45082.48347468,2021
100131,"California State University, San Jose",25959.3092784,2021
100954,California Steel Industries,167767.21089851,2021
104916,"California Sugar Refiners, LLC",12396.79780056,2021
104581,CALNRG - Lynch Canyon Field,7699.318483,2021
104033,CALNRG - Ventura Basin 755 incl. SCVGP Gas Plant,85886.6726385036,2021
101405,CalPeak Power - Border,16225.1673652,2021
101662,CalPeak Power - Enterprise,12453.9435856,2021
100376,"CalPeak Power - Panoche, LLC",9711.0860396,2021
100377,"CalPeak Power - Vaca Dixon, LLC",11782.3100428,2021
101496,"Calpine - CCFC Sutter Energy, LLC",712389.234936888,2021
104332,Calpine - CPN Pipeline,96351.0896484,2021
101525,"Calpine - Creed Energy Center, LLC",9073.3758966,2021
101526,"Calpine - Delta Energy Center, LLC",1732858.6225901,2021
101527,"Calpine - Geysers Power Company, LLC - Geothermal",202145.288011466,2021
100178,"Calpine - Gilroy Cogen, L.P., Gilroy Cogen_Peaker",66839.05410012,2021
100337,"Calpine - Gilroy Energy Center, LLC, Feather River",49135.63611132,2021
101528,"Calpine - Gilroy Energy Center, LLC, Riverview Peaker",9250.9907148,2021
100383,"Calpine - Goose Haven Energy Center, Peaker",8213.76051336,2021
101300,"Calpine - King City Cogen, LLC, King City Cogen_Peaker",46327.7721996,2021
101143,"Calpine - Los Esteros Critical Energy Facility, LLC",136165.920399925,2021
100338,"Calpine - Los Medanos Energy Center, LLC",1322271.01019772,2021
100343,"Calpine - Metcalf Energy Center, LLC",916986.09470436,2021
101746,Calpine - Otay Mesa Energy Center,816059.80868652,2021
100345,Calpine - Pastoria Energy Facility L.L.C.,1600997.4144648,2021
104456,Calpine - Russell City Energy Center,142372.47695004,2021
101211,"Calpine - Yuba City Energy Center (Gilroy Energy Center, LLC)",53733.02836212,2021
3010,Calpine Corporation - EPE,122944.869666356,2021
3018,"Calpine Energy Solutions, LLC - EPE",48184.87344,2021
104913,CalPlant 1 LLC,16043.59915344,2021
101029,"CalPortland Company, Mojave Plant",1069304.00904745,2021
100013,"CalPortland Company, Oro Grande Plant",1423754.97336216,2021
100936,"Campbell Soup Supply Company, L.L.C. - Dixon",39770.1806238656,2021
104199,"Campbell Soup Supply Company, L.L.C. - Stockton",24479.6501979,2021
104008,Canyon Power Project (CPP),38660.566545536,2021
104748,Carlsbad Energy Center Project,234115.88314392,2021
101734,Carlton Forge Works,25927.857672053,2021
100129,Carson Hybrid Energy Storage LLC,7828.5040832,2021
104458,Cat Canyon Resources 750 Santa Maria Basin,63298.0406033901,2021
104660,Cedars-Sinai Medical Center,18135.3407112,2021
101476,Cemex Construction Materials Pacific LLC - Victorville Plant,2187337.19824357,2021
104755,Centennial Energy LLC,13575.34695176,2021
104726,Central Coast Community Energy - RSO,0.0,2021
101015,Central Contra Costa Sanitary District,71846.6999530128,2021
104743,Central Valley Meat,12172.440006,2021
3029,"Cerritos, City of - EPE",0.0,2021
100917,CertainTeed Corporation,60823.043209012,2021
104628,Chapel Street Environmental II - EPE,5218.35786620775,2021
104802,Chase Inc.,162720.123643,2021
104707,"Chemtrade West US, LLC",9161.35251524064,2021
104011,Chevron AAPG 740 Coastal Basin,132683.3578298,2021
104012,Chevron AAPG 745 San Joaquin Basin,1906545.4836,2021
100138,"Chevron Products Company - El Segundo Refinery, 90245",3340235.7281699,2021
104223,Chevron Products Company - Headquarters Fuel Supplier,34828945.5675282,2021
101384,"Chevron Products Company - Richmond Refinery, 94802",4332000.2239717,2021
104195,Chevron SJVBU Natural Gas Sales,927.458740536,2021
104393,Children's Hospital Los Angeles,13720.764609,2021
101252,Chula Vista Energy Center,4001.0224336,2021
2428,Citigroup Energy Inc. - EPE,0.0,2021
101667,City of Colton - Generation,7742.8623752,2021
104642,City of Hope National Medical Center,13823.8093332,2021
5011,City of Palo Alto - Gas Utility,138826.1090412,2021
104547,"City of San Diego, Public Utilities Dept, North City Water Reclamation Plant",13503.4263710776,2021
101564,"City of San Diego, Public Utilities Dept, Point Loma Treatment Plant",17288.6755362245,2021
104330,"City of San Diego, Public Utilities Dept, Pump Station 2",11537.62293816,2021
5036,City of Susanville Gas Utility,11873.97917568,2021
100328,"Civic Center Cogen, LA County",28476.76380696,2021
104536,Clean Energy,155756.63303335,2021
104907,Clean Energy Alliance - RSO,0.0,2021
104749,Clean Power Alliance (CPA) - EPE,40480.89912,2021
104705,CleanPowerSF - RSO,0.0,2021
104890,Clear Power - EPE,1287.852,2021
104485,CMO Inc,262.55402916,2021
101250,Collins Pine Co.,64165.6815228,2021
3031,"Colton, City of - EPE",1.30968,2021
104570,Comision Federal de Electricidad (CFE) - EPE,0.0,2021
104646,Commercial Energy of California - RSO,0.0,2021
101503,ConAgra - Oakdale,73606.67492292,2021
104902,ConocoPhillips Company - EPE,15669.1661341863,2021
104828,"Consolidated Edison Energy, Inc. (ConEd) - EPE",0.0,2021
3012,"Constellation NewEnergy, Inc. - EPE",79529.88144,2021
3032,"Corona, City of Utilities Department",0.0,2021
101733,Corteva agriscience - Pittsburg Operations,34330.86117216,2021
100690,Coso Energy Developers (BLM E&W) - Geothermal,123532.85,2021
101670,Coso Finance Partners (Navy I) - Geothermal,70757.82,2021
101669,Coso Power Developers (Navy II) - Geothermal,139479.18,2021
101264,"Covanta - Stanislaus, Inc",247067.36610204,2021
3102,CP Energy Marketing (US) Inc. (Capital Power) - EPE,315.63288,2021
101519,CP Kelco San Diego,104866.994961715,2021
104851,Crimson - Coalinga Station,9232.4145348,2021
104901,Crimson Renewable Energy - Bakersfield Plant,13437.54155376,2021
104488,Crimson Resource Management Corp,358838.276521363,2021
101263,"Crockett Cogeneration Project, LP",650203.45236,2021
104541,"Crystal Creamery, Inc.",17117.3129724,2021
104349,"Custom Alloy Light Metals, Inc.",11263.28460444,2021
104674,CWP Energy - EPE,631.70232,2021
104338,Darling Ingredients Inc - Fresno,12705.67190664,2021
104337,Darling Ingredients Inc - Los Angeles,21331.30348296,2021
104339,Darling Ingredients Inc - Turlock,15350.18219892,2021
101260,Dart Container Corporation of California,14618.9494494,2021
101214,Del Monte - Hanford,29572.18521912,2021
104138,Del Monte - Modesto,14898.77571744,2021
104489,"Delano Energy Center, LLC",6473.0732052,2021
104655,Delano Growers Grape Products,13676.2274721524,2021
101709,DeMenno/Kerdoon,24711.98248116,2021
104856,Desert Community Energy (DCCE) - RSO,0.0,2021
100026,DG Fairhaven Power LLC,0.0,2021
104433,"Diamond Pet Food Processors of California, LLC - Lathrop",12042.30590388,2021
104690,"Diamond Pet Food Processors of California, LLC - Ripon",15664.84676568,2021
101243,Dicalite Minerals Corp.,29407.1920868151,2021
2264,"Direct Energy Business, LLC (fka Strategic Energy) - EPE",44486.77368,2021
101218,Disneyland Resort,12809.329573368,2021
100157,Double C Limited,10070.5717764,2021
104663,DSH-Napa State Hospital,10731.4061112,2021
104742,"DTE Energy Trading, Inc. - EPE",77572.78296,2021
104455,"DTE Stockton, LLC",546421.724821618,2021
104897,"Dynasty Power, Inc. - EPE",74000.978682,2021
100958,E & J Gallo Winery - Fresno,29489.6723665777,2021
104640,E & J Gallo Winery - Livingston,18490.4721439565,2021
104215,E&B Natural Resources - San Joaquin Valley,612247.222624657,2021
101355,E.F. Oxnard LLC,1181.23310631185,2021
104758,East Bay Community Energy - EPE,9339.14907,2021
101511,East Bay Municipal Utility District,31410.7813384079,2021
3033,Eastside Power Authority - RSO,0.0,2021
100259,Eco Services - Dominguez,35461.61978616,2021
100258,Eco Services - Martinez,10129.233673104,2021
104546,"Ed Staub & Sons Petroleum, Inc.",21033.1122609744,2021
104452,"EDF Industrial Power Services (CA), LLC - RSO",0.0,2021
104067,"EDF Trading North America, LLC - EPE",48948.5578299321,2021
104896,EDPO LLC dba Dassel's Petroleum,10820.1404779992,2021
104204,Edwards Air Force Base,19878.221130283,2021
104374,Eisenhower Medical Center,19068.5549196,2021
104079,"El Cajon Energy, LLC",3902.2220948,2021
104921,El Centro Nacional de Control de Energia (CENACE) - EPE,18263.05104,2021
100164,"El Segundo Energy Center, LLC",95886.94521492,2021
104735,Elbow River Marketing Ltd.,10303.089603712,2021
100167,Encina Water Pollution Control Facility,14566.8018398257,2021
104829,"Enel Trading North America, LLC - EPE",0.0,2021
101738,"Energy 2001, Placer WRSL",18743.4105542063,2021
101607,Energy Center San Francisco LLC,53524.50808788,2021
104898,"Energy Keepers, Inc. - EPE",0.0,2021
104823,Equinix Caspian - Bloom Energy Servers,14098.8281456,2021
104824,Equinix Duane - Bloom Energy Servers,12715.129152,2021
104787,Equinix Great Oaks - Bloom Energy Servers,42492.71994,2021
104788,Equinix Lundy - Bloom Energy Servers,9717.4202378,2021
104200,"Escalon Premier Brands, a Division of Kraft Heinz Company",17187.1063344,2021
104078,"Escondido Energy Center, LLC",4739.6129196,2021
104845,ETC Endure Energy - EPE,0.0,2021
2078,"Exelon Generation Company, LLC - EPE",53208.827952,2021
104460,ExxonMobil LFC Facility,0.10486378770204,2021
104459,ExxonMobil POPCO Facility,0.0,2021
104846,Factor Gas Liquids Inc,23719.0465862753,2021
104519,"Ferrellgas, LP",25285.0917679712,2021
104041,Flint Hills Resources LP,1205862.262032,2021
104102,Flyers Energy,1864044.808477,2021
104548,Foster Farms Porterville Plant ,9737.68132332,2021
101575,"Foster Poultry Farms - Livingston Complex, 95334",53100.8013387879,2021
104868,Freedom Fuels & Commodities,20059.0108577392,2021
101544,"Fresno Cogeneration Partners, LP",3540.80818556,2021
101235,Frito Lay - Kern Plant,50281.7195376584,2021
104207,Frito Lay - Modesto,26118.639828,2021
104734,Frito Lay - Rancho Cucamonga,9657.32607612,2021
101683,"G2 Energy Ostrom Road, LLC",15917.5450987023,2021
103018,Gallo Glass Company,172826.6230014,2021
104763,Garberville Gas Corporation,35168.0909772624,2021
104858,Genentech - Bloom Energy Servers,12307.8814716,2021
104559,Genentech - Vacaville,12100.6032642,2021
101451,Genentech Inc South San Francisco,31029.643636739,2021
104474,GenPower Lincoln Landfill Power Plant,19440.1571229981,2021
101700,Georgia-Pacific Gypsum LLC - Antioch,37186.72062552,2021
104507,"Gexa Energy California, LLC - RSO",0.0,2021
104364,"Glass House Camarillo, LLC",36710.02400184,2021
3034,Glendale Water & Power - EPE,225297.413026562,2021
100180,"Goal Line LP, 92025",8806.69625652,2021
101697,"Gold Bond Building Products, LLC - Long Beach",36091.2089862,2021
104415,"Gold Bond Building Products, LLC - Richmond",26330.16413592,2021
104730,Goodrich Corporation,8289.59748198641,2021
101231,"Grade 6 Oil, LLC",145687.484332235,2021
100181,Grayson Power Plant,111231.9761696,2021
3035,Gridley Electric Utility - RSO,0.0,2021
101721,"Guardian Industries, LLC",122252.693294796,2021
104473,Guzman Energy - EPE,49072.39992,2021
104716,Guzman Renewables Energy Partners - EPE,5479.26456,2021
101542,Hanford Energy Park Peaker,4690.162394,2021
104887,"Hanford Grain Company, LLC",9682.74575203998,2021
100186,"Harbor Cogeneration Company, LLC",12091.88838204,2021
104672,Harris Ranch Beef Company,12082.33491804,2021
3036,Healdsburg Electric Department - RSO,0.0,2021
101364,Henrietta Peaker Plant,13562.1713496,2021
104910,Heritage Distributing Company DBA Ninth Avenue Foods,10958.24249892,2021
101478,"High Desert Power Project, LLC",1537799.79569256,2021
104009,High Sierra Cogeneration,14900.8031748,2021
100189,High Sierra Limited,10936.5402132,2021
101288,Hilmar Cheese Company,78654.7932659069,2021
100029,HL Power Company,246006.216897243,2021
104368,Hoag Memorial Hospital Presbyterian,22179.3680855083,2021
104426,Holmes Western Oil Corporation,27761.7873745672,2021
104580,Hood Dairy,21550.047,2021
104747,HTP Energy,21871.9583966011,2021
104346,Hudson Ranch Power I - Geothermal,24900.0,2021
100040,Humboldt Sawmill Company,297987.423778336,2021
104377,Huntington Memorial Hospital,15192.2566445392,2021
104713,Hyperion Water Reclamation Plant,84217.2284540479,2021
104834,IBE Project - Bloom Energy Servers,16883.137392,2021
104708,Idaho Power - EPE,28044.2319804692,2021
104229,Idemitsu Apollo Corporation,1709603.59134,2021
104857,Illumina - Bloom Energy Servers,11001.6696174,2021
101318,"Imerys Filtration Minerals, Inc.",37430.211640902,2021
3038,Imperial Irrigation District (IID) - EPE,883245.431212235,2021
100162,"Imperial Irrigation District (IID), El Centro Generating Station",453298.550808876,2021
101307,"Imperial Irrigation District (IID), Niland Gas Turbine Plant",47482.233810488,2021
3030,"Industry, City of - RSO",0.0,2021
101008,Ingomar Packing Company,82433.3999629831,2021
100323,Ingredion Incorporated Stockton Plant,0.0,2021
101297,"Irwindale Brew Yard, LLC",1119.76151544,2021
104465,Ivanpah Solar Electric Generating System,73895.7255915185,2021
104335,J. Aron & Company LLC - EPE,0.0,2021
101705,J. G. Boswell Company - Kern Tomato,37142.65792656,2021
104224,J.G. Boswell Company West Processing Townsite,10536.61628772,2021
101504,J.G.Boswell Company - Kings Tomato,28811.90993904,2021
104320,Jaco Oil Company,2253512.285594,2021
104216,John Wayne Airport Orange County,12927.8000635628,2021
104122,Johns Manville,14811.9616459908,2021
104538,JP Oil,11436.5860238032,2021
104004,JR Simplot Company,8221.3115292834,2021
104562,JS West and Companies,0.0,2021
3011,Just Energy Solutions Inc. - RSO,0.0,2021
104421,"K2 Pure Solutions, Inc",13780.7371692324,2021
104376,"Kaiser Aluminum Fabricated Products, LLC",16072.4824596,2021
104909,Kaiser LA Medical Center - Bloom Energy Servers,13841.18912,2021
104832,Kaiser Permanente - Bloom Energy Servers,13843.2553094,2021
104355,Kaweah Delta Medical Center,16295.7150684,2021
100202,Kern Front Limited,8670.564702,2021
5044,Kern Front Natural Gas Pipeline (WCAC),57348.0644472,2021
104498,Kern Oil - Fuel Supplier,2518233.21314962,2021
101507,Kern Oil Refinery,140248.075905624,2021
101514,Kern River Cogeneration Facility,135270.631723849,2021
5017,Kern River Gas Transmission Company,0.0,2021
100199,KES Kingsburg L.P.--Kingsburg Cogeneration Facility,6306.56534268,2021
104808,Keyera Energy Inc.,19809.6863533181,2021
104831,Keysight Technologies Inc - Bloom Energy Servers,11997.508754,2021
101100,"Kiefer Landfill, Department of Waste Management and Recycling",114050.599069319,2021
100962,Kimberly Clark Worldwide Inc.,0.0,2021
104047,"Kinergy Marketing, LLC",15815.484357,2021
104774,King City Community Power - RSO,0.0,2021
104425,Kirby Hills Compressor Station,14314.974537256,2021
3001,Kirkwood Meadows PUD Powerhouse - RSO,0.0,2021
104849,Kiros Energy Marketing ULC,67669.9495999035,2021
104800,Kiva Energy Inc.,228368.494265711,2021
101447,Knauf Insulation,23350.7039436,2021
100205,Kyocera International Inc.,7507.61649821355,2021
100339,La Paloma Generating Plant - GHG,518093.94864384,2021
104211,La Rosita Power - EPE,249542.465976842,2021
104569,LAC+USC Medical Center,24104.10087432,2021
101327,LACSD - Calabasas LF,26085.9748684652,2021
101487,LACSD - Joint Water Pollution Control Plant,102337.869451574,2021
100071,LACSD - Puente Hills Landfill,110292.100831525,2021
104354,"Lactalis Heritage Dairy, Inc. ",21189.7423764,2021
104641,"Lancaster, City of - RSO",0.0,2021
101465,"Land O' Lakes, Inc.",62056.0435503105,2021
3039,Lassen Municipal Utility District - RSO,0.0,2021
104656,Lathrop Irrigation District - RSO,0.0,2021
101708,Lawrence Livermore National Laboratory (LLNL),22188.5707173113,2021
101381,Lehigh Cement West Inc. - Redding,342207.321728936,2021
101461,Lehigh Cement West Inc.- Tehachapi,729957.968110923,2021
101265,Lehigh Southwest Cement Co - Cupertino,19.7263304,2021
104106,Leprino Foods - Lemoore East,22595.1630804,2021
101716,Leprino Foods - Lemoore West,49940.592715967,2021
104105,Leprino Foods - Tracy,18553.1986116,2021
104052,Lhoist North America - Natividad Plant,62960.5632446241,2021
101499,Liberty Packing - Los Banos (Morning Star),117117.17835624,2021
104099,Liberty Utilities (CalPeco Electric) LLC - EPE,47712.16321608,2021
101053,Linde Inc.,69543.1628722957,2021
101044,Live Oak Limited,16287.5415492,2021
101574,Lockheed Martin Aeronautics Company - Palmdale,17296.0745247288,2021
101623,Lockheed Martin Corporation - Sunnyvale,22107.5169881558,2021
104424,Lodi Compressor Station,8603.52790194584,2021
3040,Lodi Electric Utility - RSO,0.0,2021
104172,Lodi Energy Center,668722.921811496,2021
100207,Loma Linda University,61715.4950618242,2021
3041,"Lompoc, City of - RSO",0.0,2021
5003,Long Beach Gas & Oil Dept (LBGO),511924.1306564,2021
100208,Long Beach Generating Station,13954.0700744,2021
3042,Los Angeles Department of Water & Power (LADWP) - EPE,5197071.19793056,2021
100185,Los Angeles Department of Water & Power-Harbor Generating Station (LADWP),57671.1886350954,2021
100187,Los Angeles Department of Water & Power-Haynes Generating Station (LADWP),1053475.32485219,2021
101004,Los Angeles Department of Water & Power-Scattergood Generating Station (LADWP),770024.749867781,2021
101325,Los Angeles Department of Water & Power-Valley Generating Station (LADWP),458046.229395275,2021
101323,Los Angeles International Airport (LAX),28978.37374176,2021
101246,Los Angeles Refinery (LAR),6000008.95120293,2021
100972,Los Gatos Tomato Products,61170.2196318,2021
101162,"Lunday-Thagard Company, DBA World Oil Refining",37096.404372271,2021
100682,Luz Solar Partners LTD,0.0,2021
101291,Luz Solar Partners LTD VIII & IX,583.4281357872,2021
101234,Macpherson Oil Company,151604.01622496,2021
2112,Macquarie Energy LLC - EPE,44380.25304,2021
104573,"MAG Energy Solutions, Inc. - EPE",71649.23958264,2021
101192,MAGTFTC MCAGCC Twentynine Palms,56501.2450585613,2021
101687,"Malaga Power, LLC",13221.2244656,2021
100314,Malburg Generating Station,265936.5323156,2021
104676,"Mansfield Oil Company of Gainesville, Inc",22289.935056,2021
101332,Marathon Bay Area Cogen ,257206.700408333,2021
5012,Marathon Petroleum Company LP - Fuel Supplier,32564616.7563809,2021
104463,Marin Clean Energy - EPE,5834.334414,2021
104169,Mariposa Energy LLC,50608.99014672,2021
104217,Marsh Landing Generating Station ,155309.327870796,2021
100914,Martinez Refining Company LLC,4053556.64228932,2021
101331,Martinez Renewable Fuel Facility,19262.1349808495,2021
104384,"Maruchan, Inc. - Laguna Canyon",20667.344889443,2021
104633,Matchmaster Dyeing & Finishing,21843.85213404,2021
104805,MATRIX OIL CORP,18349.819,2021
104613,"Matsui Nursery, Inc.",10170.16133112,2021
100296,McKittrick Limited,9021.919878,2021
3044,Merced Irrigation District - RSO,0.0,2021
101665,"Merced Power, LLC, 95340",84108.7036224854,2021
104878,Mercuria Energy America - EPE,9257.2548,2021
104848,Metal Coaters of California,8309.125314,2021
100878,Metropolitan State Hospital,4280.95498572,2021
2046,Metropolitan Water District of Southern California (MWD) - EPE,96257.1144,2021
101703,"Midstream Energy Partners, USA, LLC",725777.583847013,2021
101744,"Midway Peaking, LLC",14889.6185528,2021
100215,Midway-Sunset Cogeneration,25501.269508416,2021
104737,Milk Specialties Global,19322.45414784,2021
104397,Mira Loma Metal Container Corp,10811.63663262,2021
100036,Miramar - MM and Miramar Energy,41055.6225265971,2021
104629,Mission Bell Winery ,9359.19463090464,2021
104658,Mission Foods Corporation,12107.2482822348,2021
101010,Mitsubishi Cement 2000,1172128.71599625,2021
100088,MM Lopez Energy LLC,13697.5351724342,2021
101711,MM Prima Deshecha Energy LLC,27458.0696733647,2021
100051,MM Tajiguas Energy LLC,0.0,2021
101484,MM West Covina LLC,37483.5371274127,2021
101209,MM Yolo Power LLC,10911.2416922455,2021
3045,Modesto Irrigation District (MID) - EPE,634498.406526,2021
101028,"Modesto Irrigation District (MID) - Woodland Generation Station, 95351",174383.61002354,2021
101359,"Modesto Irrigation District - Ripon Generation Station, 95366",21346.97643592,2021
5019,Mojave Pipeline Operating Company (MPOC),0.0,2021
101329,Monterey Regional Waste Management District,18076.7904303587,2021
3046,Moreno Valley Utility - RSO,0.0,2021
2369,Morgan Stanley Capital Group Inc. - EPE,625570.388911998,2021
101498,Morning Star Packing Company - Los Banos,47291.96086128,2021
101536,Morning Star Packing Company - Williams,128816.4405978,2021
101217,Morning Star-Stockton,0.0,2021
100221,Moss Land Power Plant,2000308.71784884,2021
104322,MP Mine Operations LLC,13150.4079091512,2021
101228,Mt. Poso Cogeneration Company,270844.745811294,2021
104438,Musket Corporation,1230819.968765,2021
104097,Naftex Operating Company,30674.3077511514,2021
104405,NASA Ames Research Center,14786.1881442,2021
101314,National Cement Company - Lebec,912936.483425524,2021
104408,Naval Air Station Lemoore,10912.6669350276,2021
104789,Naval Air Station North Island,3879.25305444,2021
104214,Naval Air Weapons Station China Lake,10288.1632853821,2021
104035,Naval Medical Center - San Diego,14095.974784608,2021
104551,"NCP West, LLC",55311.872936,2021
104732,NCPA - CT1 Alameda,5074.61962248,2021
3047,"Needles, City of - EPE",22313.01816,2021
104717,"Neste US, Inc.",3127432.293144,2021
2388,Nevada Power Company (dba NV Energy) - EPE,217917.130095851,2021
100195,"New-Indy Ontario, LLC Linerboard Mill",216010.61992188,2021
101356,New-Indy Oxnard LLC,116224.75773218,2021
104136,Newark Pacific Paperboard,24151.74612228,2021
104611,"Newport Fab, LLC (DBA TowerJazz Semiconductor)",12379.10796972,2021
104225,"Nextera Energy Marketing, LLC - EPE",114330.26184,2021
104866,NGL Supply Co. Ltd.,46107.303499344,2021
104895,Nissin Foods USA,13799.21977836,2021
104420,"Nong Shim America, Inc.",14541.56108352,2021
104457,"Nor-Cal Beverage Company, Inc. - Anaheim",12015.6827350032,2021
104323,North Baja Pipeline,0.0,2021
2215,Northern California Power Agency (NCPA) - EPE,10181.0492430242,2021
101529,Northern California Power Agency - Geothermal Plant No. 1,22676.0,2021
101530,Northern California Power Agency - Geothermal Plant No. 2,27836.0,2021
101358,Northrop Grumman - Palmdale,13457.6178399072,2021
104227,Northrop Grumman Marine Systems - Sunnyvale,28456.18139952,2021
104369,Northrop Grumman Systems Corp. - El Segundo,9373.36523870016,2021
104324,Northrop Grumman Systems Corp. - Redondo Beach,12589.04534112,2021
101351,Oakland Power Plant,8928.02565543665,2021
3051,"Oakland, Port of - RSO",0.0,2021
101213,Olam West Coast Inc- Lemoore,514.30542696,2021
104069,"Olam West Coast, Inc. - Firebaugh",30167.19618696,2021
101284,"Olam West Coast, Inc. - Gilroy",54689.74939944,2021
104378,"Olive View Medical Center, Los Angeles County Department of Health Services",13330.6913664,2021
100236,OLS Energy Chino,10506.08235528,2021
101745,Orange County Central Utility Facility,31296.3906498762,2021
100255,Orange County Sanitation District - Plant 1,22383.2046407617,2021
101280,Orange County Sanitation District - Plant 2,30506.4841633651,2021
104053,Orange Grove Energy Center,8786.621714,2021
104675,Orange Plant - R.J. Noble,8031.42734544,2021
104495,"Ormat Nevada, Inc. / ORNI 18 North Brawley - Geothermal",22856.8685564142,2021
100695,"Ormat Nevada, Inc./ GEM 2 & 3 - Geothermal",0.44,2021
101357,"Ormond Beach Power, LLC",280587.161378936,2021
104912,OWB Packers,16182.1636350908,2021
101154,"Owens Corning Insulating Systems, LLC Santa Clara",14773.6564142,2021
104778,"Owens Corning Roofing and Asphalt, LLC",8030.49124,2021
101475,Owens-Brockway Glass Container Inc. Vernon,62220.16651096,2021
101183,"Owens-Brockway Glass Container, Tracy",89629.88708608,2021
104419,"PABCO Clay Products, LLC, dba Gladding McBean",9906.14566152615,2021
104733,PABCO Gypsum Newark,39579.79967372,2021
104383,PABCO Paper,17533.9173071662,2021
104616,Pacific Clay Products,13369.3563582,2021
101674,Pacific Coast Energy Company LP,26595.6248944163,2021
101207,Pacific Coast Producers,36806.3653788,2021
3002,Pacific Gas & Electric Company (PG&E) - EPE,690292.16448,2021
104025,"Pacific Gas and Electric Company (PG&E) - Gas Distribution System Fugitive Emissions (San Francisco, CA)",589342.679245251,2021
104024,Pacific Gas and Electric Company (PG&E) - Supplier of Natural Gas ,41563483.0331234,2021
101298,Pacific Ultrapower Chinese,246088.5745998,2021
3003,PacifiCorp - MJRP,767509.059383788,2021
104738,Palo Alto V.A. Health Care System Division,11314.5920136,2021
3048,"Palo Alto, City of - RSO",0.0,2021
101740,"Panoche Energy Center, LLC",336713.913761226,2021
3049,Pasadena Water & Power - EPE,430146.455922989,2021
100179,"Pasadena Water and Power, Glenarm",11909.3282731738,2021
104904,Pattern Energy Management Services LLC - EPE,0.0,2021
104476,PBF Energy Western Region LLC,10446937.7631232,2021
104801,Peet's Coffee,10889.4097894413,2021
104048,"Pelican Renewables, LLC",0.2174845,2021
104698,Peninsula Clean Energy - RSO,0.0,2021
104089,Petro-Diamond,2786219.830623,2021
104022,PG&E Burney Compressor Station,60781.9015827795,2021
101758,PG&E Colusa Generating Station,864937.049093105,2021
101562,PG&E Delevan Compressor Station,35234.2487439097,2021
101741,PG&E Gateway Generating Station,1363628.53826551,2021
101747,PG&E Gerber Compressor Station,54033.923960012,2021
101290,PG&E Hinkley Compressor Station,63080.1823120241,2021
100192,PG&E Humboldt Bay Generating Station,256813.285943394,2021
101563,PG&E Kettleman Compressor Station,19834.7296959015,2021
104021,PG&E McDonald Island Underground Storage Station,15495.7915494968,2021
104023,PG&E Tionesta Compressor Station,36348.9877519358,2021
101031,PG&E Topock Compressor Station,37236.942023576,2021
104010,Phillips 66 Company - Fuel Supplier,16658327.3273963,2021
100913,Phillips 66 Company - Los Angeles Refinery - Carson Plant,942564.644303887,2021
100329,Phillips 66 Company - Los Angeles Refinery - Wilmington Plant,1595948.24582761,2021
100351,Phillips 66 Company - San Francisco Carbon Plant,207522.16546992,2021
100303,Phillips 66 Company - San Francisco Refinery,1112490.09386227,2021
101226,Phillips 66 Company - Santa Maria Refinery,150797.401147576,2021
104728,Pico Rivera Innovative Municipal Energy - RSO,0.0,2021
3016,"Pilot Power Group, LLC - RSO",0.0,2021
104494,"Pilot Travel Centers, LLC",1598435.25956643,2021
104667,Pio Pico Energy Center,39889.9030636,2021
104773,Pioneer Community Energy - RSO,0.0,2021
100151,Pitchess Cogeneration Station,9900.0955188,2021
5024,Pittsburg Power Company - DBA Island Energy - RSO ,0.0,2021
101685,Pixley Cogeneration Partners / Calgren Renewable Fuels,134411.054087841,2021
100888,Plains LPG Services/ Lone Star Frac & Isom Facility,612425.585705114,2021
104557,"Plains Marketing, L.P.",0.0,2021
104731,Plains Midstream Canada ULC,24767.7378616368,2021
3100,Plumas-Sierra REC - EPE,18953.2524,2021
104881,Pom Wonderful LLC,11279.13308072,2021
104870,Pomona Choice Energy - RSO,0.0,2021
2127,Portland General Electric Company (PGE) - EPE,437781.006534684,2021
104681,"Potrero Hills Energy Producers, LLC",26557.4342143958,2021
3053,Power and Water Resources Pooling Authority (PWRPA) - RSO,0.0,2021
2243,Powerex Corp. - EPE,21374.75943,2021
104777,"Praxair Plainfield, Inc. - RSO",0.0,2021
104394,Press Forge Co,10466.67962376,2021
104206,Prime Wheel Corporation,0.0,2021
104423,Procter & Gamble Manufacturing Co. - Sacramento Plant,20478.5536087317,2021
100182,"ProEnergy - Greenleaf Energy Unit 2, LLC",63204.7624776,2021
104096,ProPetroleum Inc.,637260.984739822,2021
104625,Public Service Company of Colorado (PSCo) - EPE,372018.53304,2021
104744,Public Service Company of New Mexico (PNM) - EPE,37301.7981894784,2021
104462,Puget Sound Energy - EPE,18082.5975906518,2021
101400,"Qualcomm, Inc. - Morehouse Facility",22601.1906792864,2021
101523,"Qualcomm, Inc. - Pacific Center Facility",39685.3017447422,2021
104197,"Quemetco, Inc.",38936.8872504,2021
104391,Rady Children's Hospital San Diego,22165.2572004,2021
104203,Rainbow Energy Marketing Corporation (REMC) - EPE,49399.608678,2021
3054,Rancho Cucamonga Municipal Utility - EPE,0.0,2021
104767,Rancho Mirage Energy Authority - RSO,0.0,2021
3055,Redding Electric Utility - EPE,91673.24205,2021
100256,Redding Electric Utility - Redding Power Generation,171020.540938544,2021
104712,Redwood Coast Energy Authority (RCEA) - EPE,0.0,2021
104560,"REG Marketing & Logistics Group, LLC",996762.561158514,2021
104709,"Revol Greens CA, LLC",8768.5938576,2021
104669,Reynolds Consumer Products - Red Bluff,10096.3843869312,2021
104198,Richard J Donovan Correctional Facility,15967.818954,2021
100265,Rio Bravo Fresno,224382.2271788,2021
100055,Rio Bravo Rocklin,286047.073408,2021
104691,Rio Tinto - Wilmington,10813.24214532,2021
104056,River City Petroleum,1356620.672328,2021
100387,Riverside Public Utilities - Clearwater Facility,6562.91662668,2021
100392,Riverside Public Utilities - Riverside Energy Resource Center,31761.252266,2021
3056,"Riverside, City of Public Utilities - EPE",548819.646136794,2021
104037,Robinson Oil Supply & Transport,271510.308535,2021
100196,"Rohr, Inc., a Collins Aerospace Company",246.170147131979,2021
101702,Roseburg Forest Products,118712.284518181,2021
3057,Roseville Electric - EPE,38552.4489197611,2021
101270,"Roseville Electric, Roseville Energy Park",231873.4326388,2021
104861,"Sacramento Energy Resources, LLC",31685.817757686,2021
100125,"Sacramento Municipal Utility District (SMUD) , Campbell Power Plant",281889.256144815,2021
100130,"Sacramento Municipal Utility District (SMUD) , Carson Power Plant",121822.0031066,2021
100365,"Sacramento Municipal Utility District (SMUD) , Cosumnes Power Plant",1540474.7107,2021
100252,"Sacramento Municipal Utility District (SMUD) , Procter & Gamble Power Plant",326992.462575447,2021
3058,Sacramento Municipal Utility District (SMUD) - EPE,214868.205077027,2021
104352,Sacramento Municipal Utility District (SMUD) - Gas Pipeline,2218740.69173315,2021
104632,Sacramento Rendering Company,13916.56285368,2021
101035,Safety-Kleen of California Inc.,0.159135,2021
104357,Saint Agnes Medical Center,23841.0940104,2021
104436,Saint Bernardine Medical Center,8240.275621944,2021
101518,Salinas River Cogeneration Facility,206410.8952588,2021
104461,Salt River Project - EPE,760560.901744402,2021
104398,San Benito Foods,13312.685883802,2021
104906,San Diego Community Power (SDCP) - RSO,0.0,2021
3004,San Diego Gas & Electric (SDG&E) - EPE,525300.152628294,2021
104085,San Diego Gas and Electric (SDG&E) - Local Distribution,5297238.50719918,2021
104115,San Diego Gas and Electric (SDG&E) - Natural Gas Distribution Sub W,117740.823042072,2021
104380,San Francisco General Hospital,13379.2017336,2021
3028,San Francisco Hetch Hetchy Water and Power (CCSF) - RSO,0.0,2021
104367,San Francisco International Airport (SFO),18871.55187696,2021
104556,San Francisco Southeast Treatment Plant,7672.7924,2021
104768,San Jacinto Power - RSO,0.0,2021
101239,San Joaquin Refining Company,95181.5726457058,2021
104497,San Joaquin Refining Company - Fuel Supplier,232715.288897714,2021
104793,San Jose Clean Energy - EPE,14102.312022,2021
101140,San Jose/Santa Clara Regional Wastewater Facility,39139.5197771189,2021
104905,Santa Barbara Clean Energy (SBCE) - RSO,0.0,2021
104670,Santa Barbara Cottage Hospital,12282.3549013871,2021
104626,Santa Clara Valley Medical Center,15369.2413596,2021
3061,"Santa Clara, City of (SVP) - EPE",116481.62952,2021
104381,"Santa Maria Energy, LLC, Careaga Lease",14792.959330494,2021
101186,Saputo Cheese USA Inc. - Paige,65557.81781316,2021
104396,Saputo Cheese USA Inc.- Levin,11918.42932068,2021
104358,Schlosser Forge Company,17017.59603816,2021
101663,SDG&E - Cuyamaca Peak Energy Plant,4989.9060488,2021
101401,SDG&E - Miramar Energy Facility,11271.143884,2021
104221,SDG&E - Moreno Compressor Station,16932.642412598,2021
100362,SDG&E - Palomar Energy Center,704782.66397068,2021
104540,"Seaboard Energy California, LLC",0.82796688,2021
104862,"Seaboard Energy Marketing, Inc.",301790.55624,2021
100011,Searles Valley Minerals Inc.,1643222.11818062,2021
104885,Seattle City Light - EPE,1479.1438608,2021
104503,"SEI Fuel Services, Inc.",2884890.588357,2021
2060,"Sempra Gas & Power Marketing, LLC - EPE",1230741.64566166,2021
104091,Seneca San Joaquin Production Facilities,376454.261309552,2021
101315,Sensient Natural Ingredients LLC,46064.18151288,2021
104219,"Sentinel Energy Center, LLC",319547.0723892,2021
104888,Sentinel Peak Resources - Los Angeles Basin,12947.9907780784,2021
104081,Sentinel Peak Resources - SJV Basin Facility,653570.955374823,2021
103016,Sentinel Peak Resources- AG Facility,68354.7875004296,2021
104792,"Setton Pistachio of Terra Bella, Inc",11759.252688,2021
104202,SFPP L.P. - Colton Terminal,13464.6573093456,2021
100895,Shadow Wolf Energy - Placerita,142557.639229728,2021
104615,Sharp Grossmont Hospital,21294.55449144,2021
3059,"Shasta Lake, City of - RSO",0.0,2021
100282,Shasta Sustainable Resource Management,518553.157380236,2021
104340,Shell Catalysts & Technologies,11696.34312756,2021
104325,Shell Chemical LP - Martinez Catalyst Plant,14754.4759512,2021
3081,"Shell Energy North America (US), L.P. - EPE",279519.369414515,2021
104051,Shell Oil Products US - Supply - Fuel Supplier,9026306.035564,2021
104543,Shell Trading US Company - Fuel Supplier,516241.806193,2021
104511,Shiralian Enterprises,2589876.171393,2021
104329,Shultz Steel Company,17028.253458,2021
104614,"Sierra Aluminum, a Division of Samuel, Son & Co. (USA) Inc.",17235.52647444,2021
100090,"Sierra Pacific Industries (SPI) - Anderson, 96007",212818.2597768,2021
100043,Sierra Pacific Industries (SPI) - Burney,238783.8313032,2021
101680,Sierra Pacific Industries (SPI) - Lincoln,180172.226526,2021
101378,Sierra Pacific Industries (SPI) - Quincy Division,283913.2326012,2021
101681,Sierra Pacific Industries (SPI) - Shasta Lake,46904.0528944816,2021
101682,Sierra Pacific Industries (SPI) - Sonora,128258.910497036,2021
2438,Sierra Pacific Power Company (dba NV Energy) - EPE,135841.93090056,2021
104766,Sierra Resources Santa Barbara Basin,2560.30134223428,2021
104090,Signal Hill Petroleum Facilities,44130.6501561189,2021
104720,Silicon Valley Clean Energy Authority (SVCEA) - RSO,0.0,2021
101438,"Silicon Valley Power (SVP), City of Santa Clara , Cogen",36767.83838148,2021
101436,"Silicon Valley Power (SVP), City of Santa Clara , DVR",340474.81732752,2021
101691,Smithfield Packaged Meats Corp,22721.510256597,2021
104798,"Soil Safe of California, Inc.",3889.44872352,2021
104764,Solana Energy Alliance (SEA) - EPE,0.0,2021
101118,Solar Turbines Incorporated - Kearny Mesa,26577.6076572432,2021
104537,Sonoma Clean Power - RSO,0.0,2021
100096,Sonoma County Landfill Gas to Energy,16735.4231307534,2021
100063,Southeast Resource Recovery Facility (SERRF),339876.424422,2021
101539,Southern California Edison (SCE) - Barre Peaker,15409.2479756,2021
101537,Southern California Edison (SCE) - Center Hybrid,13727.6381608,2021
3005,Southern California Edison (SCE) - EPE,452124.279042,2021
101538,Southern California Edison (SCE) - Grapeland Hybrid,13425.8332536,2021
104326,Southern California Edison (SCE) - McGrath Peaker,5927.4190676,2021
100394,Southern California Edison (SCE) - Mira Loma Peaker,13208.4127932,2021
100344,Southern California Edison (SCE) - Mountainview,824124.25166392,2021
101673,Southern California Edison (SCE) - Pebbly Beach,22903.3567713763,2021
101349,Southern California Gas Co - Aliso Canyon Facility,5159.57959097732,2021
101675,Southern California Gas Co - Blythe Facility,52131.4051846438,2021
104082,Southern California Gas Co - Distribution,1569418.943445,2021
100915,Southern California Gas Co - Honor Rancho Facility,24624.6682041739,2021
104220,Southern California Gas Co - Wheeler Ridge Compressor Station,27878.0306675596,2021
5002,Southern California Gas Company - End User Emissions,41017134.2099344,2021
104212,"Southern Counties Oil Co., A California Limited Partnership",641669.589301,2021
5013,Southwest Gas Distribution Facilities,801437.9453844,2021
104886,Specialty Granules LLC,14848.7983145232,2021
101241,"Spreckels Sugar Company, Inc.- Brawley",84347.5152188092,2021
100263,SRI International Cogen Project,24292.6446955872,2021
104635,Stanford University,22228.2023651988,2021
101025,Stanislaus Food Products,52152.9968736,2021
104853,Stanton Energy Reliability Center,2561.2836984,2021
104409,State of California Central Utility Plant - General Services,14494.2502068,2021
104370,Steelscape Inc.,22987.5250994453,2021
3052,"Stockton, Port of - RSO",0.0,2021
104619,Suburban Propane,6871.7404309008,2021
104837,Sun Streams LLC - EPE,0.0,2021
104891,"Sun Valley Energy, Inc.",5718.738348,2021
104797,SunOpta Aseptic,12121.9030306368,2021
100948,Sunrise Power Company,1020338.8815156,2021
104550,"Sunshine Gas Producers, LLC",87125.2912089178,2021
104892,Sunsweet Growers Inc,17316.2696054622,2021
104794,Superior Gas Liquids USA,16162.4298070179,2021
104579,Surprise Valley Electrification Corp. - RSO,0.0,2021
104884,Swisstex California,12774.573612,2021
100886,Sycamore Cogeneration Facility,726447.944421402,2021
101684,Sycamore Energy LLC,28388.2099533122,2021
104567,Tacoma Power - ACS,0.0,2021
105757,Tacoma Power - EPE,2383.235355,2021
101073,TAMCO,102.94918956,2021
104859,Targa Liquids Marketing and Trade LLC,109298.212168069,2021
104827,TEC Energy Inc. - EPE,2923.64232,2021
104790,Teichert Materials,8312.2036524,2021
104194,Tenaska Power Services Co. - EPE,49825.1965300247,2021
2427,"Terra-Gen Dixie Valley, LLC - EPE",31618.7398301319,2021
104516,"Tesla, Inc.",40350.98712672,2021
104762,The Andersons Inc.,69327.7700385955,2021
2278,"The Energy Authority, Inc. (TEA) - EPE",127819.680342,2021
101582,The P&G Paper Products Co.,299896.995780161,2021
104518,The Regents of the University of California - RSO,0.0,2021
104327,The Soco Group Inc.,0.0,2021
104647,The Sun Valley Group,11247.56915616,2021
5047,"Tiger Natural Gas, Inc. - RSO",0.0,2021
104620,Timber Products Company Yreka Veneer,7840.055097888,2021
101502,Tomatek / Neil Jones Food Companies,27530.0179766158,2021
100217,Torrance Refinery,2755849.26523087,2021
100358,Tracy Combined Cycle Plant,362673.248162348,2021
104855,Trafigura Trading LLC,2583354.77427711,2021
2312,"TransAlta Energy Marketing (US), Inc. - EPE",166856.281329159,2021
104230,TransCanada Energy Sales Ltd. - EPE,35052.71208,2021
104760,Transwestern - Topock,0.0,2021
101460,"TRC Cypress Group, LLC",29994.8114597528,2021
104005,"Tricor Refining, LLC",40242.7229737174,2021
104639,Trinity PUD - RSO,0.0,2021
104914,Tristar Dyeing and Finishing,11709.2562264,2021
3063,Truckee Donner PUD - EPE,70559.6946641101,2021
104804,Truman Arnold Companies,323403.96010251,2021
100952,"TST, Inc.",18041.5575396,2021
104854,Tucson Electric Power - EPE,0.0,2021
3064,Turlock Irrigation District (TID) - EPE,190394.870148,2021
100111,"Turlock Irrigation District (TID), Almond Power Plant",228457.27936,2021
100371,Turlock Irrigation District/ Walnut Energy Center,527387.679026,2021
104714,Tuscarora Gas Transmission - Shoetree Compressor Station,23197.74195145,2021
5010,Tuscarora Gas Transmission Pipeline,0.0,2021
104515,"Twin Eagle Resource Management, LLC - EPE",2554.74912,2021
100300,"U.S. Borax, 93516",321247.0096056,2021
101271,U.S. Gypsum Co Plaster City Plant,69529.15033812,2021
104775,"U.S. Venture, Inc.",9654.32688,2021
104068,UC Davis Medical Center,58788.3938498748,2021
3065,"Ukiah, City of Electric Utilities Division - RSO",0.0,2021
101205,Ultramar Inc - Valero Wilmington,968644.740547098,2021
104062,Union Pacific Railroad Company,595666.297224,2021
104880,Uniper Global Commodities North America - EPE,2003.8104,2021
101124,"United Airlines, Inc. - San Francisco Maintenance Center",26059.4015419296,2021
104545,United Pacific Energy,107050.469514394,2021
101469,United States Pipe & Foundry Co. LLC,48790.6884984819,2021
104514,"University of California, Berkeley",118351.637026932,2021
100305,"University of California, Davis",51238.2855631179,2021
101296,"University of California, Irvine",69004.5083811413,2021
100997,"University of California, Los Angeles, UCLA",211428.246130095,2021
104173,"University of California, Riverside, UCR",21684.14475336,2021
101305,"University of California, San Diego, UCSD",152435.19365604,2021
101416,"University of California, San Francisco",53948.4868669059,2021
104372,"University of California, Santa Barbara",16709.9771426409,2021
100273,"University of California, Santa Cruz, UCSC EH&S Office",26063.7705826644,2021
104361,University of Southern California (USC) - University Park Campus (UPC),18676.72490112,2021
101068,"USS-UPI, LLC",37860.4681044946,2021
104617,VA Greater Los Angeles Healthcare System,11758.7233891656,2021
104661,VA San Diego Healthcare System,18185.61316176,2021
104071,Valero Marketing and Supply Company - Fuel Supplier,13263549.8973668,2021
100372,"Valero Refining Company - California, Benicia Refinery and Benicia Asphalt Plant",2728147.42227144,2021
104444,Valero Wilmington Asphalt Plant,14438.6549081627,2021
104750,Valley Clean Energy Alliance (VCEA) - RSO,0.0,2021
104510,Valley Electric Association (VEA) - EPE,5870.23372607999,2021
104844,"Valley Milk, LLC",15186.12799212,2021
104205,Vandenberg Space Force Base,13775.0276056946,2021
104838,Vaquero Energy - Kern County,8164.782814,2021
104783,Vaquero Energy - Santa Barbara County,19346.231351639,2021
104643,Ventura Coastal,12603.29592492,2021
104836,Ventura Coastal LLC,15766.70792184,2021
3066,Vernon Public Utilities - EPE,0.0,2021
5008,"Vernon Public Utilities, Gas Municipal Utility",466814.5735932,2021
104830,"Viasyn, Inc. - EPE",0.0,2021
104882,Victor Packing,6516.4177944,2021
3067,Victorville Municipal Utility Services - EPE,0.0,2021
104571,Victorville Municipal Utility Services - Gas Utility,13533.11334612,2021
100953,Vista Metals Corp.,30049.11006444,2021
5014,Vitol - Fuel Supplier,0.0,2021
104467,Vitol Inc. - EPE,9161.83049344709,2021
101513,Vitro Flat Glass LLC,93643.06501892,2021
100058,Wadham Energy Ltd Partnership,218825.33563968,2021
104218,"Walnut Creek Energy, LLC",128912.89873932,2021
104745,WAPA - Colorado River Storage Project (CRSP) - EPE,0.0,2021
3078,WAPA - Desert Southwest Region (DSR) - EPE,0.0,2021
3079,WAPA - Sierra Nevada Region (SNR) - EPE,370499.15991,2021
100060,Waste Management - Altamont Landfill,34865.0544257066,2021
104746,"Waste Management - Redwood Landfill, Inc.",14491.6425631114,2021
104363,Weber Metals,15982.522796592,2021
5007,West Coast Gas Company Inc,10385.7299388,2021
104883,Western Community Energy - RSO,0.0,2021
104360,"Western Digital Technologies, Inc.",18502.57055988,2021
104075,"WG Holdings SPV, LLC - Los Angeles Basin Facility",9638.25794795584,2021
104392,Wild Goose Storage LLC,30731.3600315819,2021
101343,"Wildflower Energy, LP - Indigo Generation, LLC",18839.730380792,2021
100353,"Wildflower Energy, LP - Larkspur Energy Facility, LLC",16376.9303204,2021
104359,Windset Farms,34311.0022015165,2021
101693,"Wm. Bolthouse Farms, Inc.",35719.496,2021
101493,"Woodland Biomass Power, LLC",47323.5902818812,2021
104679,WP&A Firebaugh,11463.82773624,2021
104678,WP&A King,9246.6444725028,2021
101736,WP&A Lost Hills,44074.4137231592,2021
104618,"WWF Operating Company, LLC",15987.9570616742,2021
100322,Yuba City Cogeneration Partners LP,29988.46679796,2021
3006,3 Phases Renewables - EPE,0.0,2022
104356,3M Corona,15325.85801808,2022
104903,3PR Trading - EPE,183857.68056,2022
104927,"4J Energy, LLC",20167.9166654004,2022
104796,AAK Richmond,14496.77656728,2022
104937,Abel Road Bioenergy,18278.4019,2022
104213,ABI Foundry,12096.28740044,2022
104347,"Aemetis Advanced Fuels Keyes, Inc.",157327.149205394,2022
104018,Aera Energy Coastal Basins,246406.726987389,2022
104016,Aera Energy San Joaquin Basin,2697330.79206966,2022
104017,Aera Energy Ventura Basin,26053.8779638121,2022
101321,"AES Alamitos, LLC",1721255.34969432,2022
100194,"AES Huntington Beach, LLC",1494080.44397368,2022
100257,AES Redondo Beach LLC,197811.7718376,2022
101701,Air Liquide El Segundo Hydrogen Plant,623703.423265376,2022
101749,Air Liquide Large Industries US L.P. - Rodeo Hydrogen Plant,916014.926352611,2022
101017,"Air Products & Chemicals, Inc., Martinez",0.0,2022
101248,Air Products Carson Hydrogen Plant,712162.868328815,2022
101512,"Air Products Manufacturing Corporation, Sacramento",45460.8165129849,2022
104917,Air Products West Coast Hydrogen LLC - Torrance ,944093.234708179,2022
100127,Air Products Wilmington Hydrogen Plant,768349.580774504,2022
3022,Alameda Municipal Power - RSO,0.0,2022
101433,"Algonquin Power Sanger, LLC",67274.3186242272,2022
104345,All American Asphalt - Corona,14567.91272172,2022
104666,All American Asphalt - Irvine,8424.07471584,2022
104926,Alliance Energy Services,23703.1154095375,2022
104499,Alon Bakersfield Refinery - Areas 1&2 - Fuel Supplier,0.0,2022
100283,AltaGas Ripon Energy Inc.,2069.784513,2022
101056,AltAir Paramount LLC,28171.2645783577,2022
104759,AltAir Paramount LLC - Fuel Supplier,771196.9144,2022
104899,Altman Specialty Plants,8652.54049992,2022
104027,Ameresco Chiquita Energy LLC,32720.1120606045,2022
104637,Ameresco Forward LLC,15977.2620091003,2022
101657,Ameresco Half Moon Bay,47577.0266868545,2022
101748,Ameresco Keller Canyon,13103.2990882786,2022
104636,Ameresco San Joaquin LLC ,12878.9223359786,2022
101656,Ameresco Santa Cruz,10331.948766321,2022
104634,Ameresco Vasco Road,16971.4809246972,2022
104727,"American PowerNet Management, LP - RSO",0.0,2022
104544,"AmeriGas Propane, L.P.",71764.3426671456,2022
101179,Amgen Inc.,20075.50064016,2022
101666,"Ampersand Chowchilla Biomass, LLC, 93610",83717.88366402,2022
104487,Ampine: A Division of Timber Products,13714.817967688,2022
3023,"Anaheim, City of PUD - EPE",663747.55250846,2022
100943,Anheuser-Busch LLC - Fairfield,15389.2584,2022
101473,Anheuser-Busch LLC - Los Angeles Brewery,39907.0467965644,2022
104578,Anza Electric Cooperative - RSO,0.0,2022
104003,"Apex Oil Company, Inc.",51.770134,2022
104833,Apple Inc - Bloom Energy Servers,9873.7173432,2022
104725,Apple Valley Choice Energy - RSO,0.0,2022
104761,Applied Natural Gas Fuels,92068.9086348,2022
104042,Archer Daniels Midland,186321.177648,2022
101715,Arcosa LWFP LLC,23748.5371872261,2022
101342,Ardagh Glass Inc.,76058.8469536,2022
2098,Arizona Electric Power Cooperative (AEPCo) - EPE,22236.6746031799,2022
104131,Arizona Public Service Company (APSC) - EPE,169894.195675454,2022
2292,Avangrid Renewables - EPE,219955.914203062,2022
101696,Avenal State Prison,10128.6356076,2022
104677,Avista Utilities - EPE,18242.9309575319,2022
104379,"Azteca Milling, L.P.",13372.077503196,2022
3024,Azusa Light & Water - EPE,0.0,2022
100897,Badger Creek Limited,17443.2453192,2022
104334,"Baker Commodities, Inc., Kerman Division",22195.14892776,2022
104621,"Baker Commodities, Inc., Vernon Division",12901.6796309212,2022
101237,Bakersfield Renewable Fuels - Area 1 & 2,17585.7006966826,2022
3025,"Banning, City of Electric Department - EPE",0.0,2022
104165,Bayer Healthcare,11551.3586964,2022
104867,BB ENERGY USA LLC,383395.923189,2022
100890,Bear Mountain Limited,46773.228996,2022
3000,Bear Valley Electric Service - RSO,0.0,2022
104094,Berry Petroleum Company - San Joaquin Basin,1159201.26548771,2022
3026,Biggs Municipal Utilities - RSO,0.0,2022
104871,BioMarin Pharmaceutical Inc.,9315.68358852,2022
104825,"Bleyhl Farm Service, Inc.",0.0,2022
104848,BlueScope Coated Products,7299.46216368,2022
100342,Blythe Energy,656107.6248624,2022
104054,BNSF Railway - Barstow,399492.203472,2022
104064,BNSF Railway - Commerce,350407.230999429,2022
104065,BNSF Railway - Richmond,145602.228016286,2022
4000,Bonneville Power Administration (BPA) - ACS,0.0,2022
2044,Bonneville Power Administration (BPA) - EPE,22945.03744,2022
104692,Boston Energy Trading & Marketing - EPE,0.0,2022
104680,"Bowerman Power LFG, LLC",85317.4175486043,2022
104074,Boyett Petroleum,124071.50126,2022
2113,BP Energy Company - EPE,60063.2324041798,2022
104452,BP Energy Retail Company California LLC - RSO,0.0,2022
104001,BP Products North America Inc - Terminals,8639568.189341,2022
100389,Braun Medical Inc,51291.6858699183,2022
100061,Brea Power Facility,126275.465631777,2022
100904,"Bridge Energy, LLC",46870.157266478,2022
104120,Brookfield Renewable Trading & Marketing LP - EPE,47811.8468749946,2022
104911,Building Materials Manufacturing Corporation (DBA GAF),12524.30470008,2022
3027,Burbank Water & Power - EPE,254475.346287806,2022
100018,Burney Forest Products,389597.621737472,2022
104077,BWP/MPP Electricity Generating Facilities at 164 W. Magnolia,618147.038408396,2022
100002,Calciner,127577.43675123,2022
104826,CalEnergy LLC - EPE,0.0,2022
100692,CalEnergy Operating Corporation - J J Elmore - Geothermal,6241.34,2022
100703,CalEnergy Operating Corporation - J M Leathers - Geothermal,29329.855,2022
100712,CalEnergy Operating Corporation - Region 1 - Geothermal,82691.1824127521,2022
100716,CalEnergy Operating Corporation - Region 2 - Geothermal,49079.298,2022
100959,"California Dairies, Inc. Fresno",37388.5341557328,2022
104410,"California Dairies, Inc. Los Banos",14548.47672996,2022
101509,"California Dairies, Inc. Tipton",47015.4093084,2022
101190,"California Dairies, Inc. Turlock",37362.003337008,2022
101197,"California Dairies, Inc. Visalia",69687.2124,2022
104711,"California Dairies, Inc., Turlock North",23076.80096796,2022
3072,California Department of Water Resources (DWR) - EPE,0.0,2022
100327,California Institute of Technology (CalTech),36466.1825012748,2022
104662,California Medical Facility,11767.9569552,2022
104353,California Natural Products,20918.9792428212,2022
104908,"California Paper Products, LLC",16130.3339916,2022
104135,California Paperboard Corporation,10549.30116492,2022
104362,California Polytechnic State University,12291.777632304,2022
101060,"California Power Holdings, LLC-Chowchilla Facility, 95360",12160.85377716,2022
100368,"California Power Holdings, LLC-Red Bluff Facility, 96080",8105.96028708,2022
104014,"California Resources Elk Hills, LLC - 35R Gas Plant",2797438.27952402,2022
104072,California Resources Production Corporation - 760 Los Angeles Basin,146278.41155347,2022
104029,California Resources Production Corporation - Sacramento Valley Basin 730,75649.3189336663,2022
104030,California Resources Production Corporation - San Joaquin Valley Basin 745,646907.457907835,2022
104657,California State Prison - Corcoran,13498.92255996,2022
104736,California State Prison - Sacramento,16162.338096,2022
100235,"California State University, Channel Islands",7392.35367864,2022
104350,"California State University, Fullerton",20271.385396764,2022
101399,"California State University, San Diego",50888.8082124,2022
100131,"California State University, San Jose",25587.78037092,2022
100954,California Steel Industries,137312.685949007,2022
104916,"California Sugar Refiners, LLC",15834.66489576,2022
104581,CALNRG - Lynch Canyon Field,21193.24172946,2022
104033,CALNRG - Ventura Basin 755 incl. SCVGP Gas Plant,88378.0284147298,2022
101405,CalPeak Power - Border,10481.36683,2022
101662,CalPeak Power - Enterprise,8959.93928,2022
100376,"CalPeak Power - Panoche, LLC",4251.772492,2022
100377,"CalPeak Power - Vaca Dixon, LLC",7788.3707796,2022
101496,"Calpine - CCFC Sutter Energy, LLC",1054970.31109954,2022
104332,Calpine - CPN Pipeline,90992.3393916,2022
101525,"Calpine - Creed Energy Center, LLC",6237.97677864,2022
101526,"Calpine - Delta Energy Center, LLC",1538379.0887211,2022
101527,"Calpine - Geysers Power Company, LLC - Geothermal",194795.274918337,2022
100178,"Calpine - Gilroy Cogen, L.P., Gilroy Cogen_Peaker",57699.6319224,2022
100337,"Calpine - Gilroy Energy Center, LLC, Feather River",40369.97729016,2022
101528,"Calpine - Gilroy Energy Center, LLC, Riverview Peaker",9930.029706,2022
100383,"Calpine - Goose Haven Energy Center, Peaker",7634.90551464,2022
101300,"Calpine - King City Cogen, LLC, King City Cogen_Peaker",34188.9020046,2022
101143,"Calpine - Los Esteros Critical Energy Facility, LLC",86043.9635414748,2022
100338,"Calpine - Los Medanos Energy Center, LLC",1391778.36908446,2022
100343,"Calpine - Metcalf Energy Center, LLC",910380.34671408,2022
101426,Calpine - O.L.S. Energy - Agnews Inc. 95134,12872.11978692,2022
101746,Calpine - Otay Mesa Energy Center,987818.36406948,2022
100345,Calpine - Pastoria Energy Facility L.L.C.,1231503.60658525,2022
104456,Calpine - Russell City Energy Center,407646.3619548,2022
101211,"Calpine - Yuba City Energy Center (Gilroy Energy Center, LLC)",39835.75289076,2022
3010,Calpine Corporation - EPE,96041.6863095767,2022
3018,"Calpine Energy Solutions, LLC - EPE",492.336,2022
104913,CalPlant 1 LLC,19589.544056124,2022
101029,"CalPortland Company, Mojave Plant",955234.347203144,2022
100013,"CalPortland Company, Oro Grande Plant",1493185.62836302,2022
101381,CalPortland Redding Cement Plant,454788.472818001,2022
100936,"Campbell Soup Supply Company, L.L.C. - Dixon",31491.9137978944,2022
104199,"Campbell Soup Supply Company, L.L.C. - Stockton",23098.8429324,2022
104008,Canyon Power Project (CPP),81254.126717792,2022
104748,Carlsbad Energy Center Project,187524.12750408,2022
101734,Carlton Forge Works,28013.5564361804,2022
100129,Carson Hybrid Energy Storage LLC,12813.8998556,2022
104458,Cat Canyon Resources 750 Santa Maria Basin,72838.9150699812,2022
104660,Cedars-Sinai Medical Center,17552.58471468,2022
101476,Cemex Construction Materials Pacific LLC - Victorville Plant,2058564.01041026,2022
104755,Centennial Energy LLC,20550.2160309712,2022
104726,Central Coast Community Energy - RSO,0.0,2022
101015,Central Contra Costa Sanitary District,70752.8783527586,2022
104743,Central Valley Meat,12145.9556808,2022
3029,Cerritos Electric Utility - EPE,0.0,2022
100917,CertainTeed Corporation,49335.0230298736,2022
104628,Chapel Street Environmental II - EPE,0.0,2022
104802,Chase Inc.,40558.646483,2022
104707,"Chemtrade West US, LLC",11048.2319262758,2022
104011,Chevron AAPG 740 Coastal Basin,130118.472,2022
104012,Chevron AAPG 745 San Joaquin Basin,1599134.7,2022
100138,"Chevron Products Company - El Segundo Refinery, 90245",3264668.32556719,2022
104223,Chevron Products Company - Headquarters Fuel Supplier,32912162.9295658,2022
101384,"Chevron Products Company - Richmond Refinery, 94802",4006637.52370206,2022
104195,Chevron SJVBU Natural Gas Sales,139.239441888,2022
104393,Children's Hospital Los Angeles,12681.92624112,2022
101252,Chula Vista Energy Center,1927.7699972,2022
2428,Citigroup Energy Inc. - EPE,401.6352,2022
101667,City of Colton - Generation,7803.8035868,2022
104642,City of Hope National Medical Center,13022.963676,2022
5011,City of Palo Alto - Gas Utility,143791.840404,2022
104547,"City of San Diego, Public Utilities Dept, North City Water Reclamation Plant",3815.21697824499,2022
101564,"City of San Diego, Public Utilities Dept, Point Loma Treatment Plant",15071.9218208365,2022
104330,"City of San Diego, Public Utilities Dept, Pump Station 2",7470.97868736,2022
5036,City of Susanville Gas Utility,13011.552594,2022
100328,"Civic Center Cogen, LA County",26149.35952224,2022
104536,Clean Energy,156861.407683035,2022
104907,Clean Energy Alliance (CEA) - RSO,0.0,2022
104749,Clean Power Alliance (CPA) - EPE,48196.224,2022
104705,CleanPowerSF - RSO,0.0,2022
104890,Clear Power - EPE,1304.00472,2022
104485,CMO Inc,285.89235192,2022
101250,Collins Pine Co.,136975.057058,2022
3031,"Colton, City of - EPE",1.74624,2022
104570,Comision Federal de Electricidad (CFE) - EPE,0.0,2022
104646,Commercial Energy of California - RSO,0.0,2022
101503,ConAgra - Oakdale,85016.77503912,2022
104902,ConocoPhillips Company - EPE,16796.7339350184,2022
104828,"Consolidated Edison Energy, Inc. (ConEd) - EPE",0.0,2022
2078,"Constellation Energy Generation, LLC - EPE",18760.731684,2022
3012,"Constellation NewEnergy, Inc. - EPE",27502.84344,2022
3032,"Corona, City Utilities Department - EPE",0.0,2022
101733,Corteva agriscience - Pittsburg Operations,29300.5178492297,2022
100690,Coso Energy Developers (BLM E&W) - Geothermal,90643.375,2022
101670,Coso Finance Partners (Navy I) - Geothermal,63610.275,2022
101669,Coso Power Developers (Navy II) - Geothermal,110560.0,2022
101264,"Covanta - Stanislaus, Inc",246391.709216666,2022
3102,CP Energy Marketing (US) Inc. (Capital Power) - EPE,25483.1780999635,2022
101519,CP Kelco San Diego,116001.171377734,2022
104851,Crimson - Coalinga Station,878.653314,2022
104901,Crimson Renewable Energy - Bakersfield Plant,20826.3392208,2022
104488,Crimson Resource Management Corp,334007.731776735,2022
101263,"Crockett Cogeneration Project, LP",720272.8563948,2022
104541,"Crystal Creamery, Inc.",17504.334414,2022
104349,"Custom Alloy Sales, Inc.",11073.97210032,2022
104674,CWP Energy - EPE,585.86352,2022
104338,Darling Ingredients Inc - Fresno,12874.71514464,2022
104337,Darling Ingredients Inc - Los Angeles,23996.99062044,2022
104339,Darling Ingredients Inc - Turlock,16742.32358796,2022
101260,Dart Container Corporation of California,13990.45359024,2022
104934,DBW Power Inc.,11771.6721912,2022
101214,Del Monte - Hanford,28653.18444216,2022
104138,Del Monte - Modesto,14279.41403136,2022
104489,"Delano Energy Center, LLC",8500.7020412,2022
104655,Delano Growers Grape Products,15144.2101712544,2022
101709,DeMenno/Kerdoon,24936.1598214,2022
104856,Desert Community Energy (DCCE) - RSO,0.0,2022
100026,DG Fairhaven Power LLC,0.0,2022
104433,"Diamond Pet Food Processors of California, LLC - Lathrop",11807.43399144,2022
104690,"Diamond Pet Food Processors of California, LLC - Ripon",15765.86934,2022
101243,Dicalite Minerals Corp.,27503.836381303,2022
2264,"Direct Energy Business, LLC (fka Strategic Energy) - EPE",6187.80144,2022
101218,Disneyland Resort,19501.1078081403,2022
100157,Double C Limited,22810.9121424,2022
104663,DSH-Napa State Hospital,14454.7094808,2022
104742,"DTE Energy Trading, Inc. - EPE",101267.51352,2022
104455,"DTE Stockton, LLC",544312.938335096,2022
104897,"Dynasty Power, Inc. - EPE",97768.33467,2022
100958,E & J Gallo Winery - Fresno,27526.6454251794,2022
104640,E & J Gallo Winery - Livingston,23009.0773237997,2022
104215,E&B Natural Resources - San Joaquin Valley,595001.691711508,2022
101355,E.F. Oxnard LLC,2102.1944123553,2022
104758,East Bay Community Energy - EPE,0.0,2022
101511,East Bay Municipal Utility District,37291.8876759724,2022
3033,Eastside Power Authority - RSO,0.0,2022
100259,Eco Services - Dominguez,35640.52962948,2022
100258,Eco Services - Martinez,16718.2873362264,2022
104546,"Ed Staub & Sons Petroleum, Inc.",26024.2313472496,2022
104067,"EDF Trading North America, LLC - EPE",27284.9557376373,2022
104896,EDPO LLC dba Dassel's Petroleum,14488.108803512,2022
104204,Edwards Air Force Base,21457.006671761,2022
104374,Eisenhower Medical Center,19675.405813824,2022
104079,"El Cajon Energy, LLC",7947.0199576,2022
104921,El Centro Nacional de Control de Energia (CENACE) - EPE,6824.74248,2022
100164,"El Segundo Energy Center, LLC",128824.31159064,2022
104735,Elbow River Marketing Ltd.,23777.018571944,2022
100167,Encina Water Pollution Control Facility,15331.9859120568,2022
104829,"Enel Trading North America, LLC - EPE",0.0,2022
101738,"Energy 2001, Placer WRSL",20157.2480372209,2022
101607,Energy Center San Francisco LLC,55147.02064632,2022
104924,Energy for Palmdale's Independent Choice (EPIC) - RSO,0.0,2022
104898,"Energy Keepers, Inc. - EPE",1569.80448,2022
104823,Equinix Caspian - Bloom Energy Servers,13115.9507256,2022
104824,Equinix Duane - Bloom Energy Servers,10489.968846,2022
104787,Equinix Great Oaks - Bloom Energy Servers,39343.19751684,2022
104788,Equinix Lundy - Bloom Energy Servers,11291.2391016,2022
104200,"Escalon Premier Brands, a Division of Kraft Heinz Company",21071.3855724,2022
104078,"Escondido Energy Center, LLC",6841.5873796,2022
104845,ETC Endure Energy - EPE,0.0,2022
104460,ExxonMobil LFC Facility,0.13981863,2022
104846,Factor Gas Liquids Inc,24254.1889625398,2022
104519,"Ferrellgas, LP",23176.0207435696,2022
104041,Flint Hills Resources LP,699490.247088,2022
104102,Flyers Energy,1903784.669869,2022
104548,Foster Farms Porterville Plant ,9621.99948924,2022
101575,"Foster Poultry Farms - Livingston Complex, 95334",50238.0050292363,2022
104868,Freedom Fuels & Commodities,23583.3688747695,2022
101544,"Fresno Cogeneration Partners, LP",7996.6874398,2022
101235,Frito Lay - Kern Plant,34219.1134426134,2022
104207,Frito Lay - Modesto,26072.40106224,2022
104734,Frito Lay - Rancho Cucamonga,9318.821901444,2022
101683,"G2 Energy Ostrom Road, LLC",15403.2349439285,2022
103018,Gallo Glass Company,157789.83399076,2022
104763,Garberville Gas Corporation,47830.6760772704,2022
104858,Genentech - Bloom Energy Servers,10719.0927576,2022
104559,Genentech - Vacaville,12271.73764932,2022
101451,Genentech Inc South San Francisco,29526.188,2022
104474,GenPower Lincoln Landfill Power Plant,21229.0457697643,2022
101700,Georgia-Pacific Gypsum LLC - Antioch,37521.8402202,2022
104507,"Gexa Energy California, LLC - RSO",0.0,2022
104364,"GH Camarillo, LLC",30266.32399092,2022
3034,Glendale Water & Power - EPE,165829.444331622,2022
100180,"Goal Line LP, 92025",5180.74268508,2022
101697,"Gold Bond Building Products, LLC - Long Beach",35189.824796856,2022
104415,"Gold Bond Building Products, LLC - Richmond",26463.0687426,2022
104730,Goodrich Corporation,9831.85028333583,2022
101231,"Grade 6 Oil, LLC",84113.5948479195,2022
100181,Grayson Power Plant,72246.4299377821,2022
3035,Gridley Electric Utility - RSO,0.0,2022
101721,"Guardian Industries, LLC",120931.772298621,2022
104473,Guzman Energy - EPE,56902.97664,2022
104716,Guzman Renewables Energy Partners - EPE,99.97224,2022
101542,Hanford Energy Park Peaker,10361.0674376,2022
104887,"Hanford Grain Company, LLC",10624.3050163321,2022
100186,"Harbor Cogeneration Company, LLC",13932.96827436,2022
104672,Harris Ranch Beef Company,12420.38954916,2022
3036,Healdsburg Electric Department - RSO,0.0,2022
101364,Henrietta Peaker Plant,26431.4375328,2022
104910,Heritage Distributing Company DBA Ninth Avenue Foods,12026.04378516,2022
101478,"High Desert Power Project, LLC",1640398.33996368,2022
104009,High Sierra Cogeneration,17367.40143,2022
100189,High Sierra Limited,23605.4418984,2022
101288,Hilmar Cheese Company,77000.0707665711,2022
100029,HL Power Company LP,237063.26916405,2022
104368,Hoag Memorial Hospital Presbyterian,22726.7900277696,2022
104426,Holmes Western Oil Corporation,28712.575819648,2022
104580,Hood Dairy,21679.19362,2022
104747,HTP Energy,24617.2826230848,2022
104346,Hudson Ranch Power I - Geothermal,23285.0,2022
100040,Humboldt Sawmill Company,312559.043354981,2022
104377,Huntington Memorial Hospital,15390.2119631688,2022
104713,Hyperion Water Reclamation Plant,97057.9323732223,2022
104834,IBE Project - Bloom Energy Servers,16296.1396668,2022
104708,Idaho Power - EPE,13592.5153744586,2022
104229,Idemitsu Apollo Corporation,1537493.549308,2022
104857,Illumina - Bloom Energy Servers,9781.1018172,2022
101318,"Imerys Filtration Minerals, Inc.",33731.1998717761,2022
3038,Imperial Irrigation District (IID) - EPE,780258.070673933,2022
100162,"Imperial Irrigation District (IID), El Centro Generating Station",487958.14963068,2022
101307,"Imperial Irrigation District (IID), Niland Gas Turbine Plant",53650.457024144,2022
3030,"Industry, City of - RSO",0.0,2022
101008,Ingomar Packing Company,81887.0443105857,2022
101297,"Irwindale Brew Yard, LLC",3129.54496704,2022
104465,Ivanpah Solar Electric Generating System,45920.4231111922,2022
104335,J. Aron & Company LLC - EPE,0.0,2022
101705,J. G. Boswell Company - Kern Tomato,40324.5611838,2022
104224,J.G. Boswell Company West Processing Townsite,9088.0245414,2022
101504,J.G.Boswell Company - Kings Tomato,33789.78481608,2022
104320,Jaco Oil Company,1804478.894202,2022
104216,John Wayne Airport Orange County,7243.27297602717,2022
104122,Johns Manville,15529.47200348,2022
104538,JP Oil,16855.9642348346,2022
104004,JR Simplot Company,7453.3351351038,2022
104562,JS West and Companies,0.0,2022
3011,Just Energy Solutions Inc. - RSO,0.0,2022
104421,"K2 Pure Solutions, Inc",11171.38028076,2022
104376,"Kaiser Aluminum Fabricated Products, LLC",14582.1420756,2022
104909,Kaiser LA Medical Center - Bloom Energy Servers,13574.410848,2022
104832,Kaiser Permanente - Bloom Energy Servers,14560.1160336,2022
104355,Kaweah Delta Medical Center,16912.019646,2022
104498,Kern Energy (fuel supplier),2635583.33589448,2022
101507,Kern Energy (refinery),144985.325451584,2022
100202,Kern Front Limited,12742.6225824,2022
5044,Kern Front Natural Gas Pipeline (WCAC),113998.4606484,2022
101514,Kern River Cogeneration Facility,291761.615840126,2022
5017,Kern River Gas Transmission Company,0.0,2022
100199,KES Kingsburg L.P.--Kingsburg Cogeneration Facility,7432.49414988,2022
104808,Keyera Energy Inc.,20868.3996804976,2022
104831,Keysight Technologies Inc - Bloom Energy Servers,12551.394078,2022
101100,"Kiefer Landfill, Department of Waste Management and Recycling",118059.602926385,2022
104925,Kinder Morgan Transmix Company LLC,32935.958818,2022
104047,"Kinergy Marketing, LLC",1066.71127647627,2022
104774,King City Community Power - RSO,0.0,2022
104425,Kirby Hills Compressor Station,7172.9099015556,2022
3001,Kirkwood Meadows PUD Powerhouse - RSO,0.0,2022
104849,Kiros Energy Marketing ULC,113216.922405966,2022
104800,Kiva Energy Inc.,152211.799827139,2022
101447,Knauf Insulation,22256.078625332,2022
100205,Kyocera International Inc.,6483.54064669236,2022
100339,La Paloma Generating Plant - GHG,685303.7017554,2022
104211,La Rosita Power - EPE,271853.390755073,2022
101327,LACSD - Calabasas Landfill,27452.8649097083,2022
101487,LACSD - Joint Water Pollution Control Plant,101871.895857006,2022
100071,LACSD - Puente Hills Landfill,101137.507650777,2022
104354,"Lactalis Heritage Dairy, Inc. ",20773.1051964,2022
104641,"Lancaster, City of - RSO",0.0,2022
101465,"Land O' Lakes, Inc.",61192.436212332,2022
3039,Lassen Municipal Utility District - RSO,0.0,2022
104656,Lathrop Irrigation District - RSO,0.0,2022
101708,Lawrence Livermore National Laboratory (LLNL),23146.8459665034,2022
104106,Leprino Foods - Lemoore East,22737.44069676,2022
101716,Leprino Foods - Lemoore West,50897.4922220574,2022
104105,Leprino Foods - Tracy,18392.94456048,2022
104052,Lhoist North America - Natividad Plant,53080.6604889704,2022
101499,Liberty Packing - Los Banos (Morning Star),115373.767772376,2022
104099,Liberty Utilities (CalPeco Electric) LLC - EPE,37067.6559867336,2022
101053,Linde Inc.,73350.9657564495,2022
101044,Live Oak Limited,37396.238706,2022
101574,Lockheed Martin Aeronautics Company - Palmdale,17733.4951595112,2022
101623,Lockheed Martin Corporation - Sunnyvale,18705.5974723849,2022
104424,Lodi Compressor Station,12157.5018941543,2022
3040,Lodi Electric Utility - RSO,0.0,2022
104172,Lodi Energy Center,333502.855009468,2022
100207,Loma Linda University,59370.723509681,2022
3041,"Lompoc, City of - RSO",0.0,2022
5003,Long Beach Gas & Oil Dept (LBGO),469464.4681268,2022
100208,Long Beach Generating Station,14604.7000308,2022
3042,Los Angeles Department of Water & Power (LADWP) - EPE,4078628.59531896,2022
100185,Los Angeles Department of Water & Power-Harbor Generating Station (LADWP),65938.4336275972,2022
100187,Los Angeles Department of Water & Power-Haynes Generating Station (LADWP),1066584.10887341,2022
101004,Los Angeles Department of Water & Power-Scattergood Generating Station (LADWP),760624.98982476,2022
101325,Los Angeles Department of Water & Power-Valley Generating Station (LADWP),789367.264794653,2022
104569,Los Angeles General Medical Center,29205.2844342,2022
101323,Los Angeles International Airport (LAX),28941.68844,2022
101246,Los Angeles Refinery (LAR),6250411.12902799,2022
100972,Los Gatos Tomato Products,61919.63050032,2022
101162,"Lunday-Thagard Company, DBA World Oil Refining",36682.5152950209,2022
101291,Luz Solar Partners LTD VIII & IX,182.2304151072,2022
101234,Macpherson Oil Company,145627.43160892,2022
2112,Macquarie Energy LLC - EPE,43962.46512,2022
104573,"MAG Energy Solutions, Inc. - EPE",83034.47074128,2022
101192,MAGTFTC MCAGCC Twentynine Palms,47252.1797595108,2022
101687,"Malaga Power, LLC",9513.6606372,2022
100314,Malburg Generating Station,214089.9697896,2022
104676,"Mansfield Oil Company of Gainesville, Inc",22173.303276,2022
5012,Marathon Petroleum Company LP - Fuel Supplier,29821802.5843156,2022
104463,Marin Clean Energy - EPE,3550.30176,2022
104169,Mariposa Energy LLC,52037.43628036,2022
104217,Marsh Landing Generating Station ,83348.4979356043,2022
100914,Martinez Refining Company LLC,4123228.86135958,2022
101331,Martinez Renewable Fuel Facility,248929.189302292,2022
104932,"Maruchan, Inc. - Irvine",10425.7412259768,2022
104384,"Maruchan, Inc. - Laguna Canyon",22485.2320495094,2022
104633,Matchmaster Dyeing & Finishing,22917.57126048,2022
104805,MATRIX OIL CORP,13217.6067257,2022
104613,"Matsui Nursery, Inc.",10849.4444664,2022
100296,McKittrick Limited,5562.504414,2022
3044,Merced Irrigation District - RSO,0.0,2022
101665,"Merced Power, LLC, 95340",81265.4597709591,2022
104878,Mercuria Energy America - EPE,20641.42992,2022
2046,Metropolitan Water District of Southern California (MWD) - EPE,4081.836,2022
101703,"Midstream Energy Partners, USA, LLC",849780.621915824,2022
101744,"Midway Peaking, LLC",14148.3657104,2022
100215,Midway-Sunset Cogeneration,35740.515122208,2022
104737,Milk Specialties Global,21378.73112424,2022
104397,Mira Loma Metal Container Corp,10736.7135912,2022
100036,Miramar - MM and Miramar Energy,42234.7079113775,2022
104629,Mission Bell Winery ,1290.39833489896,2022
104658,Mission Foods Corporation,11682.64982916,2022
101010,Mitsubishi Cement 2000,1177340.65973205,2022
100088,MM Lopez Energy LLC,14256.8501936778,2022
101711,MM Prima Deshecha Energy LLC,20149.304135909,2022
101484,MM West Covina LLC,34968.7909719037,2022
101209,MM Yolo Power LLC,12.4506041381795,2022
3045,Modesto Irrigation District (MID) - EPE,714129.592224,2022
101028,"Modesto Irrigation District (MID) - Woodland Generation Station, 95351",162372.383338424,2022
101359,"Modesto Irrigation District - Ripon Generation Station, 95366",14052.9698104,2022
5019,Mojave Pipeline Operating Company (MPOC),0.0,2022
101329,Monterey Regional Waste Management District,17305.3203750358,2022
3046,Moreno Valley Utility - RSO,0.0,2022
2369,Morgan Stanley Capital Group Inc. - EPE,595924.621964211,2022
101498,Morning Star Packing Company - Los Banos,52057.01640528,2022
101536,Morning Star Packing Company - Williams,114926.584452732,2022
100221,Moss Landing Power Plant,1900195.11911602,2022
104322,MP Mine Operations LLC,45039.8181619548,2022
101228,Mt. Poso Cogeneration Company,167373.27004597,2022
104438,Musket Corporation,1053096.90918647,2022
104097,Naftex Operating Company,27320.6505407119,2022
104405,NASA Ames Research Center,11241.80523288,2022
101314,National Cement Company - Lebec,963469.048568275,2022
104408,Naval Air Station Lemoore,11399.1485190323,2022
104214,Naval Air Weapons Station China Lake,10080.7043602188,2022
104035,Naval Medical Center - San Diego,17258.8163572501,2022
104551,"NCP West, LLC",98878.738741,2022
104732,NCPA - CT1 Alameda,13148.09813196,2022
3047,"Needles, City of - EPE",22869.1956,2022
104717,"Neste US, Inc.",3121523.087832,2022
2388,Nevada Power Company (dba NV Energy) - EPE,140028.23762386,2022
100195,"New-Indy Ontario, LLC Linerboard Mill",210751.4592198,2022
101356,New-Indy Oxnard LLC,117490.276883313,2022
104136,Newark Pacific Paperboard,22088.802951,2022
104381,"Newbridge Acquisition Holdings, LLC Careaga Lease",5926.15702110828,2022
104611,"Newport Fab, LLC (DBA TowerJazz Semiconductor)",12036.6746676,2022
104225,"Nextera Energy Marketing, LLC - EPE",61926.036,2022
104866,NGL Supply Co. Ltd.,35268.7758187408,2022
104928,"NGL Supply Wholesale, LLC",20558.2805935168,2022
104895,Nissin Foods USA,12776.38877016,2022
104420,"Nong Shim America, Inc.",16930.18715004,2022
104457,"Nor-Cal Beverage Company, Inc. - Anaheim",13517.396836344,2022
104323,North Baja Pipeline,0.0,2022
2215,Northern California Power Agency (NCPA) - EPE,908.0448,2022
101529,Northern California Power Agency - Geothermal Plant No. 1,26184.0,2022
101530,Northern California Power Agency - Geothermal Plant No. 2,24568.0,2022
101358,Northrop Grumman - Palmdale,15303.3428387232,2022
104227,Northrop Grumman Marine Systems - Sunnyvale,29061.52072344,2022
104369,Northrop Grumman Systems Corp. - El Segundo,8718.41080623312,2022
104324,Northrop Grumman Systems Corp. - Redondo Beach,11163.76935444,2022
101351,Oakland Power Plant,34147.3168921936,2022
3051,"Oakland, Port of - RSO",0.0,2022
101213,Olam West Coast Inc- Lemoore,534.16070964,2022
104069,"Olam West Coast, Inc. - Firebaugh",30219.84108108,2022
101284,"Olam West Coast, Inc. - Gilroy",61169.1846732,2022
104378,"Olive View Medical Center, Los Angeles County Department of Health Services",14019.69780504,2022
100236,OLS Energy Chino,11959.88604696,2022
101745,Orange County Central Utility Facility,30940.81977924,2022
104933,Orange County Power Authority (OCPA) - RSO,0.0,2022
100255,Orange County Sanitation District - Plant 1,25496.362251393,2022
101280,Orange County Sanitation District - Plant 2,29185.5497426734,2022
104053,Orange Grove Energy Center,11344.8191792,2022
104675,Orange Plant - R.J. Noble,6662.8246302,2022
104495,"Ormat Nevada, Inc. / ORNI 18 North Brawley - Geothermal",23078.9371260884,2022
101357,"Ormond Beach Power, LLC",195272.727803995,2022
104912,OWB Packers,16040.3147778788,2022
101154,"Owens Corning Insulating Systems, LLC Santa Clara",14758.52633128,2022
101475,Owens-Brockway Glass Container Inc. Vernon,63170.6052104,2022
101183,"Owens-Brockway Glass Container, Tracy",89014.72521852,2022
104419,"PABCO Clay Products, LLC, dba Gladding McBean",14477.496152832,2022
104733,PABCO Gypsum Newark,40544.20596592,2022
104383,PABCO Paper,16531.2144311256,2022
104616,Pacific Clay Products,12999.7535299045,2022
101674,Pacific Coast Energy Company LP,29607.4459748761,2022
101207,Pacific Coast Producers,28914.089544,2022
3002,Pacific Gas & Electric Company (PG&E) - EPE,1058154.64632,2022
104025,"Pacific Gas and Electric Company (PG&E) - Gas Distribution System Fugitive Emissions (San Francisco, CA)",590911.360213698,2022
104024,Pacific Gas and Electric Company (PG&E) - Supplier of Natural Gas ,40925496.3692231,2022
101298,Pacific Ultrapower Chinese,224394.4732592,2022
3003,PacifiCorp - MJRP,636401.106802654,2022
104738,Palo Alto V.A. Health Care System Division,10709.433144,2022
3048,"Palo Alto, City of - RSO",0.0,2022
101740,"Panoche Energy Center, LLC",364113.600477631,2022
3049,Pasadena Water & Power - EPE,221239.862756245,2022
100179,"Pasadena Water and Power, Glenarm",29050.1028923589,2022
104904,Pattern Energy Management Services LLC - EPE,0.0,2022
104476,PBF Energy Western Region LLC,10237699.4838374,2022
104801,Peet's Coffee,11087.2726452,2022
104698,Peninsula Clean Energy - RSO,0.0,2022
104089,Petro-Diamond,2488948.414528,2022
104936,"Petrogas, Inc.",13551.00664,2022
104022,PG&E Burney Compressor Station,60661.1355282039,2022
101758,PG&E Colusa Generating Station,1008942.47703206,2022
101562,PG&E Delevan Compressor Station,17581.2805279933,2022
101741,PG&E Gateway Generating Station,969055.668783143,2022
101747,PG&E Gerber Compressor Station,47182.4277647526,2022
101290,PG&E Hinkley Compressor Station,55062.5679120549,2022
100192,PG&E Humboldt Bay Generating Station,211453.436540958,2022
101563,PG&E Kettleman Compressor Station,18521.8898846927,2022
104021,PG&E McDonald Island Underground Storage Station,17445.9575865717,2022
104023,PG&E Tionesta Compressor Station,15263.1091570119,2022
101031,PG&E Topock Compressor Station,36448.4601291928,2022
104010,Phillips 66 Company - Fuel Supplier,16622192.3773378,2022
100913,Phillips 66 Company - Los Angeles Refinery - Carson Plant,967475.830921507,2022
100329,Phillips 66 Company - Los Angeles Refinery - Wilmington Plant,1660128.56433861,2022
100351,Phillips 66 Company - San Francisco Carbon Plant,198069.448017835,2022
100303,Phillips 66 Company - San Francisco Refinery,1186371.20944777,2022
101226,Phillips 66 Company - Santa Maria Refinery,145589.172100642,2022
104728,Pico Rivera Innovative Municipal Energy - RSO,0.0,2022
3016,"Pilot Power Group, LLC - RSO",0.0,2022
104494,"Pilot Travel Centers, LLC",1997733.37057312,2022
104667,Pio Pico Energy Center,43861.138426,2022
104773,Pioneer Community Energy - RSO,0.0,2022
100151,Pitchess Cogeneration Station,9307.08547092,2022
5024,Pittsburg Power Company - DBA Island Energy - RSO ,0.0,2022
101685,Pixley Cogeneration Partners / Calgren Renewable Fuels,115824.246323318,2022
100888,Plains LPG Services/ Lone Star Frac & Isom Facility,319.120414605825,2022
104557,"Plains Marketing, L.P.",0.0,2022
104731,Plains Midstream Canada ULC,26205.1850402192,2022
3100,Plumas-Sierra REC - EPE,3210.46224,2022
104881,Pom Wonderful LLC,9250.94294748,2022
104870,Pomona Choice Energy - RSO,0.0,2022
2127,Portland General Electric Company (PGE) - EPE,280639.622029632,2022
104681,"Potrero Hills Energy Producers, LLC",25645.8586929686,2022
3053,Power and Water Resources Pooling Authority (PWRPA) - RSO,0.0,2022
2243,Powerex Corp. - EPE,105638.986031167,2022
104777,"Praxair Plainfield, Inc. - RSO",0.0,2022
104394,Press Forge Co,14824.46038248,2022
104423,Procter & Gamble Manufacturing Co. - Sacramento Plant,20093.5904543693,2022
100182,"ProEnergy - Greenleaf Energy Unit 2, LLC",34946.67215412,2022
104096,ProPetroleum Inc.,1059528.48897174,2022
104625,Public Service Company of Colorado (PSCo) - EPE,373048.37808,2022
104744,Public Service Company of New Mexico (PNM) - EPE,22751.1978195886,2022
104462,Puget Sound Energy - EPE,24710.5618142107,2022
101400,"Qualcomm, Inc. - Morehouse Facility",22150.93231188,2022
101523,"Qualcomm, Inc. - Pacific Center Facility",38877.059588392,2022
104197,"Quemetco, Inc.",59805.91381084,2022
104922,"Quintessence, LLC - EPE",603.32592,2022
104391,Rady Children's Hospital San Diego,22482.52243236,2022
104203,Rainbow Energy Marketing Corporation (REMC) - EPE,113316.551058,2022
3054,Rancho Cucamonga Municipal Utility - EPE,0.0,2022
104767,Rancho Mirage Energy Authority - RSO,0.0,2022
3055,Redding Electric Utility - EPE,86084.704278,2022
100256,Redding Electric Utility - Redding Power Generation,194037.584233407,2022
104712,Redwood Coast Energy Authority (RCEA) - EPE,0.0,2022
104560,"REG Marketing & Logistics Group, LLC",1273451.820288,2022
104709,"Revol Greens CA, LLC",12794.6889612,2022
104669,Reynolds Consumer Products - Red Bluff,10896.80311044,2022
104198,Richard J Donovan Correctional Facility,5736.79674972,2022
100265,Rio Bravo Fresno,218494.4411308,2022
100055,Rio Bravo Rocklin,326185.8683152,2022
104691,Rio Tinto - Wilmington,10974.30824088,2022
104056,River City Petroleum,1124993.142921,2022
100387,Riverside Public Utilities - Clearwater Facility,8019.27321624,2022
100392,Riverside Public Utilities - Riverside Energy Resource Center,46176.8921956,2022
3056,"Riverside, City of Public Utilities - EPE",387261.091513999,2022
104037,Robinson Oil Supply & Transport,271676.117446,2022
101702,Roseburg Forest Products,88404.5651412976,2022
3057,Roseville Electric - EPE,34511.428374,2022
101270,"Roseville Electric, Roseville Energy Park",271695.7669832,2022
104861,"Sacramento Energy Resources, LLC",26245.5078529472,2022
100125,"Sacramento Municipal Utility District (SMUD) , Campbell Power Plant",414446.059507562,2022
100130,"Sacramento Municipal Utility District (SMUD) , Carson Power Plant",110767.1620543,2022
100365,"Sacramento Municipal Utility District (SMUD) , Cosumnes Power Plant",382763.81796708,2022
100252,"Sacramento Municipal Utility District (SMUD) , Procter & Gamble Power Plant",341208.595846559,2022
3058,Sacramento Municipal Utility District (SMUD) - EPE,180823.103071094,2022
104352,Sacramento Municipal Utility District (SMUD) - Gas Pipeline,1240463.71484696,2022
104632,Sacramento Rendering Company,13004.387496,2022
101035,Safety-Kleen of California Inc.,2103.25348188,2022
104357,Saint Agnes Medical Center,22580.3286738,2022
104436,Saint Bernardine Medical Center,5351.48471792549,2022
101518,Salinas River Cogeneration Facility,202433.2458348,2022
104461,Salt River Project - EPE,290553.584896841,2022
104398,San Benito Foods,10705.9714516271,2022
104906,San Diego Community Power (SDCP) - RSO,0.0,2022
3004,San Diego Gas & Electric (SDG&E) - EPE,699954.791152381,2022
104085,San Diego Gas and Electric (SDG&E) - Local Distribution,5575406.68982678,2022
104115,San Diego Gas and Electric (SDG&E) - Natural Gas Distribution Sub W,117805.251583,2022
104380,San Francisco General Hospital,11886.9595892888,2022
3028,San Francisco Hetch Hetchy Water and Power (CCSF) - RSO,0.0,2022
104367,San Francisco International Airport (SFO),18529.67586024,2022
104556,San Francisco Southeast Treatment Plant,6325.03428,2022
104768,San Jacinto Power - RSO,0.0,2022
104930,San Joaquin Facilities Management,16378.9109872084,2022
101239,San Joaquin Refining Company,92439.6492160785,2022
104497,San Joaquin Refining Company - Fuel Supplier,251848.641708,2022
104793,San Jose Clean Energy - EPE,0.0,2022
101140,San Jose/Santa Clara Regional Wastewater Facility,35917.8697941267,2022
104905,Santa Barbara Clean Energy (SBCE) - RSO,0.0,2022
104670,Santa Barbara Cottage Hospital,12033.5894029386,2022
104626,Santa Clara Valley Medical Center,15739.13556324,2022
3061,"Santa Clara, City of (SVP) - EPE",108900.32856,2022
101186,Saputo Cheese USA Inc. - Paige,64228.3896078,2022
104396,Saputo Cheese USA Inc.- Levin,11866.43193912,2022
104358,Schlosser Forge Company,19951.79389632,2022
101663,SDG&E - Cuyamaca Peak Energy Plant,7641.7819936,2022
101401,SDG&E - Miramar Energy Facility,18473.2579304,2022
104221,SDG&E - Moreno Compressor Station,16285.8446623424,2022
100362,SDG&E - Palomar Energy Center,905954.92562944,2022
104862,"Seaboard Energy Marketing, Inc.",438174.356532,2022
100011,Searles Valley Minerals Inc.,1528323.3306135,2022
104885,Seattle City Light - EPE,2997.20425161033,2022
104503,"SEI Fuel Services, Inc.",3390475.674878,2022
2060,"Sempra Gas & Power Marketing, LLC - EPE",1125170.17306622,2022
101315,Sensient Natural Ingredients LLC,45824.1454224,2022
104219,"Sentinel Energy Center, LLC",273985.0079824,2022
104888,Sentinel Peak Resources - Los Angeles Basin,18578.9239931239,2022
104081,Sentinel Peak Resources - SJV Basin Facility,1076823.66938304,2022
103016,Sentinel Peak Resources- AG Facility,100813.079348033,2022
104792,"Setton Pistachio of Terra Bella, Inc",9093.04011,2022
104202,SFPP L.P. - Colton Terminal,11594.778999141,2022
100895,Shadow Wolf Energy - Placerita,17006.6806581672,2022
104615,Sharp Grossmont Hospital,20484.1925226,2022
3059,"Shasta Lake, City of - RSO",0.0,2022
100282,Shasta Sustainable Resource Management,508478.811317978,2022
104340,Shell Catalysts & Technologies,15495.4001592,2022
104325,Shell Chemical LP - Martinez Catalyst Plant,14854.69178856,2022
3081,"Shell Energy North America (US), L.P. - EPE",154242.882147611,2022
104051,Shell Oil Products US - Supply - Fuel Supplier,8583824.874681,2022
104543,Shell Trading US Company - Fuel Supplier,493982.498625,2022
104511,Shiralian Enterprises,2082772.513728,2022
104329,Shultz Steel Company,18974.24626278,2022
104614,"Sierra Aluminum, a Division of Samuel, Son & Co. (USA) Inc.",17880.86827512,2022
100090,"Sierra Pacific Industries (SPI) - Anderson, 96007",127403.8907416,2022
100043,Sierra Pacific Industries (SPI) - Burney,230196.514716,2022
101680,Sierra Pacific Industries (SPI) - Lincoln,172096.494826,2022
101378,Sierra Pacific Industries (SPI) - Quincy Division,402530.093579315,2022
101681,Sierra Pacific Industries (SPI) - Shasta Lake,44752.6077881202,2022
101682,Sierra Pacific Industries (SPI) - Sonora,132194.227601552,2022
2438,Sierra Pacific Power Company (dba NV Energy) - EPE,149584.21323696,2022
104766,Sierra Resources Santa Barbara Basin,2577.6203341392,2022
104090,Signal Hill Petroleum Facilities,43577.4425623443,2022
104720,Silicon Valley Clean Energy Authority (SVCEA) - RSO,0.0,2022
101438,"Silicon Valley Power (SVP), City of Santa Clara , Cogen",23646.21926724,2022
101436,"Silicon Valley Power (SVP), City of Santa Clara , DVR",306134.33572992,2022
101691,Smithfield Packaged Meats Corp,21673.6748843189,2022
104798,"Soil Safe of California, Inc.",6099.356016,2022
101118,Solar Turbines Incorporated - Kearny Mesa,29317.5301065564,2022
104537,Sonoma Clean Power - RSO,0.0,2022
100096,Sonoma County Landfill Gas to Energy,12756.9561834443,2022
100063,Southeast Resource Recovery Facility (SERRF),342171.4333624,2022
101539,Southern California Edison (SCE) - Barre Peaker,12807.2046428,2022
101537,Southern California Edison (SCE) - Center Hybrid,5075.1530632,2022
3005,Southern California Edison (SCE) - EPE,448977.22704,2022
101538,Southern California Edison (SCE) - Grapeland Hybrid,7127.5373264,2022
104326,Southern California Edison (SCE) - McGrath Peaker,17870.8471296,2022
100394,Southern California Edison (SCE) - Mira Loma Peaker,15559.299662,2022
100344,Southern California Edison (SCE) - Mountainview,1495603.32520416,2022
101673,Southern California Edison (SCE) - Pebbly Beach,23754.2432477904,2022
101349,Southern California Gas Co - Aliso Canyon Facility,8963.67520477252,2022
101675,Southern California Gas Co - Blythe Facility,30741.5411408151,2022
104082,Southern California Gas Co - Distribution,1577548.916621,2022
100915,Southern California Gas Co - Honor Rancho Facility,20516.2473776842,2022
101348,Southern California Gas Co - Newberry Springs Facility,16057.8900465688,2022
104220,Southern California Gas Co - Wheeler Ridge Compressor Station,22757.75552989,2022
5002,Southern California Gas Company - End User Emissions,41512339.7878449,2022
104212,"Southern Counties Oil Co., A California Limited Partnership",886808.469829,2022
104893,Southwest Biogas - EPE,2474.39018515939,2022
104915,Southwest Gas - Natural Gas Distribution Emissions - Subpart W,29687.628,2022
5013,Southwest Gas Distribution Facilities,811179.4269096,2022
104886,Specialty Granules LLC,13894.3634400996,2022
101241,"Spreckels Sugar Company, Inc.- Brawley",83077.9320200918,2022
100263,SRI International Cogen Project,24055.4786415876,2022
104635,Stanford University,24820.8562743276,2022
101025,Stanislaus Food Products,57237.2973396,2022
104853,Stanton Energy Reliability Center,1319.3864532,2022
104409,State of California Central Utility Plant - General Services,11664.8326188,2022
104370,Steelscape Inc.,17024.3739873389,2022
3052,"Stockton, Port of - RSO",0.0,2022
104619,Suburban Propane,1717.2630608464,2022
104837,Sun Streams LLC - EPE,0.0,2022
104891,"Sun Valley Energy, Inc.",16856.971236,2022
104797,SunOpta Aseptic,12247.2232942534,2022
100948,Sunrise Power Company,1062055.03934,2022
104550,"Sunshine Gas Producers, LLC",86405.4948348653,2022
104892,Sunsweet Growers Inc,17677.7297856,2022
104794,Superior Gas Liquids USA,34057.947710314,2022
104579,Surprise Valley Electrification Corp. - RSO,0.0,2022
104884,Swisstex California,10819.8818028,2022
100886,Sycamore Cogeneration Facility,299786.139044383,2022
101684,Sycamore Energy LLC,28478.0400436075,2022
104804,"TACenergy, LLC",176537.05398,2022
104567,Tacoma Power - ACS,0.0,2022
105757,Tacoma Power - EPE,941.046288,2022
104859,Targa Liquids Marketing and Trade LLC,106637.932558893,2022
104920,Tauber Oil Company,21619.137139288,2022
104827,TEC Energy Inc. - EPE,368.45664,2022
101461,Tehachapi Cement Plant ,651039.055549723,2022
104194,Tenaska Power Services Co. - EPE,53496.2475581745,2022
2427,"Terra-Gen Dixie Valley, LLC - EPE",27612.7303936646,2022
104516,"Tesla, Inc.",45632.76830856,2022
104762,The Andersons Inc.,72898.7891206171,2022
2278,"The Energy Authority, Inc. (TEA) - EPE",163880.93568,2022
101582,The P&G Paper Products Co.,294270.06789809,2022
104518,The Regents of the University of California - RSO,0.0,2022
104327,The Soco Group Inc.,0.0,2022
104647,The Sun Valley Group,7959.0173958,2022
5047,"Tiger Natural Gas, Inc. - RSO",0.0,2022
104620,Timber Products Company Yreka Veneer,9947.674585264,2022
101502,Tomatek / Neil Jones Food Companies,26936.583409948,2022
100217,Torrance Refinery,1577555.22632679,2022
100358,Tracy Combined Cycle Plant,171173.164343904,2022
104855,Trafigura Trading LLC,3684518.84360185,2022
2312,"TransAlta Energy Marketing (US), Inc. - EPE",137372.811053846,2022
104230,TransCanada Energy Sales Ltd. - EPE,17120.13696,2022
104760,Transwestern - Topock,0.0,2022
101460,"TRC Cypress Group, LLC",26091.5332448878,2022
104005,"Tricor Refining, LLC",34054.1807154067,2022
104639,Trinity PUD - RSO,0.0,2022
104914,Tristar Dyeing and Finishing,10550.832903648,2022
3063,Truckee Donner PUD - EPE,67698.1866606667,2022
100952,"TST, Inc.",19222.35507504,2022
104854,Tucson Electric Power - EPE,76172.1645682387,2022
104931,Tulare Water Pollution Control Facility,10238.07053772,2022
3064,Turlock Irrigation District (TID) - EPE,174403.877064,2022
100111,"Turlock Irrigation District (TID), Almond Power Plant",164367.0019488,2022
100371,Turlock Irrigation District/ Walnut Energy Center,660064.136606,2022
104714,Tuscarora Gas Transmission - Shoetree Compressor Station,15655.0584936607,2022
5010,Tuscarora Gas Transmission Pipeline,0.0,2022
104515,"Twin Eagle Resource Management, LLC - EPE",0.0,2022
100300,"U.S. Borax, 93516",347249.3625468,2022
101271,U.S. Gypsum Co Plaster City Plant,70114.31062308,2022
104775,"U.S. Venture, Inc.",0.0,2022
104068,UC Davis Medical Center,59970.6771062592,2022
3065,"Ukiah, City of Electric Utilities Division - RSO",0.0,2022
101205,Ultramar Inc - Valero Wilmington,966692.786524757,2022
104062,Union Pacific Railroad Company,611590.711248,2022
104880,Uniper Global Commodities North America - EPE,8906.69712,2022
101124,"United Airlines, Inc. - San Francisco Maintenance Center",26195.5683343391,2022
104958,"United Energy Trading, LLC",22944.37937,2022
104545,United Pacific Energy,112380.167834302,2022
101469,United States Pipe & Foundry Co. LLC,43712.9276454885,2022
104372,University of California Santa Barbara,16848.9057166424,2022
104514,"University of California, Berkeley",122273.644799063,2022
100305,"University of California, Davis",50052.8048102586,2022
101296,"University of California, Irvine",71181.0498910453,2022
100997,"University of California, Los Angeles, UCLA",212687.250001743,2022
104173,"University of California, Riverside, UCR",22574.1985344,2022
101305,"University of California, San Diego, UCSD",162745.20708516,2022
101416,"University of California, San Francisco",52906.6568208996,2022
100273,"University of California, Santa Cruz, UCSC EH&S Office",28185.0254757467,2022
104361,University of Southern California (USC) - University Park Campus (UPC),17305.4631384,2022
101068,"USS-UPI, LLC",30872.5308998766,2022
104923,Utah Municipal Power Agency (UMPA) - EPE,9.752745454676,2022
104617,VA Greater Los Angeles Healthcare System,9649.1885922528,2022
104661,VA San Diego Healthcare System,16200.815203008,2022
104071,Valero Marketing and Supply Company - Fuel Supplier,15279425.5365938,2022
100372,"Valero Refining Company - California, Benicia Refinery and Benicia Asphalt Plant",2853177.7514699,2022
104444,Valero Wilmington Asphalt Plant,14267.8092124417,2022
104750,Valley Clean Energy Alliance (VCEA) - RSO,0.0,2022
104510,Valley Electric Association (VEA) - EPE,1357.50776347529,2022
104844,"Valley Milk, LLC",15560.46455652,2022
104205,Vandenberg Space Force Base,18071.7586359646,2022
104838,Vaquero Energy - Kern County,6961.872509944,2022
104783,Vaquero Energy - Santa Barbara County,15532.5169558124,2022
104643,Ventura Coastal,10259.98512264,2022
104836,Ventura Coastal LLC,11860.64678592,2022
3066,Vernon Public Utilities - EPE,0.0,2022
5008,"Vernon Public Utilities, Gas Municipal Utility",401490.1097532,2022
104830,"Viasyn, Inc. - EPE",0.0,2022
104882,Victor Packing,10217.164374,2022
3067,Victorville Municipal Utility Services - EPE,0.0,2022
104571,Victorville Municipal Utility Services - Gas Utility,13976.0278596,2022
100953,Vista Metals Corp.,34195.72742388,2022
5014,Vitol - Fuel Supplier,0.0,2022
104467,Vitol Inc. - EPE,205395.422838645,2022
101513,Vitro Flat Glass LLC,95343.4009064616,2022
100058,Wadham Energy Ltd Partnership,175795.3672308,2022
104218,"Walnut Creek Energy, LLC",248563.02946572,2022
104745,WAPA - Colorado River Storage Project (CRSP) - EPE,0.0,2022
3078,WAPA - Desert Southwest Region (DSR) - EPE,0.0,2022
3079,WAPA - Sierra Nevada Region (SNR) - EPE,563118.200952,2022
100060,Waste Management - Altamont Landfill,33446.8602317161,2022
104746,"Waste Management - Redwood Landfill, Inc.",12546.7531767293,2022
104363,Weber Metals,17287.3138496314,2022
5007,West Coast Gas Company Inc,10746.6385788,2022
104883,Western Community Energy - RSO,0.0,2022
104360,"Western Digital Technologies, Inc.",17762.8883022,2022
104075,"WG Holdings SPV, LLC - Los Angeles Basin Facility",11830.241978796,2022
104392,Wild Goose Storage LLC,32252.1890550264,2022
101343,"Wildflower Energy, LP - Indigo Generation, LLC",18692.37946762,2022
100353,"Wildflower Energy, LP - Larkspur Energy Facility, LLC",18859.05079708,2022
104359,Windset Farms,29604.93715142,2022
101693,"Wm. Bolthouse Farms, Inc.",30657.0081775428,2022
101493,"Woodland Biomass Power, LLC",263850.648015767,2022
104679,WP&A Firebaugh,11698.68372624,2022
101736,WP&A Lost Hills,34805.2200759776,2022
104618,"WWF Operating Company, LLC",17740.83041532,2022
100322,Yuba City Cogeneration Partners LP,12791.07456732,2022
3006,3 Phases Renewables - EPE,0.0,2023
104356,3M Corona,15488.53228,2023
104903,3PR Trading - EPE,202196.2565,2023
104927,"4J Energy, LLC",20522.52421,2023
104796,AAK Richmond,13629.19996,2023
104937,Abel Road Bioenergy,36911.87829,2023
104347,"Aemetis Advanced Fuels Keyes, Inc.",67194.24671,2023
104018,Aera Energy Coastal Basins,298138.065,2023
104016,Aera Energy San Joaquin Basin,2481467.426,2023
104017,Aera Energy Ventura Basin,25576.32047,2023
101321,"AES Alamitos, LLC",1483891.677,2023
100194,"AES Huntington Beach, LLC",1237511.604,2023
100257,AES Redondo Beach LLC,268949.8998,2023
101701,Air Liquide El Segundo Hydrogen Plant,617079.2778,2023
101749,Air Liquide Large Industries US L.P. - Rodeo Hydrogen Plant,821227.708056884,2023
101017,"Air Products & Chemicals, Inc., Martinez",34800.04,2023
101248,Air Products Carson Hydrogen Plant,655512.7576,2023
101512,"Air Products Manufacturing Corporation, Sacramento",43566.578,2023
104917,Air Products West Coast Hydrogen LLC - Torrance ,886106.2936,2023
100127,Air Products Wilmington Hydrogen Plant,828688.7144,2023
3022,Alameda Municipal Power - RSO,0.0,2023
101433,"Algonquin Power Sanger, LLC",7899.363284,2023
104345,All American Asphalt - Corona,12858.25665,2023
104666,All American Asphalt - Irvine,8428.474617,2023
104926,Alliance Energy Services,23362.93994,2023
104499,Alon Bakersfield Refinery - Areas 1&2 - Fuel Supplier,0.0,2023
101056,AltAir Paramount,23570.34772,2023
104759,AltAir Paramount LLC - Fuel Supplier,719188.7012,2023
104899,Altman Specialty Plants,7616.785778,2023
104935,Altop Energy Trading LLC - EPE,393.34056,2023
104027,Ameresco Chiquita Energy LLC,28318.27209,2023
104637,Ameresco Forward LLC,16893.41138,2023
101657,Ameresco Half Moon Bay,47445.07998,2023
101748,Ameresco Keller Canyon,15914.39403,2023
104636,Ameresco San Joaquin LLC ,15756.30598,2023
101656,Ameresco Santa Cruz,11193.83254,2023
104634,Ameresco Vasco Road,16661.92292,2023
104727,"American PowerNet Management, LP - RSO",0.0,2023
104544,"AmeriGas Propane, L.P.",94515.93989,2023
101179,Amgen Inc.,20211.62689,2023
101666,"Ampersand Chowchilla Biomass, LLC, 93610",19518.82123,2023
104487,Ampine: A Division of Timber Products,0.0,2023
3023,"Anaheim, City of PUD - EPE",583453.58,2023
100943,Anheuser-Busch LLC - Fairfield,13401.65202,2023
101473,Anheuser-Busch LLC - Los Angeles Brewery,34815.25564,2023
104578,Anza Electric Cooperative - RSO,0.0,2023
104003,"Apex Oil Company, Inc.",0.0,2023
104833,Apple Inc - Bloom Energy Servers,10439.60086,2023
104725,Apple Valley Choice Energy - RSO,0.0,2023
104761,Applied Natural Gas Fuels,90130.72309,2023
104042,Archer Daniels Midland,157121.3507,2023
101715,Arcosa LWFP LLC,19032.82687,2023
101342,Ardagh Glass Inc.,71288.11249,2023
2098,Arizona Electric Power Cooperative (AEPCo) - EPE,33166.47173,2023
104131,Arizona Public Service Company (APSC) - EPE,277591.9959,2023
104758,Ava Community Energy - EPE,25155.46032,2023
2292,Avangrid Renewables - EPE,225469.377054,2023
101696,Avenal State Prison,10043.3444,2023
104677,Avista Utilities - EPE,2.449729072,2023
104379,"Azteca Milling, L.P.",13028.89213,2023
3024,Azusa Light & Water - EPE,0.0,2023
100897,Badger Creek Limited,13224.54177,2023
104334,"Baker Commodities, Inc., Kerman Division",16351.13577,2023
104621,"Baker Commodities, Inc., Vernon Division",4430.109935,2023
101237,Bakersfield Renewable Fuels - Area 1 & 2,14692.6996,2023
3025,"Banning, City of Electric Department - EPE",0.0,2023
104419,"Basalite Building Products, LLC, dba Gladding McBean",11217.14782,2023
104165,Bayer Healthcare,11569.56866,2023
104867,BB ENERGY USA LLC,437600.1432,2023
100890,Bear Mountain Limited,23946.34134,2023
3000,Bear Valley Electric Service - RSO,0.0,2023
104094,Berry Petroleum Company - San Joaquin Basin,1057960.819,2023
3026,Biggs Municipal Utilities - RSO,0.0,2023
104871,BioMarin Pharmaceutical Inc.,11472.47362,2023
104825,"Bleyhl Farm Service, Inc.",0.0,2023
104848,BlueScope Coated Products,7279.553806,2023
100342,Blythe Energy,674910.0131,2023
104054,BNSF Railway - Barstow,353506.6852,2023
104064,BNSF Railway - Commerce,327254.0808,2023
104065,BNSF Railway - Richmond,173316.584,2023
4000,Bonneville Power Administration (BPA) - ACS,0.0,2023
2044,Bonneville Power Administration (BPA) - EPE,21648.13125,2023
104692,Boston Energy Trading & Marketing - EPE,0.0,2023
104680,"Bowerman Power LFG, LLC",85267.82448,2023
104074,Boyett Petroleum,110802.7101,2023
2113,BP Energy Company - EPE,53150.58879,2023
104452,BP Energy Retail Company California LLC - RSO,0.0,2023
104001,BP Products North America Inc - Terminals,9340844.667,2023
100389,Braun Medical Inc,46040.13109,2023
104950,BRCC EDH Cogen,10856.50341,2023
100061,Brea Power Facility,122218.2572,2023
100904,"Bridge Energy, LLC",46729.46609,2023
104120,Brookfield Renewable Trading & Marketing LP - EPE,489749.9752,2023
104911,Building Materials Manufacturing Corporation (DBA GAF),9757.675662,2023
3027,Burbank Water & Power - EPE,203845.9649,2023
100018,Burney Forest Products,360492.7652,2023
104077,BWP/MPP Electricity Generating Facilities at 164 W. Magnolia,616584.8838,2023
100002,Calciner,0.40344,2023
104826,CalEnergy LLC - EPE,0.0,2023
100692,CalEnergy Operating Corporation - J J Elmore - Geothermal,6547.83,2023
100703,CalEnergy Operating Corporation - J M Leathers - Geothermal,22529.21,2023
100712,CalEnergy Operating Corporation - Region 1 - Geothermal,70980.69364,2023
100716,CalEnergy Operating Corporation - Region 2 - Geothermal,36589.28,2023
100959,"California Dairies, Inc. Fresno",32626.938,2023
104410,"California Dairies, Inc. Los Banos",13331.1848,2023
101509,"California Dairies, Inc. Tipton",48168.48588,2023
101190,"California Dairies, Inc. Turlock",34355.9331,2023
101197,"California Dairies, Inc. Visalia",65728.00216,2023
104711,"California Dairies, Inc., Turlock North",21097.9586,2023
3072,California Department of Water Resources (DWR) - EPE,0.0,2023
100327,California Institute of Technology (CalTech),34470.77765,2023
104662,California Medical Facility,14693.16394,2023
104353,California Natural Products,19559.59484,2023
104908,"California Paper Products, LLC",11418.30017,2023
104135,California Paperboard Corporation,12829.33631,2023
104362,California Polytechnic State University,13311.32225,2023
101060,"California Power Holdings, LLC-Chowchilla Facility, 95360",7519.276755,2023
100368,"California Power Holdings, LLC-Red Bluff Facility, 96080",6607.281852,2023
104014,"California Resources Elk Hills, LLC - 35R Gas Plant",2820831.721,2023
104072,California Resources Production Corporation - 760 Los Angeles Basin,212896.8436,2023
104029,California Resources Production Corporation - Sacramento Valley Basin 730,68479.17928,2023
104030,California Resources Production Corporation - San Joaquin Valley Basin 745,626441.4782,2023
104657,California State Prison - Corcoran,17181.92623,2023
104736,California State Prison - Sacramento,17181.905,2023
100235,"California State University, Channel Islands",2325.467585,2023
104350,"California State University, Fullerton",20317.04936,2023
101399,"California State University, San Diego",50456.26451,2023
100131,"California State University, San Jose",27312.58399,2023
100954,California Steel Industries,163978.7445,2023
104916,"California Sugar Refiners, LLC",16994.0059,2023
104581,CALNRG - Lynch Canyon Field,20111.53428,2023
104033,CALNRG - Ventura Basin 755 incl. SCVGP Gas Plant,67693.14177,2023
101405,CalPeak Power - Border,7861.776095,2023
101662,CalPeak Power - Enterprise,3238.94006,2023
100376,"CalPeak Power - Panoche, LLC",15195.32512,2023
100377,"CalPeak Power - Vaca Dixon, LLC",4244.598522,2023
101496,"Calpine - CCFC Sutter Energy, LLC",854323.5794,2023
104332,Calpine - CPN Pipeline,84681.85182,2023
101525,"Calpine - Creed Energy Center, LLC",4944.458983,2023
101526,"Calpine - Delta Energy Center, LLC",1634850.912,2023
101527,"Calpine - Geysers Power Company, LLC - Geothermal",236747.6183,2023
100178,"Calpine - Gilroy Cogen, L.P., Gilroy Cogen_Peaker",45387.00545,2023
100337,"Calpine - Gilroy Energy Center, LLC, Feather River",27518.33907,2023
101528,"Calpine - Gilroy Energy Center, LLC, Riverview Peaker",15301.30562,2023
100383,"Calpine - Goose Haven Energy Center, Peaker",8828.658609,2023
101300,"Calpine - King City Cogen, LLC, King City Cogen_Peaker",36567.86846,2023
101143,"Calpine - Los Esteros Critical Energy Facility, LLC",83915.03247,2023
100338,"Calpine - Los Medanos Energy Center, LLC",1208819.486,2023
100343,"Calpine - Metcalf Energy Center, LLC",915596.7344,2023
101426,Calpine - O.L.S. Energy - Agnews Inc. 95134,18880.69136,2023
101746,Calpine - Otay Mesa Energy Center,832652.2756,2023
100345,Calpine - Pastoria Energy Facility L.L.C.,1617125.254,2023
104456,Calpine - Russell City Energy Center,698480.7044,2023
101211,"Calpine - Yuba City Energy Center (Gilroy Energy Center, LLC)",28578.87972,2023
3010,Calpine Corporation - EPE,77850.05136,2023
3018,"Calpine Energy Solutions, LLC - EPE",43656.0,2023
104913,CalPlant 1 LLC,3330.178326,2023
101029,"CalPortland Company, Mojave Plant",991652.6433,2023
100013,"CalPortland Company, Oro Grande Plant",1424149.293,2023
101381,CalPortland Redding Cement Plant,372761.2163,2023
100936,"Campbell Soup Supply Company, L.L.C. - Dixon",38209.44475,2023
104199,"Campbell Soup Supply Company, L.L.C. - Stockton",22880.93479,2023
104008,Canyon Power Project (CPP),58309.45638,2023
104748,Carlsbad Energy Center Project,159088.5763,2023
101734,Carlton Forge Works,31090.36875,2023
100129,Carson Hybrid Energy Storage LLC,16285.76365,2023
104458,Cat Canyon Resources 750 Santa Maria Basin,56761.2514,2023
104660,Cedars-Sinai Medical Center,17737.68839,2023
101476,Cemex Construction Materials Pacific LLC - Victorville Plant,1952094.996,2023
104755,Centennial Energy LLC,13140.66703,2023
104726,Central Coast Community Energy (3CE) - RSO,0.0,2023
101015,Central Contra Costa Sanitary District,72844.77668,2023
104743,Central Valley Meat,24739.96882,2023
3029,Cerritos Electric Utility - EPE,0.0,2023
100917,CertainTeed Corporation,54152.90056,2023
101520,Chalk Cliff Limited,21972.27723,2023
104628,Chapel Street Environmental II - EPE,0.0,2023
104802,Chase Inc.,0.0,2023
104707,"Chemtrade West US, LLC",11053.10967,2023
104011,Chevron AAPG 740 Coastal Basin,104388.2398,2023
104012,Chevron AAPG 745 San Joaquin Basin,1354693.204,2023
100138,"Chevron Products Company - El Segundo Refinery, 90245",3257941.93899786,2023
104223,Chevron Products Company - Headquarters Fuel Supplier,32380510.06,2023
101384,"Chevron Products Company - Richmond Refinery, 94802",4342180.08,2023
104195,Chevron SJVBU Natural Gas Sales,1466.695561,2023
104393,Children's Hospital Los Angeles,12606.08235,2023
101252,Chula Vista Energy Center,1588.181928,2023
2428,Citigroup Energy Inc. - EPE,0.0,2023
101667,City of Colton - Generation,6120.113005,2023
104642,City of Hope National Medical Center,13280.11108,2023
5011,City of Palo Alto - Gas Utility,144877.857,2023
104547,"City of San Diego, Public Utilities Dept, North City Water Reclamation Plant",72.13396068,2023
101564,"City of San Diego, Public Utilities Dept, Point Loma Treatment Plant",21450.15458,2023
104330,"City of San Diego, Public Utilities Dept, Pump Station 2",6883.016053,2023
5036,City of Susanville Gas Utility,13754.1752,2023
100328,"Civic Center Cogen, LA County",27332.05183,2023
104536,Clean Energy,158134.658,2023
104907,Clean Energy Alliance (CEA) - RSO,0.0,2023
104749,Clean Power Alliance (CPA) - EPE,0.0,2023
104705,CleanPowerSF - RSO,0.0,2023
104890,Clear Power - EPE,460.13424,2023
104485,CMO Inc,114.646113,2023
101250,Collins Pine Co.,61591.05781,2023
3031,"Colton, City of - EPE",20.51832,2023
104570,Comision Federal de Electricidad (CFE) - EPE,0.0,2023
104646,Commercial Energy of California - RSO,0.0,2023
101503,ConAgra - Oakdale,67997.89459,2023
104940,Concord Energy LLC,23881.05387,2023
104902,ConocoPhillips Company - EPE,30697.20464,2023
2078,"Constellation Energy Generation, LLC - EPE",4609.901628,2023
3012,"Constellation NewEnergy, Inc. - EPE",104197.2677,2023
3032,"Corona, City Utilities Department - EPE",0.0,2023
101733,Corteva agriscience - Pittsburg Operations,26201.25075,2023
100690,Coso Energy Developers (BLM E&W) - Geothermal,113041.075,2023
101670,Coso Finance Partners (Navy I) - Geothermal,65749.1,2023
101669,Coso Power Developers (Navy II) - Geothermal,120224.875,2023
101264,"Covanta - Stanislaus, Inc",209143.5349,2023
3102,CP Energy Marketing (US) Inc. (Capital Power) - EPE,65256.39215,2023
101519,CP Kelco San Diego,116403.3553,2023
104901,Crimson Renewable Energy - Bakersfield Plant,20516.3877,2023
104488,Crimson Resource Management Corp,337919.5876,2023
101263,"Crockett Cogeneration Project, LP",694734.2711,2023
104541,"Crystal Creamery, Inc.",17499.18616,2023
104349,"Custom Alloy Sales, Inc.",10329.2955,2023
104674,CWP Energy - EPE,578.00544,2023
104338,Darling Ingredients Inc - Fresno,10754.4565,2023
104337,Darling Ingredients Inc - Los Angeles,25448.95792,2023
104339,Darling Ingredients Inc - Turlock,19386.80204,2023
101260,Dart Container Corporation of California,14139.21164,2023
104934,DBW Power Inc.,13036.07474,2023
101214,Del Monte - Hanford,28718.56198,2023
104138,Del Monte - Modesto,14362.768,2023
104489,"Delano Energy Center, LLC",1315.025202,2023
104655,Delano Growers Grape Products,16219.98054,2023
101709,DeMenno/Kerdoon,24736.66757,2023
104856,Desert Community Energy (DCCE) - RSO,0.0,2023
104433,"Diamond Pet Food Processors of California, LLC - Lathrop",12651.26493,2023
104690,"Diamond Pet Food Processors of California, LLC - Ripon",20184.15006,2023
101243,Dicalite Minerals Corp.,28297.23341,2023
2264,"Direct Energy Business, LLC (fka Strategic Energy) - EPE",4642.37904,2023
101218,Disneyland Resort,21412.06675,2023
100157,Double C Limited,12891.55047,2023
104663,DSH-Napa State Hospital,13036.99665,2023
104742,"DTE Energy Trading, Inc. - EPE",0.0,2023
104455,"DTE Stockton, LLC",475836.1803,2023
104897,"Dynasty Power, Inc. - EPE",109179.6501,2023
100958,E & J Gallo Winery - Fresno,27179.76299,2023
104640,E & J Gallo Winery - Livingston,21495.75098,2023
104215,E&B Natural Resources - San Joaquin Valley,422667.1197,2023
101355,E.F. Oxnard LLC,3026.349389,2023
101511,East Bay Municipal Utility District,34674.92592,2023
3033,Eastside Power Authority - RSO,0.0,2023
100259,Eco Services - Dominguez,35834.67194,2023
100258,Eco Services - Martinez,13230.37938,2023
104197,"Ecobat Resources California, Inc.",55783.36771,2023
104546,"Ed Staub & Sons Petroleum, Inc.",29195.926,2023
104067,"EDF Trading North America, LLC - EPE",1529.497193,2023
104896,EDPO LLC dba Dassel's Petroleum,10224.6434,2023
104204,Edwards Air Force Base,20568.499,2023
104374,Eisenhower Medical Center,19107.24645,2023
104079,"El Cajon Energy, LLC",4664.486528,2023
104921,El Centro Nacional de Control de Energia (CENACE) - EPE,22929.00432,2023
100164,"El Segundo Energy Center, LLC",70197.25061,2023
104735,Elbow River Marketing Ltd.,3921.555708,2023
100167,Encina Water Pollution Control Facility,15457.68412,2023
104829,"Enel Trading North America, LLC - EPE",0.0,2023
101738,"Energy 2001, Placer WRSL",13183.78802,2023
101607,Energy Center San Francisco LLC,59212.15757,2023
104924,Energy for Palmdale's Independent Choice (EPIC) - RSO,0.0,2023
104898,"Energy Keepers, Inc. - EPE",60.3432,2023
104823,Equinix Caspian - Bloom Energy Servers,13362.80162,2023
104824,Equinix Duane - Bloom Energy Servers,11323.34936,2023
104787,Equinix Great Oaks - Bloom Energy Servers,46810.64673,2023
104788,Equinix Lundy - Bloom Energy Servers,13109.9002,2023
104200,"Escalon Premier Brands, a Division of Kraft Heinz Company",22753.00754,2023
104078,"Escondido Energy Center, LLC",12596.08021,2023
104845,ETC Endure Energy - EPE,0.0,2023
104846,Factor Gas Liquids Inc,23906.29595,2023
104519,"Ferrellgas, LP",24970.32945,2023
104939,Flashpoint Energy Partners LLC,14837.30222,2023
104041,Flint Hills Resources LP,212083.8833,2023
104102,Flyers Energy,1758457.865,2023
104548,Foster Farms Porterville Plant ,9972.468316,2023
101575,"Foster Poultry Farms - Livingston Complex, 95334",52199.55939,2023
104868,Freedom Fuels & Commodities,15975.36806,2023
101544,"Fresno Cogeneration Partners, LP",2101.114259,2023
101235,Frito Lay - Kern Plant,32189.26132,2023
104207,Frito Lay - Modesto,27643.61152,2023
104734,Frito Lay - Rancho Cucamonga,9304.421647,2023
101683,"G2 Energy Ostrom Road, LLC",14506.58298,2023
103018,Gallo Glass Company,172184.0708,2023
104763,Garberville Gas Corporation,50712.65747,2023
104858,Genentech - Bloom Energy Servers,10373.20429,2023
104559,Genentech - Vacaville,11136.48891,2023
101451,Genentech Inc South San Francisco,26679.435,2023
104474,GenPower Lincoln Landfill Power Plant,18039.59629,2023
101700,Georgia-Pacific Gypsum LLC - Antioch,36551.40465,2023
104507,"Gexa Energy California, LLC - RSO",0.0,2023
104364,"GH Camarillo, LLC",33230.56749,2023
3034,Glendale Water & Power - EPE,103313.9939,2023
100180,"Goal Line LP, 92025",6432.219932,2023
101697,"Gold Bond Building Products, LLC - Long Beach",37901.10637,2023
104415,"Gold Bond Building Products, LLC - Richmond",28185.9139,2023
104730,Goodrich Corporation,10799.16313,2023
101231,"Grade 6 Oil, LLC",62586.47627,2023
100181,Grayson Power Plant,28343.90693,2023
3035,Gridley Electric Utility - RSO,0.0,2023
101721,"Guardian Industries, LLC",98600.03202,2023
104473,Guzman Energy - EPE,43301.07672,2023
104716,Guzman Renewables Energy Partners - EPE,0.0,2023
101542,Hanford Energy Park Peaker,2302.918645,2023
104887,"Hanford Grain Company, LLC",10209.04249,2023
100186,"Harbor Cogeneration Company, LLC",16932.89396,2023
104672,Harris Ranch Beef Company,11603.79129,2023
3036,Healdsburg Electric Department - RSO,0.0,2023
101364,Henrietta Peaker Plant,2047.879729,2023
104910,Heritage Distributing Company DBA Ninth Avenue Foods,13257.55429,2023
101478,"High Desert Power Project, LLC",1585389.791,2023
104009,High Sierra Cogeneration,18731.63609,2023
100189,High Sierra Limited,12853.81429,2023
101288,Hilmar Cheese Company,76264.37416,2023
100029,HL Power Company LP,276590.3737,2023
104368,Hoag Memorial Hospital Presbyterian,20723.9021,2023
104426,Holmes Western Oil Corporation,35971.51648,2023
104580,Hood Dairy,20722.31261,2023
104747,HTP Energy,12276.79886,2023
104346,Hudson Ranch Power I - Geothermal,20985.0,2023
100040,Humboldt Sawmill Company,266404.0522,2023
104377,Huntington Memorial Hospital,15778.19561,2023
104713,Hyperion Water Reclamation Plant,96071.54432,2023
104834,IBE Project - Bloom Energy Servers,17350.20519,2023
104708,Idaho Power - EPE,8832.677176,2023
104229,Idemitsu Apollo Corporation,1501010.6,2023
104857,Illumina - Bloom Energy Servers,9436.168692,2023
101318,"Imerys Filtration Minerals, Inc.",31165.28297,2023
3038,Imperial Irrigation District (IID) - EPE,554910.1215,2023
100162,"Imperial Irrigation District (IID), El Centro Generating Station",510178.9089,2023
101307,"Imperial Irrigation District (IID), Niland Gas Turbine Plant",46279.25064,2023
3030,"Industry, City of - RSO",0.0,2023
101008,Ingomar Packing Company,96699.22318,2023
101297,"Irwindale Brew Yard, LLC",3314.489415,2023
104465,Ivanpah Solar Electric Generating System,52115.73837,2023
104335,J. Aron & Company LLC - EPE,0.0,2023
101705,J. G. Boswell Company - Kern Tomato,43938.19079,2023
104224,J.G. Boswell Company West Processing Townsite,8764.501791,2023
101504,J.G.Boswell Company - Kings Tomato,26437.33277,2023
104320,Jaco Oil Company,1619807.069,2023
104216,John Wayne Airport Orange County,7227.029955,2023
104122,Johns Manville,14950.38565,2023
104944,Johnston's Grain Connected Ltd.,24827.63068,2023
104538,JP Oil,12759.18338,2023
104004,JR Simplot Company,10000.62269,2023
104562,JS West and Companies,0.0,2023
3011,Just Energy Solutions Inc. - RSO,0.0,2023
104421,"K2 Pure Solutions, Inc",11820.028641,2023
104376,"Kaiser Aluminum Fabricated Products, LLC",14440.75081,2023
104909,Kaiser LA Medical Center - Bloom Energy Servers,12601.97436,2023
104832,Kaiser Permanente - Bloom Energy Servers,13737.93431,2023
104945,Kaiser Permanente Fontana,10396.70594,2023
104355,Kaweah Delta Medical Center,16932.40037,2023
104949,Kern Delta Company,10016.75393,2023
104498,Kern Energy (fuel supplier),2591907.859,2023
101507,Kern Energy (refinery),178767.0289,2023
100202,Kern Front Limited,12439.03473,2023
5044,Kern Front Natural Gas Pipeline (WCAC),65764.02933,2023
101514,Kern River Cogeneration Facility,128287.8711,2023
5017,Kern River Gas Transmission Company,0.0,2023
100199,KES Kingsburg L.P.--Kingsburg Cogeneration Facility,2587.725564,2023
104808,Keyera Energy Inc.,22624.51927,2023
104831,Keysight Technologies Inc - Bloom Energy Servers,13047.16578,2023
101100,"Kiefer Landfill, Department of Waste Management and Recycling",116288.1034,2023
104925,Kinder Morgan Transmix Company LLC,0.0,2023
104047,"Kinergy Marketing, LLC",0.0,2023
104774,King City Community Power - RSO,0.0,2023
104425,Kirby Hills Compressor Station,16911.50138,2023
3001,Kirkwood Meadows PUD Powerhouse - RSO,0.0,2023
104849,Kiros Energy Marketing ULC,87590.33796,2023
104800,Kiva Energy Inc.,136159.758,2023
101447,Knauf Insulation,21084.79368,2023
100205,Kyocera International Inc.,7849.894121,2023
100339,La Paloma Generating Plant - GHG,929081.4754,2023
104211,La Rosita Power - EPE,575034.9728,2023
101487,LACSD - A.K. Warren Water Resource Facility,104057.9062,2023
101327,LACSD - Calabasas Landfill,26258.59495,2023
100071,LACSD - Puente Hills Landfill,102625.5501,2023
104354,"Lactalis Heritage Dairy, Inc. ",21972.9672,2023
104641,"Lancaster, City of - RSO",0.0,2023
101465,"Land O' Lakes, Inc.",60649.06096,2023
3039,Lassen Municipal Utility District - RSO,0.0,2023
104656,Lathrop Irrigation District - RSO,0.0,2023
101708,Lawrence Livermore National Laboratory (LLNL),23563.1278,2023
104106,Leprino Foods - Lemoore East,21732.64981,2023
101716,Leprino Foods - Lemoore West,51565.5066,2023
104105,Leprino Foods - Tracy,17494.48373,2023
104052,Lhoist North America - Natividad Plant,2864.17755,2023
101499,Liberty Packing - Los Banos (Morning Star),149893.6548,2023
104099,Liberty Utilities (CalPeco Electric) LLC - EPE,29419.34184,2023
101053,Linde Inc.,70911.32976,2023
101044,Live Oak Limited,15075.23563,2023
101574,Lockheed Martin Aeronautics Company - Palmdale,18694.49748,2023
101623,Lockheed Martin Corporation - Sunnyvale,17145.75255,2023
104424,Lodi Compressor Station,10721.24691,2023
3040,Lodi Electric Utility - RSO,0.0,2023
104172,Lodi Energy Center,430995.5483,2023
100207,Loma Linda University,49175.59693,2023
3041,"Lompoc, City of - RSO",0.0,2023
5003,Long Beach Gas & Oil Dept (LBGO),515993.6254,2023
100208,Long Beach Generating Station,9315.709408,2023
3042,Los Angeles Department of Water & Power (LADWP) - EPE,3517827.304,2023
100185,Los Angeles Department of Water & Power-Harbor Generating Station (LADWP),87246.44607,2023
100187,Los Angeles Department of Water & Power-Haynes Generating Station (LADWP),1075070.164,2023
101004,Los Angeles Department of Water & Power-Scattergood Generating Station (LADWP),569763.5619,2023
101325,Los Angeles Department of Water & Power-Valley Generating Station (LADWP),571225.2821,2023
104569,Los Angeles General Medical Center,27160.33893,2023
101323,Los Angeles International Airport (LAX),30958.55738,2023
101246,Los Angeles Refinery (LAR),6131915.226,2023
100972,Los Gatos Tomato Products,71812.56623,2023
101162,"Lunday-Thagard Company, DBA World Oil Refining",37041.95492,2023
101291,Luz Solar Partners LTD VIII & IX,161.263717,2023
2112,Macquarie Energy LLC - EPE,32581.78248,2023
104573,"MAG Energy Solutions, Inc. - EPE",61869.05876,2023
101192,MAGTFTC MCAGCC Twentynine Palms,38114.04998,2023
101687,"Malaga Power, LLC",6029.122464,2023
100314,Malburg Generating Station,147402.8805,2023
104676,"Mansfield Oil Company of Gainesville, Inc",21857.53044,2023
5012,Marathon Petroleum Company LP - Fuel Supplier,31254621.44,2023
104463,Marin Clean Energy - EPE,0.0,2023
104169,Mariposa Energy LLC,47679.21344,2023
104217,Marsh Landing Generating Station ,115755.5906,2023
100914,Martinez Refining Company LLC,3625073.596,2023
101331,Martinez Renewable Fuel Facility,765311.844126069,2023
104932,"Maruchan, Inc. - Irvine",10985.39414,2023
104384,"Maruchan, Inc. - Laguna Canyon",23279.99877,2023
104633,Matchmaster Dyeing & Finishing,21189.73176,2023
104805,MATRIX OIL CORP,13021.78168,2023
104613,"Matsui Nursery, Inc.",9601.974367,2023
104457,"MBV-CA, LLC",15632.73497,2023
100296,McKittrick Limited,19132.29775,2023
3044,Merced Irrigation District - RSO,0.0,2023
101665,"Merced Power, LLC, 95340",3026.449846,2023
104878,Mercuria Energy America - EPE,21127.3212,2023
2046,Metropolitan Water District of Southern California (MWD) - EPE,698.496,2023
101703,"Midstream Energy Partners, USA, LLC",1002847.582,2023
101744,"Midway Peaking, LLC",12278.36804,2023
100215,Midway-Sunset Cogeneration,98465.44277,2023
104737,Milk Specialties Global,21142.77118,2023
104397,Mira Loma Metal Container Corp,9245.407246,2023
100036,Miramar - MM and Miramar Energy,38332.43771,2023
104629,Mission Bell Winery ,5899.170135,2023
104658,Mission Foods Corporation,11223.79695,2023
101010,Mitsubishi Cement 2000,1220660.006,2023
100088,MM Lopez Energy LLC,14209.37495,2023
101711,MM Prima Deshecha Energy LLC,0.0,2023
101484,MM West Covina LLC,36823.61726,2023
101209,MM Yolo Power LLC,13.22680177,2023
3045,Modesto Irrigation District (MID) - EPE,700903.5058,2023
101028,"Modesto Irrigation District (MID) - Woodland Generation Station, 95351",148086.9094,2023
101359,"Modesto Irrigation District - Ripon Generation Station, 95366",8032.055939,2023
5019,Mojave Pipeline Operating Company (MPOC),0.0,2023
101329,Monterey Regional Waste Management District,17950.092,2023
3046,Moreno Valley Utility - RSO,0.0,2023
2369,Morgan Stanley Capital Group Inc. - EPE,549403.5388,2023
101498,Morning Star Packing Company - Los Banos,79594.11211,2023
101536,Morning Star Packing Company - Williams,144005.7743,2023
100221,Moss Landing Power Plant,2027074.523,2023
104322,MP Mine Operations LLC,58672.04123,2023
101228,Mt. Poso Cogeneration Company,248722.186,2023
104438,Musket Corporation,1171175.441,2023
104097,Naftex Operating Company,25524.97183,2023
104405,NASA Ames Research Center,13296.45812,2023
101314,National Cement Company - Lebec,810152.6471,2023
104408,Naval Air Station Lemoore,9466.861425,2023
104214,Naval Air Weapons Station China Lake,9679.52182,2023
104035,Naval Medical Center - San Diego,19471.75197,2023
104551,"NCP West, LLC",165394.8476,2023
104732,NCPA - CT1 Alameda,3714.264731,2023
3047,"Needles, City of - EPE",23130.25848,2023
104717,"Neste US, Inc.",3196297.924,2023
2388,Nevada Power Company (dba NV Energy) - EPE,105411.7627,2023
100195,"New-Indy Ontario, LLC Linerboard Mill",207253.9573,2023
101356,New-Indy Oxnard LLC,122587.0482,2023
104136,Newark Pacific Paperboard,13721.86797,2023
104611,"Newport Fab, LLC (DBA TowerJazz Semiconductor)",11973.48381,2023
104225,"Nextera Energy Marketing, LLC - EPE",1240.70352,2023
104866,NGL Supply Co. Ltd.,49304.04722,2023
104928,"NGL Supply Wholesale, LLC",9547.296397,2023
104895,Nissin Foods USA,11453.17032,2023
104420,"Nong Shim America, Inc.",17101.34807,2023
104323,North Baja Pipeline,0.0,2023
2215,Northern California Power Agency (NCPA) - EPE,195.0648,2023
101529,Northern California Power Agency - Geothermal Plant No. 1,17478.0,2023
101530,Northern California Power Agency - Geothermal Plant No. 2,16365.0,2023
101358,Northrop Grumman - Palmdale,17175.87178,2023
104227,Northrop Grumman Marine Systems - Sunnyvale,35104.368,2023
104369,Northrop Grumman Systems Corp. - El Segundo,8992.580774,2023
104324,Northrop Grumman Systems Corp. - Redondo Beach,10064.60617,2023
101351,Oakland Power Plant,5630.934275,2023
3051,"Oakland, Port of - RSO",0.0,2023
101213,Olam West Coast Inc- Lemoore,468.8946281,2023
104069,"Olam West Coast, Inc. - Firebaugh",29694.44302,2023
101284,"Olam West Coast, Inc. - Gilroy",55273.51912,2023
104378,"Olive View Medical Center, Los Angeles County Department of Health Services",15422.92652,2023
100236,OLS Energy Chino,12369.92603,2023
101745,Orange County Central Utility Facility,30406.956288,2023
104933,Orange County Power Authority (OCPA) - RSO,0.0,2023
100255,Orange County Sanitation District - Plant 1,24478.52424,2023
101280,Orange County Sanitation District - Plant 2,35128.26254,2023
104053,Orange Grove Energy Center,10446.60818,2023
104675,Orange Plant - R.J. Noble,6485.06651,2023
104495,"Ormat Nevada, Inc. / ORNI 18 North Brawley - Geothermal",22913.90761,2023
101357,"Ormond Beach Power, LLC",169896.7538,2023
104912,OWB Packers,16347.17396,2023
101154,"Owens Corning Insulating Systems, LLC Santa Clara",0.0,2023
101475,Owens-Brockway Glass Container Inc. Vernon,53979.52149,2023
101183,"Owens-Brockway Glass Container, Tracy",84329.65778,2023
104733,PABCO Gypsum Newark,31767.62432,2023
104383,PABCO Paper,16229.18195,2023
104616,Pacific Clay Products,8113.979889,2023
101674,Pacific Coast Energy Company LP,38339.15372,2023
101207,Pacific Coast Producers,41760.36721,2023
3002,Pacific Gas & Electric Company (PG&E) - EPE,692141.8692,2023
104025,"Pacific Gas and Electric Company (PG&E) - Gas Distribution System Fugitive Emissions (San Francisco, CA)",595036.5495,2023
104024,Pacific Gas and Electric Company (PG&E) - Supplier of Natural Gas ,42224457.58,2023
101298,Pacific Ultrapower Chinese,259660.7307,2023
3003,PacifiCorp - MJRP,482434.673,2023
104738,Palo Alto V.A. Health Care System Division,11535.54241,2023
3048,"Palo Alto, City of - RSO",0.0,2023
101740,"Panoche Energy Center, LLC",325467.5615,2023
3049,Pasadena Water & Power - EPE,226836.3024,2023
100179,"Pasadena Water and Power, Glenarm",23887.94692,2023
104904,Pattern Energy Management Services LLC - EPE,0.0,2023
104476,PBF Energy Western Region LLC,10982587.0,2023
104801,Peet's Coffee,10220.66731,2023
104698,Peninsula Clean Energy - RSO,0.0,2023
104089,Petro-Diamond,2052016.953,2023
104936,"Petrogas, Inc.",18858.49564,2023
104022,PG&E Burney Compressor Station,59842.24629,2023
101758,PG&E Colusa Generating Station,1165328.443,2023
101562,PG&E Delevan Compressor Station,33435.03545,2023
101741,PG&E Gateway Generating Station,1219864.151,2023
101747,PG&E Gerber Compressor Station,62411.83439,2023
101290,PG&E Hinkley Compressor Station,59911.81502,2023
100192,PG&E Humboldt Bay Generating Station,197857.9843,2023
101563,PG&E Kettleman Compressor Station,39741.69278,2023
104021,PG&E McDonald Island Underground Storage Station,16201.44808,2023
104023,PG&E Tionesta Compressor Station,27713.09298,2023
101031,PG&E Topock Compressor Station,46832.56146,2023
104010,Phillips 66 Company - Fuel Supplier,16837987.96,2023
100913,Phillips 66 Company - Los Angeles Refinery - Carson Plant,954863.1868,2023
100329,Phillips 66 Company - Los Angeles Refinery - Wilmington Plant,1840632.17,2023
100351,Phillips 66 Company - San Francisco Carbon Plant,7159.963777,2023
100303,Phillips 66 Company - San Francisco Refinery,1130670.86636845,2023
101226,Phillips 66 Company - Santa Maria Refinery,7347.337508,2023
104942,Phoenix Park Energy Marketing LLC,23437.32942,2023
104728,Pico Rivera Innovative Municipal Energy - RSO,0.0,2023
3016,"Pilot Power Group, LLC - RSO",0.0,2023
104494,"Pilot Travel Centers, LLC",1728623.434,2023
104667,Pio Pico Energy Center,52925.84088,2023
104773,Pioneer Community Energy - RSO,0.0,2023
100151,Pitchess Cogeneration Station,10059.69675,2023
5024,Pittsburg Power Company - DBA Island Energy - RSO ,0.0,2023
101685,Pixley Cogeneration Partners / Calgren Renewable Fuels,127373.1184,2023
100888,Plains LPG Services/ Lone Star Frac & Isom Facility,0.901,2023
104557,"Plains Marketing, L.P.",0.0,2023
104731,Plains Midstream Canada ULC,19663.84729,2023
3100,Plumas-Sierra REC - EPE,3663.17496,2023
104881,Pom Wonderful LLC,7601.293244,2023
104870,Pomona Choice Energy - RSO,0.0,2023
2127,Portland General Electric Company (PGE) - EPE,370522.833,2023
104681,"Potrero Hills Energy Producers, LLC",33103.27352,2023
3053,Power and Water Resources Pooling Authority (PWRPA) - RSO,0.0,2023
2243,Powerex Corp. - EPE,237175.44,2023
104777,"Praxair Plainfield, Inc. - RSO",0.0,2023
104394,Press Forge Co,21948.22904,2023
104948,Primex Farms LLC,14961.82327,2023
104423,Procter & Gamble Manufacturing Co. - Sacramento Plant,20375.75495,2023
100182,"ProEnergy - Greenleaf Energy Unit 2, LLC",8591.217876,2023
104096,ProPetroleum Inc.,221125.4867,2023
104625,Public Service Company of Colorado (PSCo) - EPE,152928.2777,2023
104744,Public Service Company of New Mexico (PNM) - EPE,21179.42811,2023
104462,Puget Sound Energy - EPE,10228.91194,2023
101400,"Qualcomm, Inc. - Morehouse Facility",21826.93189,2023
101523,"Qualcomm, Inc. - Pacific Center Facility",26702.93855,2023
104922,"Quintessence, LLC - EPE",1602.61176,2023
104391,Rady Children's Hospital San Diego,22293.28954,2023
104203,Rainbow Energy Marketing Corporation (REMC) - EPE,79404.04118,2023
3054,Rancho Cucamonga Municipal Utility - EPE,0.0,2023
104767,Rancho Mirage Energy Authority - RSO,0.0,2023
3055,Redding Electric Utility - EPE,71949.32753,2023
100256,Redding Electric Utility - Redding Power Generation,169401.5,2023
104712,Redwood Coast Energy Authority (RCEA) - EPE,0.0,2023
104560,"REG Marketing & Logistics Group, LLC",1489167.519,2023
104709,"Revol Greens CA, LLC",11618.59916,2023
104669,Reynolds Consumer Products - Red Bluff,11900.99956,2023
104198,Richard J Donovan Correctional Facility,5737.38588,2023
100265,Rio Bravo Fresno,275091.0603,2023
100055,Rio Bravo Rocklin,295627.7416,2023
104691,Rio Tinto - Wilmington,8717.026382,2023
104056,River City Petroleum,759904.7163,2023
100387,Riverside Public Utilities - Clearwater Facility,6244.589899,2023
100392,Riverside Public Utilities - Riverside Energy Resource Center,30693.15791,2023
3056,"Riverside, City of Public Utilities - EPE",318249.021,2023
104037,Robinson Oil Supply & Transport,265289.1671,2023
101702,Roseburg Forest Products,128874.7205,2023
3057,Roseville Electric - EPE,7499.533476,2023
101270,"Roseville Electric, Roseville Energy Park",153876.7553,2023
104828,"RWE Clean Energy Wholesale Services, Inc. - EPE",0.0,2023
104460,Sable LFC Facility,0.15094125,2023
104861,"Sacramento Energy Resources, LLC",12352.83258,2023
100125,"Sacramento Municipal Utility District (SMUD) , Campbell Power Plant",275036.8309,2023
100130,"Sacramento Municipal Utility District (SMUD) , Carson Power Plant",84542.51922,2023
100365,"Sacramento Municipal Utility District (SMUD) , Cosumnes Power Plant",1134463.787,2023
100252,"Sacramento Municipal Utility District (SMUD) , Procter & Gamble Power Plant",316920.3638,2023
3058,Sacramento Municipal Utility District (SMUD) - EPE,3838.945848,2023
104352,Sacramento Municipal Utility District (SMUD) - Gas Pipeline,1774456.084,2023
104632,Sacramento Rendering Company,12096.38913,2023
101035,Safety-Kleen of California Inc.,7517.41383,2023
104357,Saint Agnes Medical Center,24217.03874,2023
104436,Saint Bernardine Medical Center,8758.51617,2023
101518,Salinas River Cogeneration Facility,154019.8307,2023
104461,Salt River Project - EPE,407511.9554,2023
104398,San Benito Foods,15432.50235,2023
104906,San Diego Community Power (SDCP) - EPE,7328.53272,2023
3004,San Diego Gas & Electric (SDG&E) - EPE,765064.9838,2023
104085,San Diego Gas and Electric (SDG&E) - Local Distribution,5141859.454,2023
104115,San Diego Gas and Electric (SDG&E) - Natural Gas Distribution Sub W,117501.1289,2023
104380,San Francisco General Hospital,10809.10861,2023
3028,San Francisco Hetch Hetchy Water and Power (CCSF) - RSO,0.0,2023
104367,San Francisco International Airport (SFO),17149.51834,2023
104768,San Jacinto Power - RSO,0.0,2023
104930,San Joaquin Facilities Management,17261.25219,2023
101239,San Joaquin Refining Company,86956.34071,2023
104497,San Joaquin Refining Company - Fuel Supplier,218298.7551,2023
104793,San Jose Clean Energy - EPE,650.0205,2023
101140,San Jose/Santa Clara Regional Wastewater Facility,39400.19842,2023
104905,Santa Barbara Clean Energy (SBCE) - RSO,0.0,2023
104670,Santa Barbara Cottage Hospital,11278.85439,2023
104626,Santa Clara Valley Medical Center,14849.47984,2023
3061,"Santa Clara, City of (SVP) - EPE",92954.538,2023
101186,Saputo Cheese USA Inc. - Paige,60973.61996,2023
104396,Saputo Cheese USA Inc.- Levin,13243.35148,2023
104358,Schlosser Forge Company,22842.6721,2023
101663,SDG&E - Cuyamaca Peak Energy Plant,7378.808706,2023
101401,SDG&E - Miramar Energy Facility,12790.68804,2023
104221,SDG&E - Moreno Compressor Station,9733.687285,2023
100362,SDG&E - Palomar Energy Center,487941.2586,2023
104862,"Seaboard Energy Marketing, Inc.",669634.429,2023
100011,Searles Valley Minerals Inc.,1298863.703,2023
104885,Seattle City Light - EPE,518.3442191,2023
104503,"SEI Fuel Services, Inc.",3330243.905,2023
2060,"Sempra Gas & Power Marketing, LLC - EPE",1161364.148,2023
101315,Sensient Natural Ingredients LLC,53255.16409,2023
104219,"Sentinel Energy Center, LLC",286162.0002,2023
104888,Sentinel Peak Resources - Los Angeles Basin,16831.07125,2023
104081,Sentinel Peak Resources - SJV Basin Facility,942920.856,2023
103016,Sentinel Peak Resources- AG Facility,103484.7734,2023
104792,"Setton Pistachio of Terra Bella, Inc",13536.19699,2023
104202,SFPP L.P. - Colton Terminal,8543.409181,2023
100895,Shadow Wolf Energy - Placerita,35247.79925,2023
104615,Sharp Grossmont Hospital,20746.04236,2023
3059,"Shasta Lake, City of - RSO",0.0,2023
100282,Shasta Sustainable Resource Management,523917.9695,2023
104340,Shell Catalysts & Technologies,14643.76192,2023
104325,Shell Chemical LP - Martinez Catalyst Plant,10457.69937,2023
3081,"Shell Energy North America (US), L.P. - EPE",163165.722505,2023
104051,Shell Oil Products US - Supply - Fuel Supplier,7937577.089,2023
104543,Shell Trading US Company - Fuel Supplier,472269.9071,2023
104511,Shiralian Enterprises,1900851.277,2023
104329,Shultz Steel Company,20425.50256,2023
104614,"Sierra Aluminum, a Division of Samuel, Son & Co. (USA) Inc.",17327.9,2023
100090,"Sierra Pacific Industries (SPI) - Anderson, 96007",246538.7065,2023
100043,Sierra Pacific Industries (SPI) - Burney,234711.2628,2023
101680,Sierra Pacific Industries (SPI) - Lincoln,221174.2852,2023
101378,Sierra Pacific Industries (SPI) - Quincy Division,406572.4847,2023
101681,Sierra Pacific Industries (SPI) - Shasta Lake,45747.89432,2023
101682,Sierra Pacific Industries (SPI) - Sonora,123804.1013,2023
2438,Sierra Pacific Power Company (dba NV Energy) - EPE,142766.4706,2023
104766,Sierra Resources Santa Barbara Basin,8.12493559,2023
104090,Signal Hill Petroleum Facilities,43202.60461,2023
104720,Silicon Valley Clean Energy Authority (SVCEA) - RSO,0.0,2023
101438,"Silicon Valley Power (SVP), City of Santa Clara , Cogen",15006.14073,2023
101436,"Silicon Valley Power (SVP), City of Santa Clara , DVR",379690.3851,2023
101691,Smithfield Packaged Meats Corp,2416.650597,2023
101118,Solar Turbines Incorporated - Kearny Mesa,34315.55989,2023
104537,Sonoma Clean Power - RSO,0.0,2023
100096,Sonoma County Landfill Gas to Energy,10891.3112,2023
100063,Southeast Resource Recovery Facility (SERRF),271887.7349,2023
101539,Southern California Edison (SCE) - Barre Peaker,13111.81404,2023
101537,Southern California Edison (SCE) - Center Hybrid,3364.115739,2023
3005,Southern California Edison (SCE) - EPE,656832.0735,2023
101538,Southern California Edison (SCE) - Grapeland Hybrid,3355.506368,2023
104326,Southern California Edison (SCE) - McGrath Peaker,6526.1268,2023
100394,Southern California Edison (SCE) - Mira Loma Peaker,6410.509308,2023
100344,Southern California Edison (SCE) - Mountainview,1056295.331,2023
101673,Southern California Edison (SCE) - Pebbly Beach,23516.31615,2023
101349,Southern California Gas Co - Aliso Canyon Facility,8305.491137,2023
101675,Southern California Gas Co - Blythe Facility,42625.44666,2023
104082,Southern California Gas Co - Distribution,1626157.422,2023
100915,Southern California Gas Co - Honor Rancho Facility,27316.95569,2023
101348,Southern California Gas Co - Newberry Springs Facility,18286.20723,2023
101346,Southern California Gas Co - South Needles Facility,17799.28493,2023
104220,Southern California Gas Co - Wheeler Ridge Compressor Station,23323.93236,2023
5002,Southern California Gas Company - End User Emissions,40687233.85,2023
104212,"Southern Counties Oil Co., A California Limited Partnership",1097196.506,2023
104893,Southwest Biogas - EPE,5484.50355,2023
104915,Southwest Gas - Natural Gas Distribution Emissions - Subpart W,29721.201,2023
5013,Southwest Gas Distribution Facilities,873977.7956,2023
104886,Specialty Granules LLC,12484.53196,2023
101241,"Spreckels Sugar Company, Inc.- Brawley",65986.20353,2023
100263,SRI International Cogen Project,22624.93993,2023
104635,Stanford University,30439.73549,2023
101025,Stanislaus Food Products,64803.25338,2023
104853,Stanton Energy Reliability Center,1606.73342,2023
104409,State of California Central Utility Plant - General Services,12312.70339,2023
104370,Steelscape Inc.,17523.32245,2023
3052,"Stockton, Port of - RSO",0.0,2023
104619,Suburban Propane,9338.274666,2023
104837,Sun Streams LLC - EPE,0.0,2023
104891,"Sun Valley Energy, Inc.",17151.05567,2023
104797,SunOpta Aseptic,10361.52785,2023
100948,Sunrise Power Company,1083419.236,2023
104550,"Sunshine Gas Producers, LLC",79504.81327,2023
104892,Sunsweet Growers Inc,16935.57424,2023
104794,Superior Gas Liquids USA,35098.95831,2023
104579,Surprise Valley Electrification Corp. - RSO,0.0,2023
104884,Swisstex California,8615.632284,2023
100886,Sycamore Cogeneration Facility,374322.6211,2023
101684,Sycamore Energy LLC,25863.46268,2023
104804,"TACenergy, LLC",124138.0925,2023
104567,Tacoma Power - ACS,0.0,2023
105757,Tacoma Power - EPE,587.274996,2023
104859,Targa Liquids Marketing and Trade LLC,104245.9568,2023
104920,Tauber Oil Company,16957.57561,2023
104827,TEC Energy Inc. - EPE,92.55072,2023
101461,Tehachapi Cement Plant ,526568.2224,2023
104194,Tenaska Power Services Co. - EPE,35768.15057,2023
2427,"Terra-Gen Dixie Valley, LLC - EPE",11645.83193,2023
104516,"Tesla, Inc.",47017.32531,2023
104762,The Andersons Inc.,141841.3588,2023
2278,"The Energy Authority, Inc. (TEA) - EPE",121230.1073,2023
101582,The P&G Paper Products Co.,276118.913,2023
104518,The Regents of the University of California - RSO,0.0,2023
104327,The Soco Group Inc.,0.0,2023
104647,The Sun Valley Group,7341.094037,2023
5047,"Tiger Natural Gas, Inc. - RSO",0.0,2023
104620,Timber Products Company Yreka Veneer,8952.949685,2023
101502,Tomatek / Neil Jones Food Companies,37448.97961,2023
100217,Torrance Refinery,1203649.877,2023
100358,Tracy Combined Cycle Plant,384069.1447,2023
104855,Trafigura Trading LLC,837160.0582,2023
2312,"TransAlta Energy Marketing (US), Inc. - EPE",123146.2562,2023
104230,TransCanada Energy Sales Ltd. - EPE,5585.34864,2023
104760,Transwestern - Topock,0.0,2023
101460,"TRC Cypress Group, LLC",26067.73706,2023
104005,"Tricor Refining, LLC",35069.6141,2023
104639,Trinity PUD - RSO,0.0,2023
104914,Tristar Dyeing and Finishing,4954.479505,2023
3063,Truckee Donner PUD - EPE,66325.0839038292,2023
100952,"TST, Inc.",16700.31488,2023
104854,Tucson Electric Power - EPE,24731.21934,2023
104931,Tulare Water Pollution Control Facility,9325.189285,2023
3064,Turlock Irrigation District (TID) - EPE,106262.343,2023
100111,"Turlock Irrigation District (TID), Almond Power Plant",106065.7039,2023
100371,Turlock Irrigation District/ Walnut Energy Center,707337.844,2023
104943,Tuscarora Gas Transmission - Likely Compressor Station,10477.54912,2023
104714,Tuscarora Gas Transmission - Shoetree Compressor Station,17600.6468,2023
5010,Tuscarora Gas Transmission Pipeline,0.0,2023
104515,"Twin Eagle Resource Management, LLC - EPE",0.0,2023
104941,"Twin Feathers Advisors, Inc.",15498.79155,2023
100300,"U.S. Borax, 93516",352751.4148,2023
101271,U.S. Gypsum Co Plaster City Plant,63882.80897,2023
104775,"U.S. Venture, Inc.",0.0,2023
104068,UC Davis Medical Center,57916.84576,2023
3065,"Ukiah, City of Electric Utilities Division - RSO",0.0,2023
101205,Ultramar Inc - Valero Wilmington,1100384.855,2023
104062,Union Pacific Railroad Company,395750.366,2023
104880,Uniper Global Commodities North America - EPE,2980.83168,2023
101124,"United Airlines, Inc. - San Francisco Maintenance Center",27061.52865,2023
104958,"United Energy Trading, LLC",23194.86957,2023
104545,United Pacific Energy,69794.82742,2023
101469,United States Pipe & Foundry Co. LLC,44280.47473,2023
104372,University of California Santa Barbara,17845.56214,2023
104514,"University of California, Berkeley",121435.0132,2023
100305,"University of California, Davis",49909.64288,2023
101296,"University of California, Irvine",63863.07191,2023
100997,"University of California, Los Angeles, UCLA",204761.0685,2023
104173,"University of California, Riverside, UCR",24750.50417,2023
101305,"University of California, San Diego, UCSD",161566.7661,2023
101416,"University of California, San Francisco",52282.20583,2023
100273,"University of California, Santa Cruz, UCSC EH&S Office",28841.4153,2023
104361,University of Southern California (USC) - University Park Campus (UPC),18080.51444,2023
101068,"USS-UPI, LLC",28053.87632,2023
104923,Utah Municipal Power Agency (UMPA) - EPE,84.78775795,2023
104617,VA Greater Los Angeles Healthcare System,11628.81374,2023
104661,VA San Diego Healthcare System,18109.34956,2023
104071,Valero Marketing and Supply Company - Fuel Supplier,16700960.83,2023
100372,"Valero Refining Company - California, Benicia Refinery and Benicia Asphalt Plant",2933331.832,2023
104444,Valero Wilmington Asphalt Plant,16196.6718,2023
104750,Valley Clean Energy Alliance (VCEA) - RSO,0.0,2023
104510,Valley Electric Association (VEA) - EPE,1348.9704,2023
104844,"Valley Milk, LLC",15418.53723,2023
104205,Vandenberg Space Force Base,9317.543492,2023
104838,Vaquero Energy - Kern County,6532.245063,2023
104783,Vaquero Energy - Santa Barbara County,11683.27264,2023
104643,Ventura Coastal,12624.37724,2023
104836,Ventura Coastal LLC,11698.93318,2023
3066,Vernon Public Utilities - EPE,0.0,2023
5008,"Vernon Public Utilities, Gas Municipal Utility",300854.0792,2023
104830,"Viasyn, Inc. - EPE",0.0,2023
104882,Victor Packing,9394.292675,2023
3067,Victorville Municipal Utility Services - EPE,0.0,2023
104571,Victorville Municipal Utility Services - Gas Utility,14400.52011,2023
100953,Vista Metals Corp.,32209.76394,2023
5014,Vitol - Fuel Supplier,0.0,2023
104467,Vitol Inc. - EPE,260921.2024,2023
101513,Vitro Flat Glass LLC,91894.38469,2023
100058,Wadham Energy Ltd Partnership,90036.04675,2023
104218,"Walnut Creek Energy, LLC",189230.7636,2023
104745,WAPA - Colorado River Storage Project (CRSP) - EPE,0.0,2023
3078,WAPA - Desert Southwest Region (DSR) - EPE,0.0,2023
3079,WAPA - Sierra Nevada Region (SNR) - EPE,189778.1624,2023
100060,Waste Management - Altamont Landfill,38055.3925,2023
104746,"Waste Management - Redwood Landfill, Inc.",3491.340053,2023
104363,Weber Metals,16397.61663,2023
5007,West Coast Gas Company Inc,10308.39996,2023
104883,Western Community Energy - RSO,0.0,2023
104360,"Western Digital Technologies, Inc.",18491.42485,2023
104075,"WG Holdings SPV, LLC - Los Angeles Basin Facility",12792.71636,2023
104392,Wild Goose Storage LLC,44444.13662,2023
101343,"Wildflower Energy, LP - Indigo Generation, LLC",15512.75182,2023
100353,"Wildflower Energy, LP - Larkspur Energy Facility, LLC",22144.64526,2023
104359,Windset Farms,28204.54042,2023
101693,"Wm. Bolthouse Farms, Inc.",29360.56893,2023
101493,"Woodland Biomass Power, LLC",242808.5922,2023
104679,WP&A Firebaugh,16489.50709,2023
104678,WP&A King,10910.33883,2023
101736,WP&A Lost Hills,62983.52376,2023
104618,"WWF Operating Company, LLC",17733.28318,2023
100322,Yuba City Cogeneration Partners LP,9538.815355,2023
