FacilityId,exit_year,emissions,eligible,elig_5yr_25k,elig_3yr_15k,threshold_bound,always_covered,naics3,state,n_years,plant_code,plant_name,dist_km,name_score,match_confidence,has_eia,eia_last_operable,operable_after_exit,operable_2yr_after,generating_after_exit,generating_2yr_after,eia_last_generating,verdict,verdict_generation
1000006,2018,9745.016,False,False,False,True,False,327,MA,9,54805,Milford Power LP,0.5409910867101778,0.3333333333333333,medium,True,2023.0,True,True,True,True,2023.0,disclosure exit (plant still operable),disclosure exit (still generating)
1000033,2019,0.0,True,False,True,True,False,221,CA,10,50300,VESI Pomona,,,crosswalk,True,2023.0,True,True,False,False,2016.0,disclosure exit (plant still operable),closure (generation stopped)
1000055,2010,0.0,False,False,False,False,True,221,NJ,1,50797,Newark Power Plant,,,crosswalk,True,,False,False,False,False,,ambiguous,ambiguous
1000057,2015,0.0,True,True,True,False,True,221,NV,6,55494,Tri Center Naniwa Energy,,,crosswalk,True,2016.0,True,False,False,False,,disclosure exit (plant still operable),ambiguous
1000058,2012,6648.324,True,False,True,False,True,221,CA,3,55499,CalPeak Power Vaca Dixon Peaker Plant,,,crosswalk,True,2023.0,True,True,True,True,2023.0,disclosure exit (plant still operable),disclosure exit (still generating)
1000065,2014,9132.516,True,True,True,False,True,221,CA,5,55510,CalPeak Power Border Peaker Plant,,,crosswalk,True,2023.0,True,True,True,True,2023.0,disclosure exit (plant still operable),disclosure exit (still generating)
1000067,2016,4981.932,True,False,True,False,True,221,CA,7,55512,Cuyamaca Peak Energy Plant,,,crosswalk,True,2023.0,True,True,True,True,2023.0,disclosure exit (plant still operable),disclosure exit (still generating)
1000072,2021,22123.116,True,True,False,True,False,336,CA,11,57808,Lockheed Martin Sunnyvale,0.8039225952668179,0.4,high,True,2021.0,False,False,True,False,2022.0,closure (plant stopped operating),disclosure exit (still generating)
1000075,2015,1389.396,True,True,True,False,True,221,CA,6,55540,Chula Vista Energy Center,,,crosswalk,True,2023.0,True,True,True,True,2023.0,disclosure exit (plant still operable),disclosure exit (still generating)
1000078,2012,4821.932,True,False,True,False,True,221,WI,3,55558,Combined Locks Energy Center,,,crosswalk,True,2023.0,True,True,True,False,2023.0,disclosure exit (plant still operable),disclosure exit (still generating)
1000080,2014,6638.076,True,True,True,False,True,221,CA,5,55625,Creed Energy Center,,,crosswalk,True,2023.0,True,True,True,True,2023.0,disclosure exit (plant still operable),disclosure exit (still generating)
1000081,2014,6722.424,True,True,True,False,True,221,CA,5,55626,Lambie Energy Center,,,crosswalk,True,2023.0,True,True,True,True,2023.0,disclosure exit (plant still operable),disclosure exit (still generating)
1000082,2014,7003.624,True,True,True,False,True,221,CA,5,55627,Goose Haven Energy Center,,,crosswalk,True,2023.0,True,True,True,True,2023.0,disclosure exit (plant still operable),disclosure exit (still generating)
1000096,2019,32559.18,False,False,False,False,True,221,IL,10,55281,Southeast Chicago Energy Project,,,crosswalk,True,2023.0,True,True,False,False,2019.0,disclosure exit (plant still operable),closure (generation stopped)
1000115,2018,0.0,True,False,True,False,True,221,FL,9,55192,Osceola Generating Station (FL),,,crosswalk,True,2023.0,True,True,False,False,2023.0,disclosure exit (plant still operable),ambiguous
1000126,2010,0.0,False,False,False,False,True,221,OR,1,55683,Morrow Power Project,,,crosswalk,True,,False,False,False,False,,ambiguous,ambiguous
1000149,2022,11.1,True,True,True,False,True,221,MN,13,10075,Taconite Harbor Energy Center,,,crosswalk,True,2022.0,False,False,False,False,2016.0,closure (plant stopped operating),closure (generation stopped)
1000155,2015,81.0,True,True,True,True,False,221,IN,6,1011,Broadway (IN),,,crosswalk,True,2018.0,True,True,True,True,2018.0,disclosure exit (plant still operable),disclosure exit (still generating)
1000172,2016,1947.656,True,True,True,False,True,221,TX,5,55708,Nacogdoches Power,,,crosswalk,True,2023.0,True,True,True,True,2023.0,disclosure exit (plant still operable),disclosure exit (still generating)
1000177,2011,2529068.242,False,False,False,True,False,331,OH,2,54207,Clevelandcliffs Warren,,,crosswalk,True,2023.0,True,True,True,True,2023.0,disclosure exit (plant still operable),disclosure exit (still generating)
1000188,2014,62.625,True,False,True,False,True,221,CO,5,508,Lamar Plant,,,crosswalk,True,2023.0,True,True,True,True,2023.0,disclosure exit (plant still operable),disclosure exit (still generating)
1000199,2015,63.2,True,True,True,True,False,221,NE,6,2243,Don Henry,,,crosswalk,True,2023.0,True,True,False,False,2023.0,disclosure exit (plant still operable),ambiguous
1000200,2016,7189.17,True,True,False,False,True,221,NC,7,1016,Butler-Warner Generation Plant,,,crosswalk,True,2023.0,True,True,True,True,2023.0,disclosure exit (plant still operable),disclosure exit (still generating)
1000202,2022,5365.24,True,False,True,True,False,486,IA,13,7849,Knoxville Industrial,3.785010622881853,0.2,medium,True,2023.0,True,False,True,False,2023.0,disclosure exit (plant still operable),disclosure exit (still generating)
1000208,2012,1574.546,True,False,True,False,True,221,OH,3,55262,Bowling Green Generating Station,,,crosswalk,True,2023.0,True,True,True,True,2023.0,disclosure exit (plant still operable),disclosure exit (still generating)
1000209,2012,2292.692,True,False,True,False,True,221,OH,3,7783,Bowling Green Peaking,,,crosswalk,True,2023.0,True,True,True,True,2023.0,disclosure exit (plant still operable),disclosure exit (still generating)
1000221,2014,9131.052,True,True,True,False,True,221,CT,5,6635,A L Pierce,,,crosswalk,True,2023.0,True,True,True,True,2022.0,disclosure exit (plant still operable),disclosure exit (still generating)
1000224,2016,8767.968,True,True,True,False,True,221,CA,7,7987,Lake One,,,crosswalk,True,2023.0,True,True,True,True,2023.0,disclosure exit (plant still operable),disclosure exit (still generating)
1000225,2021,69232.782,False,False,False,True,False,221,NC,12,10378,CPI USA NC Southport,,,crosswalk,True,2020.0,False,False,False,False,2021.0,closure (plant stopped operating),closure (generation stopped)
1000226,2021,41023.084,False,False,False,True,False,221,NC,12,10379,CPI USA NC Roxboro,,,crosswalk,True,2020.0,False,False,False,False,2021.0,closure (plant stopped operating),closure (generation stopped)
1000227,2013,45635.718,False,False,False,True,False,221,NC,4,10381,Coastal Carolina Clean Power,,,crosswalk,True,2014.0,True,False,True,False,2014.0,disclosure exit (plant still operable),disclosure exit (still generating)
1000231,2018,160696.72,False,False,False,False,True,221,NC,9,10384,Edgecombe Genco LLC,,,crosswalk,True,2018.0,False,False,False,False,2018.0,closure (plant stopped operating),closure (generation stopped)
1000235,2016,11103.358,False,False,False,True,False,324,PA,7,54532,Shenango Neville Island Coke Works,,,crosswalk,True,,False,False,False,False,,ambiguous,ambiguous
1000252,2019,165721.526,False,False,False,True,False,221,VA,10,10377,James River Genco LLC,,,crosswalk,True,2018.0,False,False,False,False,2019.0,closure (plant stopped operating),closure (generation stopped)
1000257,2018,68689.384,False,False,False,False,True,221,VA,9,52007,Mecklenburg Power Station,,,crosswalk,True,2018.0,False,False,False,False,2018.0,closure (plant stopped operating),closure (generation stopped)
1000259,2021,95851.676,False,False,False,False,True,221,VA,12,54304,Birchwood Power,,,crosswalk,True,2020.0,False,False,False,False,2021.0,closure (plant stopped operating),closure (generation stopped)
1000266,2015,18212.032,True,True,False,False,True,221,NY,6,55600,Binghamton Cogen,,,crosswalk,True,2020.0,True,True,True,True,2018.0,disclosure exit (plant still operable),disclosure exit (still generating)
1000275,2017,26116.432,False,False,False,True,False,325,WV,8,57917,Bayer CropScience Institute Plant,0.530867450199277,1.0,high,True,2014.0,False,False,False,False,2015.0,closure (plant stopped operating),closure (generation stopped)
1000280,2014,10964.36,True,True,True,False,True,221,CA,5,55855,Wolfskill Energy Center,,,crosswalk,True,2023.0,True,True,True,True,2023.0,disclosure exit (plant still operable),disclosure exit (still generating)
1000281,2014,0.0,False,False,False,False,True,221,TX,5,10670,AES Deepwater,,,crosswalk,True,2012.0,False,False,False,False,2013.0,closure (plant stopped operating),closure (generation stopped)
1000285,2014,18833.136,True,True,False,False,True,221,MN,5,55867,Benson Power Biomass Plant,,,crosswalk,True,2017.0,True,True,True,True,2018.0,disclosure exit (plant still operable),disclosure exit (still generating)
1000289,2015,410882.904,False,False,False,True,False,211,CA,6,52077,Lost Hills Cogeneration Plant,3.8146467087034615,0.3333333333333333,medium,True,2023.0,True,True,True,True,2023.0,disclosure exit (plant still operable),disclosure exit (still generating)
1000294,2016,0.0,False,False,False,True,False,221,VA,7,10071,Portsmouth Genco LLC,,,crosswalk,True,2015.0,False,False,False,False,2015.0,closure (plant stopped operating),closure (generation stopped)
1000295,2020,0.0,False,False,False,False,True,221,VA,11,54081,Spruance Operating Services LLC,,,crosswalk,True,2023.0,True,True,True,True,2023.0,disclosure exit (plant still operable),disclosure exit (still generating)
1000296,2014,8.0,True,False,True,True,False,313,TN,5,10797,Old Hickory Plant,,,crosswalk,True,2010.0,False,False,False,False,2010.0,closure (plant stopped operating),closure (generation stopped)
1000314,2012,0.0,True,False,True,False,True,221,CA,3,55875,Gates Peaker,,,crosswalk,True,2012.0,False,False,False,False,2011.0,closure (plant stopped operating),closure (generation stopped)
1000320,2017,5221.722,False,False,False,True,False,221,NC,8,54035,Roanoke Valley Energy Facility I,,,crosswalk,True,2016.0,False,False,False,False,2017.0,closure (plant stopped operating),closure (generation stopped)
1000321,2014,11468.908,True,True,True,False,True,221,CA,5,55963,Riverview Energy Center,,,crosswalk,True,2023.0,True,True,True,True,2023.0,disclosure exit (plant still operable),disclosure exit (still generating)
1000333,2016,3214.988,True,True,True,False,True,221,MI,7,1730,Hancock,,,crosswalk,True,2023.0,True,True,True,True,2023.0,disclosure exit (plant still operable),disclosure exit (still generating)
1000339,2014,11367.75,True,True,True,False,True,562,CA,5,57876,Santa Cruz Energy,0.3413167577034222,0.4,high,True,2023.0,True,True,True,True,2023.0,disclosure exit (plant still operable),disclosure exit (still generating)
1000340,2022,3890210.062,False,False,False,False,True,221,IL,13,887,Joppa Steam,,,crosswalk,True,2021.0,False,False,False,False,2022.0,closure (plant stopped operating),closure (generation stopped)
1000341,2012,143749.51,False,False,False,True,False,221,CA,3,52115,Ingredion Stockton,0.0555682776541965,0.1666666666666666,medium,True,2017.0,True,True,True,True,2018.0,disclosure exit (plant still operable),disclosure exit (still generating)
1000369,2014,1197.5,True,True,True,False,True,562,CA,5,10635,"Corona Energy Partners, Ltd",2.3146331378032463,0.3333333333333333,medium,True,2016.0,True,True,True,True,2017.0,disclosure exit (plant still operable),disclosure exit (still generating)
1000374,2014,16014.2,True,True,False,False,True,562,KY,5,56977,Mason County LFGTE,0.7076912479287697,0.1666666666666666,medium,True,2014.0,False,False,False,False,2012.0,closure (plant stopped operating),closure (generation stopped)
1000391,2013,0.0,True,False,True,True,False,562,NC,4,50271,New Hanover County WASTEC,0.0142908176982487,1.0,high,True,2012.0,False,False,False,False,2011.0,closure (plant stopped operating),closure (generation stopped)
1000412,2021,7627.926,True,False,True,False,True,221,NC,12,50555,Rosemary Power Station,,,crosswalk,True,2023.0,True,True,True,True,2023.0,disclosure exit (plant still operable),disclosure exit (still generating)
1000428,2016,2756.916,False,False,False,True,False,322,OR,7,56124,SPFT - Newberg Cogen,0.1955716176487499,0.1666666666666666,medium,True,2015.0,False,False,False,False,2016.0,closure (plant stopped operating),closure (generation stopped)
1000433,2012,1444.196,True,False,True,False,True,221,WI,3,55836,Island Street Peaking Plant,,,crosswalk,True,2023.0,True,True,True,True,2023.0,disclosure exit (plant still operable),disclosure exit (still generating)
1000469,2020,0.0,False,False,False,False,True,221,CA,11,55853,Inland Empire Energy Center,,,crosswalk,True,2019.0,False,False,False,False,2019.0,closure (plant stopped operating),closure (generation stopped)
1000492,2014,2931.058,True,False,True,True,False,221,FL,5,10333,Florida Power Development,,,crosswalk,True,2017.0,True,True,True,True,2018.0,disclosure exit (plant still operable),disclosure exit (still generating)
1000496,2016,143025.53,False,False,False,True,False,221,FL,7,10672,Cedar Bay Generating Company LP,,,crosswalk,True,2015.0,False,False,False,False,2016.0,closure (plant stopped operating),closure (generation stopped)
1000499,2018,268294.224,False,False,False,False,True,221,TX,9,52071,Sandow No 5,,,crosswalk,True,2017.0,False,False,False,False,2018.0,closure (plant stopped operating),closure (generation stopped)
1000502,2015,10253.712,True,True,True,False,True,221,KY,6,56556,PPS Power Plant No 1,,,crosswalk,True,2023.0,True,True,True,True,2023.0,disclosure exit (plant still operable),disclosure exit (still generating)
1000503,2017,5721.78,False,False,False,False,True,221,TX,8,10741,Clear Lake Cogeneration Ltd,,,crosswalk,True,2016.0,False,False,False,False,2017.0,closure (plant stopped operating),closure (generation stopped)
1000505,2018,8108.296,False,False,False,False,True,221,FL,9,50976,Indiantown Cogeneration LP,,,crosswalk,True,2019.0,True,False,False,False,2018.0,disclosure exit (plant still operable),closure (generation stopped)
1000506,2020,0.0,True,False,True,False,True,221,CA,11,50864,Sargent Canyon Cogeneration,,,crosswalk,True,2023.0,True,True,False,False,2016.0,disclosure exit (plant still operable),closure (generation stopped)
1000515,2014,8046.22,True,True,True,False,True,221,CA,5,56472,Grapeland Hybrid,,,crosswalk,True,2023.0,True,True,True,True,2023.0,disclosure exit (plant still operable),disclosure exit (still generating)
1000516,2014,9637.364,True,True,True,False,True,221,CA,5,56473,Mira Loma Peaker,,,crosswalk,True,2023.0,True,True,True,True,2023.0,disclosure exit (plant still operable),disclosure exit (still generating)
1000517,2014,16314.54,True,True,False,False,True,221,CA,5,56474,Barre Peaker,,,crosswalk,True,2023.0,True,True,True,True,2023.0,disclosure exit (plant still operable),disclosure exit (still generating)
1000518,2014,10834.26,True,True,True,False,True,221,CA,5,56475,Center Hybrid,,,crosswalk,True,2023.0,True,True,True,True,2023.0,disclosure exit (plant still operable),disclosure exit (still generating)
1000519,2014,14976.544,True,False,True,False,True,221,CA,3,56471,McGrath Peaker,,,crosswalk,True,2023.0,True,True,True,True,2023.0,disclosure exit (plant still operable),disclosure exit (still generating)
1000532,2012,26283.552,False,False,False,True,False,221,FL,1,672,Hansel,,,crosswalk,True,2011.0,False,False,False,False,2012.0,closure (plant stopped operating),closure (generation stopped)
1000549,2018,17806.084,False,False,False,True,False,221,CA,9,10812,North Island Energy Facility,,,crosswalk,True,2017.0,False,False,False,False,2018.0,closure (plant stopped operating),closure (generation stopped)
1000551,2018,1511.244,True,False,True,False,True,221,FL,9,55833,Auburndale Peaker Energy Center,,,crosswalk,True,2017.0,False,False,False,False,2018.0,closure (plant stopped operating),closure (generation stopped)
1000553,2011,2330491.27,False,False,False,True,False,331,MD,2,10485,"RG Steel Sparrows Point, LLC",,,crosswalk,True,2011.0,False,False,True,False,2012.0,closure (plant stopped operating),disclosure exit (still generating)
1000560,2015,9367.316,True,True,True,False,True,221,CA,6,57001,El Cajon Energy Center,,,crosswalk,True,2023.0,True,True,True,True,2023.0,disclosure exit (plant still operable),disclosure exit (still generating)
1000572,2016,9047.228,True,False,True,False,True,221,CA,3,54238,Stockton Biomass,,,crosswalk,True,2023.0,True,True,True,True,2023.0,disclosure exit (plant still operable),disclosure exit (still generating)
1000573,2015,6623.076,True,True,True,True,False,221,LA,6,1401,Buras,,,crosswalk,True,2017.0,True,True,True,True,2018.0,disclosure exit (plant still operable),disclosure exit (still generating)
1000574,2015,0.0,True,False,True,True,False,221,AR,6,171,Mabelvale,,,crosswalk,True,2015.0,False,False,False,False,2014.0,closure (plant stopped operating),closure (generation stopped)
1000576,2012,0.0,False,False,False,True,False,221,WY,3,4151,Osage (WY),,,crosswalk,True,2013.0,True,False,False,False,2010.0,disclosure exit (plant still operable),closure (generation stopped)
1000577,2016,41283.344,False,False,False,True,False,221,ID,7,54579,Rupert Cogen Project,,,crosswalk,True,2015.0,False,False,False,False,2016.0,closure (plant stopped operating),closure (generation stopped)
1000578,2014,15.3,True,True,True,True,False,221,ID,5,54578,Glenns Ferry Cogen Facility,,,crosswalk,True,2016.0,True,True,False,False,,disclosure exit (plant still operable),ambiguous
1000579,2014,44.7,True,True,True,True,False,221,CO,5,460,Pueblo,,,crosswalk,True,2023.0,True,True,False,False,2011.0,disclosure exit (plant still operable),closure (generation stopped)
1000585,2018,112258.432,False,False,False,False,True,221,KS,9,1242,Murray Gill,,,crosswalk,True,2017.0,False,False,False,False,2018.0,closure (plant stopped operating),closure (generation stopped)
1000594,2019,3957.336,False,False,False,False,True,221,CA,10,10350,Greenleaf 1,,,crosswalk,True,2023.0,False,False,False,True,2023.0,ambiguous,ambiguous
1000598,2014,61464.072,False,False,False,True,False,221,WY,5,4150,Neil Simpson,,,crosswalk,True,2013.0,False,False,False,False,2014.0,closure (plant stopped operating),closure (generation stopped)
1000634,2018,75530.316,False,False,False,True,False,325,MS,9,54918,Ergon Refining Vicksburg,1.2159238669408865,0.25,medium,True,2023.0,True,True,True,True,2023.0,disclosure exit (plant still operable),disclosure exit (still generating)
1000643,2015,2228.688,True,True,True,True,False,221,KS,6,1296,Kingman Municipal Power and Light Plant,,,crosswalk,True,2023.0,True,True,True,True,2022.0,disclosure exit (plant still operable),disclosure exit (still generating)
1000645,2020,416.794,True,True,True,True,False,221,MD,11,1559,Riverside (MD),,,crosswalk,True,2018.0,False,False,False,False,2019.0,closure (plant stopped operating),closure (generation stopped)
1000646,2020,2897.44,False,False,False,False,True,221,MD,11,1560,Westport,,,crosswalk,True,2019.0,False,False,False,False,2020.0,closure (plant stopped operating),closure (generation stopped)
1000647,2014,20871.26,True,True,False,False,True,221,MD,5,1564,Vienna Operations,,,crosswalk,True,2023.0,True,True,True,True,2023.0,disclosure exit (plant still operable),disclosure exit (still generating)
1000648,2012,84807.75,False,False,False,False,True,221,MD,3,1570,FirstEnergy R Paul Smith Power Station,,,crosswalk,True,2011.0,False,False,False,False,2012.0,closure (plant stopped operating),closure (generation stopped)
1000659,2015,0.0,False,False,False,False,True,221,MA,6,1606,Mount Tom,,,crosswalk,True,2013.0,False,False,False,False,2014.0,closure (plant stopped operating),closure (generation stopped)
1000660,2010,1591.991,False,False,False,False,True,221,NJ,1,1613,Somerset Station,,,crosswalk,True,2010.0,False,False,False,False,2010.0,closure (plant stopped operating),closure (generation stopped)
1000661,2014,277700.498,False,False,False,False,True,221,MA,5,1626,Salem Harbor,,,crosswalk,True,2013.0,False,False,False,False,2014.0,closure (plant stopped operating),closure (generation stopped)
1000663,2020,2510.436,True,False,True,False,True,221,MA,11,1642,Essential Power Massachusetts LLC,,,crosswalk,True,2021.0,True,False,True,True,2022.0,disclosure exit (plant still operable),disclosure exit (still generating)
1000666,2015,8170.362,True,True,True,False,True,221,MA,6,1678,Waters River,,,crosswalk,True,2023.0,True,True,True,True,2023.0,disclosure exit (plant still operable),disclosure exit (still generating)
1000668,2016,541558.588,False,False,False,False,True,221,MI,7,1695,B C Cobb,,,crosswalk,True,2015.0,False,False,False,False,2016.0,closure (plant stopped operating),closure (generation stopped)
1000672,2016,457494.096,False,False,False,False,True,221,MI,7,1723,J R Whiting,,,crosswalk,True,2015.0,False,False,False,False,2016.0,closure (plant stopped operating),closure (generation stopped)
1000673,2013,338.648,True,False,True,False,True,221,MI,4,1726,Conners Creek,,,crosswalk,True,2012.0,False,False,False,False,2013.0,closure (plant stopped operating),closure (generation stopped)
1000677,2022,43.2,False,False,False,True,False,221,MI,13,1740,River Rouge,,,crosswalk,True,2023.0,True,False,False,False,2021.0,disclosure exit (plant still operable),closure (generation stopped)
1000680,2019,306464.254,False,False,False,False,True,221,MI,10,1769,Presque Isle,,,crosswalk,True,2018.0,False,False,False,False,2019.0,closure (plant stopped operating),closure (generation stopped)
1000681,2018,536.048,False,False,False,False,True,221,MI,9,1830,James De Young,,,crosswalk,True,2016.0,False,False,False,False,2016.0,closure (plant stopped operating),closure (generation stopped)
1000684,2019,0.0,False,False,False,False,True,221,MI,10,1843,Shiras,,,crosswalk,True,2018.0,False,False,False,False,2018.0,closure (plant stopped operating),closure (generation stopped)
1000685,2014,3520.288,True,True,False,False,True,221,MN,5,1888,Fox Lake,,,crosswalk,True,2016.0,True,True,True,True,2017.0,disclosure exit (plant still operable),disclosure exit (still generating)
1000694,2021,147982.728,False,False,False,False,True,221,MN,12,1943,Hoot Lake,,,crosswalk,True,2023.0,True,True,True,True,2023.0,disclosure exit (plant still operable),disclosure exit (still generating)
1000699,2022,186108.758,False,False,False,False,True,221,MS,13,2050,Baxter Wilson,,,crosswalk,True,2022.0,False,False,False,False,2022.0,closure (plant stopped operating),closure (generation stopped)
1000700,2012,0.0,True,False,True,False,True,221,MS,3,2051,Delta (MS),,,crosswalk,True,2011.0,False,False,False,False,2010.0,closure (plant stopped operating),closure (generation stopped)
1000701,2012,0.0,True,False,True,False,True,221,MS,3,2052,Natchez,,,crosswalk,True,2010.0,False,False,False,False,,closure (plant stopped operating),ambiguous
1000702,2019,77120.062,False,False,False,False,True,221,MS,10,2053,Rex Brown,,,crosswalk,True,2018.0,False,False,False,False,2019.0,closure (plant stopped operating),closure (generation stopped)
1000706,2018,967669.078,False,False,False,False,True,221,MO,9,2094,Sibley,,,crosswalk,True,2017.0,False,False,False,False,2018.0,closure (plant stopped operating),closure (generation stopped)
1000717,2016,1.8,True,False,True,False,True,221,MO,7,2169,Chamois,,,crosswalk,True,2014.0,False,False,False,False,2012.0,closure (plant stopped operating),closure (generation stopped)
1000718,2012,7698.62,True,False,True,False,True,221,MT,3,2176,Glendive GT,,,crosswalk,True,2023.0,True,True,True,True,2023.0,disclosure exit (plant still operable),disclosure exit (still generating)
1000720,2015,167310.8,False,False,False,False,True,221,MT,6,2187,J E Corette Plant,,,crosswalk,True,2014.0,False,False,False,False,2015.0,closure (plant stopped operating),closure (generation stopped)
1000727,2012,0.0,True,False,True,False,True,221,NV,3,2326,Sunrise,,,crosswalk,True,2010.0,False,False,False,False,,closure (plant stopped operating),ambiguous
1000732,2018,16139.7,False,False,False,False,True,221,NJ,9,2378,B L England,,,crosswalk,True,2018.0,False,False,False,False,2018.0,closure (plant stopped operating),closure (generation stopped)
1000734,2014,4962.018,True,True,False,False,True,221,NJ,5,2380,Cedar Station,,,crosswalk,True,2014.0,False,False,True,False,2015.0,closure (plant stopped operating),disclosure exit (still generating)
1000735,2014,2453.062,True,True,True,False,True,221,NJ,5,2382,Middle Station,,,crosswalk,True,2014.0,False,False,True,False,2015.0,closure (plant stopped operating),disclosure exit (still generating)
1000737,2014,518.948,False,False,False,False,True,221,NJ,5,2384,Deepwater,,,crosswalk,True,2013.0,False,False,False,False,2014.0,closure (plant stopped operating),closure (generation stopped)
1000738,2014,2543.858,True,True,True,False,True,221,NJ,5,2385,Werner,,,crosswalk,True,2014.0,False,False,False,False,2014.0,closure (plant stopped operating),closure (generation stopped)
1000740,2014,2929.764,True,True,True,False,True,221,NJ,5,2390,Sayreville,,,crosswalk,True,2023.0,True,True,True,True,2022.0,disclosure exit (plant still operable),disclosure exit (still generating)
1000744,2017,2427.492,True,False,True,True,False,221,NJ,8,2400,PSEG Edison Generating Station,,,crosswalk,True,2014.0,False,False,False,False,2015.0,closure (plant stopped operating),closure (generation stopped)
1000745,2022,636.448,True,True,True,False,True,221,NJ,13,2401,PSEG Essex Generating Station,,,crosswalk,True,2021.0,False,False,False,False,2022.0,closure (plant stopped operating),closure (generation stopped)
1000746,2017,14938.24,False,False,False,False,True,221,NJ,8,2403,PSEG Hudson Generating Station,,,crosswalk,True,2016.0,False,False,False,False,2016.0,closure (plant stopped operating),closure (generation stopped)
1000748,2017,326.898,False,False,False,False,True,221,NJ,8,2408,PSEG Mercer Generating Station,,,crosswalk,True,2016.0,False,False,False,False,2016.0,closure (plant stopped operating),closure (generation stopped)
1000750,2013,7389.48,True,False,True,False,True,221,NJ,4,2410,PSEG Salem Generating Station,,,crosswalk,True,2023.0,True,True,True,True,2023.0,disclosure exit (plant still operable),disclosure exit (still generating)
1000760,2010,88169.398,False,False,False,False,True,221,NY,1,2491,Charles Poletti,,,crosswalk,True,,False,False,False,False,2010.0,ambiguous,closure (generation stopped)
1000762,2015,485.992,True,True,True,True,False,221,NY,6,2496,Hudson Avenue,,,crosswalk,True,2021.0,True,True,True,True,2022.0,disclosure exit (plant still operable),disclosure exit (still generating)
1000770,2013,0.0,False,False,False,False,True,221,NY,4,2513,Far Rockaway,,,crosswalk,True,2011.0,False,False,False,False,2012.0,closure (plant stopped operating),closure (generation stopped)
1000772,2015,1154.132,True,True,True,False,True,221,NY,6,2521,West Babylon,,,crosswalk,True,2023.0,True,True,True,True,2021.0,disclosure exit (plant still operable),disclosure exit (still generating)
1000773,2013,0.0,True,False,True,False,True,221,NY,4,2526,GMMM Westover,,,crosswalk,True,2012.0,False,False,False,False,2010.0,closure (plant stopped operating),closure (generation stopped)
1000778,2017,0.0,False,False,False,False,True,221,NY,8,2549,C R Huntley Generating Station,,,crosswalk,True,2015.0,False,False,False,False,2016.0,closure (plant stopped operating),closure (generation stopped)
1000779,2019,544.648,True,False,True,False,True,221,NY,10,2554,Dunkirk Generating Plant,,,crosswalk,True,2021.0,True,True,False,False,2015.0,disclosure exit (plant still operable),closure (generation stopped)
1000820,2015,9946.764,True,True,False,False,True,221,MO,6,55447,Columbia Energy Center,,,crosswalk,True,2023.0,True,True,True,True,2023.0,disclosure exit (plant still operable),disclosure exit (still generating)
1000829,2016,4725.128,True,True,True,True,False,221,NC,7,2716,W H Weatherspoon,,,crosswalk,True,2023.0,True,True,False,True,2023.0,disclosure exit (plant still operable),ambiguous
1000835,2013,135625.426,False,False,False,False,True,221,NC,4,2732,Riverbend,,,crosswalk,True,2012.0,False,False,False,False,2013.0,closure (plant stopped operating),closure (generation stopped)
1000838,2017,185976.752,False,False,False,False,True,221,ND,8,2824,Stanton,,,crosswalk,True,2016.0,False,False,False,False,2017.0,closure (plant stopped operating),closure (generation stopped)
1000840,2015,0.0,False,False,False,False,True,221,OH,6,2830,Walter C Beckjord,,,crosswalk,True,2023.0,True,True,False,False,2014.0,disclosure exit (plant still operable),closure (generation stopped)
1000843,2022,435781.302,False,False,False,False,True,221,OH,13,2836,Avon Lake,,,crosswalk,True,2021.0,False,False,False,False,2022.0,closure (plant stopped operating),closure (generation stopped)
1000844,2015,63423.352,False,False,False,False,True,221,OH,6,2838,FirstEnergy Lake Shore,,,crosswalk,True,2014.0,False,False,False,False,2015.0,closure (plant stopped operating),closure (generation stopped)
1000845,2020,1109793.152,False,False,False,False,True,221,OH,11,2840,Conesville,,,crosswalk,True,2019.0,False,False,False,False,2020.0,closure (plant stopped operating),closure (generation stopped)
1000846,2015,0.0,False,False,False,False,True,221,OH,6,2843,Picway,,,crosswalk,True,2014.0,False,False,False,False,2013.0,closure (plant stopped operating),closure (generation stopped)
1000848,2014,0.0,False,False,False,False,True,221,OH,5,2848,O H Hutchings,,,crosswalk,True,2023.0,True,True,False,True,2023.0,disclosure exit (plant still operable),ambiguous
1000849,2018,2046292.354,False,False,False,False,True,221,OH,9,2850,J M Stuart,,,crosswalk,True,2017.0,False,False,False,False,2018.0,closure (plant stopped operating),closure (generation stopped)
1000850,2015,222.146,True,False,True,True,False,221,OH,6,2861,Niles Power Plant,,,crosswalk,True,2023.0,True,True,False,False,2013.0,disclosure exit (plant still operable),closure (generation stopped)
1000852,2015,1326669.31,False,False,False,False,True,221,OH,6,2872,Muskingum River,,,crosswalk,True,2014.0,False,False,False,False,2015.0,closure (plant stopped operating),closure (generation stopped)
1000856,2019,2202.54,True,True,True,False,True,221,OH,10,2917,Hamilton (OH),,,crosswalk,True,2023.0,True,True,True,True,2023.0,disclosure exit (plant still operable),disclosure exit (still generating)
1000867,2013,0.0,False,False,False,False,True,221,PA,4,3098,Elrama Power Plant,,,crosswalk,True,2012.0,False,False,False,False,2012.0,closure (plant stopped operating),closure (generation stopped)
1000873,2022,6783.586,True,True,True,False,True,221,PA,13,3113,Portland (PA),,,crosswalk,True,2023.0,True,False,False,False,2022.0,disclosure exit (plant still operable),closure (generation stopped)
1000875,2016,181.696,True,False,True,False,True,221,PA,7,3115,Titus,,,crosswalk,True,2023.0,True,True,False,True,2022.0,disclosure exit (plant still operable),ambiguous
1000880,2022,8814.416,True,True,True,True,False,221,PA,9,3132,Warren,,,crosswalk,True,2023.0,True,False,True,False,2023.0,disclosure exit (plant still operable),disclosure exit (still generating)
1000896,2013,0.0,False,False,False,False,True,221,PA,4,3159,Cromby Generating Station,,,crosswalk,True,2010.0,False,False,False,False,2011.0,closure (plant stopped operating),closure (generation stopped)
1000900,2021,212.646,True,True,True,True,False,221,PA,12,3169,Schuylkill Generating Station,,,crosswalk,True,2023.0,True,True,True,True,2023.0,disclosure exit (plant still operable),disclosure exit (still generating)
1000902,2013,7346997.518,False,False,False,False,True,221,PA,4,3179,Hatfields Ferry Power Station,,,crosswalk,True,2012.0,False,False,False,False,2013.0,closure (plant stopped operating),closure (generation stopped)
1000913,2013,0.0,False,False,False,False,True,221,SC,4,3317,Dolphus M Grainger,,,crosswalk,True,2011.0,False,False,False,False,2011.0,closure (plant stopped operating),closure (generation stopped)
1000914,2015,0.0,True,False,True,False,True,221,SC,6,3319,Jefferies,,,crosswalk,True,2023.0,True,True,True,True,2023.0,disclosure exit (plant still operable),disclosure exit (still generating)
1000932,2018,0.0,True,True,True,False,True,221,TX,9,3468,Sam Bertron,,,crosswalk,True,2018.0,False,False,False,False,2013.0,closure (plant stopped operating),closure (generation stopped)
1000935,2020,0.0,True,True,True,False,True,221,TX,11,3477,Lone Star,,,crosswalk,True,2019.0,False,False,False,False,2019.0,closure (plant stopped operating),closure (generation stopped)
1000938,2013,42443.992,False,False,False,False,True,221,TX,4,3483,Moore County,,,crosswalk,True,2012.0,False,False,False,False,2013.0,closure (plant stopped operating),closure (generation stopped)
1000948,2011,0.0,False,False,False,False,True,221,TX,2,3508,Valley (TX),,,crosswalk,True,2014.0,True,True,False,False,2010.0,disclosure exit (plant still operable),closure (generation stopped)
1000952,2015,0.0,True,True,True,True,False,221,TX,6,3561,Bryan (TX),,,crosswalk,True,2023.0,True,True,True,True,2023.0,disclosure exit (plant still operable),disclosure exit (still generating)
1000953,2013,0.0,True,False,True,False,True,221,TX,3,3574,C E Newman,,,crosswalk,True,2010.0,False,False,False,False,,closure (plant stopped operating),ambiguous
1000960,2015,412738.376,False,False,False,False,True,221,UT,6,3644,Carbon,,,crosswalk,True,2014.0,False,False,False,False,2015.0,closure (plant stopped operating),closure (generation stopped)
1000962,2015,72679.724,False,False,False,False,True,221,VA,6,3776,Glen Lyn,,,crosswalk,True,2014.0,False,False,False,False,2015.0,closure (plant stopped operating),closure (generation stopped)
1000963,2018,8901.768,False,False,False,False,True,221,VA,9,3796,Bremo Bluff,,,crosswalk,True,2018.0,False,False,False,False,2018.0,closure (plant stopped operating),closure (generation stopped)
1000965,2017,128.3,True,False,True,True,False,221,VA,8,3803,Chesapeake,,,crosswalk,True,2023.0,True,True,True,True,2023.0,disclosure exit (plant still operable),disclosure exit (still generating)
1000968,2018,0.0,True,False,True,False,True,221,WV,9,3936,Kanawha River,,,crosswalk,True,2016.0,False,False,False,False,2015.0,closure (plant stopped operating),closure (generation stopped)
1000969,2015,557803.198,False,False,False,False,True,221,WV,6,3938,Philip Sporn,,,crosswalk,True,2014.0,False,False,False,False,2015.0,closure (plant stopped operating),closure (generation stopped)
1000970,2012,190230.844,False,False,False,False,True,221,WV,3,3942,FirstEnergy Albright,,,crosswalk,True,2011.0,False,False,False,False,2012.0,closure (plant stopped operating),closure (generation stopped)
1000972,2014,0.0,False,False,False,False,True,221,SC,5,3280,Canadys Steam,,,crosswalk,True,2012.0,False,False,False,False,2013.0,closure (plant stopped operating),closure (generation stopped)
1000973,2019,11450.042,True,True,False,False,True,221,SC,10,3285,Hagood,,,crosswalk,True,2023.0,True,True,True,True,2023.0,disclosure exit (plant still operable),disclosure exit (still generating)
1000974,2012,7802.538,False,False,False,False,True,221,WV,3,3945,FirstEnergy Rivesville,,,crosswalk,True,2011.0,False,False,False,False,2010.0,closure (plant stopped operating),closure (generation stopped)
1000975,2015,226226.002,False,False,False,False,True,221,WV,6,3947,Kammer,,,crosswalk,True,2014.0,False,False,False,False,2015.0,closure (plant stopped operating),closure (generation stopped)
1000984,2015,1321974.29,False,False,False,False,True,221,WI,6,4054,Nelson Dewey Generating Station,,,crosswalk,True,2014.0,False,False,False,False,2015.0,closure (plant stopped operating),closure (generation stopped)
1000988,2014,81182.572,False,False,False,False,True,221,WI,5,4140,Alma,,,crosswalk,True,2013.0,False,False,False,False,2014.0,closure (plant stopped operating),closure (generation stopped)
1000989,2014,6006.728,True,True,True,False,True,221,WI,5,4146,E J Stoneman Station,,,crosswalk,True,2014.0,False,False,True,False,2015.0,closure (plant stopped operating),disclosure exit (still generating)
1000993,2016,96055.1,False,False,False,False,True,221,MI,7,4259,Endicott Station,,,crosswalk,True,2015.0,False,False,False,False,2016.0,closure (plant stopped operating),closure (generation stopped)
1000994,2015,10108.812,True,True,True,False,True,221,TX,6,4266,Spencer,,,crosswalk,True,2023.0,True,True,True,True,2023.0,disclosure exit (plant still operable),disclosure exit (still generating)
1000999,2019,10900039.052,False,False,False,False,True,221,AZ,10,4941,Navajo,,,crosswalk,True,2018.0,False,False,False,False,2019.0,closure (plant stopped operating),closure (generation stopped)
1001000,2019,8195.624,False,False,False,True,False,221,FL,10,54529,Wheelabrator Ridge Energy,,,crosswalk,True,2018.0,False,False,False,False,2019.0,closure (plant stopped operating),closure (generation stopped)
1001003,2013,0.0,True,False,True,False,True,221,CA,4,6013,Olive,,,crosswalk,True,2023.0,True,True,False,False,2012.0,disclosure exit (plant still operable),closure (generation stopped)
1001004,2019,2223307.962,False,False,False,False,True,221,IL,10,6016,Duck Creek,,,crosswalk,True,2018.0,False,False,False,False,2019.0,closure (plant stopped operating),closure (generation stopped)
1001007,2022,3073483.534,False,False,False,False,True,221,OH,13,6019,W H Zimmer,,,crosswalk,True,2021.0,False,False,False,False,2022.0,closure (plant stopped operating),closure (generation stopped)
1001010,2018,1544367.694,False,False,False,False,True,221,OH,9,6031,Killen Station,,,crosswalk,True,2017.0,False,False,False,False,2018.0,closure (plant stopped operating),closure (generation stopped)
1001015,2022,1016806.662,False,False,False,False,True,221,GA,13,6052,Wansley,,,crosswalk,True,2021.0,False,False,False,False,2022.0,closure (plant stopped operating),closure (generation stopped)
1001017,2016,23010.264,True,True,False,False,True,221,MN,7,6058,Cascade Creek,,,crosswalk,True,2023.0,True,True,True,True,2023.0,disclosure exit (plant still operable),disclosure exit (still generating)
1001032,2020,0.0,False,False,False,False,True,221,TX,11,6136,Gibbons Creek,,,crosswalk,True,2018.0,False,False,False,False,2018.0,closure (plant stopped operating),closure (generation stopped)
1001034,2018,0.0,False,False,False,False,True,221,TX,9,6147,Monticello,,,crosswalk,True,2017.0,False,False,False,False,2017.0,closure (plant stopped operating),closure (generation stopped)
1001039,2019,24.17060849,False,False,False,False,True,221,TX,10,6181,J T Deely,,,crosswalk,True,2022.0,True,True,False,False,2018.0,disclosure exit (plant still operable),closure (generation stopped)
1001053,2014,8524.72,True,True,True,False,True,221,MN,5,6358,Hutchinson Plant #2,,,crosswalk,True,2023.0,True,True,True,True,2023.0,disclosure exit (plant still operable),disclosure exit (still generating)
1001058,2015,5109.734,True,True,True,False,True,221,FL,6,6584,Stock Island,,,crosswalk,True,2023.0,True,True,True,True,2023.0,disclosure exit (plant still operable),disclosure exit (still generating)
1001065,2015,1085.682,True,True,True,False,True,221,NJ,6,6776,West Station (NJ),,,crosswalk,True,2021.0,True,True,True,True,2021.0,disclosure exit (plant still operable),disclosure exit (still generating)
1001076,2014,5338.576,True,True,True,False,True,221,NJ,5,7138,Forked River,,,crosswalk,True,2023.0,True,True,True,True,2023.0,disclosure exit (plant still operable),disclosure exit (still generating)
1001083,2014,314.544,True,True,True,False,True,221,IA,5,7155,Lime Creek,,,crosswalk,True,2023.0,True,True,True,True,2023.0,disclosure exit (plant still operable),disclosure exit (still generating)
1001087,2013,180.92,False,False,False,True,False,322,CT,4,54657,Versailles Mill,,,crosswalk,True,2013.0,False,False,False,False,2013.0,closure (plant stopped operating),closure (generation stopped)
1001114,2015,2205.626,True,True,True,False,True,221,DE,6,7318,Van Sant Station,,,crosswalk,True,2023.0,True,True,True,True,2023.0,disclosure exit (plant still operable),disclosure exit (still generating)
1001115,2014,1167.784,True,True,True,False,True,221,IN,5,7335,Richmond,,,crosswalk,True,2023.0,True,True,True,True,2023.0,disclosure exit (plant still operable),disclosure exit (still generating)
1001116,2014,5401.09,True,True,True,False,True,221,IN,5,7336,Anderson,,,crosswalk,True,2023.0,True,True,True,True,2023.0,disclosure exit (plant still operable),disclosure exit (still generating)
1001118,2013,2578.486,True,False,True,False,True,221,GA,4,7348,Robins,,,crosswalk,True,2023.0,True,True,True,True,2023.0,disclosure exit (plant still operable),disclosure exit (still generating)
1001134,2019,11409.908,False,False,False,False,True,221,CA,10,7693,Anaheim GT,,,crosswalk,True,2018.0,False,False,False,False,2019.0,closure (plant stopped operating),closure (generation stopped)
1001141,2016,1213.096,True,True,True,False,True,221,MO,7,7754,Nodaway,,,crosswalk,True,2023.0,True,True,True,True,2023.0,disclosure exit (plant still operable),disclosure exit (still generating)
1001164,2015,613.248,True,True,True,False,True,221,IL,6,7842,Freedom Power Project,,,crosswalk,True,2023.0,True,True,True,True,2023.0,disclosure exit (plant still operable),disclosure exit (still generating)
1001166,2013,1170.496,True,False,True,False,True,221,MN,4,7844,Minnesota River,,,crosswalk,True,2023.0,True,True,True,False,2023.0,disclosure exit (plant still operable),disclosure exit (still generating)
1001168,2022,0.0,False,False,False,False,True,221,IL,12,7858,MEPI GT Facility,,,crosswalk,True,2021.0,False,False,False,False,2021.0,closure (plant stopped operating),closure (generation stopped)
1001184,2014,18978.48,True,True,False,False,True,221,NJ,5,8008,Mickleton Station,,,crosswalk,True,2023.0,True,True,True,True,2023.0,disclosure exit (plant still operable),disclosure exit (still generating)
1001198,2022,477455.162,False,False,False,False,True,221,PA,13,8226,Cheswick Power Plant,,,crosswalk,True,2021.0,False,False,False,False,2022.0,closure (plant stopped operating),closure (generation stopped)
1001199,2015,1964.044,True,False,True,True,False,325,NY,6,10025,"RED-Rochester, LLC",,,crosswalk,True,2023.0,True,True,True,True,2023.0,disclosure exit (plant still operable),disclosure exit (still generating)
1001201,2022,240506.508,False,False,False,False,True,221,NJ,13,10043,Logan Generating Plant,,,crosswalk,True,2021.0,False,False,False,False,2022.0,closure (plant stopped operating),closure (generation stopped)
1001202,2022,7204.672,False,False,False,False,True,221,NJ,13,10099,Pedricktown Cogeneration Company LP,,,crosswalk,True,2021.0,False,False,False,False,2022.0,closure (plant stopped operating),closure (generation stopped)
1001211,2013,0.0,True,False,True,False,True,221,NC,4,10380,Elizabethtown Power LLC,,,crosswalk,True,2017.0,True,True,False,False,,disclosure exit (plant still operable),ambiguous
1001212,2013,0.0,True,False,True,False,True,221,NC,4,10382,Lumberton,,,crosswalk,True,2023.0,True,True,False,True,2020.0,disclosure exit (plant still operable),ambiguous
1001216,2014,12847.052,True,True,False,False,True,221,NY,5,10617,CH Resources Beaver Falls,,,crosswalk,True,2023.0,True,True,True,True,2023.0,disclosure exit (plant still operable),disclosure exit (still generating)
1001219,2014,19153.68,True,True,False,False,True,221,NY,5,10621,CH Resources Syracuse,,,crosswalk,True,2023.0,True,True,True,True,2023.0,disclosure exit (plant still operable),disclosure exit (still generating)
1001220,2019,160149.576,False,False,False,False,True,221,PA,10,10641,Cambria Cogen,,,crosswalk,True,2018.0,False,False,False,False,2019.0,closure (plant stopped operating),closure (generation stopped)
1001221,2010,1456434.712,False,False,False,True,False,221,CT,1,10675,AES Thames,,,crosswalk,True,2011.0,True,False,True,False,2011.0,disclosure exit (plant still operable),disclosure exit (still generating)
1001222,2015,27740.132,False,False,False,False,True,221,PA,6,10676,AES Beaver Valley Partners Beaver Valley,,,crosswalk,True,2014.0,False,False,False,False,2013.0,closure (plant stopped operating),closure (generation stopped)
1001227,2013,19750.476,False,False,False,False,True,221,NV,4,10761,Las Vegas Generating Station,,,crosswalk,True,2023.0,True,True,True,True,2023.0,disclosure exit (plant still operable),disclosure exit (still generating)
1001228,2016,5619.26,True,False,True,False,True,221,VA,7,10771,Hopewell Power Station,,,crosswalk,True,2023.0,True,True,True,True,2023.0,disclosure exit (plant still operable),disclosure exit (still generating)
1001229,2015,4963.326,True,True,True,False,True,221,VA,6,10773,Altavista Power Station,,,crosswalk,True,2023.0,True,True,True,True,2023.0,disclosure exit (plant still operable),disclosure exit (still generating)
1001230,2012,2339.492,True,False,True,False,True,221,MA,3,10802,Lowell Cogeneration Company LP,,,crosswalk,True,2012.0,False,False,False,False,2012.0,closure (plant stopped operating),closure (generation stopped)
1001231,2015,5871.478,True,True,True,False,True,221,MA,6,10823,Deer Island Treatment Plant,,,crosswalk,True,2023.0,True,True,True,True,2023.0,disclosure exit (plant still operable),disclosure exit (still generating)
1001233,2018,238131.456,False,False,False,False,True,221,PA,9,50039,Kline Township Cogen Facility,,,crosswalk,True,2017.0,False,False,False,False,2018.0,closure (plant stopped operating),closure (generation stopped)
1001235,2014,41469.468,False,False,False,False,True,221,NY,5,50202,WPS Power Niagara,,,crosswalk,True,2015.0,True,False,False,False,2014.0,disclosure exit (plant still operable),closure (generation stopped)
1001237,2019,242505.48,False,False,False,True,False,322,MD,10,50282,Luke Mill,,,crosswalk,True,2018.0,False,False,False,False,2019.0,closure (plant stopped operating),closure (generation stopped)
1001239,2022,6416.376,False,False,False,False,True,221,NJ,13,50385,Newark Bay Cogeneration Partnership LP,,,crosswalk,True,2021.0,False,False,False,False,2022.0,closure (plant stopped operating),closure (generation stopped)
1001247,2021,5295.88,True,False,True,True,False,221,CT,12,50498,Capitol District Energy Center,,,crosswalk,True,2020.0,False,False,False,False,2020.0,closure (plant stopped operating),closure (generation stopped)
1001255,2018,25994.75,False,False,False,False,True,221,VA,9,50966,Bellmeade Power Station,,,crosswalk,True,2018.0,False,False,False,False,2018.0,closure (plant stopped operating),closure (generation stopped)
1001260,2022,84573.388,False,False,False,False,True,221,NY,13,52056,Nassau Energy Corp,,,crosswalk,True,2021.0,False,False,False,False,2022.0,closure (plant stopped operating),closure (generation stopped)
1001261,2021,56661.878,False,False,False,False,True,324,PA,12,52106,Philadelphia Refinery,,,crosswalk,True,2018.0,False,False,False,False,2018.0,closure (plant stopped operating),closure (generation stopped)
1001266,2014,2696.54,True,False,True,False,True,221,RI,5,54056,Pawtucket Power Associates,,,crosswalk,True,2020.0,True,True,True,True,2021.0,disclosure exit (plant still operable),disclosure exit (still generating)
1001273,2015,0.0,False,False,False,True,False,221,FL,6,54423,Quantum Lake Power LP,,,crosswalk,True,2015.0,False,False,False,False,2014.0,closure (plant stopped operating),closure (generation stopped)
1001274,2018,42448.692,False,False,False,False,True,221,FL,9,54424,Quantum Pasco Power LP,,,crosswalk,True,2018.0,False,False,False,False,2018.0,closure (plant stopped operating),closure (generation stopped)
1001279,2021,12308.654,True,False,True,False,True,221,MA,12,54586,Tanner Street Generation,,,crosswalk,True,2023.0,True,True,True,False,2022.0,disclosure exit (plant still operable),disclosure exit (still generating)
1001321,2016,14730.188,True,True,False,True,False,493,NJ,7,55113,Sunoco Eagle Point Refinery,,,crosswalk,True,2010.0,False,False,False,False,,closure (plant stopped operating),ambiguous
1001344,2012,1768.846,True,False,True,False,True,221,OH,3,55264,Napoleon Peaking Station,,,crosswalk,True,2023.0,True,True,True,True,2023.0,disclosure exit (plant still operable),disclosure exit (still generating)
1001364,2019,0.0,True,True,True,False,True,221,CO,10,55207,Valmont Combustion Turbine Project,,,crosswalk,True,2023.0,True,True,True,True,2023.0,disclosure exit (plant still operable),disclosure exit (still generating)
1001411,2013,0.0,True,False,True,False,True,221,FL,4,55318,Indian River,,,crosswalk,True,2023.0,True,True,False,False,2010.0,disclosure exit (plant still operable),closure (generation stopped)
1001413,2019,547322.634,False,False,False,False,True,221,AL,10,8,Gorgas,,,crosswalk,True,2018.0,False,False,False,False,2019.0,closure (plant stopped operating),closure (generation stopped)
1001415,2016,0.0,False,False,False,False,True,221,AL,7,50,Widows Creek,,,crosswalk,True,2014.0,False,False,False,False,2015.0,closure (plant stopped operating),closure (generation stopped)
1001416,2021,1283864.364,False,False,False,False,True,221,LA,12,51,Dolet Hills,,,crosswalk,True,2020.0,False,False,False,False,2021.0,closure (plant stopped operating),closure (generation stopped)
1001426,2020,1238466.174,False,False,False,False,True,221,TX,11,127,Oklaunion,,,crosswalk,True,2019.0,False,False,False,False,2020.0,closure (plant stopped operating),closure (generation stopped)
1001429,2013,2.1,False,False,False,False,True,221,AR,4,167,Cecil Lynch,,,crosswalk,True,2012.0,False,False,False,False,2012.0,closure (plant stopped operating),closure (generation stopped)
1001430,2012,0.0,True,False,True,False,True,221,AR,3,168,Hamilton Moses,,,crosswalk,True,2012.0,False,False,False,False,,closure (plant stopped operating),ambiguous
1001431,2013,0.0,False,False,False,False,True,221,AR,4,169,Harvey Couch,,,crosswalk,True,2012.0,False,False,False,False,2011.0,closure (plant stopped operating),closure (generation stopped)
1001434,2022,69.5,True,True,True,False,True,221,AR,13,202,Carl Bailey,,,crosswalk,True,2023.0,True,False,False,False,2020.0,disclosure exit (plant still operable),closure (generation stopped)
1001439,2014,16.3,False,False,False,False,True,221,CA,5,259,Dynegy Morro Bay LLC,,,crosswalk,True,2013.0,False,False,False,False,2013.0,closure (plant stopped operating),closure (generation stopped)
1001441,2018,17.1,False,False,False,False,True,221,CA,9,271,Pittsburg Power,,,crosswalk,True,2016.0,False,False,False,False,2016.0,closure (plant stopped operating),closure (generation stopped)
1001442,2010,48469.62,False,False,False,False,True,221,CA,1,310,Dynegy South Bay Power Plant,,,crosswalk,True,2010.0,False,False,False,False,2010.0,closure (plant stopped operating),closure (generation stopped)
1001445,2015,0.0,False,False,False,False,True,221,CA,6,329,Coolwater,,,crosswalk,True,2013.0,False,False,False,False,2014.0,closure (plant stopped operating),closure (generation stopped)
1001446,2018,1.9,False,False,False,False,True,221,CA,9,331,Etiwanda Generating Station,,,crosswalk,True,2017.0,False,False,False,False,2017.0,closure (plant stopped operating),closure (generation stopped)
1001448,2017,96586.092,False,False,False,False,True,221,CA,8,345,Mandalay,,,crosswalk,True,2017.0,False,False,True,False,2018.0,closure (plant stopped operating),disclosure exit (still generating)
1001458,2017,0.0,False,False,False,False,True,221,CA,8,420,Broadway (CA),,,crosswalk,True,2015.0,False,False,False,False,2016.0,closure (plant stopped operating),closure (generation stopped)
1001460,2014,0.0,False,False,False,False,True,221,CO,5,465,Arapahoe,,,crosswalk,True,2012.0,False,False,False,False,2013.0,closure (plant stopped operating),closure (generation stopped)
1001461,2010,459695.774,False,False,False,False,True,221,CO,1,468,Cameo,,,crosswalk,True,,False,False,False,False,2010.0,ambiguous,closure (generation stopped)
1001464,2020,0.0,True,True,False,False,True,221,CO,11,478,Zuni,,,crosswalk,True,2014.0,False,False,False,False,2013.0,closure (plant stopped operating),closure (generation stopped)
1001470,2014,0.0,False,False,False,False,True,221,CT,5,548,NRG Norwalk Harbor,,,crosswalk,True,2012.0,False,False,False,False,2013.0,closure (plant stopped operating),closure (generation stopped)
1001474,2012,8707.372,True,False,True,False,True,221,VT,3,589,J C McNeil,,,crosswalk,True,2023.0,True,True,True,True,2023.0,disclosure exit (plant still operable),disclosure exit (still generating)
1001475,2014,3164.398,True,True,True,False,True,221,DE,5,591,Christiana,,,crosswalk,True,2023.0,True,True,True,True,2023.0,disclosure exit (plant still operable),disclosure exit (still generating)
1001480,2015,9179.392,True,True,False,False,True,221,DE,6,599,McKee Run,,,crosswalk,True,2020.0,True,True,True,True,2020.0,disclosure exit (plant still operable),disclosure exit (still generating)
1001482,2012,0.0,True,False,True,False,True,221,FL,3,610,Cutler,,,crosswalk,True,2011.0,False,False,False,False,,closure (plant stopped operating),ambiguous
1001502,2013,3905.98,True,False,True,False,True,221,FL,4,693,Vero Beach Municipal Power Plant,,,crosswalk,True,2014.0,True,False,True,True,2015.0,disclosure exit (plant still operable),disclosure exit (still generating)
1001506,2019,162073.274,False,False,False,False,True,221,GA,10,708,Hammond,,,crosswalk,True,2018.0,False,False,False,False,2019.0,closure (plant stopped operating),closure (generation stopped)
1001507,2015,809579.166,False,False,False,False,True,221,GA,6,709,Harllee Branch,,,crosswalk,True,2014.0,False,False,False,False,2015.0,closure (plant stopped operating),closure (generation stopped)
1001509,2013,2457.358,True,False,True,False,True,221,GA,4,715,McManus,,,crosswalk,True,2023.0,True,True,True,True,2022.0,disclosure exit (plant still operable),disclosure exit (still generating)
1001510,2015,51952.044,False,False,False,False,True,221,GA,6,727,Mitchell (GA),,,crosswalk,True,2015.0,False,False,False,False,2015.0,closure (plant stopped operating),closure (generation stopped)
1001514,2022,2638439.734,False,False,False,False,True,221,IL,13,856,E D Edwards,,,crosswalk,True,2021.0,False,False,False,False,2022.0,closure (plant stopped operating),closure (generation stopped)
1001516,2014,0.0,True,False,True,False,True,221,IL,5,863,Hutsonville,,,crosswalk,True,2010.0,False,False,False,False,2011.0,closure (plant stopped operating),closure (generation stopped)
1001517,2014,0.0,True,False,True,False,True,221,IL,5,864,Meredosia,,,crosswalk,True,2010.0,False,False,False,False,2011.0,closure (plant stopped operating),closure (generation stopped)
1001518,2012,1517257.514,False,False,False,False,True,221,IL,3,867,Crawford,,,crosswalk,True,2011.0,False,False,False,False,2012.0,closure (plant stopped operating),closure (generation stopped)
1001523,2022,358625.958,False,False,False,False,True,221,IL,13,884,Will County,,,crosswalk,True,2021.0,False,False,False,False,2022.0,closure (plant stopped operating),closure (generation stopped)
1001524,2019,1690085.048,False,False,False,False,True,221,IL,10,891,Havana,,,crosswalk,True,2018.0,False,False,False,False,2019.0,closure (plant stopped operating),closure (generation stopped)
1001525,2019,1056359.248,False,False,False,False,True,221,IL,10,892,Hennepin Power Station,,,crosswalk,True,2018.0,False,False,False,False,2019.0,closure (plant stopped operating),closure (generation stopped)
1001526,2012,0.0,False,False,False,False,True,221,IL,3,897,Vermilion,,,crosswalk,True,2010.0,False,False,False,False,2011.0,closure (plant stopped operating),closure (generation stopped)
1001527,2016,817271.282,False,False,False,False,True,221,IL,7,898,Wood River,,,crosswalk,True,2015.0,False,False,False,False,2016.0,closure (plant stopped operating),closure (generation stopped)
1001532,2015,1054585.61,False,False,False,False,True,221,IN,6,988,Tanners Creek,,,crosswalk,True,2014.0,False,False,False,False,2015.0,closure (plant stopped operating),closure (generation stopped)
1001537,2020,0.0,False,False,False,True,False,221,IN,11,995,Bailly,,,crosswalk,True,2019.0,False,False,False,False,2018.0,closure (plant stopped operating),closure (generation stopped)
1001543,2021,32346.246,False,False,False,False,True,221,IN,12,1008,R Gallagher,,,crosswalk,True,2020.0,False,False,False,False,2021.0,closure (plant stopped operating),closure (generation stopped)
1001545,2015,83481.354,False,False,False,False,True,221,IN,6,1043,Frank E Ratts,,,crosswalk,True,2014.0,False,False,False,False,2015.0,closure (plant stopped operating),closure (generation stopped)
1001546,2017,444.4,True,False,True,False,True,221,IA,8,1046,Dubuque,,,crosswalk,True,2016.0,False,False,False,False,2016.0,closure (plant stopped operating),closure (generation stopped)
1001550,2020,2745.34,True,True,True,False,True,221,IA,11,1081,Riverside,,,crosswalk,True,2020.0,False,False,False,False,2017.0,closure (plant stopped operating),closure (generation stopped)
1001567,2012,34474.354,False,False,False,False,True,221,IA,3,1175,Pella,,,crosswalk,True,2011.0,False,False,False,False,2012.0,closure (plant stopped operating),closure (generation stopped)
1001571,2013,220611.678,False,False,False,False,True,221,IA,4,1218,Fair Station,,,crosswalk,True,2012.0,False,False,False,False,2013.0,closure (plant stopped operating),closure (generation stopped)
1001574,2016,1710.044,True,False,True,False,True,221,KS,7,1235,Great Bend - Sunflower,,,crosswalk,True,2023.0,True,True,True,False,2023.0,disclosure exit (plant still operable),disclosure exit (still generating)
1001584,2016,0.0,True,True,True,True,False,221,KS,7,1294,Kaw,,,crosswalk,True,2023.0,True,True,False,False,,disclosure exit (plant still operable),ambiguous
1001597,2020,461191.364,False,False,False,False,True,221,KY,11,1374,Elmer Smith,,,crosswalk,True,2019.0,False,False,False,False,2020.0,closure (plant stopped operating),closure (generation stopped)
1001599,2021,0.0,True,True,True,True,False,221,KY,12,1381,Kenneth C Coleman,,,crosswalk,True,2019.0,False,False,False,False,2014.0,closure (plant stopped operating),closure (generation stopped)
1001601,2012,0.0,True,False,True,False,True,221,LA,3,1392,Louisiana 2,,,crosswalk,True,2023.0,True,True,False,False,,disclosure exit (plant still operable),ambiguous
1001607,2010,0.0,False,False,False,False,True,221,LA,1,1407,A B Paterson,,,crosswalk,True,,False,False,False,False,,ambiguous,ambiguous
1001608,2016,14502.796,False,False,False,False,True,221,LA,7,1409,Michoud,,,crosswalk,True,2015.0,False,False,False,False,2016.0,closure (plant stopped operating),closure (generation stopped)
1001613,2012,0.0,True,False,True,False,True,221,LA,3,1448,Monroe (LA),,,crosswalk,True,2010.0,False,False,False,False,,closure (plant stopped operating),ambiguous
1001616,2018,223392.174,False,False,False,False,True,221,MD,9,1552,"CP Crane Power, LLC",,,crosswalk,True,2017.0,False,False,False,False,2018.0,closure (plant stopped operating),closure (generation stopped)
1001617,2019,0.0,True,True,True,False,True,221,MD,10,1553,Gould Street,,,crosswalk,True,2018.0,False,False,False,False,2018.0,closure (plant stopped operating),closure (generation stopped)
1001625,2021,2388.792,True,True,True,True,False,221,CA,12,50299,AltaGas Ripon Energy Inc.,,,crosswalk,True,2023.0,True,True,True,True,2023.0,disclosure exit (plant still operable),disclosure exit (still generating)
1001674,2014,131141.656,False,False,False,False,True,221,PA,5,3152,Sunbury Generation LP,,,crosswalk,True,2023.0,True,True,True,True,2023.0,disclosure exit (plant still operable),disclosure exit (still generating)
1001691,2014,1594.304,True,False,True,True,False,221,CA,4,60100,Dinuba Energy,,,crosswalk,True,2023.0,True,True,True,False,2015.0,disclosure exit (plant still operable),disclosure exit (still generating)
1001696,2015,0.0,True,False,True,False,True,221,MT,3,57480,Highwood Generating Station,,,crosswalk,True,2014.0,False,False,False,False,2013.0,closure (plant stopped operating),closure (generation stopped)
1001697,2015,39908.878,False,False,False,True,False,322,CT,5,50801,Uncasville Mill,0.207892479408164,0.5,high,True,2015.0,False,False,True,False,2016.0,closure (plant stopped operating),disclosure exit (still generating)
1001700,2016,10078.012,True,True,False,True,False,221,CA,7,50541,Harbor Cogen,,,crosswalk,True,2023.0,True,True,True,False,2023.0,disclosure exit (plant still operable),disclosure exit (still generating)
1001732,2020,18934.58,True,True,False,True,False,333,IL,11,10039,John Deere Harvester Works,0.3666970080219748,1.0,high,True,2014.0,False,False,False,False,2014.0,closure (plant stopped operating),closure (generation stopped)
1001814,2020,21775.768,False,False,False,True,False,211,KS,11,7011,Hugoton 2,1.152091909981601,0.5,medium,True,2023.0,True,True,True,False,2023.0,disclosure exit (plant still operable),disclosure exit (still generating)
1001822,2019,26470.332,False,False,False,False,True,311,WY,10,57967,Western Sugar Coop - Torrington,0.2491367362290833,0.4,high,True,2018.0,False,False,False,False,2018.0,closure (plant stopped operating),closure (generation stopped)
1001833,2019,117429.908,False,False,False,True,False,331,AL,10,50730,Fairfield Works,1.6745064176438087,0.25,medium,True,2015.0,False,False,False,False,2015.0,closure (plant stopped operating),closure (generation stopped)
1001853,2020,13624.858,True,True,False,True,False,486,LA,11,1448,Monroe (LA),3.616247863086096,0.4,medium,True,2010.0,False,False,False,False,,closure (plant stopped operating),ambiguous
1001869,2019,589.224,False,False,False,True,False,562,NJ,10,10012,Covanta Warren Energy,0.0168296248747441,0.6666666666666666,high,True,2018.0,False,False,False,False,2019.0,closure (plant stopped operating),closure (generation stopped)
1001902,2017,17556.036,True,True,False,True,False,333,IA,8,54414,John Deere Dubuque Works,0.7798780330775543,1.0,high,True,2023.0,True,True,True,True,2023.0,disclosure exit (plant still operable),disclosure exit (still generating)
1001907,2014,50.8,True,True,True,True,False,221,KY,5,1368,Zorn,,,crosswalk,True,2020.0,True,True,True,True,2017.0,disclosure exit (plant still operable),disclosure exit (still generating)
1001957,2014,1151.396,True,False,True,True,False,325,SC,5,55386,Columbia Energy Center (SC),0.7109224266265278,0.2,medium,True,2023.0,True,True,True,True,2023.0,disclosure exit (plant still operable),disclosure exit (still generating)
1001971,2021,10513.512,True,False,True,True,False,221,CA,12,50850,OLS Energy Chino,,,crosswalk,True,2023.0,True,True,True,True,2023.0,disclosure exit (plant still operable),disclosure exit (still generating)
1002053,2015,28148.896,False,False,False,True,False,211,CA,6,58298,Roll Lost Hills,2.373325663376615,0.5,medium,True,2023.0,True,True,True,True,2023.0,disclosure exit (plant still operable),disclosure exit (still generating)
1002070,2021,22416.516,True,True,False,True,False,311,IA,10,1160,Manning,3.3726186123146853,0.25,medium,True,2023.0,True,True,False,False,2021.0,disclosure exit (plant still operable),closure (generation stopped)
1002126,2015,5852.014,True,False,True,True,False,221,MO,6,2144,Marshall (MO),,,crosswalk,True,2023.0,True,True,True,True,2023.0,disclosure exit (plant still operable),disclosure exit (still generating)
1002142,2016,820.248,False,False,False,True,False,311,MA,7,50425,Kraft Foods Atlantic Gelatin,0.0497291894962128,0.1666666666666666,medium,True,2011.0,False,False,False,False,,closure (plant stopped operating),ambiguous
1002185,2020,7670.92,False,False,False,True,False,322,CA,11,58083,Fullerton Mill CHP,,,crosswalk,True,2019.0,False,False,False,False,2020.0,closure (plant stopped operating),closure (generation stopped)
1002253,2014,12626.802,False,False,False,True,False,322,ME,5,54587,Lincoln Paper & Tissue,0.1281631149722585,1.0,high,True,2014.0,False,False,False,False,2014.0,closure (plant stopped operating),closure (generation stopped)
1002348,2015,5629.114,False,False,False,True,False,211,OK,4,59311,Seiling Wind I,3.162194079508186,0.25,medium,True,2023.0,True,True,True,True,2023.0,disclosure exit (plant still operable),disclosure exit (still generating)
1002371,2020,33486.924,False,False,False,False,True,221,MI,11,1825,J B Sims,,,crosswalk,True,2019.0,False,False,False,False,2020.0,closure (plant stopped operating),closure (generation stopped)
1002384,2021,0.0,True,True,True,True,False,211,CA,12,50270,ExxonMobil Santa Ynez Facility,0.507917431149174,0.4,high,True,2023.0,True,True,False,False,2015.0,disclosure exit (plant still operable),closure (generation stopped)
1002385,2021,3556.792,False,False,False,True,False,211,AL,12,54730,Yellowhammer Gas Plant,,,crosswalk,True,2020.0,False,False,False,False,2020.0,closure (plant stopped operating),closure (generation stopped)
1002387,2018,7735.336,True,False,True,True,False,321,TX,9,66794,Diboll BESS,0.9085796157064142,0.3333333333333333,medium,True,,False,False,False,False,,ambiguous,ambiguous
1002460,2015,14072.944,True,True,False,True,False,325,TX,6,50153,Texas City Plant Union Carbide,0.2335428732361495,1.0,high,True,2023.0,True,True,True,True,2023.0,disclosure exit (plant still operable),disclosure exit (still generating)
1002492,2014,17724.143,True,True,False,False,True,221,CT,5,544,Devon Station,,,crosswalk,True,2023.0,True,True,True,True,2023.0,disclosure exit (plant still operable),disclosure exit (still generating)
1002495,2021,90956.062,False,False,False,True,False,211,TX,12,55025,Yates Gas Plant,0.054416137481446,1.0,high,True,2019.0,False,False,False,False,2019.0,closure (plant stopped operating),closure (generation stopped)
1002572,2020,12121.504,True,True,False,True,False,488,PA,11,10302,Juniata Locomotive Shop,0.1115302965815807,0.2857142857142857,medium,True,2023.0,True,True,False,False,2020.0,disclosure exit (plant still operable),closure (generation stopped)
1002697,2016,0.0,False,False,False,True,False,221,MI,7,1771,Escanaba,,,crosswalk,True,2015.0,False,False,False,False,2015.0,closure (plant stopped operating),closure (generation stopped)
1002723,2020,4995.032,True,False,True,True,False,325,AR,11,10606,Georgia-Pacific Crossett LLC,0.9327275529917872,0.5,high,True,2023.0,True,True,True,True,2023.0,disclosure exit (plant still operable),disclosure exit (still generating)
1002734,2016,15140.906,True,True,False,True,False,312,CA,7,66456,Anheuser Busch - Fairfield,0.4766610598432671,0.6666666666666666,high,True,2023.0,False,False,False,False,2023.0,ambiguous,ambiguous
1002796,2015,2562.9,False,False,False,False,True,562,CT,6,60909,Hartford Landfill Solar EGF,0.1106437824000055,0.5,high,True,2023.0,True,True,True,True,2023.0,disclosure exit (plant still operable),disclosure exit (still generating)
1002822,2022,192.1,True,False,True,True,False,314,NC,13,56339,Albemarle Hospital Unit,3.9715554277964498,0.25,medium,True,2023.0,True,False,True,False,2023.0,disclosure exit (plant still operable),disclosure exit (still generating)
1002926,2018,17429.484,False,False,False,True,False,325,VA,4,10771,Hopewell Power Station,0.7124385689614241,0.3333333333333333,medium,True,2023.0,True,True,True,True,2023.0,disclosure exit (plant still operable),disclosure exit (still generating)
1002932,2012,6781.024,True,False,True,True,False,331,IA,3,55035,Davenport Water Pollution Control Plant,3.5276723345947723,0.1666666666666666,medium,True,2023.0,True,True,True,True,2023.0,disclosure exit (plant still operable),disclosure exit (still generating)
1002956,2012,308.048,True,False,True,True,False,221,NE,3,2250,J Street,,,crosswalk,True,2023.0,True,True,True,True,2023.0,disclosure exit (plant still operable),disclosure exit (still generating)
1002981,2015,376730.944,False,False,False,True,False,211,CA,6,52169,Midway Sunset Cogen,0.3198591236604181,0.5,high,True,2023.0,True,True,True,True,2023.0,disclosure exit (plant still operable),disclosure exit (still generating)
1002984,2015,331054.508,False,False,False,True,False,211,CA,6,52082,Cymric 6Z Cogen,0.4992111912873938,0.25,medium,True,2023.0,True,True,True,True,2023.0,disclosure exit (plant still operable),disclosure exit (still generating)
1003016,2018,3095.988,True,False,True,False,True,221,CA,9,10405,Kingsburg Cogen,,,crosswalk,True,2023.0,True,True,True,True,2023.0,disclosure exit (plant still operable),disclosure exit (still generating)
1003051,2021,5262.514,True,True,True,True,False,221,MD,12,1557,Philadelphia,,,crosswalk,True,2023.0,True,True,True,True,2023.0,disclosure exit (plant still operable),disclosure exit (still generating)
1003074,2020,5010.54,True,True,False,True,False,486,IN,10,65957,Mammoth North Solar,2.1507615194496297,0.1666666666666666,medium,True,,False,False,False,False,,ambiguous,ambiguous
1003126,2020,1135.15,True,False,True,True,False,486,IL,10,55245,Tuscola Station,2.312918383017178,0.3333333333333333,medium,True,2020.0,False,False,True,False,2021.0,closure (plant stopped operating),disclosure exit (still generating)
1003132,2014,36998.89,False,False,False,True,False,221,IN,5,1024,Crawfordsville Power Plant,,,crosswalk,True,2023.0,True,True,False,False,2014.0,disclosure exit (plant still operable),closure (generation stopped)
1003164,2012,81047.462,False,False,False,True,False,322,MN,3,50252,Sartell Dam,0.1924712015131704,0.2,medium,True,2023.0,False,True,False,True,2023.0,ambiguous,ambiguous
1003182,2018,21386.21,False,False,False,True,False,562,CA,9,10090,Commerce Refuse To Energy,0.0092190433730315,1.0,high,True,2017.0,False,False,False,False,2018.0,closure (plant stopped operating),closure (generation stopped)
1003226,2013,243.2,False,False,False,True,False,336,MN,4,57069,Twin Cities Hydro LLC,0.0600946488836166,0.3333333333333333,medium,True,2023.0,True,True,True,True,2023.0,disclosure exit (plant still operable),disclosure exit (still generating)
1003229,2014,14304.5,True,True,True,False,True,562,AZ,5,7998,Tri Cities,0.3367541260440109,0.6666666666666666,high,True,2014.0,False,False,True,False,2015.0,closure (plant stopped operating),disclosure exit (still generating)
1003298,2015,18537.852,True,True,False,True,False,486,LA,6,55620,Perryville Power Station,2.1182062558116903,0.5,medium,True,2023.0,True,True,True,True,2023.0,disclosure exit (plant still operable),disclosure exit (still generating)
1003334,2014,0.0,False,False,False,True,False,221,CO,5,50709,Thermo Greeley,,,crosswalk,True,2018.0,True,True,False,False,2010.0,disclosure exit (plant still operable),closure (generation stopped)
1003344,2015,52677.352,False,False,False,True,False,221,CA,6,10168,Cardinal Cogen,,,crosswalk,True,2014.0,False,False,False,False,2015.0,closure (plant stopped operating),closure (generation stopped)
1003355,2022,0.0,False,False,False,False,True,324,NM,13,50997,Gallup Refinery,0.2593927022679593,1.0,high,True,2017.0,False,False,False,False,,closure (plant stopped operating),ambiguous
1003386,2013,1067.88,True,False,True,False,True,562,CA,4,57557,Sunnyvale City of WPCP,0.171292731348857,0.4,high,True,2023.0,True,True,True,True,2023.0,disclosure exit (plant still operable),disclosure exit (still generating)
1003492,2022,13234.43,True,True,True,True,False,221,AK,13,75,Hank Nikkels Plant 1,,,crosswalk,True,2023.0,True,False,True,False,2023.0,disclosure exit (plant still operable),disclosure exit (still generating)
1003527,2016,20006.524,True,True,False,True,False,212,GA,7,54841,Thiele Kaolin Sandersville,1.8038776464332311,0.25,medium,True,2016.0,False,False,False,False,2016.0,closure (plant stopped operating),closure (generation stopped)
1003576,2013,2299.192,True,False,True,True,False,221,NY,3,2642,Rochester 7,,,crosswalk,True,,False,False,False,False,,ambiguous,ambiguous
1003617,2020,9.6,False,False,False,True,False,221,CA,11,10439,SEGS III,,,crosswalk,True,2020.0,False,False,False,False,2019.0,closure (plant stopped operating),closure (generation stopped)
1003632,2012,189899.384,False,False,False,True,False,221,CA,3,10850,Mojave Cogen,0.4544038457556257,0.25,medium,True,2013.0,True,False,True,False,2013.0,disclosure exit (plant still operable),disclosure exit (still generating)
1003731,2014,26.774,True,True,True,True,False,221,IL,5,56780,Winnebago Energy Center LLC,,,crosswalk,True,2013.0,False,False,False,False,2014.0,closure (plant stopped operating),closure (generation stopped)
1003733,2015,116.598,True,True,True,True,False,221,MO,6,2134,Jackson Square,,,crosswalk,True,2023.0,True,True,True,True,2023.0,disclosure exit (plant still operable),disclosure exit (still generating)
1003743,2021,9601.75,True,True,True,False,True,562,IL,12,56418,Des Plaines Gas Recovery,0.0384790698097255,0.4,high,True,2017.0,False,False,False,False,2014.0,closure (plant stopped operating),closure (generation stopped)
1003756,2019,16767.788,True,True,False,True,False,928,CA,9,50963,Naval Hospital Medical Center,0.2908375899345732,0.5,high,True,2023.0,True,True,True,True,2023.0,disclosure exit (plant still operable),disclosure exit (still generating)
1003788,2014,17480.25,True,True,False,False,True,562,OH,5,56863,Model Gas Power Station,0.4607282205450386,0.3333333333333333,medium,True,2022.0,True,True,False,False,2011.0,disclosure exit (plant still operable),closure (generation stopped)
1003806,2016,2998.0,True,True,True,False,True,562,TX,7,55552,Bluebonnet,0.9079600658309416,0.5,high,True,2015.0,False,False,False,False,2016.0,closure (plant stopped operating),closure (generation stopped)
1003831,2015,569.746,True,True,True,True,False,221,CA,6,4256,Walnut,,,crosswalk,True,2023.0,True,True,False,True,2021.0,disclosure exit (plant still operable),ambiguous
1003873,2011,0.0,False,False,False,True,False,211,CO,2,65609,Gilcrest Sun CSG,2.069502008954465,0.25,medium,True,2023.0,False,False,False,False,2023.0,ambiguous,ambiguous
1003923,2015,5720.08,True,True,True,True,False,221,MO,6,2135,Station H,,,crosswalk,True,2023.0,True,True,True,True,2023.0,disclosure exit (plant still operable),disclosure exit (still generating)
1003925,2015,150.096,True,True,True,True,False,221,MO,6,2136,Station I,,,crosswalk,True,2023.0,True,True,True,True,2023.0,disclosure exit (plant still operable),disclosure exit (still generating)
1003980,2021,257400.68,False,False,False,True,False,221,CA,12,10342,Marathon Bay Area Cogen,,,crosswalk,True,2023.0,True,True,True,True,2023.0,disclosure exit (plant still operable),disclosure exit (still generating)
1004004,2017,0.0,False,False,False,True,False,221,CA,8,10501,Mid-Set Cogeneration,,,crosswalk,True,2023.0,True,True,False,False,2016.0,disclosure exit (plant still operable),closure (generation stopped)
1004021,2014,9923.75,True,False,True,False,True,562,IN,5,59808,Munster Landfill Gas-to-Energy,1.439642821701507,0.2,medium,True,2023.0,True,True,True,True,2023.0,disclosure exit (plant still operable),disclosure exit (still generating)
1004046,2015,457272.228,False,False,False,True,False,211,CA,6,52083,Coalinga 6C Cogen,,,crosswalk,True,2023.0,True,True,False,False,2011.0,disclosure exit (plant still operable),closure (generation stopped)
1004051,2017,3429.536,False,False,False,True,False,221,CA,8,50876,Central Utility Plant,,,crosswalk,True,2018.0,True,False,False,False,2017.0,disclosure exit (plant still operable),closure (generation stopped)
1004095,2018,487.4,True,False,True,False,True,562,NJ,9,57848,WC Landfill Energy LLC,0.702749430253985,0.2,medium,True,2023.0,True,True,True,True,2023.0,disclosure exit (plant still operable),disclosure exit (still generating)
1004177,2014,17857.516,True,True,False,True,False,928,SC,5,61956,MCRD Parris Island PV Hybrid,1.2874018665581168,0.2222222222222222,medium,True,2023.0,False,False,False,False,2023.0,ambiguous,ambiguous
1004185,2015,57494.51,False,False,False,True,False,562,FL,6,54033,Wheelabrator North Broward,0.1740105016990119,1.0,high,True,2014.0,False,False,False,False,2015.0,closure (plant stopped operating),closure (generation stopped)
1004186,2015,1207299.304,False,False,False,True,False,211,CA,6,50751,Southeast Kern River Cogen,,,crosswalk,True,2023.0,True,True,True,True,2023.0,disclosure exit (plant still operable),disclosure exit (still generating)
1004189,2015,489.192,True,True,True,True,False,221,SD,6,6092,Spirit Mound,,,crosswalk,True,2023.0,True,True,True,True,2023.0,disclosure exit (plant still operable),disclosure exit (still generating)
1004193,2015,421087.212,False,False,False,True,False,211,CA,6,52085,Taft 26C Cogen,,,crosswalk,True,2023.0,True,True,True,True,2023.0,disclosure exit (plant still operable),disclosure exit (still generating)
1004203,2015,79.178,True,True,True,True,False,221,NJ,6,56884,Cumberland County Solid Waste Complex,,,crosswalk,True,2023.0,True,True,True,True,2023.0,disclosure exit (plant still operable),disclosure exit (still generating)
1004253,2015,70.47,True,True,True,True,False,221,VT,6,56891,Moretown,,,crosswalk,True,2022.0,True,True,True,True,2023.0,disclosure exit (plant still operable),disclosure exit (still generating)
1004255,2022,10441.25,True,True,True,False,True,562,NC,13,61096,Sampson Solar,2.0254471294682466,0.25,medium,True,2023.0,True,False,True,False,2023.0,disclosure exit (plant still operable),disclosure exit (still generating)
1004265,2014,3545.636,True,True,True,True,False,221,KS,5,8037,Clifton,,,crosswalk,True,2023.0,True,True,True,True,2023.0,disclosure exit (plant still operable),disclosure exit (still generating)
1004304,2016,1.6,True,True,True,True,False,321,AR,7,10606,Georgia-Pacific Crossett LLC,1.560110639306458,0.3333333333333333,medium,True,2023.0,True,True,True,True,2023.0,disclosure exit (plant still operable),disclosure exit (still generating)
1004316,2018,16954.836,False,False,False,True,False,325,CT,9,58948,Bristol Myers Squibb Wallingford,0.4552478388819264,0.75,high,True,2017.0,False,False,False,False,2018.0,closure (plant stopped operating),closure (generation stopped)
1004320,2018,2460.15,True,True,True,False,True,562,VT,9,56891,Moretown,0.463629868638337,0.5,high,True,2022.0,True,True,True,True,2023.0,disclosure exit (plant still operable),disclosure exit (still generating)
1004333,2019,49683.912,False,False,False,True,False,221,AL,10,50407,Mobile Energy Services LLC,,,crosswalk,True,2018.0,False,False,False,False,2019.0,closure (plant stopped operating),closure (generation stopped)
1004348,2015,0.0,True,True,True,True,False,221,IN,6,6225,Jasper 2,,,crosswalk,True,2015.0,False,False,False,False,2013.0,closure (plant stopped operating),closure (generation stopped)
1004353,2018,5020.75,True,True,True,False,True,562,IL,9,65127,AES Belleville Solar LLC,0.1068721644152897,0.25,medium,True,2023.0,False,False,False,False,2023.0,ambiguous,ambiguous
1004362,2017,13507.432,True,False,True,False,True,324,CA,8,58058,Paramount Refinery,0.0395218061798018,0.3333333333333333,medium,True,2023.0,True,True,False,False,2012.0,disclosure exit (plant still operable),closure (generation stopped)
1004419,2014,11009.25,True,True,True,False,True,562,CA,5,61285,Crazy Horse Solar Project,0.0813934025087291,0.3333333333333333,medium,True,,False,False,False,False,,ambiguous,ambiguous
1004556,2014,5280.25,True,True,True,False,True,562,MA,5,55584,East Bridgewater,0.2537696126272744,0.6666666666666666,high,True,,False,False,False,False,2010.0,ambiguous,closure (generation stopped)
1004565,2020,21274.408,True,True,False,False,True,562,VA,11,57893,Martinsville LFG Generator,,,crosswalk,True,2023.0,True,True,False,True,2023.0,disclosure exit (plant still operable),ambiguous
1004579,2015,18251.732,True,True,False,True,False,311,CA,6,7451,Lodi,3.463303966164159,0.3333333333333333,medium,True,2023.0,True,True,True,True,2023.0,disclosure exit (plant still operable),disclosure exit (still generating)
1004583,2010,29.592,False,False,False,True,False,221,MD,1,1580,Easton,0.1721310495353457,0.25,medium,True,2023.0,True,True,True,True,2022.0,disclosure exit (plant still operable),disclosure exit (still generating)
1004590,2020,0.0,True,False,True,True,False,221,MN,9,2022,Willmar,,,crosswalk,True,2023.0,True,True,True,True,2023.0,disclosure exit (plant still operable),disclosure exit (still generating)
1004618,2020,42514.902,False,False,False,True,False,562,FL,11,10250,Bay County Waste to Energy,0.0865878527993685,1.0,high,True,2020.0,False,False,True,False,2021.0,closure (plant stopped operating),disclosure exit (still generating)
1004651,2015,32192.788,False,False,False,True,False,211,CA,6,57702,Signal Hill West Unit,0.1567462583680943,0.8,high,True,2023.0,True,True,True,True,2023.0,disclosure exit (plant still operable),disclosure exit (still generating)
1004671,2022,19540.976,True,True,False,True,False,611,TX,12,50054,Rice University,0.1629235938966177,1.0,high,True,2023.0,True,False,True,False,2023.0,disclosure exit (plant still operable),disclosure exit (still generating)
1004727,2019,1876.244,False,False,False,True,False,211,LA,10,54705,Toca Plant,0.4360325827399511,0.3333333333333333,medium,True,2018.0,False,False,False,False,,closure (plant stopped operating),ambiguous
1004741,2015,15595.4,True,True,False,False,True,562,NJ,6,65466,Kinsley II Landfill Solar System,0.1149158930514173,0.4,high,True,2023.0,False,False,False,False,2023.0,ambiguous,ambiguous
1004760,2015,130.8,True,True,True,True,False,221,WY,6,8028,Arvada,,,crosswalk,True,2023.0,True,True,True,True,2023.0,disclosure exit (plant still operable),disclosure exit (still generating)
1004806,2012,2516.95,True,False,True,False,True,562,IL,3,55760,Streator Energy Partners LLC,0.4081820145565078,0.3333333333333333,medium,True,2016.0,True,True,True,True,2017.0,disclosure exit (plant still operable),disclosure exit (still generating)
1004823,2016,41303.75,False,False,False,False,True,562,NY,7,10549,Al Turi,0.3818019417436752,0.5,high,True,2021.0,True,True,True,True,2019.0,disclosure exit (plant still operable),disclosure exit (still generating)
1004841,2015,0.0,False,False,False,True,False,211,LA,6,54531,Stingray Facility,0.1123003476111937,0.2,medium,True,2018.0,True,True,True,True,2018.0,disclosure exit (plant still operable),disclosure exit (still generating)
1004865,2022,8617.746,False,False,False,True,False,562,MA,13,50273,Pioneer Valley Resource Recovery,,,crosswalk,True,2021.0,False,False,False,False,2022.0,closure (plant stopped operating),closure (generation stopped)
1004895,2021,8604.568,False,False,False,True,False,322,MI,12,58222,E.B. Eddy Paper Inc,,,crosswalk,True,2023.0,True,True,False,False,2021.0,disclosure exit (plant still operable),closure (generation stopped)
1004899,2020,63.9,True,False,True,False,True,327,IL,11,54969,Dixon Hydroelectric Dam,2.803146396103558,0.1666666666666666,medium,True,2023.0,True,True,True,True,2023.0,disclosure exit (plant still operable),disclosure exit (still generating)
1004931,2014,0.0,False,False,False,True,False,562,NH,5,50872,Wheelabrator Claremont Facility,0.074889754067456,1.0,high,True,2015.0,True,False,False,False,2013.0,disclosure exit (plant still operable),closure (generation stopped)
1004948,2016,12318.284,True,True,True,True,False,221,CA,7,54626,Mt Poso Cogeneration,,,crosswalk,True,2023.0,True,True,True,True,2023.0,disclosure exit (plant still operable),disclosure exit (still generating)
1004964,2015,76.7,True,True,True,True,False,221,WY,6,8030,Barber Creek,,,crosswalk,True,2023.0,True,True,True,True,2023.0,disclosure exit (plant still operable),disclosure exit (still generating)
1004981,2010,162093.24,False,False,False,True,False,211,CA,1,10769,Rio Bravo Poso,1.7205105881182587,0.2,medium,True,2013.0,True,True,True,True,2014.0,disclosure exit (plant still operable),disclosure exit (still generating)
1005004,2019,4590.032,False,False,False,True,False,221,AK,10,52184,Tesoro Kenai Cogeneration Plant,0.4657266359237237,0.2,medium,True,2023.0,True,True,True,True,2023.0,disclosure exit (plant still operable),disclosure exit (still generating)
1005018,2021,48232.684,False,False,False,True,False,211,NM,12,2453,Carlsbad,2.351938199935076,0.3333333333333333,medium,True,2016.0,False,False,False,False,2015.0,closure (plant stopped operating),closure (generation stopped)
1005021,2015,14926.708,False,False,False,True,False,331,IN,6,10397,Indiana Harbor West,1.462852587367617,0.3333333333333333,medium,True,2023.0,True,True,True,True,2023.0,disclosure exit (plant still operable),disclosure exit (still generating)
1005066,2010,191002.58,False,False,False,True,False,211,CA,1,63615,Long Beach Convention Center,0.4180851094262588,0.4,high,True,2023.0,False,False,False,False,,ambiguous,ambiguous
1005076,2017,132.0,False,False,False,True,False,311,IL,8,52034,Bunge Oil,0.0807934503418619,1.0,high,True,2017.0,False,False,False,False,2017.0,closure (plant stopped operating),closure (generation stopped)
1005081,2012,598.89,True,False,True,True,False,221,IN,3,1037,Peru (IN),,,crosswalk,True,2023.0,True,True,True,True,2023.0,disclosure exit (plant still operable),disclosure exit (still generating)
1005083,2015,34.0,True,True,True,True,False,221,MN,6,1929,St James,,,crosswalk,True,2023.0,True,True,True,True,2023.0,disclosure exit (plant still operable),disclosure exit (still generating)
1005087,2015,0.0,False,False,False,True,False,221,CA,6,10768,Rio Bravo Jasmin,,,crosswalk,True,2015.0,False,False,False,False,2014.0,closure (plant stopped operating),closure (generation stopped)
1005088,2015,0.0,False,False,False,True,False,221,CA,6,10769,Rio Bravo Poso,,,crosswalk,True,2013.0,False,False,False,False,2014.0,closure (plant stopped operating),closure (generation stopped)
1005118,2012,39572.584,False,False,False,True,False,221,OH,3,55611,Mingo Junction Energy Center,,,crosswalk,True,2014.0,True,True,False,False,2012.0,disclosure exit (plant still operable),closure (generation stopped)
1005133,2018,11457.156,False,False,False,True,False,221,CA,9,10810,NTC/MCRD Energy Facility,,,crosswalk,True,2017.0,False,False,False,False,2018.0,closure (plant stopped operating),closure (generation stopped)
1005141,2015,19082.354,True,True,False,True,False,928,MT,6,2193,Rainbow (MT),2.278719704443301,0.1666666666666666,medium,True,2023.0,True,True,True,True,2023.0,disclosure exit (plant still operable),disclosure exit (still generating)
1005171,2015,8282.986,False,False,False,True,False,562,CT,6,50664,Covanta Wallingford Energy,0.0565498315777836,0.25,medium,True,2014.0,False,False,False,False,2015.0,closure (plant stopped operating),closure (generation stopped)
1005252,2016,2419.78,True,True,True,False,True,562,ME,7,58993,Pine Tree Landfill Gas to Energy,,,crosswalk,True,2020.0,True,True,True,True,2021.0,disclosure exit (plant still operable),disclosure exit (still generating)
1005260,2012,83563.264,False,False,False,True,False,562,ME,3,10338,Maine Energy Recovery,0.0633426637998528,1.0,high,True,2011.0,False,False,False,False,2012.0,closure (plant stopped operating),closure (generation stopped)
1005345,2014,1605.844,False,False,False,True,False,322,WI,5,50190,Domtar Paper Company Rothschild,0.3297860871088939,0.6666666666666666,high,True,2023.0,True,True,True,True,2023.0,disclosure exit (plant still operable),disclosure exit (still generating)
1005366,2017,312.848,True,False,True,True,False,221,MI,8,10148,White Pine Electric Power,,,crosswalk,True,2019.0,True,True,False,False,2016.0,disclosure exit (plant still operable),closure (generation stopped)
1005379,2012,1851.5,True,False,True,False,True,562,MA,3,60458,Hardwick-Athol & Eagle Hill,4.958737118005025,0.2,medium,True,2023.0,False,False,False,False,2023.0,ambiguous,ambiguous
1005449,2013,23309.38,False,False,False,True,False,221,UT,4,6553,Little Mountain,,,crosswalk,True,2011.0,False,False,False,False,2011.0,closure (plant stopped operating),closure (generation stopped)
1005456,2010,26134.984,False,False,False,True,False,322,NY,1,58679,Upper Newton Falls,3.943524488383898,0.5,medium,True,2023.0,False,False,False,False,2023.0,ambiguous,ambiguous
1005462,2022,16540.5,True,True,False,False,True,562,NY,13,62357,Gloversville Landfill Solar,0.5044671432757565,0.4,high,True,2023.0,True,False,True,False,2023.0,disclosure exit (plant still operable),disclosure exit (still generating)
1005463,2016,4920.332,True,True,True,True,False,561,NJ,7,54707,Hunterdon Cogen Facility,0.0037992713155944,0.2,medium,True,2017.0,True,False,True,True,2018.0,disclosure exit (plant still operable),disclosure exit (still generating)
1005490,2022,0.0,True,True,True,True,False,221,NM,12,2465,Animas,,,crosswalk,True,2019.0,False,False,False,False,2020.0,closure (plant stopped operating),closure (generation stopped)
1005510,2014,0.0,True,False,True,False,True,221,MI,5,1822,Mistersky,,,crosswalk,True,2013.0,False,False,False,False,2012.0,closure (plant stopped operating),closure (generation stopped)
1005522,2018,8090.92,True,True,True,True,False,928,MD,9,61552,Fort Detrick Solar PV,0.6774530703720464,0.4,high,True,2023.0,True,True,True,True,2023.0,disclosure exit (plant still operable),disclosure exit (still generating)
1005566,2018,23355.412,False,False,False,True,False,221,CA,9,10811,Naval Station Energy Facility,,,crosswalk,True,2017.0,False,False,False,False,2018.0,closure (plant stopped operating),closure (generation stopped)
1005620,2019,19993.332,False,False,False,False,True,221,KY,10,1382,HMP&L Station Two Henderson,,,crosswalk,True,2018.0,False,False,False,False,2019.0,closure (plant stopped operating),closure (generation stopped)
1005625,2013,0.0,True,False,True,False,True,221,TX,4,3627,North Texas,,,crosswalk,True,2013.0,False,False,False,False,,closure (plant stopped operating),ambiguous
1005654,2014,2666.5,True,True,True,False,True,562,CA,5,6060,Coachella,0.7706143376641986,0.2,medium,True,2023.0,True,True,True,True,2023.0,disclosure exit (plant still operable),disclosure exit (still generating)
1005704,2022,14052.848,False,False,False,True,False,<NA,MI,13,58222,E.B. Eddy Paper Inc,2.0564634088574687,0.3333333333333333,medium,True,2023.0,True,False,False,False,2021.0,disclosure exit (plant still operable),closure (generation stopped)
1005756,2019,7666.42,True,False,True,False,True,221,IL,10,55296,Calumet Energy Team LLC,,,crosswalk,True,2023.0,True,True,True,True,2023.0,disclosure exit (plant still operable),disclosure exit (still generating)
1005774,2015,4902.02,True,False,True,False,True,221,NY,6,2514,Glenwood,,,crosswalk,True,2023.0,True,True,True,True,2023.0,disclosure exit (plant still operable),disclosure exit (still generating)
1005775,2021,425859.508,False,False,False,False,True,221,WI,12,4143,Genoa,,,crosswalk,True,2020.0,False,False,False,False,2021.0,closure (plant stopped operating),closure (generation stopped)
1005837,2019,57.7,False,False,False,True,False,221,CA,10,302,Encina,,,crosswalk,True,2017.0,False,False,False,False,2018.0,closure (plant stopped operating),closure (generation stopped)
1005842,2018,342987.07,False,False,False,False,True,221,KS,9,1252,Tecumseh Energy Center,,,crosswalk,True,2017.0,False,False,False,False,2018.0,closure (plant stopped operating),closure (generation stopped)
1005843,2019,9544.364,True,True,False,False,True,221,CA,10,54749,Goal Line LP,,,crosswalk,True,2023.0,True,True,True,True,2023.0,disclosure exit (plant still operable),disclosure exit (still generating)
1005859,2016,124727.88,False,False,False,True,False,221,CA,7,50849,PE Berkeley,,,crosswalk,True,2023.0,True,True,True,True,2023.0,disclosure exit (plant still operable),disclosure exit (still generating)
1005863,2013,257702.374,False,False,False,False,True,221,NY,4,50651,Syracuse Energy,,,crosswalk,True,2012.0,False,False,False,False,2013.0,closure (plant stopped operating),closure (generation stopped)
1005877,2022,432977.518,False,False,False,False,True,221,NJ,13,10566,Chambers Cogeneration LP,,,crosswalk,True,2021.0,False,False,False,False,2022.0,closure (plant stopped operating),closure (generation stopped)
1005901,2013,8107.5,True,False,True,False,True,562,GA,4,56867,Roberts Road Power Plant,0.2005099205607448,0.6666666666666666,high,True,2012.0,False,False,False,False,,closure (plant stopped operating),ambiguous
1005902,2012,0.0,False,False,False,True,False,221,CO,3,50709,Thermo Greeley,,,crosswalk,True,2018.0,True,True,False,False,2010.0,disclosure exit (plant still operable),closure (generation stopped)
1005904,2010,172376.664,False,False,False,True,False,322,OH,1,50247,Smart Papers LLC,,,crosswalk,True,2011.0,True,False,True,False,2011.0,disclosure exit (plant still operable),disclosure exit (still generating)
1005917,2015,3707.932,False,False,False,False,True,221,LA,6,1449,Morgan City,,,crosswalk,True,2014.0,False,False,False,False,2015.0,closure (plant stopped operating),closure (generation stopped)
1005922,2016,13342.748,False,False,False,True,False,562,MD,7,54935,Harford Waste to Energy Facility,0.254649570408033,1.0,high,True,2015.0,False,False,False,False,2014.0,closure (plant stopped operating),closure (generation stopped)
1005923,2016,0.0,False,False,False,False,True,221,KY,7,1385,Dale,,,crosswalk,True,2015.0,False,False,False,False,2015.0,closure (plant stopped operating),closure (generation stopped)
1005945,2014,165.7,True,True,True,False,True,221,MN,5,1961,Austin Northeast,,,crosswalk,True,2015.0,True,False,False,False,2013.0,disclosure exit (plant still operable),closure (generation stopped)
1005972,2022,642018.812,False,False,False,True,False,221,HI,13,10673,AES Hawaii,,,crosswalk,True,2021.0,False,False,False,False,2022.0,closure (plant stopped operating),closure (generation stopped)
1005974,2012,255381.11,False,False,False,True,False,221,CO,3,462,W N Clark,,,crosswalk,True,2012.0,False,False,False,False,2012.0,closure (plant stopped operating),closure (generation stopped)
1005975,2019,3516.536,True,True,True,True,False,221,CA,10,50748,Agnews Power Plant,,,crosswalk,True,2023.0,True,True,True,True,2023.0,disclosure exit (plant still operable),disclosure exit (still generating)
1005981,2015,53.1,True,True,True,True,False,212,GA,6,62882,Oil Dri 2 Solar,1.2846277944936917,0.5,medium,True,2023.0,False,False,False,False,2023.0,ambiguous,ambiguous
1006014,2013,32.3,True,False,True,True,False,221,OH,4,2943,Shelby Municipal Light Plant,,,crosswalk,True,2018.0,True,True,True,True,2017.0,disclosure exit (plant still operable),disclosure exit (still generating)
1006035,2015,0.0,True,False,True,False,True,221,FL,6,55422,DeSoto County Plant,,,crosswalk,True,2014.0,False,False,False,False,2013.0,closure (plant stopped operating),closure (generation stopped)
1006071,2015,12068.0,False,False,False,False,True,562,VA,6,57356,Henrico,0.0779074467423575,0.1666666666666666,medium,True,2023.0,True,True,True,True,2023.0,disclosure exit (plant still operable),disclosure exit (still generating)
1006072,2011,457747.592,False,False,False,True,False,221,PA,2,50130,G F Weaton Power Station,,,crosswalk,True,2012.0,True,False,False,False,2011.0,disclosure exit (plant still operable),closure (generation stopped)
1006086,2019,18233.3,True,True,False,True,False,312,CA,10,58056,"Irwindale Brew Yard, LLC",0.0114753439177996,1.0,high,True,2023.0,True,True,True,False,2023.0,disclosure exit (plant still operable),disclosure exit (still generating)
1006095,2011,433395.396,False,False,False,True,False,322,WI,2,10477,Wisconsin Rapids Pulp Mill,0.968212408655604,0.6,high,True,2023.0,True,True,True,True,2020.0,disclosure exit (plant still operable),disclosure exit (still generating)
1006113,2015,7433.572,True,True,False,False,True,221,CA,6,10156,Fresno Cogen Partners,,,crosswalk,True,2023.0,True,True,True,True,2023.0,disclosure exit (plant still operable),disclosure exit (still generating)
1006129,2020,21876.868,True,True,False,True,False,322,MI,11,52017,Menominee Acquisition,0.2737531281418242,0.5,high,True,2013.0,False,False,False,False,2013.0,closure (plant stopped operating),closure (generation stopped)
1006161,2019,249866.96,False,False,False,True,False,331,LA,8,58200,Burnside Alumina Plant,0.4185268177772706,0.3333333333333333,medium,True,2019.0,False,False,False,False,2018.0,closure (plant stopped operating),closure (generation stopped)
1006172,2015,0.0,True,True,True,True,False,221,NE,6,2244,North Denver,,,crosswalk,True,2023.0,True,True,False,False,2023.0,disclosure exit (plant still operable),ambiguous
1006194,2019,12272.046,False,False,False,True,False,221,MI,10,10346,Hillman Power LLC,,,crosswalk,True,2021.0,True,True,True,True,2021.0,disclosure exit (plant still operable),disclosure exit (still generating)
1006217,2016,7052.974,True,False,True,True,False,221,SD,7,3325,Ben French,,,crosswalk,True,2023.0,True,True,True,True,2023.0,disclosure exit (plant still operable),disclosure exit (still generating)
1006220,2020,4324.684,False,False,False,True,False,221,MD,11,1555,Notch Cliff,,,crosswalk,True,2019.0,False,False,False,False,2020.0,closure (plant stopped operating),closure (generation stopped)
1006233,2015,21026.02,True,True,False,True,False,335,OH,6,61005,Whirlpool Corporation - Marion Wind Farm,1.6819666610903092,0.4,medium,True,2023.0,False,True,False,True,2023.0,ambiguous,ambiguous
1006239,2015,0.0,False,False,False,True,False,312,NC,6,58050,Miller Coors Eden LLC,0.4229885374335646,0.2,medium,True,2012.0,False,False,False,False,,closure (plant stopped operating),ambiguous
1006288,2015,137.802,True,True,True,True,False,221,PA,6,56887,Cumberland County PA LFG Recovery,,,crosswalk,True,2023.0,True,True,True,True,2023.0,disclosure exit (plant still operable),disclosure exit (still generating)
1006298,2014,0.0,False,False,False,False,True,221,LA,5,1443,Louis Doc Bonin,,,crosswalk,True,2016.0,True,True,False,False,2013.0,disclosure exit (plant still operable),closure (generation stopped)
1006318,2015,26531.408,False,False,False,True,False,221,MO,6,2171,Missouri City,,,crosswalk,True,2015.0,False,False,False,False,2015.0,closure (plant stopped operating),closure (generation stopped)
1006331,2015,26474.9,False,False,False,True,False,211,CO,6,67323,High Mesa CO,1.2231697532886805,0.5,medium,True,,False,False,False,False,,ambiguous,ambiguous
1006335,2015,9497.332,True,True,True,False,True,562,IL,6,54662,Woodland Landfill Gas Recovery,,,crosswalk,True,2023.0,True,True,True,True,2023.0,disclosure exit (plant still operable),disclosure exit (still generating)
1006357,2015,715.248,True,True,True,True,False,221,WY,6,8026,Hartzog,,,crosswalk,True,2023.0,True,True,True,True,2023.0,disclosure exit (plant still operable),disclosure exit (still generating)
1006393,2012,4029.634,False,False,False,False,True,221,DC,3,603,Benning,,,crosswalk,True,2011.0,False,False,False,False,2012.0,closure (plant stopped operating),closure (generation stopped)
1006401,2012,136.9,True,False,True,False,True,327,CA,3,57907,Colton Plant,0.1930107720712339,0.5,high,True,2014.0,True,True,False,False,,disclosure exit (plant still operable),ambiguous
1006422,2011,27458.358,False,False,False,True,False,221,IL,2,55174,Geneva Energy LLC,,,crosswalk,True,2010.0,False,False,False,False,2011.0,closure (plant stopped operating),closure (generation stopped)
1006432,2015,426549.944,False,False,False,True,False,211,CA,6,55184,Aera San Ardo Cogen Facility,0.3941078937335602,0.5,high,True,2023.0,True,True,True,True,2023.0,disclosure exit (plant still operable),disclosure exit (still generating)
1006471,2010,179.496,False,False,False,True,False,221,OH,1,2857,FirstEnergy Edgewater,,,crosswalk,True,,False,False,False,False,2010.0,ambiguous,closure (generation stopped)
1006486,2017,992.396,True,True,True,False,True,486,KS,8,7013,East 12th Street,,,crosswalk,True,2023.0,True,True,True,True,2023.0,disclosure exit (plant still operable),disclosure exit (still generating)
1006498,2010,73573.378,False,False,False,False,True,221,NY,1,54425,Project Orange Associates LP,,,crosswalk,True,,False,False,False,False,2010.0,ambiguous,closure (generation stopped)
1006506,2012,1833.546,True,False,True,False,True,221,OH,3,55263,Galion Generating Station,,,crosswalk,True,2023.0,True,True,True,True,2023.0,disclosure exit (plant still operable),disclosure exit (still generating)
1006507,2012,1136.496,True,False,True,False,True,221,OH,3,7782,Hamilton Peaking,,,crosswalk,True,2023.0,True,True,True,True,2023.0,disclosure exit (plant still operable),disclosure exit (still generating)
1006511,2012,0.0,False,False,False,False,True,221,KY,3,1361,Tyrone,,,crosswalk,True,2012.0,False,False,False,False,2011.0,closure (plant stopped operating),closure (generation stopped)
1006516,2014,866.194,True,True,True,True,False,221,KY,5,1358,Haefling,,,crosswalk,True,2023.0,True,True,True,True,2016.0,disclosure exit (plant still operable),disclosure exit (still generating)
1006533,2016,170.7,False,False,False,True,False,221,CA,7,54371,Oildale Energy LLC,,,crosswalk,True,2015.0,False,False,False,False,2016.0,closure (plant stopped operating),closure (generation stopped)
1006561,2014,14645.9,True,True,False,False,True,562,VA,5,56693,Virginia Beach,0.2736050763012683,0.5,high,True,2023.0,True,True,True,True,2023.0,disclosure exit (plant still operable),disclosure exit (still generating)
1006563,2014,1613.344,True,False,True,False,True,221,WI,4,56480,Marshfield Utilities Gas Plant,,,crosswalk,True,2023.0,True,True,True,True,2023.0,disclosure exit (plant still operable),disclosure exit (still generating)
1006574,2015,949294.702,False,False,False,False,True,221,GA,6,733,Kraft,,,crosswalk,True,2015.0,False,False,False,False,2015.0,closure (plant stopped operating),closure (generation stopped)
1006587,2017,5347990.978,False,False,False,False,True,221,FL,8,207,St Johns River Power Park,,,crosswalk,True,2017.0,False,False,False,False,2017.0,closure (plant stopped operating),closure (generation stopped)
1006632,2018,2088668.906,False,False,False,False,True,221,WI,9,6170,Pleasant Prairie,,,crosswalk,True,2017.0,False,False,False,False,2018.0,closure (plant stopped operating),closure (generation stopped)
1006651,2022,12224.146,True,True,False,True,False,611,MA,13,54937,Wellesley College Central Utility Plant,0.7872976659064013,0.5,high,True,2023.0,True,False,True,False,2023.0,disclosure exit (plant still operable),disclosure exit (still generating)
1006680,2015,3226.782,True,True,True,True,False,221,CA,5,50293,Wadham Energy LP,,,crosswalk,True,2023.0,True,True,True,True,2023.0,disclosure exit (plant still operable),disclosure exit (still generating)
1006714,2020,89215.026,False,False,False,False,True,221,PA,11,50879,Wheelabrator Frackville Energy,,,crosswalk,True,2019.0,False,False,False,False,2020.0,closure (plant stopped operating),closure (generation stopped)
1006727,2022,3718437.302,False,False,False,False,True,221,NM,13,2451,San Juan,,,crosswalk,True,2021.0,False,False,False,False,2022.0,closure (plant stopped operating),closure (generation stopped)
1006734,2017,107595.544,False,False,False,True,False,322,CA,8,54561,Graphic Packaging International,0.1879686569551088,1.0,high,True,2016.0,False,False,False,False,2017.0,closure (plant stopped operating),closure (generation stopped)
1006736,2012,0.0,True,False,True,False,True,221,KS,3,1243,Neosho,,,crosswalk,True,2011.0,False,False,False,False,2011.0,closure (plant stopped operating),closure (generation stopped)
1006743,2012,2553.14,False,False,False,False,True,325,TX,3,58870,Rentech Nitrogen Pasadena Cogeneration,0.4625780892791971,0.1666666666666666,medium,True,2023.0,False,False,False,False,2023.0,ambiguous,ambiguous
1006745,2012,5305.88,True,False,True,False,True,221,CA,3,55508,CalPeak Power Panoche Peaker Plant,,,crosswalk,True,2023.0,True,True,True,True,2023.0,disclosure exit (plant still operable),disclosure exit (still generating)
1006751,2015,117809.21,False,False,False,False,True,221,OH,6,2835,FirstEnergy Ashtabula,,,crosswalk,True,2014.0,False,False,False,False,2015.0,closure (plant stopped operating),closure (generation stopped)
1006792,2014,5707.914,True,True,True,True,False,321,CA,5,50068,Sierra Power,0.3645963723698618,1.0,high,True,2013.0,False,False,False,False,2014.0,closure (plant stopped operating),closure (generation stopped)
1006812,2021,24263.308,True,True,False,True,False,221,CA,7,56185,Chowchilla II,,,crosswalk,True,2023.0,True,True,True,True,2023.0,disclosure exit (plant still operable),disclosure exit (still generating)
1006832,2017,997.316,False,False,False,True,False,221,NC,8,54755,Roanoke Valley Energy Facility II,,,crosswalk,True,2016.0,False,False,False,False,2017.0,closure (plant stopped operating),closure (generation stopped)
1006857,2014,3786.736,True,True,False,True,False,221,TX,5,50127,Signal Hill Generating LLC,,,crosswalk,True,2023.0,True,True,True,True,2023.0,disclosure exit (plant still operable),disclosure exit (still generating)
1006870,2012,203092.582,False,False,False,True,False,221,CT,3,50736,Pure Hedge LLC,,,crosswalk,True,2019.0,True,True,True,False,2013.0,disclosure exit (plant still operable),disclosure exit (still generating)
1006871,2014,9205.916,True,True,True,True,False,622,IA,5,10655,Iowa Methodist Medical Center,0.1039802605861948,0.6,high,True,2014.0,False,False,False,False,2012.0,closure (plant stopped operating),closure (generation stopped)
1006880,2017,47606.412,False,False,False,True,False,211,CO,8,63753,"Platteville Solar CSG, LLC",4.709447086221686,0.25,medium,True,2023.0,False,False,False,False,2023.0,ambiguous,ambiguous
1006882,2017,349728.53,False,False,False,False,True,221,NV,8,2324,Reid Gardner,,,crosswalk,True,2023.0,False,False,False,False,2017.0,ambiguous,closure (generation stopped)
1006889,2019,2867752.218,False,False,False,False,True,221,IL,10,861,Coffeen,,,crosswalk,True,2018.0,False,False,False,False,2019.0,closure (plant stopped operating),closure (generation stopped)
1006897,2018,489862.012,False,False,False,False,True,221,MO,9,2080,Montrose,,,crosswalk,True,2017.0,False,False,False,False,2018.0,closure (plant stopped operating),closure (generation stopped)
1006907,2014,2216.192,True,False,True,True,False,493,VA,5,3809,Yorktown,0.8063030047135485,0.5,high,True,2022.0,True,True,True,True,2022.0,disclosure exit (plant still operable),disclosure exit (still generating)
1006909,2020,0.0,False,False,False,False,True,221,PA,11,6094,FirstEnergy Bruce Mansfield,,,crosswalk,True,2018.0,False,False,False,False,2019.0,closure (plant stopped operating),closure (generation stopped)
1006913,2014,194.248,True,False,True,True,False,221,OH,5,2864,FirstEnergy R E Burger,,,crosswalk,True,2014.0,False,False,True,False,2015.0,closure (plant stopped operating),disclosure exit (still generating)
1006920,2012,397222.638,False,False,False,False,True,221,VA,3,3788,Potomac River,,,crosswalk,True,2011.0,False,False,False,False,2012.0,closure (plant stopped operating),closure (generation stopped)
1006944,2010,23328.018,False,False,False,True,False,562,MI,1,10722,Jackson County Resource Recovery,0.5596534548441876,1.0,high,True,2012.0,True,True,True,True,2013.0,disclosure exit (plant still operable),disclosure exit (still generating)
1006952,2018,191.446,True,False,True,True,False,221,OH,9,2837,FirstEnergy Eastlake,,,crosswalk,True,2019.0,True,False,True,False,2019.0,disclosure exit (plant still operable),disclosure exit (still generating)
1006960,2014,3643.5,True,True,False,False,True,562,CA,5,59323,Sacramento (SMUD),0.5593765097312481,0.25,medium,True,2023.0,True,True,True,True,2023.0,disclosure exit (plant still operable),disclosure exit (still generating)
1007065,2014,2778.49,True,True,True,False,True,562,WI,5,50936,Winnebago County Landfill Gas,3.372983115414359,0.5,medium,True,2023.0,True,True,True,True,2023.0,disclosure exit (plant still operable),disclosure exit (still generating)
1007078,2013,12067.5,True,False,True,False,True,562,NC,4,57365,"Mas Durham Power, LLC",0.6663071205973401,0.2,medium,True,2023.0,True,True,True,True,2023.0,disclosure exit (plant still operable),disclosure exit (still generating)
1007101,2010,29996.73,False,False,False,True,False,211,AK,1,96,Beluga,1.821062468045073,0.3333333333333333,medium,True,2023.0,True,True,True,True,2023.0,disclosure exit (plant still operable),disclosure exit (still generating)
1007105,2012,555991.998,False,False,False,False,True,221,IN,3,981,State Line Energy,,,crosswalk,True,2011.0,False,False,False,False,2012.0,closure (plant stopped operating),closure (generation stopped)
1007106,2013,3348.186,True,False,True,True,False,486,LA,4,54531,Stingray Facility,0.6946080673164069,0.25,medium,True,2018.0,True,True,False,False,2018.0,disclosure exit (plant still operable),ambiguous
1007110,2017,173011.542,False,False,False,True,False,325,IL,8,55245,Tuscola Station,,,crosswalk,True,2020.0,True,True,True,True,2021.0,disclosure exit (plant still operable),disclosure exit (still generating)
1007111,2016,5564.126,True,False,True,False,True,221,VA,7,10774,Southampton Power Station,,,crosswalk,True,2023.0,True,True,True,True,2023.0,disclosure exit (plant still operable),disclosure exit (still generating)
1007126,2015,2116.984,True,True,True,True,False,221,NH,6,58595,Indeck Energy-Alexandria,,,crosswalk,True,2020.0,True,True,True,True,2017.0,disclosure exit (plant still operable),disclosure exit (still generating)
1007152,2015,610.648,True,True,True,False,True,221,LA,6,1404,Sterlington,,,crosswalk,True,2023.0,True,True,False,True,2022.0,disclosure exit (plant still operable),ambiguous
1007158,2015,635.948,True,True,True,True,False,325,IL,6,63621,USS Sycamore Solar (CSG),4.087329029698257,0.2,medium,True,2023.0,False,False,False,False,2023.0,ambiguous,ambiguous
1007185,2010,972556.932,False,False,False,False,True,221,OH,1,7286,Richard Gorsuch,,,crosswalk,True,,False,False,False,False,2010.0,ambiguous,closure (generation stopped)
1007190,2015,712763.992,False,False,False,False,True,221,KY,6,1357,Green River,,,crosswalk,True,2014.0,False,False,False,False,2015.0,closure (plant stopped operating),closure (generation stopped)
1007198,2020,126736.0,False,False,False,False,True,562,CA,11,65089,Foothill Sanitary Landfill - Solar Array,0.5631134729296899,0.6,high,True,2023.0,True,True,True,True,2022.0,disclosure exit (plant still operable),disclosure exit (still generating)
1007201,2016,3622.642,True,False,True,True,False,221,IL,7,886,Fisk Street,,,crosswalk,True,2023.0,True,True,True,True,2019.0,disclosure exit (plant still operable),disclosure exit (still generating)
1007204,2020,0.0,True,False,True,False,True,221,CA,11,50131,Coalinga Cogeneration,,,crosswalk,True,2023.0,True,True,False,False,2016.0,disclosure exit (plant still operable),closure (generation stopped)
1007236,2014,4107.032,True,True,True,False,True,221,CT,5,563,South Meadow,,,crosswalk,True,2022.0,True,True,True,True,2022.0,disclosure exit (plant still operable),disclosure exit (still generating)
1007239,2017,1153519.473,False,False,False,False,True,221,MA,8,1619,Brayton Point,,,crosswalk,True,2016.0,False,False,False,False,2017.0,closure (plant stopped operating),closure (generation stopped)
1007248,2014,353.048,False,False,False,False,True,221,FL,5,54658,Quantum Auburndale Power LP,,,crosswalk,True,2013.0,False,False,False,False,2014.0,closure (plant stopped operating),closure (generation stopped)
1007268,2016,4206.284,True,False,True,True,False,541,NJ,7,54970,Merck Sharp & Dohme Cogen Facility,0.3171178586230224,0.6,high,True,2012.0,False,False,False,False,2013.0,closure (plant stopped operating),closure (generation stopped)
1007294,2016,68089.448,False,False,False,False,True,221,LA,7,1394,Willow Glen,,,crosswalk,True,2017.0,True,False,False,False,2016.0,disclosure exit (plant still operable),closure (generation stopped)
1007297,2021,37.1,True,True,True,False,True,221,NJ,12,50852,Elmwood Park Power LLC,,,crosswalk,True,2020.0,False,False,False,False,2020.0,closure (plant stopped operating),closure (generation stopped)
1007301,2018,1965.444,False,False,False,False,True,221,IA,9,1048,Milton L Kapp,,,crosswalk,True,2017.0,False,False,False,False,2018.0,closure (plant stopped operating),closure (generation stopped)
1007311,2020,0.0,False,False,False,False,True,221,MO,11,2076,Asbury,,,crosswalk,True,2019.0,False,False,False,False,2019.0,closure (plant stopped operating),closure (generation stopped)
1007313,2013,19778.276,False,False,False,False,True,221,CA,4,228,Contra Costa,,,crosswalk,True,2012.0,False,False,False,False,2013.0,closure (plant stopped operating),closure (generation stopped)
1007316,2014,10007.712,True,True,True,False,True,221,CA,5,55513,CalPeak Power Enterprise Peaker Plant,,,crosswalk,True,2023.0,True,True,True,True,2023.0,disclosure exit (plant still operable),disclosure exit (still generating)
1007331,2014,123.948,True,False,True,True,False,221,IL,5,6238,Pearl Station,,,crosswalk,True,2023.0,True,True,True,True,2023.0,disclosure exit (plant still operable),disclosure exit (still generating)
1007353,2012,0.0,True,False,True,False,True,221,AR,3,173,Robert E Ritchie,,,crosswalk,True,2012.0,False,False,False,False,,closure (plant stopped operating),ambiguous
1007354,2012,5120.0,True,False,True,False,True,562,VA,3,55587,GRS Richmond,0.7728457911192838,0.1666666666666666,medium,True,2013.0,True,False,True,False,2013.0,disclosure exit (plant still operable),disclosure exit (still generating)
1007365,2020,85543.932,False,False,False,False,True,221,TX,11,55104,Sabine Cogen,,,crosswalk,True,2019.0,False,False,False,False,2020.0,closure (plant stopped operating),closure (generation stopped)
1007373,2015,808.086,True,False,True,True,False,221,FL,5,629,G E Turner,,,crosswalk,True,2015.0,False,False,True,False,2016.0,closure (plant stopped operating),disclosure exit (still generating)
1007378,2016,912643.046,False,False,False,False,True,221,IN,7,1010,Wabash River,,,crosswalk,True,2015.0,False,False,False,False,2016.0,closure (plant stopped operating),closure (generation stopped)
1007398,2013,194606.968,False,False,False,True,False,211,CA,4,52096,Berry Placerita Cogen,0.3494718472281593,0.5,high,True,2023.0,True,True,True,True,2023.0,disclosure exit (plant still operable),disclosure exit (still generating)
1007418,2012,331163.376,False,False,False,False,True,221,PA,3,3178,FirstEnergy Armstrong Power Station,,,crosswalk,True,2011.0,False,False,False,False,2012.0,closure (plant stopped operating),closure (generation stopped)
1007421,2020,1618.344,True,True,False,False,True,221,MO,11,2132,Blue Valley,,,crosswalk,True,2020.0,False,False,False,False,2020.0,closure (plant stopped operating),closure (generation stopped)
1007423,2022,6663.976,False,False,False,False,True,221,AL,13,7,Gadsden,,,crosswalk,True,2022.0,False,False,False,False,2020.0,closure (plant stopped operating),closure (generation stopped)
1007426,2020,17230.536,True,True,False,True,False,322,CT,11,58116,Cellu Tissue,,,crosswalk,True,2023.0,True,True,True,True,2023.0,disclosure exit (plant still operable),disclosure exit (still generating)
1007428,2014,0.0,False,False,False,False,True,221,MI,5,1731,Harbor Beach,,,crosswalk,True,2012.0,False,False,False,False,2013.0,closure (plant stopped operating),closure (generation stopped)
1007432,2018,0.6,True,False,True,True,False,221,FL,9,642,Scholz,,,crosswalk,True,2014.0,False,False,False,False,2015.0,closure (plant stopped operating),closure (generation stopped)
1007443,2014,309.3,True,False,True,False,True,562,VA,5,56318,Fauquier Landfill Gas,0.6609882675417603,0.4,high,True,2015.0,True,False,True,False,2015.0,disclosure exit (plant still operable),disclosure exit (still generating)
1007456,2014,4890.566,True,True,True,False,True,562,NC,5,57169,Waste Management Piedmont LFGTE Project,,,crosswalk,True,2023.0,True,True,True,True,2023.0,disclosure exit (plant still operable),disclosure exit (still generating)
1007460,2016,19225.302,True,True,False,False,True,562,MT,7,64505,Flathead Landfill to Gas Energy Facility,0.2051501977280466,0.4,high,True,2023.0,False,False,False,False,2023.0,ambiguous,ambiguous
1007500,2018,877869.426,False,False,False,False,True,221,TX,9,3497,Big Brown,,,crosswalk,True,2017.0,False,False,False,False,2018.0,closure (plant stopped operating),closure (generation stopped)
1007510,2014,87.298,True,True,True,True,False,221,CO,5,7995,Airport Industrial,,,crosswalk,True,2023.0,True,True,False,False,,disclosure exit (plant still operable),ambiguous
1007547,2018,8061.05,True,True,True,False,True,562,MA,9,55589,GRS Fall River,0.42801694084266,0.5,high,True,2022.0,True,True,True,True,2022.0,disclosure exit (plant still operable),disclosure exit (still generating)
1007568,2018,38957.606,False,False,False,True,False,211,WY,9,55278,Beaver Creek Gas Plant,0.1208477604252796,1.0,high,True,2023.0,True,True,True,True,2023.0,disclosure exit (plant still operable),disclosure exit (still generating)
1007595,2014,5109.18,False,False,False,True,False,493,NJ,5,58096,Bed Bath & Beyond DC Port Reading NJ,0.834070641543818,0.2222222222222222,medium,True,2023.0,True,True,True,True,2023.0,disclosure exit (plant still operable),disclosure exit (still generating)
1007596,2014,1662.642,True,True,True,False,True,221,NE,5,2241,C W Burdick,,,crosswalk,True,2023.0,True,True,False,False,2023.0,disclosure exit (plant still operable),ambiguous
1007598,2011,0.0,False,False,False,False,True,221,TX,2,3506,Tradinghouse,,,crosswalk,True,2010.0,False,False,False,False,2010.0,closure (plant stopped operating),closure (generation stopped)
1007609,2013,1.5,True,False,True,False,True,221,CA,4,273,Potrero Power,,,crosswalk,True,2010.0,False,False,False,False,2010.0,closure (plant stopped operating),closure (generation stopped)
1007616,2014,5042.95,True,False,True,False,True,562,PA,5,56690,Pine Grove,2.437166052011001,0.5,medium,True,2023.0,True,True,True,True,2023.0,disclosure exit (plant still operable),disclosure exit (still generating)
1007620,2019,54388.43,False,False,False,True,False,324,PA,10,50920,Erie Coke,0.2468634802029177,1.0,high,True,2019.0,False,False,False,False,2018.0,closure (plant stopped operating),closure (generation stopped)
1007644,2021,125.3,False,False,False,True,False,322,WI,12,50620,Park Falls Industrial Management,0.1162282440662039,1.0,high,True,2020.0,False,False,False,False,2018.0,closure (plant stopped operating),closure (generation stopped)
1007676,2019,154503.488,False,False,False,False,True,221,CO,10,527,Nucla,,,crosswalk,True,2018.0,False,False,False,False,2019.0,closure (plant stopped operating),closure (generation stopped)
1007752,2016,24041.138,False,False,False,True,False,221,IN,7,1032,Logansport,,,crosswalk,True,2015.0,False,False,False,False,2016.0,closure (plant stopped operating),closure (generation stopped)
1007761,2016,12643.452,True,True,False,True,False,221,WI,7,54407,Waupun Correctional Central Heating Plt,,,crosswalk,True,2023.0,True,True,True,False,2017.0,disclosure exit (plant still operable),disclosure exit (still generating)
1007842,2013,941204.018,False,False,False,False,True,221,PA,4,3181,FirstEnergy Mitchell Power Station,,,crosswalk,True,2012.0,False,False,False,False,2013.0,closure (plant stopped operating),closure (generation stopped)
1007843,2012,24995.154,False,False,False,False,True,221,WV,3,3946,FirstEnergy Willow Island,,,crosswalk,True,2011.0,False,False,False,False,2012.0,closure (plant stopped operating),closure (generation stopped)
1007900,2015,14004.462,True,True,False,False,True,562,GA,6,54392,BJ Gas Recovery,0.7939822574751544,0.25,medium,True,2018.0,True,True,True,True,2019.0,disclosure exit (plant still operable),disclosure exit (still generating)
1007908,2013,87995.804,False,False,False,False,True,221,PA,4,54144,Piney Creek Project,,,crosswalk,True,2013.0,False,False,False,False,2013.0,closure (plant stopped operating),closure (generation stopped)
1007911,2014,10625.836,True,True,False,True,False,562,VA,5,56006,Harrisonburg Power Plant,0.0437720898214286,0.25,medium,True,2015.0,True,False,False,False,,disclosure exit (plant still operable),ambiguous
1007940,2020,1696258.804,False,False,False,False,True,221,OR,11,6106,Boardman,,,crosswalk,True,2019.0,False,False,False,False,2020.0,closure (plant stopped operating),closure (generation stopped)
1007947,2014,15134.0,True,True,False,False,True,562,MA,5,61732,Randolph,0.1134968352046815,0.5,high,True,2023.0,False,False,False,False,2023.0,ambiguous,ambiguous
1007948,2016,20239.75,True,True,False,False,True,562,MA,7,61596,Citizens Agawam Landfill Solar,0.2177423072288675,0.1666666666666666,medium,True,2023.0,True,True,True,True,2023.0,disclosure exit (plant still operable),disclosure exit (still generating)
1007950,2010,681.94,False,False,False,True,False,221,OH,1,2860,FirstEnergy Mad River,,,crosswalk,True,2012.0,True,True,False,False,,disclosure exit (plant still operable),ambiguous
1007955,2015,870823.222,False,False,False,True,False,211,CA,6,52076,McKittrick Cogen,,,crosswalk,True,2023.0,True,True,True,True,2023.0,disclosure exit (plant still operable),disclosure exit (still generating)
1007982,2014,361189.254,False,False,False,False,True,221,FL,5,6246,Putnam,,,crosswalk,True,2013.0,False,False,False,False,2014.0,closure (plant stopped operating),closure (generation stopped)
1007995,2011,16.0,False,False,False,False,True,324,NJ,2,57384,Matrix Buildings A&B (Perth Amboy) Solar,0.5142462989494042,0.25,medium,True,2023.0,True,True,True,True,2023.0,disclosure exit (plant still operable),disclosure exit (still generating)
1008008,2010,0.0,False,False,False,False,True,221,TX,1,3461,Deepwater,,,crosswalk,True,,False,False,False,False,,ambiguous,ambiguous
1008010,2014,2877.532,True,True,True,False,True,562,CT,5,50564,New Milford Gas Recovery,0.3636609075437124,0.2857142857142857,medium,True,2023.0,True,True,True,True,2023.0,disclosure exit (plant still operable),disclosure exit (still generating)
1008011,2014,13676.754,True,True,False,False,True,562,NY,5,50565,Monroe Livingston Gas Recovery,0.2432853340364767,0.3333333333333333,medium,True,2018.0,True,True,True,True,2019.0,disclosure exit (plant still operable),disclosure exit (still generating)
1008069,2015,8697.75,True,True,True,True,False,562,AR,5,56079,Riceland Foods Cogeneration Plant,4.065668411028334,0.5,medium,True,2020.0,True,True,True,True,2020.0,disclosure exit (plant still operable),disclosure exit (still generating)
1008375,2014,9947.32,False,False,False,True,False,486,LA,4,1448,Monroe (LA),3.873988888105409,0.3333333333333333,medium,True,2010.0,False,False,False,False,,closure (plant stopped operating),ambiguous
1008996,2014,2568.376,True,False,True,True,False,221,OR,4,57457,Seneca Sustainable Energy LLC,,,crosswalk,True,2023.0,True,True,True,True,2023.0,disclosure exit (plant still operable),disclosure exit (still generating)
1008997,2015,3122.988,True,True,True,True,False,221,CA,5,10437,Sunray 2,,,crosswalk,True,2023.0,False,True,False,True,2023.0,ambiguous,ambiguous
1009077,2022,235510.736,False,False,False,True,False,562,FL,13,10062,Miami Dade County Resource Recovery Fac,,,crosswalk,True,2022.0,False,False,True,False,2023.0,closure (plant stopped operating),disclosure exit (still generating)
1009608,2020,1228.0,True,False,True,True,False,486,OK,10,3008,Mooreland,0.8186658614393578,0.25,medium,True,2023.0,True,True,True,True,2023.0,disclosure exit (plant still operable),disclosure exit (still generating)
1009710,2014,4191.482,True,True,True,True,False,325,FL,5,10004,Mosaic South Pierce Operations,0.1566279497199452,1.0,high,True,2023.0,True,True,True,True,2023.0,disclosure exit (plant still operable),disclosure exit (still generating)
1009716,2015,8944.848,True,True,True,True,False,622,NY,6,61567,Woodhull Hospital,0.4631666932462762,0.1666666666666666,medium,True,2023.0,False,True,False,True,2023.0,ambiguous,ambiguous
1009983,2015,5342.33024,False,False,False,True,False,334,CA,5,59802,Maxim,0.5910758927903298,0.3333333333333333,medium,True,2023.0,True,True,True,True,2023.0,disclosure exit (plant still operable),disclosure exit (still generating)
1010187,2014,12724.594,True,False,True,True,False,311,AL,4,7,Gadsden,4.419388278328028,0.3333333333333333,medium,True,2022.0,True,True,True,True,2020.0,disclosure exit (plant still operable),disclosure exit (still generating)
1010381,2020,7288.426,False,False,False,True,False,211,TX,6,57952,Woodall Gas Plant,0.962952685566186,1.0,high,True,2022.0,True,True,False,False,2020.0,disclosure exit (plant still operable),closure (generation stopped)
1010540,2017,7110.424,True,True,True,True,False,221,CA,6,303,Kearny,,,crosswalk,True,2016.0,False,False,False,False,2017.0,closure (plant stopped operating),closure (generation stopped)
1010570,2013,45967.776,False,False,False,True,False,221,CA,2,50298,Wheelabrator Lassen,,,crosswalk,True,2012.0,False,False,False,False,2013.0,closure (plant stopped operating),closure (generation stopped)
1010578,2013,0.0,False,False,False,True,False,221,TX,2,3487,Riverview,,,crosswalk,True,2011.0,False,False,False,False,2012.0,closure (plant stopped operating),closure (generation stopped)
1010680,2019,343.448,True,True,True,True,False,221,PA,8,54693,York Generation Company LLC,,,crosswalk,True,2020.0,True,False,True,False,2020.0,disclosure exit (plant still operable),disclosure exit (still generating)
1010692,2020,247.648,True,False,True,True,False,221,NJ,7,58442,ACI Energy Partners LLC,,,crosswalk,True,2015.0,False,False,False,False,2014.0,closure (plant stopped operating),closure (generation stopped)
1010755,2014,10009.412,True,False,True,True,False,325,FL,3,10205,Mosaic Co Greenbay,0.5404480334357921,1.0,high,True,,False,False,False,False,,ambiguous,ambiguous
1010895,2019,5540.988,True,True,True,True,False,321,WA,8,55882,Sierra Pacific Aberdeen,0.4149800220102335,0.75,high,True,2023.0,True,True,True,True,2023.0,disclosure exit (plant still operable),disclosure exit (still generating)
1010898,2019,6760.402,True,True,True,True,False,321,WA,8,56406,Sierra Pacific Burlington Facility,0.0385464959784855,0.75,high,True,2023.0,True,True,True,True,2023.0,disclosure exit (plant still operable),disclosure exit (still generating)
1010902,2014,5480.08,True,True,True,True,False,334,MN,5,1980,Hutchinson Plant #1,1.1560743292209537,0.5,medium,True,2023.0,True,True,True,True,2023.0,disclosure exit (plant still operable),disclosure exit (still generating)
1011029,2015,130.04,True,False,True,True,False,221,PA,3,57582,Lycoming County,,,crosswalk,True,2023.0,True,True,True,True,2023.0,disclosure exit (plant still operable),disclosure exit (still generating)
1011030,2015,140.936,True,False,True,True,False,221,PA,3,57466,Blue Ridge Landfill,,,crosswalk,True,2023.0,True,True,True,True,2023.0,disclosure exit (plant still operable),disclosure exit (still generating)
1011083,2013,120.632,False,False,False,True,False,221,OR,1,7725,Coffin Butte,,,crosswalk,True,2023.0,True,True,True,True,2023.0,disclosure exit (plant still operable),disclosure exit (still generating)
1011190,2016,6991.224,True,False,True,False,True,221,CA,4,58122,Delano Energy Center,,,crosswalk,True,2023.0,True,True,True,True,2023.0,disclosure exit (plant still operable),disclosure exit (still generating)
1011577,2021,0.8,False,False,False,True,False,424,CA,8,61575,Anheuser-Busch Baldwinsville,,,crosswalk,True,2023.0,True,True,True,True,2023.0,disclosure exit (plant still operable),disclosure exit (still generating)
1011578,2016,870.0,True,False,True,True,False,221,TX,3,58944,Woodville Renewable Power Project,,,crosswalk,True,2023.0,True,True,False,False,2016.0,disclosure exit (plant still operable),closure (generation stopped)
1011672,2015,67.198,True,True,True,False,True,221,MI,6,1826,Grand Haven Diesel Plant,,,crosswalk,True,2019.0,True,True,True,True,2019.0,disclosure exit (plant still operable),disclosure exit (still generating)
1011714,2015,14915.274,False,False,False,True,False,622,NY,2,63646,Jacobi Medical Center,0.122929191536661,1.0,high,True,2023.0,False,False,False,False,,ambiguous,ambiguous
1011823,2019,16574.988,False,False,False,True,False,325,NE,3,8000,Beatrice,3.5846560683757733,0.3333333333333333,medium,True,2023.0,True,True,True,True,2023.0,disclosure exit (plant still operable),disclosure exit (still generating)
1011904,2015,27731.796,False,False,False,True,False,211,CO,1,6112,Fort St Vrain,1.746957579133382,0.5,medium,True,2023.0,True,True,True,True,2023.0,disclosure exit (plant still operable),disclosure exit (still generating)
1011915,2015,8045.62,False,False,False,True,False,325,MN,1,66975,MN Buffalo Lake 212-2 LLC (CSG),0.2499840511198457,0.2857142857142857,medium,True,2023.0,False,False,False,False,2023.0,ambiguous,ambiguous
1012000,2015,1405.444,False,False,False,True,False,221,MI,1,59467,Coldwater Peaking Plant,,,crosswalk,True,2023.0,True,True,True,True,2023.0,disclosure exit (plant still operable),disclosure exit (still generating)
1012895,2021,1024.496,True,False,True,True,False,325,WV,5,57917,Bayer CropScience Institute Plant,0.522375383839526,0.2,medium,True,2014.0,False,False,False,False,2015.0,closure (plant stopped operating),closure (generation stopped)
1013138,2019,8299.868,True,False,True,True,False,325,TX,3,10638,Pasadena,0.5208138046168214,0.25,medium,True,2011.0,False,False,False,False,2012.0,closure (plant stopped operating),closure (generation stopped)
1013524,2015,526.49,True,False,True,False,True,221,VT,3,3754,Burlington GT,,,crosswalk,True,2023.0,True,True,True,True,2023.0,disclosure exit (plant still operable),disclosure exit (still generating)
1013530,2015,680.488,True,False,True,False,True,221,VT,3,3734,Berlin 5,,,crosswalk,True,2023.0,True,True,True,True,2023.0,disclosure exit (plant still operable),disclosure exit (still generating)
1014400,2022,42499.608,False,False,False,True,False,325,GA,2,10120,Pinova Inc.,0.2335696047448094,1.0,high,True,2022.0,False,False,False,False,2022.0,closure (plant stopped operating),closure (generation stopped)
1014647,2022,16494.874,False,False,False,True,False,531,NY,1,62271,NYPH-Queens,4.000580127621096,0.25,medium,True,2023.0,True,False,True,False,2023.0,disclosure exit (plant still operable),disclosure exit (still generating)
