Reporter,Year,Sector,Subsector,Primary NAICS Code,NAICS Definition,Parent Company,City,County,Jurisdiction,Reported Emissions (MTCO2e),Biogenic Carbon Dioxide (MTCO2e),Carbon Dioxide (MTCO2e),Methane (MTCO2e),Nitrous Oxide (MTCO2e),HFCs (MTCO2e),PFCs (MTCO2e),Sulfur Hexafluoride (MTCO2e),Fluorinated - Other (MTCO2e),Notes,Point Size,Location,Covered Emissions (MT CO2e),CCA Status,Georeferenced Location,Reporter Type,co2e,year
"Horse Heaven Cattle Feeders, Inc. - Sunnyside",2016,Livestock,Cattle Feedlots,112112,Cattle Feedlots,"Horse Heaven Cattle Feeders, Inc.",Sunnyside,Yakima,Yakima Regional Clean Air Agency,"10,949",0,0,845,"10,104",0,0,0,0,,1,"46.284622, -120.019668",,,POINT (-120.019668 46.284622),Facility,10949.0,2016
Cowlitz County Tennant Way Landfill - Longview,2017,Waste,Landfills,562212,Solid Waste Landfill,Cowlitz County Washington,Longview,Cowlitz,Southwest Clean Air Agency,"25,683",0,0,"25,683",0,0,0,0,0,,2,"46.107229, -122.905601",,,POINT (-122.905601 46.107229),Facility,25683.0,2017
Grays Harbor Energy Center - Elma,2013,Power Plants,Natural Gas Turbine Plants,221112,Fossil Fuel Electric Power Generation,Invenergy Investment Company LLC,Elma,Grays Harbor,EFSEC,"579,561",0,"578,972",269,320,0,0,0,0,,3,"46.9688, -123.48",,,POINT (-123.48 46.9688),Facility,579561.0,2013
Cowlitz County Headquarters Landfill - Castle Rock,2015,Waste,Landfills,562212,Solid Waste Landfill,Cowlitz County,Castle Rock,Cowlitz,Southwest Clean Air Agency,"190,202","2,097",0,"188,098",7,0,0,0,0,,3,"46.246902, -122.772284",,,POINT (-122.772284 46.246902),Facility,190202.0,2015
Frito Lay - Vancouver,2015,Food Production,Other Food Products,311919,Other Snack Food Manufacturing,PepsiCo Inc,Vancouver,Clark,Southwest Clean Air Agency,"15,923",0,"15,906",8,9,0,0,0,0,,1,"45.657037, -122.692",,,POINT (-122.692 45.657037),Facility,15923.0,2015
Northwest Hardwoods Inc. - Centralia,2022,Wood Products,Lumber Mills,321113,Sawmills,Littlejohn & Co. LLC,Centralia,Lewis,Southwest Clean Air Agency,"12,065","7,893","4,063",17,93,0,0,0,0,,1,"46.734454, -122.991963",,,POINT (-122.991963 46.734454),Facility,12065.0,2022
Providence Sacred Heart Medical Center - Spokane,2017,Health Care,Hospitals,622110,General Medical and Surgical Hospitals,Providence Health Services,Spokane,Spokane,Spokane Regional Clean Air Agency,"12,192",0,"12,180",6,7,0,0,0,0,First year reporting.,1,"47.648848, -117.412461",,,POINT (-117.412461 47.648848),Facility,12192.0,2017
Spokane Waste to Energy Facility - Spokane,2015,Power Plants,"Other Power, Heating, or Cooling Plants",562213,Solid Waste Combustors and Incinerators,City of Spokane,Spokane,Spokane,Spokane Regional Clean Air Agency,"226,238","121,724","99,530","1,944","3,041",0,0,0,0,,3,"47.626529, -117.504278",,,POINT (-117.504278 47.626529),Facility,226238.0,2015
Puget Sound Energy - Mint Farm Generating Station - Longview,2023,Power Plants,Natural Gas Turbine Plants,221112,Fossil Fuel Electric Power Generation,Puget Holdings LLC,Longview,Cowlitz,Southwest Clean Air Agency,"798,751",0,"797,939",370,441,0,0,0,0,,3,"46.140095, -122.985138","798,751",Covered Entity,POINT (-122.985138 46.140095),Facility,798751.0,2023
Frederickson Power LP - Tacoma,2014,Power Plants,Natural Gas Turbine Plants,221112,Fossil Fuel Electric Power Generation,"Puget Sound Energy, Inc. and Capital Power (US Holdings) Inc",Tacoma,Pierce,Puget Sound Clean Air Agency,"271,639",0,"271,363",126,150,0,0,0,0,,3,"47.086342, -122.365686",,,POINT (-122.365686 47.086342),Facility,271639.0,2014
The Boeing Company - Renton,2024,Manufacturing,Transportation Industry,336411,Aircraft Manufacturing,THE BOEING CO,Renton,King,Puget Sound Clean Air Agency,"17,835",0,"17,817",8,10,0,0,0,0,,1,"47.498257, -122.211346",,Reporter,POINT (-122.211346 47.498257),Facility,17835.0,2024
Northwest Hardwoods Inc. - Longview,2017,Wood Products,Lumber Mills,321113,Sawmills,Littlejohn & Co. LLC,Longview,Cowlitz,Southwest Clean Air Agency,"10,444","4,867","5,507",12,59,0,0,0,0,,1,"46.114537, -122.916806",,,POINT (-122.916806 46.114537),Facility,10444.0,2017
Grant County Landfill 1 - Ephrata,2022,Waste,Landfills,562212,Solid Waste Landfill,Grant County Washington,Ephrata,Grant,Ecology: Eastern Regional Office,"46,678","1,723",0,"44,949",6,0,0,0,0,,2,"47.270759, -119.573764",,,POINT (-119.573764 47.270759),Facility,46678.0,2022
Darigold - Chehalis,2018,Food Production,Dairy Products,311514,"Dry, Condensed, and Evaporated Dairy Product Manufacturing",Darigold Inc.,Chehalis,Lewis,Southwest Clean Air Agency,"12,871",0,"12,857",6,7,0,0,0,0,,1,"46.659952, -122.970162",,,POINT (-122.970162 46.659952),Facility,12871.0,2018
Sierra Pacific Industries - Shelton,2012,Wood Products,Lumber Mills,321212,Softwood Veneer and Plywood Manufacturing,Simpson Lumber Company LLC,Shelton,Mason,Olympic Region Clean Air Agency,"86,196","83,660",704,714,"1,118",0,0,0,0,,2,"47.213448, -123.096517",,,POINT (-123.096517 47.213448),Facility,86196.0,2012
Nippon Dynawave - Longview,2014,Pulp and Paper,Kraft Mills,322121,Paper (except Newsprint) Mills,Nippon Paper Industries Co Ltd,Longview,Cowlitz,Ecology: Industrial Section,"1,544,182","1,183,044","352,244","1,944","6,950",0,0,0,0,Assigned emissions level.  Formerly included North Pacific Paper before 2016.  Ecology split emissions for consistency with cooperation from facility.,4,"46.130495, -122.983637",,,POINT (-122.983637 46.130495),Facility,1544182.0,2014
Owens-Brockway Glass Container Inc Plant #2 - Kalama,2016,Minerals,Glass Production,327213,Glass Container Manufacturing,O-I Glass Inc.,Kalama,Cowlitz,Southwest Clean Air Agency,"23,284",0,"23,268",8,9,0,0,0,0,,1,"46.031656, -122.866241",,,POINT (-122.866241 46.031656),Facility,23284.0,2016
Weyerhaeuser Raymond Lumber - Raymond,2022,Wood Products,Lumber Mills,321113,Sawmills,Weyerhaeuser Co.,Raymond,Pacific,Olympic Region Clean Air Agency,"35,084","34,621",0,67,396,0,0,0,0,,2,"46.688088, -123.737495",,,POINT (-123.737495 46.688088),Facility,35084.0,2022
H.W. Hill Landfill Gas Power Plant - Roosevelt,2020,Power Plants,"Other Power, Heating, or Cooling Plants",221119,Other Electric Power Generation,Public Utility District No. 1 of Klickitat County,Roosevelt,Klickitat,Ecology: Central Regional Office,"1,633",0,"1,631",1,1,0,0,0,0,Facility converted from onsite electricity generation to processing landfill gas for pipeline use.,1,"45.807765, -120.166354",,,POINT (-120.166354 45.807765),Facility,1633.0,2020
Murphy Veneer - Elma,2016,Wood Products,Other Wood Products,321212,Softwood Veneer and Plywood Manufacturing,Murphy Co.,Elma,Grays Harbor,Olympic Region Clean Air Agency,"10,709",0,"10,698",5,6,0,0,0,0,,1,"47.040323, -123.334339",,,POINT (-123.334339 47.040323),Facility,10709.0,2016
Imerys Minerals Quincy Plant - Quincy,2013,Minerals,Other Minerals,212399,All Other Nonmetallic Mineral Mining,Imerys Filtration Minerals Inc.,Quincy,Grant,Ecology: Eastern Regional Office,"22,556",0,"22,533",11,13,0,0,0,0,,1,"47.239948, -119.838831",,,POINT (-119.838831 47.239948),Facility,22556.0,2013
Nutrien US LLC. - Kennewick,2018,Chemicals,Fertilizer Production,325311,Nitrogenous Fertilizer Manufacturing,Agrium US Inc.,Kennewick,Benton,Benton Clean Air Agency,"119,791",0,"11,207",1,"108,583",0,0,0,0,,3,"46.165957, -119.017218",,,POINT (-119.017218 46.165957),Facility,119791.0,2018
Air Liquide Hydrogen Plant  - Anacortes,2021,Petroleum Systems,Other Petroleum Systems,325120,Industrial Gas Manufacturing,Air Liquide USA Inc.,Anacortes,Skagit,Northwest Clean Air Agency,"68,887",0,"68,887",0,0,0,0,0,0,,2,"48.465617, -122.556032",,,POINT (-122.556032 48.465617),Facility,68887.0,2021
Star Forge LLC dba Jorgensen Forge - Tukwila,2015,Metals,Other Metals,332111,Iron and Steel Forging,Jorgensen Forge Corp.,Tukwila,King,Puget Sound Clean Air Agency,"5,321",0,"5,316",3,3,0,0,0,0,,1,"47.526872, -122.303906",,,POINT (-122.303906 47.526872),Facility,5321.0,2015
University of Washington Seattle Campus - Seattle,2024,Government,Education,611310,"Colleges, Universities, and Professional Schools",THE UNIVERSITY OF WASHINGTON BOARD OF REGENTS,Seattle,King,Puget Sound Clean Air Agency,"83,149",0,"83,060",40,49,0,0,0,0,,2,"47.653614, -122.303608","81,895",Covered Entity,POINT (-122.303608 47.653614),Facility,83149.0,2024
Michelsen Packaging - Yakima,2016,Pulp and Paper,Other Pulp and Paper,322299,All Other Converted Paper Product Manufacturing,Michelson Packaging Co.,Yakima,Yakima,Yakima Regional Clean Air Agency,"8,817",0,"8,808",4,5,0,0,0,0,,1,"46.604058, -120.513015",,,POINT (-120.513015 46.604058),Facility,8817.0,2016
Lamb Weston - Warden,2023,Food Production,Potato Products,311411,"Frozen Fruit, Juice, and Vegetable Manufacturing","Lamb Weston, Inc.",Warden,Grant,Ecology: Eastern Regional Office,"14,112",0,"14,097",7,8,0,0,0,0,,1,"46.971504, -119.055427",,Reporter,POINT (-119.055427 46.971504),Facility,14112.0,2023
Great Western Malt - Vancouver,2018,Food Production,Other Food Products,311213,Malt Manufacturing,Great Western Malt,Vancouver,Clark,Southwest Clean Air Agency,"13,770",0,"13,756",7,8,0,0,0,0,,1,"45.631069, -122.690043",,,POINT (-122.690043 45.631069),Facility,13770.0,2018
Puget Sound Energy T&D - statewide,2014,Power Plants,Electrical Transmission and Distribution,221122,Electric Power Distribution,Puget Holdings LLC,Bellevue,King,Puget Sound Clean Air Agency,"1,664",0,0,0,0,0,0,"1,664",0,,1,"47.61345, -122.19454",,,POINT (-122.19454 47.61345),Facility,1664.0,2014
Washington State University - Pullman,2024,Government,Education,611310,"Colleges, Universities, and Professional Schools",STATE OF WASHINGTON,Pullman,Whitman,Ecology: Eastern Regional Office,"60,440",0,"60,375",29,36,0,0,0,0,,2,"46.728702, -117.151481","59,312",Covered Entity,POINT (-117.151481 46.728702),Facility,60440.0,2024
Lamb Weston - Pasco,2021,Food Production,Potato Products,311411,"Frozen Fruit, Juice, and Vegetable Manufacturing","Lamb Weston, Inc.",Pasco,Franklin,Ecology: Eastern Regional Office,"40,297",0,"40,255",19,23,0,0,0,0,,2,"46.288137, -119.115336",,,POINT (-119.115336 46.288137),Facility,40297.0,2021
Pasco Processing LLC - Pasco,2021,Food Production,Other Food Products,311991,Perishable Prepared Food Manufacturing,Oregon Potato Co.,Pasco,Franklin,Ecology: Eastern Regional Office,"22,488",0,"22,465",11,13,0,0,0,0,,1,"46.28274, -119.097528",,,POINT (-119.097528 46.28274),Facility,22488.0,2021
Air Liquide Electronics Moses Lake Hydrogen Plant,2024,Chemicals,Other Chemicals,325120,Industrial Gas Manufacturing,Air Liquide USA Inc.,Moses Lake,Grant,Ecology: Eastern Regional Office,"11,602",0,"11,602",0,0,0,0,0,0,,1,"47.135844, -119.199620",,Reporter,POINT (-119.19962 47.135844),Facility,11602.0,2024
Boulder Park Generating Station - Spokane Valley,2022,Power Plants,"Other Power, Heating, or Cooling Plants",221112,Fossil Fuel Electric Power Generation,Avista Corp.,Spokane Valley,Spokane,Spokane Regional Clean Air Agency,"39,549",0,"39,508",19,22,0,0,0,0,,2,"47.696999, -117.147223",,,POINT (-117.147223 47.696999),Facility,39549.0,2022
Keyes Fibre Corporation - Wenatchee,2023,Pulp and Paper,Other Pulp and Paper,322299,All Other Converted Paper Product Manufacturing,Tekni-Plex Wenatchee Fiber Consumer Porducts,Wenatchee,Chelan,Ecology: Central Regional Office,"12,427",0,"12,414",6,7,0,0,0,0,,1,"47.485987, -120.316363",,Reporter,POINT (-120.316363 47.485987),Facility,12427.0,2023
Hampton Lumber Mills Washington Inc. - Randle,2023,Wood Products,Lumber Mills,321113,Sawmills,Hampton Lumber Mills Washington Inc.,Randle,Lewis,Southwest Clean Air Agency,"57,434","56,677",0,109,648,0,0,0,0,,2,"46.533743, -121.917906",,Reporter,POINT (-121.917906 46.533743),Facility,57434.0,2023
Port Angeles Hardwood LLC - Port Angeles,2017,Wood Products,Lumber Mills,321113,Sawmills,Port Angeles Hardwood LLC,Port Angeles,Clallam,Olympic Region Clean Air Agency,"23,857","23,542",0,45,269,0,0,0,0,,1,"48.100872, -123.485745",,,POINT (-123.485745 48.100872),Facility,23857.0,2017
Ascensus Specialties LLC - Elma,2023,Chemicals,Other Chemicals,325180,Other Basic Inorganic Chemical Manufacturing,VSI Holdings LLC,Elma,Grays Harbor,Olympic Region Clean Air Agency,"13,860",0,"13,845",7,8,0,0,0,0,,1,"46.995459, -123.382316",,Reporter,POINT (-123.382316 46.995459),Facility,13860.0,2023
Tree Top - Wenatchee,2017,Food Production,Fruit Products,311423,Dried and Dehydrated Food Manufacturing,Tree Top Inc.,Wenatchee,Chelan,Ecology: Central Regional Office,"9,909",0,"9,898",5,6,0,0,0,0,,1,"47.48938, -120.31426",,,POINT (-120.31426 47.48938),Facility,9909.0,2017
Alcoa Intalco Works - Ferndale,2022,Metals,Aluminum Production,331312,Primary Aluminum Production,Alcoa Corp.,Ferndale,Whatcom,Ecology: Industrial Section,"9,286",0,"1,385","7,900",1,0,0,0,0,Curtailed mid 2020.,1,"48.8455, -122.7055",,,POINT (-122.7055 48.8455),Facility,9286.0,2022
"Boise Cascade Wood Products, LLC.  Kettle Falls Plywood - Kettle Falls",2021,Wood Products,Other Wood Products,321219,Reconstituted Wood Product Manufacturing,Boise Cascade Company,Kettle Falls,Stevens,Ecology: Eastern Regional Office,"70,003","53,371","15,902",110,619,0,0,0,0,,2,"48.613175, -118.116106",,,POINT (-118.116106 48.613175),Facility,70003.0,2021
Northwest Pipeline Willard C/S - Cook,2020,Natural Gas Systems,Natural Gas Transmission/Compression,486210,Pipeline Transportation of Natural Gas,"The Williams Companies, Inc.",Cook,Skamania,Southwest Clean Air Agency,"20,101",0,"18,154","1,937",10,0,0,0,0,,1,"45.778087, -121.626311",,,POINT (-121.626311 45.778087),Facility,20101.0,2020
CenTrio Energy Seattle LLC - Seattle,2016,Power Plants,"Other Power, Heating, or Cooling Plants",221330,Steam and Air-Conditioning Supply,Seattle Steam Company LLC,Seattle,King,Puget Sound Clean Air Agency,"69,965",0,"69,893",33,40,0,0,0,0,,2,"47.6068, -122.340179",,,POINT (-122.340179 47.6068),Facility,69965.0,2016
DH Feeders - Eltopia,2022,Livestock,Cattle Feedlots,112112,Cattle Feedlots,Easterday Ranches,Eltopia,Franklin,Ecology: Eastern Regional Office,"15,771",0,"1,106","1,150","13,515",0,0,0,0,Voluntary reporter.  Manure management reporting repealed by Legislature.,1,"46.50919, -118.881203",,,POINT (-118.881203 46.50919),Facility,15771.0,2022
Darling Ingredients Inc - Tacoma,2019,Food Production,Meat Products,311613,Rendering and Meat Byproduct Processing,Darling Ingredients Inc.,Tacoma,Pierce,Puget Sound Clean Air Agency,"9,187",0,"9,178",4,5,0,0,0,0,,1,"47.250503, -122.406461",,,POINT (-122.406461 47.250503),Facility,9187.0,2019
Puget Sound Energy - Goldendale Generating Station - Goldendale,2019,Power Plants,Natural Gas Turbine Plants,221112,Fossil Fuel Electric Power Generation,Puget Holdings LLC,Goldendale,Klickitat,Ecology: Central Regional Office,"729,130",0,"728,390",338,403,0,0,0,0,,3,"45.8114, -120.833",,,POINT (-120.833 45.8114),Facility,729130.0,2019
McCain Foods - Othello,2017,Food Production,Potato Products,311411,"Frozen Fruit, Juice, and Vegetable Manufacturing",McCain USA Inc.,Othello,Adams,Ecology: Eastern Regional Office,"63,045",0,"40,134","22,889",23,0,0,0,0,,2,"46.840102, -119.172705",,,POINT (-119.172705 46.840102),Facility,63045.0,2017
Nutrien US LLC. - Kennewick,2019,Chemicals,Fertilizer Production,325311,Nitrogenous Fertilizer Manufacturing,Agrium US Inc.,Kennewick,Benton,Benton Clean Air Agency,"145,245",0,"11,198",1,"134,046",0,0,0,0,,3,"46.165957, -119.017218",,,POINT (-119.017218 46.165957),Facility,145245.0,2019
Air Liquide Hydrogen Plant  - Anacortes,2014,Petroleum Systems,Other Petroleum Systems,325120,Industrial Gas Manufacturing,Air Liquide USA Inc.,Anacortes,Skagit,Northwest Clean Air Agency,"64,110",0,"64,110",0,0,0,0,0,0,,2,"48.465617, -122.556032",,,POINT (-122.556032 48.465617),Facility,64110.0,2014
U.S. Oil & Refining Co. - Tacoma,2022,Petroleum Systems,Petroleum Refineries,324110,Petroleum Refineries,Par Pacific Holdings Inc.,Tacoma,Pierce,Puget Sound Clean Air Agency,"130,279",0,"129,025",819,436,0,0,0,0,,3,"47.256813, -122.394952",,,POINT (-122.394952 47.256813),Facility,130279.0,2022
"North Pacific Paper Company, LLC - Longview",2019,Pulp and Paper,Other Pulp and Paper,322122,Newsprint Mills,NP Paper Investor Holdings LLC,Longview,Cowlitz,Southwest Clean Air Agency,"38,216",0,"38,177",18,21,0,0,0,0,Formerly part of Nippon Dynawave before 2016.,2,"46.125662, -122.976788",,,POINT (-122.976788 46.125662),Facility,38216.0,2019
Puget Sound Energy - Mint Farm Generating Station - Longview,2022,Power Plants,Natural Gas Turbine Plants,221112,Fossil Fuel Electric Power Generation,Puget Holdings LLC,Longview,Cowlitz,Southwest Clean Air Agency,"659,361",0,"658,692",305,364,0,0,0,0,,3,"46.140095, -122.985138",,,POINT (-122.985138 46.140095),Facility,659361.0,2022
"SGL Carbon, LLC - Moses Lake",2021,Manufacturing,Transportation Industry,335991,Carbon and Graphite Product Manufacturing,SGL Automotive Carbon Fibers LLC,Moses Lake,Grant,Ecology: Eastern Regional Office,"12,715",0,"12,702",6,7,0,0,0,0,,1,"47.208993, -119.285437",,,POINT (-119.285437 47.208993),Facility,12715.0,2021
U.S. Department of Energy Hanford Site - Richland,2012,Government,Other Government,924110,Administration of Air and Water Resource and Solid Waste Management Programs,US Government,Richland,Benton,Ecology: NWP,"14,865",0,"4,334","10,523",7,0,0,0,0,,1,"46.55069, -119.489007",,,POINT (-119.489007 46.55069),Facility,14865.0,2012
Inland Empire Paper Company - Spokane,2012,Pulp and Paper,Other Pulp and Paper,322122,Newsprint Mills,Cowles Publishing Co.,Spokane,Spokane,Spokane Regional Clean Air Agency,"36,152","17,985","17,755",162,250,0,0,0,0,,2,"47.688295, -117.279323",,,POINT (-117.279323 47.688295),Facility,36152.0,2012
"Rainier Veneer, Inc. - Spanaway",2021,Wood Products,Other Wood Products,321212,Softwood Veneer and Plywood Manufacturing,Rainier Veneer Inc.,Spanaway,Pierce,Puget Sound Clean Air Agency,"17,170","14,033","2,946",29,162,0,0,0,0,,1,"47.062059, -122.318981",,,POINT (-122.318981 47.062059),Facility,17170.0,2021
Northwest Pipeline C/S - Chehalis,2016,Natural Gas Systems,Natural Gas Transmission/Compression,486210,Pipeline Transportation of Natural Gas,"The Williams Companies, Inc.",Chehalis,Lewis,Southwest Clean Air Agency,"27,923",0,"26,184","1,725",15,0,0,0,0,,2,"46.533325, -122.87373",,,POINT (-122.87373 46.533325),Facility,27923.0,2016
Goodrich Corporation - Spokane,2018,Manufacturing,Transportation Industry,336413,Other Aircraft Parts and Auxiliary Equipment Manufacturing,Raytheon Technologies Corp,Spokane,Spokane,Spokane Regional Clean Air Agency,"43,776",0,"43,724",22,29,0,0,0,0,,2,"47.583604, -117.568511",,,POINT (-117.568511 47.583604),Facility,43776.0,2018
Tree Top - Prosser,2017,Food Production,Fruit Products,311411,"Frozen Fruit, Juice, and Vegetable Manufacturing",Tree Top Inc.,Prosser,Benton,Benton Clean Air Agency,"16,242",0,"16,225",8,9,0,0,0,0,,1,"46.21842, -119.73397",,,POINT (-119.73397 46.21842),Facility,16242.0,2017
Waste Management Greater Wenatchee Regional Landfill - East Wenatchee,2020,Waste,Landfills,562212,Solid Waste Landfill,Waste Management Inc.,East Wenatchee,Douglas,Ecology: Central Regional Office,"55,421",0,0,"55,421",0,0,0,0,0,,2,"47.405083, -120.167444",,,POINT (-120.167444 47.405083),Facility,55421.0,2020
"Tyson Fresh Meats, Inc. - Wallula",2024,Food Production,Meat Products,311611,Animal (except Poultry) Slaughtering,TYSON FOODS INC,Wallula,Walla Walla,Ecology: Eastern Regional Office,"96,360",0,"25,802","70,542",16,0,0,0,0,,2,"46.137521, -118.913051","95,450",Covered Entity,POINT (-118.913051 46.137521),Facility,96360.0,2024
"Horse Heaven Cattle Feeders, Inc. - Sunnyside",2021,Livestock,Cattle Feedlots,112112,Cattle Feedlots,"Horse Heaven Cattle Feeders, Inc.",Sunnyside,Yakima,Yakima Regional Clean Air Agency,"9,395",0,0,725,"8,670",0,0,0,0,Voluntary reporter.  Manure management reporting repealed by Legislature.,1,"46.284622, -120.019668",,,POINT (-120.019668 46.284622),Facility,9395.0,2021
Cosmo Specialty Fibers Inc - Cosmopolis,2017,Pulp and Paper,Sulfite Mills,322110,Pulp Mills,Cosmo Specialty Fibers Inc.,Cosmopolis,Grays Harbor,Ecology: Industrial Section,"556,957","528,092","22,456","4,257","2,152",0,0,0,0,,3,"46.952907, -123.76211",,,POINT (-123.76211 46.952907),Facility,556957.0,2017
"Analog Devices, Inc. - Camas",2020,Manufacturing,Electronics Industry,334413,Semiconductor and Related Device Manufacturing,Linear Technology Corporation,Camas,Clark,Southwest Clean Air Agency,"13,822",0,"1,957",1,"1,480","2,086","4,459","3,641",198,,1,"45.598844, -122.45232",,,POINT (-122.45232 45.598844),Facility,13822.0,2020
HF Sinclair Puget Sound Refinery LLC - Anacortes,2014,Petroleum Systems,Petroleum Refineries,324110,Petroleum Refineries,HollyFrontier Puget Sound Refining LLC,Anacortes,Skagit,Northwest Clean Air Agency,"1,808,404",0,"1,797,549","6,921","3,934",0,0,0,0,Assigned Emissions Level,4,"48.470931, -122.559161",,,POINT (-122.559161 48.470931),Facility,1808404.0,2014
LRI Landfill - Graham,2020,Waste,Landfills,562212,Solid Waste Landfill,Waste Connections Inc.,Graham,Pierce,Puget Sound Clean Air Agency,"77,224",0,0,"77,224",0,0,0,0,0,,2,"46.972405, -122.292799",,,POINT (-122.292799 46.972405),Facility,77224.0,2020
Great Western Malt - Vancouver,2023,Food Production,Other Food Products,311213,Malt Manufacturing,Great Western Malt,Vancouver,Clark,Southwest Clean Air Agency,"11,815",0,"11,803",6,7,0,0,0,0,,1,"45.631069, -122.690043",,Reporter,POINT (-122.690043 45.631069),Facility,11815.0,2023
Simplot Feeders LTD. - Burbank,2019,Livestock,Cattle Feedlots,112112,Cattle Feedlots,J.R. Simplot Company,Burbank,Walla Walla,Ecology: Eastern Regional Office,"32,157",0,"1,072","2,335","28,750",0,0,0,0,First year reporting emissions from onsite combustion.,2,"46.133131, -118.90629",,,POINT (-118.90629 46.133131),Facility,32157.0,2019
James Hardie Building Products - Tacoma,2023,Manufacturing,Building Products,327390,Other Concrete Product Manufacturing,James Hardie Building Products Inc.,Tacoma,Pierce,Puget Sound Clean Air Agency,"14,984",0,"14,969",7,8,0,0,0,0,,1,"47.092145, -122.364656",,Reporter,POINT (-122.364656 47.092145),Facility,14984.0,2023
Guy Bennett Lumber Company - Clarkston,2018,Wood Products,Lumber Mills,321113,Sawmills,Bennett Lumber Products Inc.,Clarkston,Asotin,Ecology: Eastern Regional Office,"15,574","15,240",0,130,203,0,0,0,0,,1,"46.423108, -117.086487",,,POINT (-117.086487 46.423108),Facility,15574.0,2018
Lamb Weston - Connell,2021,Food Production,Potato Products,311411,"Frozen Fruit, Juice, and Vegetable Manufacturing","Lamb Weston, Inc.",Connell,Franklin,Ecology: Eastern Regional Office,"32,423",0,"32,390",15,18,0,0,0,0,,2,"46.651389, -118.871944",,,POINT (-118.871944 46.651389),Facility,32423.0,2021
"Boise Cascade Wood Products, LLC.  Kettle Falls Lumber - Kettle Falls",2018,Wood Products,Lumber Mills,321912,"Cut Stock, Resawing Lumber, and Planing",Boise Cascade Company,Kettle Falls,Stevens,Ecology: Eastern Regional Office,"57,150","56,397",0,108,645,0,0,0,0,,2,"48.609799, -118.067441",,,POINT (-118.067441 48.609799),Facility,57150.0,2018
"Boise Cascade Wood Products, LLC.  Kettle Falls Lumber - Kettle Falls",2013,Wood Products,Lumber Mills,321912,"Cut Stock, Resawing Lumber, and Planing",Boise Cascade Company,Kettle Falls,Stevens,Ecology: Eastern Regional Office,"56,885","56,136",0,108,642,0,0,0,0,,2,"48.609799, -118.067441",,,POINT (-118.067441 48.609799),Facility,56885.0,2013
Northwest Pipeline Willard C/S - Cook,2015,Natural Gas Systems,Natural Gas Transmission/Compression,486210,Pipeline Transportation of Natural Gas,"The Williams Companies, Inc.",Cook,Skamania,Southwest Clean Air Agency,"12,443",0,"10,325","2,113",6,0,0,0,0,,1,"45.778087, -121.626311",,,POINT (-121.626311 45.778087),Facility,12443.0,2015
Sierra Pacific Industries - Aberdeen,2016,Wood Products,Lumber Mills,321113,Sawmills,Sierra Pacific Industries,Aberdeen,Grays Harbor,Olympic Region Clean Air Agency,"220,243","215,642","1,720",415,"2,467",0,0,0,0,,3,"46.971875, -123.775526",,,POINT (-123.775526 46.971875),Facility,220243.0,2016
Alcoa Intalco Works - Ferndale,2020,Metals,Aluminum Production,331312,Primary Aluminum Production,Alcoa Corp.,Ferndale,Whatcom,Ecology: Industrial Section,"595,364",0,"166,633","8,569",15,0,"420,148",0,0,Curtailed mid 2020.  PFC emissions based on updated source test information.,3,"48.8455, -122.7055",,,POINT (-122.7055 48.8455),Facility,595364.0,2020
Northwest Pipeline C/S - Snohomish,2024,Natural Gas Systems,Natural Gas Transmission/Compression,486210,Pipeline Transportation of Natural Gas,THE WILLIAMS COS INC,Snohomish,Snohomish,Puget Sound Clean Air Agency,"68,238",0,"66,860","1,341",38,0,0,0,0,,2,"47.788250, -122.058590","68,238",Covered Entity,POINT (-122.05859 47.78825),Facility,68238.0,2024
"Rainier Veneer, Inc. - Spanaway",2016,Wood Products,Other Wood Products,321212,Softwood Veneer and Plywood Manufacturing,Rainier Veneer Inc.,Spanaway,Pierce,Puget Sound Clean Air Agency,"17,294","15,416","1,671",30,177,0,0,0,0,,1,"47.062059, -122.318981",,,POINT (-122.318981 47.062059),Facility,17294.0,2016
Naval Base Kitsap Bangor - Silverdale,2017,Government,National Security,928110,National Security,US Government,Silverdale,Kitsap,Puget Sound Clean Air Agency,"21,860",0,"21,834",11,15,0,0,0,0,,1,"47.699284, -122.696926",,,POINT (-122.696926 47.699284),Facility,21860.0,2017
Port Angeles Hardwood LLC - Port Angeles,2012,Wood Products,Lumber Mills,321113,Sawmills,Port Angeles Hardwood LLC,Port Angeles,Clallam,Olympic Region Clean Air Agency,"22,940","22,638",0,44,259,0,0,0,0,,1,"48.100872, -123.485745",,,POINT (-123.485745 48.100872),Facility,22940.0,2012
Riverside Feeders SFL - Kennewick,2014,Livestock,Cattle Feedlots,112112,Cattle Feedlots,Easterday Ranches,Kennewick,Benton,Benton Clean Air Agency,"20,360",0,"1,812","1,417","17,131",0,0,0,0,,1,"45.991872, -119.136497",,,POINT (-119.136497 45.991872),Facility,20360.0,2014
Graymont Western US. Inc. - Tacoma,2015,Minerals,Lime Production,327410,Lime Manufacturing,"Graymont, Inc.",Tacoma,Pierce,Puget Sound Clean Air Agency,"76,402",0,"76,345",23,34,0,0,0,0,,2,"47.271365, -122.397262",,,POINT (-122.397262 47.271365),Facility,76402.0,2015
CertainTeed Gypsum - Seattle,2016,Manufacturing,Building Products,327420,Gypsum Product Manufacturing,Saint-Gobain Corporation,Seattle,King,Puget Sound Clean Air Agency,"47,948",0,"47,898",23,27,0,0,0,0,,2,"47.548056, -122.336944",,,POINT (-122.336944 47.548056),Facility,47948.0,2016
The Boeing Company - Auburn Site - Auburn,2023,Manufacturing,Transportation Industry,336413,Other Aircraft Parts and Auxiliary Equipment Manufacturing,The Boeing Company,Auburn,King,Puget Sound Clean Air Agency,"33,303",0,"33,269",16,19,0,0,0,0,,2,"47.285551, -122.242298","33,130",Covered Entity,POINT (-122.242298 47.285551),Facility,33303.0,2023
Sonoco Products - Sumner,2019,Pulp and Paper,Other Pulp and Paper,322130,Paperboard Mills,Sonoco Products Company,Sumner,Pierce,Puget Sound Clean Air Agency,"11,611",0,"11,599",6,7,0,0,0,0,,1,"47.210641, -122.239474",,,POINT (-122.239474 47.210641),Facility,11611.0,2019
Marathon Anacortes Refinery - Anacortes,2020,Petroleum Systems,Petroleum Refineries,324110,Petroleum Refineries,Marathon Petroleum Corp,Anacortes,Skagit,Northwest Clean Air Agency,"1,208,552",0,"1,203,491","2,050","3,011",0,0,0,0,,4,"48.493816, -122.564845",,,POINT (-122.564845 48.493816),Facility,1208552.0,2020
TSMC Washington LLC - Camas,2012,Manufacturing,Electronics Industry,334413,Semiconductor and Related Device Manufacturing,TSMC WASHINGTON LLC,Camas,Clark,Southwest Clean Air Agency,"182,166",0,"13,943",7,"6,560","8,226","87,291","45,978","20,161","Assigned Emissions Level, Formerly reporting as WaferTech LLC - Camas.",3,"45.619569, -122.454955",,,POINT (-122.454955 45.619569),Facility,182166.0,2012
Puget Sound Energy - Fredonia Generating Station - Mount Vernon,2013,Power Plants,Natural Gas Turbine Plants,221112,Fossil Fuel Electric Power Generation,Puget Holdings LLC,Mount Vernon,Skagit,Northwest Clean Air Agency,"82,399",0,"82,311",40,49,0,0,0,0,,2,"48.4553, -122.435",,,POINT (-122.435 48.4553),Facility,82399.0,2013
Washington State University - Pullman,2022,Government,Education,611310,"Colleges, Universities, and Professional Schools",State of Washington,Pullman,Whitman,Ecology: Eastern Regional Office,"82,952",0,"82,852",42,58,0,0,0,0,,2,"46.728702, -117.151481",,,POINT (-117.151481 46.728702),Facility,82952.0,2022
"Bio Energy Washington, LLC - Maple Valley",2023,Power Plants,"Other Power, Heating, or Cooling Plants",221119,Other Electric Power Generation,Bio Energy Washington,Maple Valley,King,Puget Sound Clean Air Agency,"11,193","10,496",641,17,39,0,0,0,0,,1,"47.455871, -122.041817",,Reporter,POINT (-122.041817 47.455871),Facility,11193.0,2023
Horn Rapids Sanitary Landfill - Richland,2014,Waste,Landfills,562212,Solid Waste Landfill,City of Richland,Richland,Benton,Benton Clean Air Agency,"25,582",0,0,"25,582",0,0,0,0,0,,2,"46.346663, -119.348118",,,POINT (-119.348118 46.346663),Facility,25582.0,2014
Pasco Processing LLC - Pasco,2013,Food Production,Other Food Products,311991,Perishable Prepared Food Manufacturing,Oregon Potato Co.,Pasco,Franklin,Ecology: Eastern Regional Office,"16,855",0,"16,838",8,10,0,0,0,0,,1,"46.28274, -119.097528",,,POINT (-119.097528 46.28274),Facility,16855.0,2013
"SEH America, Inc - Vancouver",2021,Manufacturing,Electronics Industry,334413,Semiconductor and Related Device Manufacturing,SEH America Inc.,Vancouver,Clark,Southwest Clean Air Agency,"11,332",0,"11,321",5,6,0,0,0,0,,1,"45.649912, -122.553612",,,POINT (-122.553612 45.649912),Facility,11332.0,2021
Imerys Minerals Quincy Plant - Quincy,2018,Minerals,Other Minerals,212399,All Other Nonmetallic Mineral Mining,Imerys Filtration Minerals Inc.,Quincy,Grant,Ecology: Eastern Regional Office,"22,730",0,"22,706",11,13,0,0,0,0,,1,"47.239948, -119.838831",,,POINT (-119.838831 47.239948),Facility,22730.0,2018
Lamb Weston - Quincy,2020,Food Production,Potato Products,311411,"Frozen Fruit, Juice, and Vegetable Manufacturing","Lamb Weston, Inc.",Quincy,Grant,Ecology: Eastern Regional Office,"32,198",0,"32,164",15,18,0,0,0,0,,2,"47.234413, -119.869914",,,POINT (-119.869914 47.234413),Facility,32198.0,2020
"Greif, Tacoma Mill - Tacoma",2018,Pulp and Paper,Other Pulp and Paper,322130,Paperboard Mills,Paperboard Parent Inc.,Tacoma,Pierce,Puget Sound Clean Air Agency,"14,859",0,"14,844",7,8,0,0,0,0,,1,"47.239235, -122.421909",,,POINT (-122.421909 47.239235),Facility,14859.0,2018
Terrace Heights Landfill - Yakima,2023,Waste,Landfills,562212,Solid Waste Landfill,Yakima County Public Services - Solid Waste Division,Yakima,Yakima,Yakima Regional Clean Air Agency,"130,876",0,23,"130,854",0,0,0,0,0,,3,"46.610031, -120.39408",,Reporter,POINT (-120.39408 46.610031),Facility,130876.0,2023
bp Cherry Point Refinery - Blaine,2015,Petroleum Systems,Petroleum Refineries,324110,Petroleum Refineries,BP America Inc.,Blaine,Whatcom,Northwest Clean Air Agency,"1,995,759",0,"1,985,046","6,521","4,192",0,0,0,0,Assigned Emissions Level,4,"48.8864, -122.7353",,,POINT (-122.7353 48.8864),Facility,1995759.0,2015
Fairchild AFB - Spokane Co.,2014,Government,National Security,928110,National Security,US Government,Fairchild Air Force Base,Spokane,Spokane Regional Clean Air Agency,"12,683",0,"12,670",6,7,0,0,0,0,,1,"47.641332, -117.644832",,,POINT (-117.644832 47.641332),Facility,12683.0,2014
Owens-Brockway Glass Container Inc Plant #2 - Kalama,2013,Minerals,Glass Production,327213,Glass Container Manufacturing,O-I Glass Inc.,Kalama,Cowlitz,Southwest Clean Air Agency,"19,199",0,"19,186",6,7,0,0,0,0,,1,"46.031656, -122.866241",,,POINT (-122.866241 46.031656),Facility,19199.0,2013
Ardagh Glass Inc. - Seattle,2015,Minerals,Glass Production,327213,Glass Container Manufacturing,Ardagh Holdings USA Inc.,Seattle,King,Puget Sound Clean Air Agency,"76,674",0,"76,614",27,32,0,0,0,0,,2,"47.55242, -122.33739",,,POINT (-122.33739 47.55242),Facility,76674.0,2015
Naval Base Kitsap - Bremerton,2021,Government,National Security,928110,National Security,US Government,Bremerton,Kitsap,Puget Sound Clean Air Agency,"43,005",0,"42,960",21,25,0,0,0,0,,2,"47.557047, -122.645933",,,POINT (-122.645933 47.557047),Facility,43005.0,2021
Northwest Pipeline C/S - Sumner,2018,Natural Gas Systems,Natural Gas Transmission/Compression,486210,Pipeline Transportation of Natural Gas,"The Williams Companies, Inc.",Sumner,Pierce,Puget Sound Clean Air Agency,"35,848",0,"35,129",699,20,0,0,0,0,,2,"47.228986, -122.209551",,,POINT (-122.209551 47.228986),Facility,35848.0,2018
Darigold - Lynden,2020,Food Production,Dairy Products,311514,"Dry, Condensed, and Evaporated Dairy Product Manufacturing",Darigold Inc.,Lynden,Whatcom,Northwest Clean Air Agency,"19,951",0,"19,930",9,11,0,0,0,0,,1,"48.947567, -122.451915",,,POINT (-122.451915 48.947567),Facility,19951.0,2020
Western Washington University - Bellingham,2014,Government,Education,611310,"Colleges, Universities, and Professional Schools",Western Washington University,Bellingham,Whatcom,Northwest Clean Air Agency,"10,799",0,"10,788",5,6,0,0,0,0,,1,"48.736499, -122.484714",,,POINT (-122.484714 48.736499),Facility,10799.0,2014
Avista Corporation - WA State DOE Reporting - statewide,2020,Natural Gas Systems,Natural Gas Local Distribution Companies,221121,Electric Bulk Power Transmission and Control,Avista Corp.,Spokane,Spokane,Spokane Regional Clean Air Agency,720,0,0,0,0,0,0,720,0,,1,"47.673486, -117.388514",,,POINT (-117.388514 47.673486),Facility,720.0,2020
Central Washington University - Ellensburg,2020,Government,Education,611310,"Colleges, Universities, and Professional Schools",State of Washington,Ellensburg,Kittitas,Ecology: Central Regional Office,"11,930",0,"11,918",6,7,0,0,0,0,,1,"47.003202, -120.544513",,,POINT (-120.544513 47.003202),Facility,11930.0,2020
Hampton Lumber Mills Washington Inc. - Darrington,2012,Wood Products,Lumber Mills,321113,Sawmills,Hampton Lumber Mills Washington Inc.,Darrington,Snohomish,Puget Sound Clean Air Agency,"81,603","79,856",0,681,"1,066",0,0,0,0,,2,"48.262797, -121.597608",,,POINT (-121.597608 48.262797),Facility,81603.0,2012
SDS Lumber Company - Bingen,2012,Wood Products,Lumber Mills,321113,Sawmills,SDS Lumber Company,Bingen,Klickitat,Ecology: Central Regional Office,"89,927","87,886",119,750,"1,173",0,0,0,0,,2,"45.713913, -121.468688",,,POINT (-121.468688 45.713913),Facility,89927.0,2012
Imerys Minerals Quincy Plant - Quincy,2023,Minerals,Other Minerals,212399,All Other Nonmetallic Mineral Mining,Imerys Filtration Minerals Inc.,Quincy,Grant,Ecology: Eastern Regional Office,"15,599",0,"15,583",7,9,0,0,0,0,,1,"47.239948, -119.838831",,Reporter,POINT (-119.838831 47.239948),Facility,15599.0,2023
"Kaiser Aluminum Washington, LLC (Trentwood Works) - Spokane Valley",2015,Metals,Other Metals,331315,"Aluminum Sheet, Plate, and Foil Manufacturing",Kaiser Aluminum Corp.,Spokane Valley,Spokane,Spokane Regional Clean Air Agency,"117,856",0,"117,734",56,66,0,0,0,0,,3,"47.687074, -117.212673",,,POINT (-117.212673 47.687074),Facility,117856.0,2015
Alon Asphalt Company - Seattle,2022,Petroleum Systems,Other Petroleum Systems,424710,Petroleum Bulk Stations and Terminals,Delek US Holdings Inc.,Seattle,King,Puget Sound Clean Air Agency,12,0,12,0,0,0,0,0,0,"Last reporting year. 3 consecutive years of GHG emissions below 5,000 MTCO2e.",1,"47.781642, -122.395299",,,POINT (-122.395299 47.781642),Facility,12.0,2022
Okanogan County Central Landfill - Okanogan,2021,Waste,Landfills,562212,Solid Waste Landfill,Okanogan County,Okanogan,Okanogan,Ecology: Central Regional Office,"16,241",0,0,"16,241",0,0,0,0,0,,1,"48.341148, -119.620109",,,POINT (-119.620109 48.341148),Facility,16241.0,2021
"Gas Transmission Northwest Compressor Station 6, LLC - Rosalia",2017,Natural Gas Systems,Natural Gas Transmission/Compression,486210,Pipeline Transportation of Natural Gas,TransCanada Northern Border Inc.,Rosalia,Whitman,Spokane Regional Clean Air Agency,"107,045",0,"106,091",895,59,0,0,0,0,,3,"47.277256, -117.406737",,,POINT (-117.406737 47.277256),Facility,107045.0,2017
Northwest Pipeline C/S - Sumner,2013,Natural Gas Systems,Natural Gas Transmission/Compression,486210,Pipeline Transportation of Natural Gas,"The Williams Companies, Inc.",Sumner,Pierce,Puget Sound Clean Air Agency,"19,881",0,"19,342",528,11,0,0,0,0,,1,"47.228986, -122.209551",,,POINT (-122.209551 47.228986),Facility,19881.0,2013
"Boise Cascade Wood Products, LLC.  Kettle Falls Lumber - Kettle Falls",2023,Wood Products,Lumber Mills,321912,"Cut Stock, Resawing Lumber, and Planing",Boise Cascade Company,Kettle Falls,Stevens,Ecology: Eastern Regional Office,"57,275","56,520",0,109,646,0,0,0,0,,2,"48.609799, -118.067441",,Reporter,POINT (-118.067441 48.609799),Facility,57275.0,2023
Ash Grove Cement Company - Seattle,2017,Minerals,Cement Production,327310,Cement Manufacturing,Ash Grove Cement Co.,Seattle,King,Puget Sound Clean Air Agency,"355,399",0,"355,107",120,172,0,0,0,0,,3,"47.56799, -122.34255",,,POINT (-122.34255 47.56799),Facility,355399.0,2017
Washington Potato Company - Warden,2022,Food Production,Potato Products,311991,Perishable Prepared Food Manufacturing,Washington Potato Co.,Warden,Grant,Ecology: Eastern Regional Office,"25,915",0,"25,888",12,15,0,0,0,0,,2,"46.970469, -119.063631",,,POINT (-119.063631 46.970469),Facility,25915.0,2022
DH Feeders - Eltopia,2023,Livestock,Cattle Feedlots,112112,Cattle Feedlots,Easterday Ranches,Eltopia,Franklin,Ecology: Eastern Regional Office,"15,999",0,"1,333","1,150","13,516",0,0,0,0,Voluntary reporter.  Manure management reporting repealed by Legislature.,1,"46.50919, -118.881203",,Reporter,POINT (-118.881203 46.50919),Facility,15999.0,2023
Port Townsend Paper Corporation - Port Townsend,2016,Pulp and Paper,Kraft Mills,322121,Paper (except Newsprint) Mills,Port Townsend Paper Corp.,Port Townsend,Jefferson,Ecology: Industrial Section,"490,011","422,794","62,209","2,405","2,604",0,0,0,0,,3,"48.093793, -122.796806",,,POINT (-122.796806 48.093793),Facility,490011.0,2016
Naval Base Kitsap Bangor - Silverdale,2012,Government,National Security,928110,National Security,US Government,Silverdale,Kitsap,Puget Sound Clean Air Agency,"24,063",0,"24,036",12,15,0,0,0,0,,1,"47.699284, -122.696926",,,POINT (-122.696926 47.699284),Facility,24063.0,2012
J.R. Simplot Company - Moses Lake,2013,Food Production,Potato Products,311411,"Frozen Fruit, Juice, and Vegetable Manufacturing",J.R. Simplot Company,Moses Lake,Grant,Ecology: Eastern Regional Office,"36,308","2,684","27,992","5,607",25,0,0,0,0,,2,"47.131732, -119.18926",,,POINT (-119.18926 47.131732),Facility,36308.0,2013
Lamb Weston - Quincy,2015,Food Production,Potato Products,311411,"Frozen Fruit, Juice, and Vegetable Manufacturing","Lamb Weston, Inc.",Quincy,Grant,Ecology: Eastern Regional Office,"37,922",0,"37,882",18,22,0,0,0,0,,2,"47.234413, -119.869914",,,POINT (-119.869914 47.234413),Facility,37922.0,2015
"Greif, Tacoma Mill - Tacoma",2023,Pulp and Paper,Other Pulp and Paper,322130,Paperboard Mills,Paperboard Parent Inc.,Tacoma,Pierce,Puget Sound Clean Air Agency,"13,060",0,"13,047",6,7,0,0,0,0,,1,"47.239235, -122.421909",,Reporter,POINT (-122.421909 47.239235),Facility,13060.0,2023
U.S. Oil & Refining Co. - Tacoma,2024,Petroleum Systems,Petroleum Refineries,324110,Petroleum Refineries,PAR PACIFIC HOLDINGS INC,Tacoma,Pierce,Puget Sound Clean Air Agency,"142,435",0,"141,335",627,473,0,0,0,0,,3,"47.256813, -122.394952","142,433",Covered Entity,POINT (-122.394952 47.256813),Facility,142435.0,2024
Darigold - Chehalis,2013,Food Production,Dairy Products,311514,"Dry, Condensed, and Evaporated Dairy Product Manufacturing",Darigold Inc.,Chehalis,Lewis,Southwest Clean Air Agency,"13,706",0,"13,691",7,8,0,0,0,0,,1,"46.659952, -122.970162",,,POINT (-122.970162 46.659952),Facility,13706.0,2013
Pasco Processing LLC - Pasco,2016,Food Production,Other Food Products,311991,Perishable Prepared Food Manufacturing,Oregon Potato Co.,Pasco,Franklin,Ecology: Eastern Regional Office,"14,544",0,"14,529",7,8,0,0,0,0,,1,"46.28274, -119.097528",,,POINT (-119.097528 46.28274),Facility,14544.0,2016
Northwest Pipeline Plymouth C/S - Plymouth,2022,Natural Gas Systems,Natural Gas Transmission/Compression,486210,Pipeline Transportation of Natural Gas,"The Williams Companies, Inc.",Plymouth,Benton,Benton Clean Air Agency,"8,337",0,"5,960","2,375",3,0,0,0,0,,1,"45.9309, -119.41019",,,POINT (-119.41019 45.9309),Facility,8337.0,2022
Ash Grove Cement Company - Seattle,2023,Minerals,Cement Production,327310,Cement Manufacturing,Ash Grove Cement Co.,Seattle,King,Puget Sound Clean Air Agency,"367,651",0,"366,730",325,596,0,0,0,0,,3,"47.56799, -122.34255","367,651",Covered Entity,POINT (-122.34255 47.56799),Facility,367651.0,2023
Ponderay Industries - Usk,2022,Pulp and Paper,Other Pulp and Paper,322122,Newsprint Mills,Ponderay Industries,Usk,Pend Oreille,Ecology: Eastern Regional Office,0,0,0,0,0,0,0,0,0,Facility closed June 2020.,1,"48.289771, -117.271359",,,POINT (-117.271359 48.289771),Facility,0.0,2022
Cascade Natural Gas Corporation LDC - statewide,2024,Natural Gas Systems,Natural Gas Local Distribution Companies,221210,Natural Gas Distribution,MDU RESOURCES GROUP INC,Kennewick,Benton,Benton Clean Air Agency,"26,437",0,"2,044","24,392",1,0,0,0,0,,2,"46.218750, -119.229870","26,437",Covered Entity,POINT (-119.22987 46.21875),Facility,26437.0,2024
J.R. Simplot Company - Moses Lake,2022,Food Production,Potato Products,311411,"Frozen Fruit, Juice, and Vegetable Manufacturing",J.R. Simplot Company,Moses Lake,Grant,Ecology: Eastern Regional Office,"33,007","6,762","20,804","5,406",36,0,0,0,0,,2,"47.131732, -119.18926",,,POINT (-119.18926 47.131732),Facility,33007.0,2022
Cathcart Landfill - Snohomish,2018,Waste,Landfills,562212,Solid Waste Landfill,Snohomish County,Snohomish,Snohomish,Puget Sound Clean Air Agency,"22,426",0,199,"22,227",0,0,0,0,0,,1,"47.870014, -122.118284",,,POINT (-122.118284 47.870014),Facility,22426.0,2018
Inland Empire Paper Company - Spokane,2019,Pulp and Paper,Other Pulp and Paper,322122,Newsprint Mills,Cowles Publishing Co.,Spokane,Spokane,Spokane Regional Clean Air Agency,"31,037","17,639","13,149",40,209,0,0,0,0,,2,"47.688295, -117.279323",,,POINT (-117.279323 47.688295),Facility,31037.0,2019
Tree Top - Selah Campus,2015,Food Production,Fruit Products,311423,Dried and Dehydrated Food Manufacturing,Tree Top Inc.,Selah,Yakima,Yakima Regional Clean Air Agency,"20,029",0,"20,009",10,11,0,0,0,0,,1,"46.64992, -120.52755",,,POINT (-120.52755 46.64992),Facility,20029.0,2015
Matheson - Anacortes,2023,Petroleum Systems,Other Petroleum Systems,325120,Industrial Gas Manufacturing,Linde Gas North America LLC,Anacortes,Skagit,Northwest Clean Air Agency,"53,407",0,"53,407",0,0,0,0,0,0,,2,"48.467646, -122.554343","53,407",Covered Entity,POINT (-122.554343 48.467646),Facility,53407.0,2023
REG Grays Harbor LLC - Hoquiam,2022,Petroleum Systems,Other Petroleum Systems,325199,All Other Basic Organic Chemical Manufacturing,Chevron Corporation,Hoquiam,Grays Harbor,Olympic Region Clean Air Agency,"19,751",0,"19,731",9,11,0,0,0,0,,1,"46.968196, -123.853622",,,POINT (-123.853622 46.968196),Facility,19751.0,2022
Puget Sound Energy - Whitehorn Generating Station - Blaine,2020,Power Plants,Natural Gas Turbine Plants,221112,Fossil Fuel Electric Power Generation,Puget Holdings LLC,Blaine,Whatcom,Northwest Clean Air Agency,"4,654",0,"4,649",2,3,0,0,0,0,,1,"48.885475, -122.724299",,,POINT (-122.724299 48.885475),Facility,4654.0,2020
Sierra Pacific Industries - Centralia,2023,Wood Products,Lumber Mills,321113,Sawmills,Sierra Pacific Industries,Centralia,Lewis,Southwest Clean Air Agency,"39,567","39,000",0,82,486,0,0,0,0,,2,"46.756413, -122.995433",,Reporter,POINT (-122.995433 46.756413),Facility,39567.0,2023
WestRock LLC - Longview,2015,Pulp and Paper,Kraft Mills,322130,Paperboard Mills,Westrock Corp.,Longview,Cowlitz,Ecology: Industrial Section,"1,708,008","1,565,128","135,500","1,427","5,954",0,0,0,0,,4,"46.10361, -122.92167",,,POINT (-122.92167 46.10361),Facility,1708008.0,2015
Hidden Valley Landfill - Puyallup,2022,Waste,Landfills,562212,Solid Waste Landfill,Waste Connections US Inc.,Puyallup,Pierce,Puget Sound Clean Air Agency,"98,816","1,609",0,"97,202",6,0,0,0,0,,2,"47.095, -122.2878",,,POINT (-122.2878 47.095),Facility,98816.0,2022
U.S. Department of Energy Hanford Site - Richland,2022,Government,Other Government,924110,Administration of Air and Water Resource and Solid Waste Management Programs,US Government,Richland,Benton,Ecology: NWP,"29,924",0,"21,243","8,634",47,0,0,0,0,,2,"46.55069, -119.489007",,,POINT (-119.489007 46.55069),Facility,29924.0,2022
The Boeing Company: Boeing Plant 2 - Seattle,2017,Manufacturing,Transportation Industry,336411,Aircraft Manufacturing,The Boeing Company,Seattle,King,Puget Sound Clean Air Agency,"24,085",0,"24,061",11,13,0,0,0,0,,1,"47.532524, -122.311623",,,POINT (-122.311623 47.532524),Facility,24085.0,2017
Puget Sound Energy - Frederickson Generating Station - Tacoma,2024,Power Plants,Natural Gas Turbine Plants,221112,Fossil Fuel Electric Power Generation,PUGET HOLDINGS LLC,Tacoma,Pierce,Puget Sound Clean Air Agency,"63,614",0,"63,543",31,40,0,0,0,0,,2,"47.079716, -122.364711","61,266",Covered Entity,POINT (-122.364711 47.079716),Facility,63614.0,2024
Kettle Falls Generating Station - Kettle Falls,2013,Power Plants,"Other Power, Heating, or Cooling Plants",221117,Biomass Electric Power Generation,Avista Corp.,Kettle Falls,Stevens,Ecology: Eastern Regional Office,"422,642","407,568","4,007","6,404","4,663",0,0,0,0,Formerly included Avista Landfill before 2023.,3,"48.620335, -118.110841",,,POINT (-118.110841 48.620335),Facility,422642.0,2013
Grant County Landfill 1 - Ephrata,2017,Waste,Landfills,562212,Solid Waste Landfill,Grant County Washington,Ephrata,Grant,Ecology: Eastern Regional Office,"44,881",0,0,"44,881",0,0,0,0,0,,2,"47.270759, -119.573764",,,POINT (-119.573764 47.270759),Facility,44881.0,2017
LANXESS Corporation - Kalama,2015,Chemicals,Other Chemicals,325199,All Other Basic Organic Chemical Manufacturing,Emerald Performance Materials LLC,Kalama,Cowlitz,Southwest Clean Air Agency,"69,314",0,"69,242",33,39,0,0,0,0,,2,"46.02191, -122.85698",,,POINT (-122.85698 46.02191),Facility,69314.0,2015
Cosmo Specialty Fibers Inc - Cosmopolis,2023,Pulp and Paper,Sulfite Mills,322110,Pulp Mills,Cosmo Specialty Fibers Inc.,Cosmopolis,Grays Harbor,Ecology: Industrial Section,"2,864",0,0,"2,864",0,0,0,0,0,Production shutdown Dec 2022.,1,"46.952907, -123.76211","2,864",Covered Entity,POINT (-123.76211 46.952907),Facility,2864.0,2023
"Interfor US, Inc. - Forks",2014,Wood Products,Lumber Mills,321912,"Cut Stock, Resawing Lumber, and Planing",Interfor US Inc.,Forks,Clallam,Olympic Region Clean Air Agency,"13,318","13,143",0,25,150,0,0,0,0,Last year reporting.  Facility shut down.,1,"47.971946, -124.399193",,,POINT (-124.399193 47.971946),Facility,13318.0,2014
Sierra Pacific Industries - Shelton,2016,Wood Products,Lumber Mills,321212,Softwood Veneer and Plywood Manufacturing,Simpson Lumber Company LLC,Shelton,Mason,Olympic Region Clean Air Agency,"13,896","13,713",0,26,157,0,0,0,0,,1,"47.213448, -123.096517",,,POINT (-123.096517 47.213448),Facility,13896.0,2016
"El Oro Cattle Feeders, LLC - Moses Lake",2021,Livestock,Cattle Feedlots,112112,Cattle Feedlots,Agri Beef Co.,Moses Lake,Grant,Ecology: Eastern Regional Office,"27,314",0,0,"2,117","25,198",0,0,0,0,Voluntary reporter.  Manure management reporting repealed by Legislature.,2,"47.052176, -119.093815",,,POINT (-119.093815 47.052176),Facility,27314.0,2021
Sierra Pacific Industries - Burlington - Mount Vernon,2023,Wood Products,Lumber Mills,321113,Sawmills,Sierra Pacific Industries,Mount Vernon,Skagit,Northwest Clean Air Agency,"315,563","309,509","1,919",595,"3,541",0,0,0,0,,3,"48.448553, -122.434613",,Reporter,POINT (-122.434613 48.448553),Facility,315563.0,2023
Northwest Pipeline C/S - Chehalis,2021,Natural Gas Systems,Natural Gas Transmission/Compression,486210,Pipeline Transportation of Natural Gas,"The Williams Companies, Inc.",Chehalis,Lewis,Southwest Clean Air Agency,"12,660",0,"10,845","1,809",6,0,0,0,0,,1,"46.533325, -122.87373",,,POINT (-122.87373 46.533325),Facility,12660.0,2021
Bonneville Power Administration - WA Only - statewide,2015,Power Plants,Electrical Transmission and Distribution,221121,Electric Bulk Power Transmission and Control,US Government,Vancouver,Clark,Southwest Clean Air Agency,"14,245",0,0,0,0,0,0,"14,245",0,,1,"45.661178, -122.658608",,,POINT (-122.658608 45.661178),Facility,14245.0,2015
Kettle Falls Generating Station - Kettle Falls,2024,Power Plants,"Other Power, Heating, or Cooling Plants",221117,Biomass Electric Power Generation,AVISTA CORP,Kettle Falls,Stevens,Ecology: Eastern Regional Office,"450,654","422,260","22,731",821,"4,842",0,0,0,0,Formerly included Avista Landfill before 2023.,3,"48.620335, -118.110841","28,394",Covered Entity,POINT (-118.110841 48.620335),Facility,450654.0,2024
Northwest Hardwoods Inc. - Mount Vernon,2018,Wood Products,Lumber Mills,321113,Sawmills,Littlejohn & Co. LLC,Mount Vernon,Skagit,Northwest Clean Air Agency,"9,335","6,091","3,159",13,72,0,0,0,0,Last year reporting.  Facility shut down in 2019.,1,"48.451642, -122.443028",,,POINT (-122.443028 48.451642),Facility,9335.0,2018
Hampton Lumber Mills Washington Inc. - Darrington,2022,Wood Products,Lumber Mills,321113,Sawmills,Hampton Lumber Mills Washington Inc.,Darrington,Snohomish,Puget Sound Clean Air Agency,"84,515","83,401",0,160,954,0,0,0,0,,2,"48.262797, -121.597608",,,POINT (-121.597608 48.262797),Facility,84515.0,2022
Ash Grove Cement Company - Seattle,2018,Minerals,Cement Production,327310,Cement Manufacturing,Ash Grove Cement Co.,Seattle,King,Puget Sound Clean Air Agency,"362,741",0,"362,334",165,243,0,0,0,0,,3,"47.56799, -122.34255",,,POINT (-122.34255 47.56799),Facility,362741.0,2018
Chehalis Generation Facility - Chehalis,2014,Power Plants,Natural Gas Turbine Plants,221112,Fossil Fuel Electric Power Generation,Berkshire Hathaway,Chehalis,Lewis,EFSEC,"1,062,012",0,"1,060,934",492,586,0,0,0,0,,4,"46.6226, -122.9145",,,POINT (-122.9145 46.6226),Facility,1062012.0,2014
Darigold - Sunnyside,2014,Food Production,Dairy Products,311513,Cheese Manufacturing,Darigold Inc.,Sunnyside,Yakima,Yakima Regional Clean Air Agency,"18,329",0,"18,310",9,10,0,0,0,0,,1,"46.30058, -120.015675",,,POINT (-120.015675 46.30058),Facility,18329.0,2014
Northwest Pipeline Roosevelt C/S - Bickleton,2014,Natural Gas Systems,Natural Gas Transmission/Compression,486210,Pipeline Transportation of Natural Gas,"The Williams Companies, Inc.",Bickleton,Klickitat,Ecology: Central Regional Office,"10,856",0,"7,973","2,879",4,0,0,0,0,,1,"45.849504, -120.08083",,,POINT (-120.08083 45.849504),Facility,10856.0,2014
Seattle-Tacoma International Airport - Seattle,2021,Government,Other Government,488119,Other Airport Operations,Port of Seattle,Seattle,King,Puget Sound Clean Air Agency,"14,978",0,"14,963",7,9,0,0,0,0,,1,"47.443643, -122.302452",,,POINT (-122.302452 47.443643),Facility,14978.0,2021
U.S. Department of Energy Hanford Site - Richland,2017,Government,Other Government,924110,Administration of Air and Water Resource and Solid Waste Management Programs,US Government,Richland,Benton,Ecology: NWP,"14,744",0,"5,157","9,523",8,0,0,57,0,,1,"46.55069, -119.489007",,,POINT (-119.489007 46.55069),Facility,14744.0,2017
Roosevelt Regional Landfill - Roosevelt,2023,Waste,Landfills,562212,Solid Waste Landfill,"Republic Services, Inc.",Roosevelt,Klickitat,Ecology: Central Regional Office,"350,377","1,451",327,"348,592",7,0,0,0,0,,3,"45.807146, -120.179785",,Reporter,POINT (-120.179785 45.807146),Facility,350377.0,2023
Keyes Fibre Corporation - Wenatchee,2019,Pulp and Paper,Other Pulp and Paper,322299,All Other Converted Paper Product Manufacturing,Tekni-Plex Wenatchee Fiber Consumer Porducts,Wenatchee,Chelan,Ecology: Central Regional Office,"14,671",0,"14,656",7,8,0,0,0,0,,1,"47.485987, -120.316363",,,POINT (-120.316363 47.485987),Facility,14671.0,2019
HF Sinclair Puget Sound Refinery LLC - Anacortes,2019,Petroleum Systems,Petroleum Refineries,324110,Petroleum Refineries,HollyFrontier Puget Sound Refining LLC,Anacortes,Skagit,Northwest Clean Air Agency,"1,859,842",0,"1,849,068","6,767","4,007",0,0,0,0,Assigned Emissions Level,4,"48.470931, -122.559161",,,POINT (-122.559161 48.470931),Facility,1859842.0,2019
Lamb Weston - Warden,2019,Food Production,Potato Products,311411,"Frozen Fruit, Juice, and Vegetable Manufacturing","Lamb Weston, Inc.",Warden,Grant,Ecology: Eastern Regional Office,"19,414",0,"19,393",9,11,0,0,0,0,,1,"46.971504, -119.055427",,,POINT (-119.055427 46.971504),Facility,19414.0,2019
DH Feeders - Eltopia,2016,Livestock,Cattle Feedlots,112112,Cattle Feedlots,Easterday Ranches,Eltopia,Franklin,Ecology: Eastern Regional Office,"15,384",0,"1,172","1,101","13,112",0,0,0,0,,1,"46.50919, -118.881203",,,POINT (-118.881203 46.50919),Facility,15384.0,2016
"Emerald City Renewables, LLC- Graham",2017,Power Plants,"Other Power, Heating, or Cooling Plants",221117,Biomass Electric Power Generation,Emerald City Renewables LLC,Graham,Pierce,Puget Sound Clean Air Agency,"20,394","20,290",0,31,73,0,0,0,0,,1,"46.975533, -122.290871",,,POINT (-122.290871 46.975533),Facility,20394.0,2017
King County Solid Waste Cedar Hills Landfill - Maple Valley,2017,Waste,Landfills,562212,Solid Waste Landfill,King County Solid Waste Division,Maple Valley,King,Puget Sound Clean Air Agency,"72,848",0,334,"72,514",1,0,0,0,0,,2,"47.462625, -122.046025",,,POINT (-122.046025 47.462625),Facility,72848.0,2017
Cowlitz County Headquarters Landfill - Castle Rock,2019,Waste,Landfills,562212,Solid Waste Landfill,Cowlitz County,Castle Rock,Cowlitz,Southwest Clean Air Agency,"253,886","7,603",0,"246,255",27,0,0,0,0,,3,"46.246902, -122.772284",,,POINT (-122.772284 46.246902),Facility,253886.0,2019
Steelscape - Kalama,2024,Metals,Other Metals,331221,Rolled Steel Shape Manufacturing,NS BLUESCOPE HOLDINGS USA LLC,Kalama,Cowlitz,Southwest Clean Air Agency,"19,885",0,"19,864",9,11,0,0,0,0,,1,"46.043260, -122.871703","19,885",Covered Entity,POINT (-122.871703 46.04326),Facility,19885.0,2024
City of Tacoma Solid Waste Facility - Tacoma,2013,Waste,Landfills,562212,Solid Waste Landfill,City of Tacoma,Tacoma,Pierce,Puget Sound Clean Air Agency,"26,643",0,0,"26,643",0,0,0,0,0,,2,"47.223413, -122.499775",,,POINT (-122.499775 47.223413),Facility,26643.0,2013
Georgia-Pacific Gypsum LLC - Tacoma,2017,Manufacturing,Building Products,327420,Gypsum Product Manufacturing,Koch Industries Inc.,Tacoma,Pierce,Puget Sound Clean Air Agency,"46,857",0,"46,808",22,26,0,0,0,0,,2,"47.269558, -122.394869",,,POINT (-122.394869 47.269558),Facility,46857.0,2017
Ponderay Industries - Usk,2016,Pulp and Paper,Other Pulp and Paper,322122,Newsprint Mills,Ponderay Industries,Usk,Pend Oreille,Ecology: Eastern Regional Office,"46,201","42,235","3,388",85,493,0,0,0,0,,2,"48.289771, -117.271359",,,POINT (-117.271359 48.289771),Facility,46201.0,2016
Air Liquide Electronics Moses Lake Hydrogen Plant,2014,Chemicals,Other Chemicals,325120,Industrial Gas Manufacturing,Air Liquide USA Inc.,Moses Lake,Grant,Ecology: Eastern Regional Office,"22,137",0,"22,137",0,0,0,0,0,0,,1,"47.135844, -119.19962",,,POINT (-119.19962 47.135844),Facility,22137.0,2014
Owens-Brockway Glass Container Inc Plant #2 - Kalama,2023,Minerals,Glass Production,327213,Glass Container Manufacturing,O-I Glass Inc.,Kalama,Cowlitz,Southwest Clean Air Agency,"21,704",0,"21,688",8,9,0,0,0,0,,1,"46.031656, -122.866241","21,704",Covered Entity,POINT (-122.866241 46.031656),Facility,21704.0,2023
Waste Management Greater Wenatchee Regional Landfill - East Wenatchee,2016,Waste,Landfills,562212,Solid Waste Landfill,Waste Management Inc.,East Wenatchee,Douglas,Ecology: Central Regional Office,"30,653",0,0,"30,653",0,0,0,0,0,,2,"47.405083, -120.167444",,,POINT (-120.167444 47.405083),Facility,30653.0,2016
Darling Ingredients Inc - Tacoma,2023,Food Production,Meat Products,311613,Rendering and Meat Byproduct Processing,Darling Ingredients Inc.,Tacoma,Pierce,Puget Sound Clean Air Agency,0,0,0,0,0,0,0,0,0,Curtailed in September 2022.,1,"47.250503, -122.406461",,Reporter,POINT (-122.406461 47.250503),Facility,0.0,2023
"Solvay Chemicals, Inc. - Longview",2023,Chemicals,Other Chemicals,325180,Other Basic Inorganic Chemical Manufacturing,Solvay Chemicals Inc.,Longview,Cowlitz,Southwest Clean Air Agency,"50,068",0,"50,068",0,0,0,0,0,0,,2,"46.137218, -122.982847","50,068",Covered Entity,POINT (-122.982847 46.137218),Facility,50068.0,2023
The Boeing Company - Renton,2019,Manufacturing,Transportation Industry,336411,Aircraft Manufacturing,The Boeing Company,Renton,King,Puget Sound Clean Air Agency,"20,506",0,"20,484",10,12,0,0,0,0,,1,"47.498257, -122.211346",,,POINT (-122.211346 47.498257),Facility,20506.0,2019
McKinley Paper Co. - Washington Mill - Port Angeles,2018,Pulp and Paper,Other Pulp and Paper,322121,Paper (except Newsprint) Mills,McKinley Paper Co.,Port Angeles,Clallam,Olympic Region Clean Air Agency,"4,189",0,0,"4,189",0,0,0,0,0,,1,"48.134623, -123.467524",,,POINT (-123.467524 48.134623),Facility,4189.0,2018
Cheyne Landfill - Zillah,2021,Waste,Landfills,562212,Solid Waste Landfill,Yakima County Public Services,Zillah,Yakima,Yakima Regional Clean Air Agency,"43,966",0,0,"43,966",0,0,0,0,0,,2,"46.4785, -120.2688",,,POINT (-120.2688 46.4785),Facility,43966.0,2021
Gas Transmission Northwest Compressor Station 7 -Prescott,2019,Natural Gas Systems,Natural Gas Transmission/Compression,486210,Pipeline Transportation of Natural Gas,TransCanada Northern Border Inc.,Starbuck,Columbia,Ecology: Eastern Regional Office,"72,189",0,"70,861","1,289",40,0,0,0,0,,2,"46.53558, -118.293441",,,POINT (-118.293441 46.53558),Facility,72189.0,2019
Tree Top - Wenatchee,2024,Food Production,Fruit Products,311423,Dried and Dehydrated Food Manufacturing,TREE TOP INC,Wenatchee,Chelan,Ecology: Central Regional Office,"9,115",0,"9,106",4,5,0,0,0,0,,1,"47.489380, -120.314260",,Reporter,POINT (-120.31426 47.48938),Facility,9115.0,2024
Seattle-Tacoma International Airport - Seattle,2016,Government,Other Government,488119,Other Airport Operations,Port of Seattle,Seattle,King,Puget Sound Clean Air Agency,"13,890",0,"13,876",7,8,0,0,0,0,,1,"47.443643, -122.302452",,,POINT (-122.302452 47.443643),Facility,13890.0,2016
Weyerhaeuser Raymond Lumber - Raymond,2017,Wood Products,Lumber Mills,321113,Sawmills,Weyerhaeuser Co.,Raymond,Pacific,Olympic Region Clean Air Agency,"48,561","47,921",0,92,548,0,0,0,0,,2,"46.688088, -123.737495",,,POINT (-123.737495 46.688088),Facility,48561.0,2017
"Gas Transmission Northwest Compressor Station 8, LLC -Wallula",2024,Natural Gas Systems,Natural Gas Transmission/Compression,486210,Pipeline Transportation of Natural Gas,TRANSCANADA PIPELINE USA LTD,Wallula,Walla Walla,Ecology: Eastern Regional Office,"129,496",0,"127,876","1,548",72,0,0,0,0,,3,"46.053153, -118.843934","129,496",Covered Entity,POINT (-118.843934 46.053153),Facility,129496.0,2024
Puget Sound Energy - Goldendale Generating Station - Goldendale,2015,Power Plants,Natural Gas Turbine Plants,221112,Fossil Fuel Electric Power Generation,Puget Holdings LLC,Goldendale,Klickitat,Ecology: Central Regional Office,"551,705",0,"551,145",256,305,0,0,0,0,,3,"45.8114, -120.833",,,POINT (-120.833 45.8114),Facility,551705.0,2015
Hampton Lumber Mills Washington Inc. - Randle,2016,Wood Products,Lumber Mills,321113,Sawmills,Hampton Lumber Mills Washington Inc.,Randle,Lewis,Southwest Clean Air Agency,"63,442","62,606",0,120,716,0,0,0,0,,2,"46.533743, -121.917906",,,POINT (-121.917906 46.533743),Facility,63442.0,2016
US Army Joint Base Lewis-McChord - Pierce Co.,2022,Government,National Security,928110,National Security,US Government,Joint Base Lewis-McChord,Pierce,Puget Sound Clean Air Agency,"72,235",0,"56,617","15,585",33,0,0,0,0,,2,"47.1142, -122.5365",,,POINT (-122.5365 47.1142),Facility,72235.0,2022
Northwest Pipeline C/S - Sumner,2023,Natural Gas Systems,Natural Gas Transmission/Compression,486210,Pipeline Transportation of Natural Gas,"The Williams Companies, Inc.",Sumner,Pierce,Puget Sound Clean Air Agency,"51,136",0,"50,579",529,28,0,0,0,0,,2,"47.228986, -122.209551","51,136",Covered Entity,POINT (-122.209551 47.228986),Facility,51136.0,2023
Guy Bennett Lumber Company - Clarkston,2014,Wood Products,Lumber Mills,321113,Sawmills,Bennett Lumber Products Inc.,Clarkston,Asotin,Ecology: Eastern Regional Office,"11,813","11,658",0,22,133,0,0,0,0,First year reporting.,1,"46.423108, -117.086487",,,POINT (-117.086487 46.423108),Facility,11813.0,2014
CenTrio Energy Seattle LLC - Seattle,2023,Power Plants,"Other Power, Heating, or Cooling Plants",221330,Steam and Air-Conditioning Supply,Seattle Steam Company LLC,Seattle,King,Puget Sound Clean Air Agency,"68,651",0,"68,576",33,41,0,0,0,0,,2,"47.6068, -122.340179","67,317",Covered Entity,POINT (-122.340179 47.6068),Facility,68651.0,2023
Keyes Fibre Corporation - Wenatchee,2012,Pulp and Paper,Other Pulp and Paper,322299,All Other Converted Paper Product Manufacturing,Tekni-Plex Wenatchee Fiber Consumer Porducts,Wenatchee,Chelan,Ecology: Central Regional Office,"12,342",0,"12,330",5,7,0,0,0,0,,1,"47.485987, -120.316363",,,POINT (-120.316363 47.485987),Facility,12342.0,2012
Roosevelt Regional Landfill - Roosevelt,2018,Waste,Landfills,562212,Solid Waste Landfill,"Republic Services, Inc.",Roosevelt,Klickitat,Ecology: Central Regional Office,"247,524",0,214,"247,310",1,0,0,0,0,,3,"45.807146, -120.179785",,,POINT (-120.179785 45.807146),Facility,247524.0,2018
The Boeing Company: DC/MFC - Tukwila,2018,Manufacturing,Transportation Industry,336411,Aircraft Manufacturing,The Boeing Company,Tukwila,King,Puget Sound Clean Air Agency,"15,468",0,"15,451",8,9,0,0,0,0,,1,"47.516246, -122.298613",,,POINT (-122.298613 47.516246),Facility,15468.0,2018
"WestRock CP, LLC - Tacoma",2020,Pulp and Paper,Kraft Mills,322130,Paperboard Mills,Westrock Corp.,Tacoma,Pierce,Ecology: Industrial Section,"1,108,691","965,097","137,925","1,051","4,618",0,0,0,0,,4,"47.260953, -122.421765",,,POINT (-122.421765 47.260953),Facility,1108691.0,2020
Eastern Washington University,2022,Government,Education,611310,"Colleges, Universities, and Professional Schools",State of Washington,Cheney,Spokane,Spokane Regional Clean Air Agency,"13,884",0,"13,870",7,8,0,0,0,0,,1,"47.490091, -117.579702",,,POINT (-117.579702 47.490091),Facility,13884.0,2022
Basic American Foods - Moses Lake,2021,Food Production,Potato Products,311423,Dried and Dehydrated Food Manufacturing,Basic American Inc.,Moses Lake,Grant,Ecology: Eastern Regional Office,"32,323",0,"32,290",15,18,0,0,0,0,,2,"47.075183, -119.220408",,,POINT (-119.220408 47.075183),Facility,32323.0,2021
Grays Harbor Energy Center - Elma,2024,Power Plants,Natural Gas Turbine Plants,221112,Fossil Fuel Electric Power Generation,Invenergy Investment Company LLC,Elma,Grays Harbor,EFSEC,"1,074,860",0,"1,073,769",498,593,0,0,0,0,,4,"46.968800, -123.480000","1,074,860",Covered Entity,POINT (-123.48 46.9688),Facility,1074860.0,2024
Boulder Park Generating Station - Spokane Valley,2018,Power Plants,"Other Power, Heating, or Cooling Plants",221112,Fossil Fuel Electric Power Generation,Avista Corp.,Spokane Valley,Spokane,Spokane Regional Clean Air Agency,"23,325",0,"23,301",11,13,0,0,0,0,,1,"47.696999, -117.147223",,,POINT (-117.147223 47.696999),Facility,23325.0,2018
LRI Landfill - Graham,2016,Waste,Landfills,562212,Solid Waste Landfill,Waste Connections Inc.,Graham,Pierce,Puget Sound Clean Air Agency,"115,122",0,0,"115,122",0,0,0,0,0,,3,"46.972405, -122.292799",,,POINT (-122.292799 46.972405),Facility,115122.0,2016
Puget Sound Energy LDC Facility - Bellevue,2021,Natural Gas Systems,Natural Gas Local Distribution Companies,221210,Natural Gas Distribution,Puget Holdings LLC,Bellevue,King,Puget Sound Clean Air Agency,"64,596",0,"1,327","63,268",1,0,0,0,0,,2,"47.61345, -122.19454",,,POINT (-122.19454 47.61345),Facility,64596.0,2021
The Boeing Company - Auburn Site - Auburn,2019,Manufacturing,Transportation Industry,336413,Other Aircraft Parts and Auxiliary Equipment Manufacturing,The Boeing Company,Auburn,King,Puget Sound Clean Air Agency,"36,795",0,"36,758",17,21,0,0,0,0,,2,"47.285551, -122.242298",,,POINT (-122.242298 47.285551),Facility,36795.0,2019
Northwest Pipeline C/S - Washougal,2017,Natural Gas Systems,Natural Gas Transmission/Compression,486210,Pipeline Transportation of Natural Gas,"The Williams Companies, Inc.",Washougal,Clark,Southwest Clean Air Agency,"14,951",0,"12,242","2,703",7,0,0,0,0,,1,"45.63236, -122.36516",,,POINT (-122.36516 45.63236),Facility,14951.0,2017
Graymont Western US. Inc. - Tacoma,2019,Minerals,Lime Production,327410,Lime Manufacturing,"Graymont, Inc.",Tacoma,Pierce,Puget Sound Clean Air Agency,22,0,22,0,0,0,0,0,0,Last year reporting.  Facility shut down.,1,"47.271365, -122.397262",,,POINT (-122.397262 47.271365),Facility,22.0,2019
Naval Base Kitsap Bangor - Silverdale,2021,Government,National Security,928110,National Security,US Government,Silverdale,Kitsap,Puget Sound Clean Air Agency,"20,594",0,"20,571",10,13,0,0,0,0,,1,"47.699284, -122.696926",,,POINT (-122.696926 47.699284),Facility,20594.0,2021
Riverside Feeders SFL - Kennewick,2018,Livestock,Cattle Feedlots,112112,Cattle Feedlots,Easterday Ranches,Kennewick,Benton,Benton Clean Air Agency,"21,475",0,"2,480","1,473","17,522",0,0,0,0,,1,"45.991872, -119.136497",,,POINT (-119.136497 45.991872),Facility,21475.0,2018
Puget Sound Energy - Mint Farm Generating Station - Longview,2017,Power Plants,Natural Gas Turbine Plants,221112,Fossil Fuel Electric Power Generation,Puget Holdings LLC,Longview,Cowlitz,Southwest Clean Air Agency,"356,270",0,"355,908",165,197,0,0,0,0,,3,"46.140095, -122.985138",,,POINT (-122.985138 46.140095),Facility,356270.0,2017
Boeing Commercial Airplanes - Everett,2021,Manufacturing,Transportation Industry,336411,Aircraft Manufacturing,The Boeing Company,Everett,Snohomish,Puget Sound Clean Air Agency,"67,480",0,"67,411",32,38,0,0,0,0,,2,"47.918622, -122.276987",,,POINT (-122.276987 47.918622),Facility,67480.0,2021
NW Natural - Portland,2013,Natural Gas Systems,Natural Gas Local Distribution Companies,221210,Natural Gas Distribution,NW Natural,Portland,Multnomah,Southwest Clean Air Agency,"7,667",0,9,"7,657",0,0,0,0,0,,1,"45.516631, -122.675749",,,POINT (-122.675749 45.516631),Facility,7667.0,2013
Horn Rapids Sanitary Landfill - Richland,2018,Waste,Landfills,562212,Solid Waste Landfill,City of Richland,Richland,Benton,Benton Clean Air Agency,"24,475",0,0,"24,475",0,0,0,0,0,,1,"46.346663, -119.348118",,,POINT (-119.348118 46.346663),Facility,24475.0,2018
Mutual Materials Mica Brick Plant - Spokane,2021,Minerals,Other Minerals,327120,Clay Building Material and Refractories Manufacturing,Mutual Materials Co.,Spokane,Spokane,Spokane Regional Clean Air Agency,"9,321",0,"9,311",5,5,0,0,0,0,,1,"47.55833, -117.2117",,,POINT (-117.2117 47.55833),Facility,9321.0,2021
Gas Transmission Northwest Compressor Station 7 -Prescott,2024,Natural Gas Systems,Natural Gas Transmission/Compression,486210,Pipeline Transportation of Natural Gas,TRANSCANADA PIPELINE USA LTD,Starbuck,Columbia,Ecology: Eastern Regional Office,"122,450",0,"120,897","1,486",68,0,0,0,0,,3,"46.535580, -118.293441","122,450",Covered Entity,POINT (-118.293441 46.53558),Facility,122450.0,2024
"Vaagen Bros. Lumber, Inc. - Colville",2022,Wood Products,Lumber Mills,321999,All Other Miscellaneous Wood Product Manufacturing,Vaagen Bros. Lumber Inc.,Colville,Stevens,Ecology: Eastern Regional Office,"36,853","36,367",0,70,416,0,0,0,0,,2,"48.548525, -117.915469",,,POINT (-117.915469 48.548525),Facility,36853.0,2022
Northwest Pipeline Roosevelt C/S - Bickleton,2024,Natural Gas Systems,Natural Gas Transmission/Compression,486210,Pipeline Transportation of Natural Gas,THE WILLIAMS COS INC,Bickleton,Klickitat,Ecology: Central Regional Office,"8,001",0,"6,598","1,400",4,0,0,0,0,,1,"45.849504, -120.080830","8,001",Covered Entity,POINT (-120.08083 45.849504),Facility,8001.0,2024
Bonneville Power Administration - WA Only - statewide,2021,Power Plants,Electrical Transmission and Distribution,221121,Electric Bulk Power Transmission and Control,US Government,Vancouver,Clark,Southwest Clean Air Agency,"11,573",0,0,0,0,0,0,"11,573",0,,1,"45.661178, -122.658608",,,POINT (-122.658608 45.661178),Facility,11573.0,2021
River Road Generating Plant - Vancouver,2015,Power Plants,Natural Gas Turbine Plants,221112,Fossil Fuel Electric Power Generation,Clark Public Utilities,Vancouver,Clark,Southwest Clean Air Agency,"708,078",0,"707,359",328,391,0,0,0,0,,3,"45.64958, -122.724806",,,POINT (-122.724806 45.64958),Facility,708078.0,2015
Naval Air Station Whidbey Island - Oak Harbor,2020,Government,National Security,928110,National Security,US Government,Oak Harbor,Island,Northwest Clean Air Agency,"14,078",0,"14,063",7,9,0,0,0,0,,1,"48.345281, -122.669741",,,POINT (-122.669741 48.345281),Facility,14078.0,2020
Alon Asphalt Company - Seattle,2015,Petroleum Systems,Other Petroleum Systems,424710,Petroleum Bulk Stations and Terminals,Delek US Holdings Inc.,Seattle,King,Puget Sound Clean Air Agency,"13,688",0,"13,665",16,7,0,0,0,0,,1,"47.781642, -122.395299",,,POINT (-122.395299 47.781642),Facility,13688.0,2015
"Analog Devices, Inc. - Camas",2015,Manufacturing,Electronics Industry,334413,Semiconductor and Related Device Manufacturing,Linear Technology Corporation,Camas,Clark,Southwest Clean Air Agency,"34,239",0,"1,804",1,"1,234","1,844","26,307","2,729",320,,2,"45.598844, -122.45232",,,POINT (-122.45232 45.598844),Facility,34239.0,2015
Avista Corporation - WA State DOE Reporting - statewide,2022,Natural Gas Systems,Natural Gas Local Distribution Companies,221121,Electric Bulk Power Transmission and Control,Avista Corp.,Spokane,Spokane,Spokane Regional Clean Air Agency,6,0,0,0,0,0,0,6,0,,1,"47.673486, -117.388514",,,POINT (-117.388514 47.673486),Facility,6.0,2022
Georgia-Pacific Gypsum LLC - Tacoma,2023,Manufacturing,Building Products,327420,Gypsum Product Manufacturing,Koch Industries Inc.,Tacoma,Pierce,Puget Sound Clean Air Agency,"49,843",0,"49,792",23,28,0,0,0,0,,2,"47.269558, -122.394869","49,843",Covered Entity,POINT (-122.394869 47.269558),Facility,49843.0,2023
Washington Potato Company - Warden,2016,Food Production,Potato Products,311991,Perishable Prepared Food Manufacturing,Washington Potato Co.,Warden,Grant,Ecology: Eastern Regional Office,"30,289",0,"30,258",14,17,0,0,0,0,,2,"46.970469, -119.063631",,,POINT (-119.063631 46.970469),Facility,30289.0,2016
Cowlitz County Tennant Way Landfill - Longview,2022,Waste,Landfills,562212,Solid Waste Landfill,Cowlitz County Washington,Longview,Cowlitz,Southwest Clean Air Agency,"21,302","2,729",0,"18,564",10,0,0,0,0,,1,"46.107229, -122.905601",,,POINT (-122.905601 46.107229),Facility,21302.0,2022
Packaging Corporation of America - Wallula,2019,Pulp and Paper,Kraft Mills,322121,Paper (except Newsprint) Mills,Packaging Corp of America,Wallula,Walla Walla,Ecology: Industrial Section,"870,818","692,272","162,171","13,955","2,421",0,0,0,0,,3,"46.10396, -118.9184",,,POINT (-118.9184 46.10396),Facility,870818.0,2019
TransAlta Centralia Generation LLC - Centralia,2020,Power Plants,Coal Plants,221112,Fossil Fuel Electric Power Generation,Transalta Centralia Generation/Mining,Centralia,Lewis,Southwest Clean Air Agency,"5,844,587",0,"5,798,775","16,757","29,055",0,0,0,0,Unit 1 permanently shut down 12/31/20.,5,"46.7559, -122.8578",,,POINT (-122.8578 46.7559),Facility,5844587.0,2020
CertainTeed Gypsum - Seattle,2020,Manufacturing,Building Products,327420,Gypsum Product Manufacturing,Saint-Gobain Corporation,Seattle,King,Puget Sound Clean Air Agency,"49,936",0,"49,885",24,28,0,0,0,0,,2,"47.548056, -122.336944",,,POINT (-122.336944 47.548056),Facility,49936.0,2020
Cascade Natural Gas Corporation LDC - statewide,2017,Natural Gas Systems,Natural Gas Local Distribution Companies,221210,Natural Gas Distribution,MDU Resources Group Inc.,Kennewick,Benton,Benton Clean Air Agency,"26,227",0,116,"26,111",0,0,0,0,0,,2,"46.21875, -119.22987",,,POINT (-119.22987 46.21875),Facility,26227.0,2017
Grant County Landfill 1 - Ephrata,2012,Waste,Landfills,562212,Solid Waste Landfill,Grant County Washington,Ephrata,Grant,Ecology: Eastern Regional Office,"36,858",0,0,"36,858",0,0,0,0,0,,2,"47.270759, -119.573764",,,POINT (-119.573764 47.270759),Facility,36858.0,2012
Phillips 66 Ferndale Refinery - Ferndale,2022,Petroleum Systems,Petroleum Refineries,324110,Petroleum Refineries,Phillips 66 Company,Ferndale,Whatcom,Northwest Clean Air Agency,"718,028",0,"714,223","2,004","1,801",0,0,0,0,,3,"48.830142, -122.692114",,,POINT (-122.692114 48.830142),Facility,718028.0,2022
Hampton Lumber Mills Washington Inc. - Darrington,2017,Wood Products,Lumber Mills,321113,Sawmills,Hampton Lumber Mills Washington Inc.,Darrington,Snohomish,Puget Sound Clean Air Agency,"87,331","86,180",0,166,986,0,0,0,0,,2,"48.262797, -121.597608",,,POINT (-121.597608 48.262797),Facility,87331.0,2017
Steelscape - Kalama,2013,Metals,Other Metals,331221,Rolled Steel Shape Manufacturing,NS BlueScope USA LLC,Kalama,Cowlitz,Southwest Clean Air Agency,"23,551",0,"23,527",11,13,0,0,0,0,,1,"46.04326, -122.871703",,,POINT (-122.871703 46.04326),Facility,23551.0,2013
"Bio Energy Washington, LLC - Maple Valley",2012,Power Plants,"Other Power, Heating, or Cooling Plants",221119,Other Electric Power Generation,Bio Energy Washington,Maple Valley,King,Puget Sound Clean Air Agency,"13,660","12,735",857,20,48,0,0,0,0,,1,"47.455871, -122.041817",,,POINT (-122.041817 47.455871),Facility,13660.0,2012
Darigold - Sunnyside,2019,Food Production,Dairy Products,311513,Cheese Manufacturing,Darigold Inc.,Sunnyside,Yakima,Yakima Regional Clean Air Agency,"42,702",0,"42,658",20,24,0,0,0,0,,2,"46.30058, -120.015675",,,POINT (-120.015675 46.30058),Facility,42702.0,2019
Darigold - Sunnyside,2024,Food Production,Dairy Products,311513,Cheese Manufacturing,Darigold Inc,Sunnyside,Yakima,Yakima Regional Clean Air Agency,"36,018",0,"35,981",17,20,0,0,0,0,,2,"46.300580, -120.015675","36,018",Covered Entity,POINT (-120.015675 46.30058),Facility,36018.0,2024
Gas Transmission Northwest Compressor Station 7 -Prescott,2017,Natural Gas Systems,Natural Gas Transmission/Compression,486210,Pipeline Transportation of Natural Gas,TransCanada Northern Border Inc.,Starbuck,Columbia,Ecology: Eastern Regional Office,"41,961",0,"41,065",872,23,0,0,0,0,,2,"46.53558, -118.293441",,,POINT (-118.293441 46.53558),Facility,41961.0,2017
The Boeing Company: DC/MFC - Tukwila,2013,Manufacturing,Transportation Industry,336411,Aircraft Manufacturing,The Boeing Company,Tukwila,King,Puget Sound Clean Air Agency,"15,665",0,"15,649",7,9,0,0,0,0,,1,"47.516246, -122.298613",,,POINT (-122.298613 47.516246),Facility,15665.0,2013
"SEH America, Inc - Vancouver",2016,Manufacturing,Electronics Industry,334413,Semiconductor and Related Device Manufacturing,SEH America Inc.,Vancouver,Clark,Southwest Clean Air Agency,"8,598",0,"8,589",4,5,0,0,0,0,,1,"45.649912, -122.553612",,,POINT (-122.553612 45.649912),Facility,8598.0,2016
The Boeing Company - Fabrication (Frederickson Site) - Puyallup,2012,Manufacturing,Transportation Industry,336411,Aircraft Manufacturing,The Boeing Company,Puyallup,Pierce,Puget Sound Clean Air Agency,"22,582",0,"22,558",11,13,0,0,0,0,,1,"47.088831, -122.34862",,,POINT (-122.34862 47.088831),Facility,22582.0,2012
"Kaiser Aluminum Washington, LLC (Trentwood Works) - Spokane Valley",2022,Metals,Other Metals,331315,"Aluminum Sheet, Plate, and Foil Manufacturing",Kaiser Aluminum Corp.,Spokane Valley,Spokane,Spokane Regional Clean Air Agency,"124,441",0,"124,313",59,70,0,0,0,0,,3,"47.687074, -117.212673",,,POINT (-117.212673 47.687074),Facility,124441.0,2022
Cascade Hardwood LLC - Chehalis,2020,Wood Products,Lumber Mills,321113,Sawmills,Cascade Hardwood LLC,Chehalis,Lewis,Southwest Clean Air Agency,"10,274","10,133",6,20,116,0,0,0,0,,1,"46.635062, -122.930338",,,POINT (-122.930338 46.635062),Facility,10274.0,2020
H.W. Hill Landfill Gas Power Plant - Roosevelt,2014,Power Plants,"Other Power, Heating, or Cooling Plants",221119,Other Electric Power Generation,Public Utility District No. 1 of Klickitat County,Roosevelt,Klickitat,Ecology: Central Regional Office,"86,626","86,183",0,133,311,0,0,0,0,,2,"45.807765, -120.166354",,,POINT (-120.166354 45.807765),Facility,86626.0,2014
"Interfor US, Inc. - Port Angeles",2022,Wood Products,Lumber Mills,321113,Sawmills,Interfor US Inc.,Port Angeles,Clallam,Olympic Region Clean Air Agency,"42,970","42,404",0,81,485,0,0,0,0,,2,"48.103425, -123.518642",,,POINT (-123.518642 48.103425),Facility,42970.0,2022
Northwest Pipeline C/S - Sumas,2016,Natural Gas Systems,Natural Gas Transmission/Compression,486210,Pipeline Transportation of Natural Gas,"The Williams Companies, Inc.",Sumas,Whatcom,Northwest Clean Air Agency,"109,639",0,"105,182","4,398",59,0,0,0,0,,3,"49.001, -122.2214",,,POINT (-122.2214 49.001),Facility,109639.0,2016
Cardinal FG Company - Winlock,2017,Minerals,Glass Production,327211,Flat Glass Manufacturing,Cardinal Glass Industries Inc.,Winlock,Lewis,Southwest Clean Air Agency,"107,559",0,"107,482",35,42,0,0,0,0,,3,"46.544937, -122.926313",,,POINT (-122.926313 46.544937),Facility,107559.0,2017
Michelsen Packaging - Yakima,2019,Pulp and Paper,Other Pulp and Paper,322299,All Other Converted Paper Product Manufacturing,Michelson Packaging Co.,Yakima,Yakima,Yakima Regional Clean Air Agency,"10,695",0,"10,685",5,6,0,0,0,0,,1,"46.604058, -120.513015",,,POINT (-120.513015 46.604058),Facility,10695.0,2019
Port Angeles Hardwood LLC - Port Angeles,2022,Wood Products,Lumber Mills,321113,Sawmills,Port Angeles Hardwood LLC,Port Angeles,Clallam,Olympic Region Clean Air Agency,"20,490","20,220",0,39,231,0,0,0,0,,1,"48.100872, -123.485745",,,POINT (-123.485745 48.100872),Facility,20490.0,2022
Darigold - Lynden,2013,Food Production,Dairy Products,311514,"Dry, Condensed, and Evaporated Dairy Product Manufacturing",Darigold Inc.,Lynden,Whatcom,Northwest Clean Air Agency,"18,509",0,"18,490",9,10,0,0,0,0,,1,"48.947567, -122.451915",,,POINT (-122.451915 48.947567),Facility,18509.0,2013
Tree Top - Selah Campus,2019,Food Production,Fruit Products,311423,Dried and Dehydrated Food Manufacturing,Tree Top Inc.,Selah,Yakima,Yakima Regional Clean Air Agency,"15,320",0,"15,304",7,9,0,0,0,0,,1,"46.64992, -120.52755",,,POINT (-120.52755 46.64992),Facility,15320.0,2019
J.R. Simplot Company - Othello,2013,Food Production,Potato Products,311411,"Frozen Fruit, Juice, and Vegetable Manufacturing",J.R. Simplot Company,Othello,Adams,Ecology: Eastern Regional Office,"87,106",0,"45,908","41,173",26,0,0,0,0,,2,"46.837778, -119.176389",,,POINT (-119.176389 46.837778),Facility,87106.0,2013
Matheson - Anacortes,2013,Petroleum Systems,Other Petroleum Systems,325120,Industrial Gas Manufacturing,Linde Gas North America LLC,Anacortes,Skagit,Northwest Clean Air Agency,"41,885",0,"41,885",0,0,0,0,0,0,First year reporting.,2,"48.467646, -122.554343",,,POINT (-122.554343 48.467646),Facility,41885.0,2013
Air Liquide Electronics Moses Lake Hydrogen Plant,2019,Chemicals,Other Chemicals,325120,Industrial Gas Manufacturing,Air Liquide USA Inc.,Moses Lake,Grant,Ecology: Eastern Regional Office,"3,593",0,"3,593",0,0,0,0,0,0,,1,"47.135844, -119.19962",,,POINT (-119.19962 47.135844),Facility,3593.0,2019
River Road Generating Plant - Vancouver,2020,Power Plants,Natural Gas Turbine Plants,221112,Fossil Fuel Electric Power Generation,Clark Public Utilities,Vancouver,Clark,Southwest Clean Air Agency,"635,084",0,"634,439",294,351,0,0,0,0,,3,"45.64958, -122.724806",,,POINT (-122.724806 45.64958),Facility,635084.0,2020
"North Pacific Paper Company, LLC - Longview",2014,Pulp and Paper,Other Pulp and Paper,322122,Newsprint Mills,NP Paper Investor Holdings LLC,Longview,Cowlitz,Southwest Clean Air Agency,"39,975",0,"39,934",19,22,0,0,0,0,Assigned emissions level.  Formerly part of Nippon Dynawave before 2016.  Ecology split emissions for consistency with cooperation from facility.,2,"46.125662, -122.976788",,,POINT (-122.976788 46.125662),Facility,39975.0,2014
Darigold - Lynden,2024,Food Production,Dairy Products,311514,"Dry, Condensed, and Evaporated Dairy Product Manufacturing",Darigold Inc,Lynden,Whatcom,Northwest Clean Air Agency,"19,152",0,"19,132",9,11,0,0,0,0,,1,"48.947567, -122.451915",,Reporter,POINT (-122.451915 48.947567),Facility,19152.0,2024
McKinley Paper Co. - Washington Mill - Port Angeles,2013,Pulp and Paper,Other Pulp and Paper,322121,Paper (except Newsprint) Mills,McKinley Paper Co.,Port Angeles,Clallam,Olympic Region Clean Air Agency,"121,356","112,469","3,059","4,536","1,292",0,0,0,0,,3,"48.134623, -123.467524",,,POINT (-123.467524 48.134623),Facility,121356.0,2013
Sierra Pacific Industries - Centralia,2012,Wood Products,Lumber Mills,321113,Sawmills,Sierra Pacific Industries,Centralia,Lewis,Southwest Clean Air Agency,"37,760","36,951",0,315,493,0,0,0,0,,2,"46.756413, -122.995433",,,POINT (-122.995433 46.756413),Facility,37760.0,2012
Basic American Foods - Moses Lake,2015,Food Production,Potato Products,311423,Dried and Dehydrated Food Manufacturing,Basic American Inc.,Moses Lake,Grant,Ecology: Eastern Regional Office,"31,063",0,"31,031",15,17,0,0,0,0,,2,"47.075183, -119.220408",,,POINT (-119.220408 47.075183),Facility,31063.0,2015
Hampton Lumber Mills Washington Inc. - Morton,2020,Wood Products,Lumber Mills,321113,Sawmills,Hampton Lumber Mills Washington Inc.,Morton,Lewis,Southwest Clean Air Agency,"37,392","36,899",1,71,422,0,0,0,0,,2,"46.565997, -122.269573",,,POINT (-122.269573 46.565997),Facility,37392.0,2020
"Interfor US, Inc. - Port Angeles",2015,Wood Products,Lumber Mills,321113,Sawmills,Interfor US Inc.,Port Angeles,Clallam,Olympic Region Clean Air Agency,"42,807","42,243",0,81,483,0,0,0,0,,2,"48.103425, -123.518642",,,POINT (-123.518642 48.103425),Facility,42807.0,2015
TransAlta Centralia Generation LLC - Centralia,2019,Power Plants,Coal Plants,221112,Fossil Fuel Electric Power Generation,Transalta Centralia Generation/Mining,Centralia,Lewis,Southwest Clean Air Agency,"8,000,387",0,"7,937,672","22,940","39,775",0,0,0,0,,5,"46.7559, -122.8578",,,POINT (-122.8578 46.7559),Facility,8000387.0,2019
McKinley Paper Co. - Washington Mill - Port Angeles,2024,Pulp and Paper,Other Pulp and Paper,322121,Paper (except Newsprint) Mills,MCKINLEY PAPER CO,Port Angeles,Clallam,Olympic Region Clean Air Agency,"114,908","109,642",0,"4,013","1,254",0,0,0,0,,3,"48.134623, -123.467524",,Reporter,POINT (-123.467524 48.134623),Facility,114908.0,2024
Starbucks Kent Flexible Plant - Kent,2021,Food Production,Other Food Products,311920,Coffee and Tea Manufacturing,Starbucks Corp.,Kent,King,Puget Sound Clean Air Agency,"12,492",0,"12,479",6,7,0,0,0,0,,1,"47.436276, -122.237648",,,POINT (-122.237648 47.436276),Facility,12492.0,2021
Cathcart Landfill - Snohomish,2022,Waste,Landfills,562212,Solid Waste Landfill,Snohomish County,Snohomish,Snohomish,Puget Sound Clean Air Agency,"11,435","1,368",204,"9,858",5,0,0,0,0,,1,"47.870014, -122.118284",,,POINT (-122.118284 47.870014),Facility,11435.0,2022
U.S. Oil & Refining Co. - Tacoma,2014,Petroleum Systems,Petroleum Refineries,324110,Petroleum Refineries,Par Pacific Holdings Inc.,Tacoma,Pierce,Puget Sound Clean Air Agency,"179,363",0,"176,926","1,857",580,0,0,0,0,,3,"47.256813, -122.394952",,,POINT (-122.394952 47.256813),Facility,179363.0,2014
Ash Grove Cement Company - Seattle,2013,Minerals,Cement Production,327310,Cement Manufacturing,Ash Grove Cement Co.,Seattle,King,Puget Sound Clean Air Agency,"355,314",0,"354,536",294,484,0,0,0,0,,3,"47.56799, -122.34255",,,POINT (-122.34255 47.56799),Facility,355314.0,2013
Hampton Lumber Mills Washington Inc. - Morton,2015,Wood Products,Lumber Mills,321113,Sawmills,Hampton Lumber Mills Washington Inc.,Morton,Lewis,Southwest Clean Air Agency,"31,789","31,370",0,60,359,0,0,0,0,,2,"46.565997, -122.269573",,,POINT (-122.269573 46.565997),Facility,31789.0,2015
Chehalis Generation Facility - Chehalis,2018,Power Plants,Natural Gas Turbine Plants,221112,Fossil Fuel Electric Power Generation,Berkshire Hathaway,Chehalis,Lewis,EFSEC,"691,521",0,"690,819",320,382,0,0,0,0,,3,"46.6226, -122.9145",,,POINT (-122.9145 46.6226),Facility,691521.0,2018
Northwest Pipeline C/S - Mount Vernon,2018,Natural Gas Systems,Natural Gas Transmission/Compression,486210,Pipeline Transportation of Natural Gas,"The Williams Companies, Inc.",Mount Vernon,Skagit,Northwest Clean Air Agency,"56,715",0,"54,226","2,459",30,0,0,0,0,,2,"48.421967, -122.21547",,,POINT (-122.21547 48.421967),Facility,56715.0,2018
Imerys Minerals Quincy Plant - Quincy,2015,Minerals,Other Minerals,212399,All Other Nonmetallic Mineral Mining,Imerys Filtration Minerals Inc.,Quincy,Grant,Ecology: Eastern Regional Office,"19,541",0,"19,521",9,11,0,0,0,0,,1,"47.239948, -119.838831",,,POINT (-119.838831 47.239948),Facility,19541.0,2015
bp Cherry Point Refinery - Blaine,2021,Petroleum Systems,Petroleum Refineries,324110,Petroleum Refineries,BP America Inc.,Blaine,Whatcom,Northwest Clean Air Agency,"2,066,338",0,"2,055,490","6,416","4,433",0,0,0,0,,5,"48.8864, -122.7353",,,POINT (-122.7353 48.8864),Facility,2066338.0,2021
Fairchild AFB - Spokane Co.,2017,Government,National Security,928110,National Security,US Government,Fairchild Air Force Base,Spokane,Spokane Regional Clean Air Agency,"13,236",0,"13,222",6,8,0,0,0,0,,1,"47.641332, -117.644832",,,POINT (-117.644832 47.641332),Facility,13236.0,2017
"El Oro Cattle Feeders, LLC - Moses Lake",2017,Livestock,Cattle Feedlots,112112,Cattle Feedlots,Agri Beef Co.,Moses Lake,Grant,Ecology: Eastern Regional Office,"26,281",0,0,"2,038","24,243",0,0,0,0,,2,"47.052176, -119.093815",,,POINT (-119.093815 47.052176),Facility,26281.0,2017
Sierra Pacific Industries - Burlington - Mount Vernon,2019,Wood Products,Lumber Mills,321113,Sawmills,Sierra Pacific Industries,Mount Vernon,Skagit,Northwest Clean Air Agency,"307,533","300,773","2,740",579,"3,442",0,0,0,0,,3,"48.448553, -122.434613",,,POINT (-122.434613 48.448553),Facility,307533.0,2019
Cardinal FG Company - Winlock,2012,Minerals,Glass Production,327211,Flat Glass Manufacturing,Cardinal Glass Industries Inc.,Winlock,Lewis,Southwest Clean Air Agency,"92,356",0,"92,289",31,36,0,0,0,0,,2,"46.544937, -122.926313",,,POINT (-122.926313 46.544937),Facility,92356.0,2012
Matheson - Anacortes,2024,Petroleum Systems,Other Petroleum Systems,325120,Industrial Gas Manufacturing,MATHESON TRI-GAS INC,Anacortes,Skagit,Northwest Clean Air Agency,"45,296",0,"45,296",0,0,0,0,0,0,,2,"48.467646, -122.554343","45,296",Covered Entity,POINT (-122.554343 48.467646),Facility,45296.0,2024
Kettle Falls Generating Station - Kettle Falls,2020,Power Plants,"Other Power, Heating, or Cooling Plants",221117,Biomass Electric Power Generation,Avista Corp.,Kettle Falls,Stevens,Ecology: Eastern Regional Office,"401,675","389,070","1,202","6,953","4,450",0,0,0,0,Formerly included Avista Landfill before 2023.,3,"48.620335, -118.110841",,,POINT (-118.110841 48.620335),Facility,401675.0,2020
Tree Top - Prosser,2014,Food Production,Fruit Products,311411,"Frozen Fruit, Juice, and Vegetable Manufacturing",Tree Top Inc.,Prosser,Benton,Benton Clean Air Agency,"19,366",0,"19,346",9,11,0,0,0,0,,1,"46.21842, -119.73397",,,POINT (-119.73397 46.21842),Facility,19366.0,2014
Keyes Fibre Corporation - Wenatchee,2015,Pulp and Paper,Other Pulp and Paper,322299,All Other Converted Paper Product Manufacturing,Tekni-Plex Wenatchee Fiber Consumer Porducts,Wenatchee,Chelan,Ecology: Central Regional Office,"17,715",0,"17,697",8,10,0,0,0,0,,1,"47.485987, -120.316363",,,POINT (-120.316363 47.485987),Facility,17715.0,2015
Boeing Commercial Airplanes - Everett,2022,Manufacturing,Transportation Industry,336411,Aircraft Manufacturing,The Boeing Company,Everett,Snohomish,Puget Sound Clean Air Agency,"69,711",0,"69,639",33,39,0,0,0,0,,2,"47.918622, -122.276987",,,POINT (-122.276987 47.918622),Facility,69711.0,2022
Seattle-Tacoma International Airport - Seattle,2017,Government,Other Government,488119,Other Airport Operations,Port of Seattle,Seattle,King,Puget Sound Clean Air Agency,"14,791",0,"14,776",7,8,0,0,0,0,,1,"47.443643, -122.302452",,,POINT (-122.302452 47.443643),Facility,14791.0,2017
Northwest Hardwoods Inc. - Longview,2022,Wood Products,Lumber Mills,321113,Sawmills,Littlejohn & Co. LLC,Longview,Cowlitz,Southwest Clean Air Agency,"10,224","5,581","4,563",13,66,0,0,0,0,,1,"46.114537, -122.916806",,,POINT (-122.916806 46.114537),Facility,10224.0,2022
Simplot Feeders LTD. - Burbank,2016,Livestock,Cattle Feedlots,112112,Cattle Feedlots,J.R. Simplot Company,Burbank,Walla Walla,Ecology: Eastern Regional Office,"23,348",0,0,"1,630","21,717",0,0,0,0,,1,"46.133131, -118.90629",,,POINT (-118.90629 46.133131),Facility,23348.0,2016
Georgia-Pacific Gypsum LLC - Tacoma,2013,Manufacturing,Building Products,327420,Gypsum Product Manufacturing,Koch Industries Inc.,Tacoma,Pierce,Puget Sound Clean Air Agency,"45,053",0,"45,006",21,25,0,0,0,0,,2,"47.269558, -122.394869",,,POINT (-122.394869 47.269558),Facility,45053.0,2013
"Analog Devices, Inc. - Camas",2012,Manufacturing,Electronics Industry,334413,Semiconductor and Related Device Manufacturing,Linear Technology Corporation,Camas,Clark,Southwest Clean Air Agency,"23,649",0,"1,787",1,"1,110","1,029","16,947","2,729",46,,1,"45.598844, -122.45232",,,POINT (-122.45232 45.598844),Facility,23649.0,2012
University of Washington Seattle Campus - Seattle,2017,Government,Education,611310,"Colleges, Universities, and Professional Schools",State of Washington,Seattle,King,Puget Sound Clean Air Agency,"94,113",0,"94,016",44,53,0,0,0,0,,2,"47.653614, -122.303608",,,POINT (-122.303608 47.653614),Facility,94113.0,2017
King County Solid Waste Cedar Hills Landfill - Maple Valley,2013,Waste,Landfills,562212,Solid Waste Landfill,King County Solid Waste Division,Maple Valley,King,Puget Sound Clean Air Agency,"65,974",0,220,"65,753",1,0,0,0,0,Assigned emissions level: reported under obsolete method.,2,"47.462625, -122.046025",,,POINT (-122.046025 47.462625),Facility,65974.0,2013
Owens-Brockway Glass Container Inc Plant #2 - Kalama,2024,Minerals,Glass Production,327213,Glass Container Manufacturing,O-I GLASS INC,Kalama,Cowlitz,Southwest Clean Air Agency,"23,055",0,"23,038",8,10,0,0,0,0,,1,"46.031656, -122.866241","23,055",Covered Entity,POINT (-122.866241 46.031656),Facility,23055.0,2024
Lamb Weston - Pasco,2012,Food Production,Potato Products,311411,"Frozen Fruit, Juice, and Vegetable Manufacturing","Lamb Weston, Inc.",Pasco,Franklin,Ecology: Eastern Regional Office,"48,326",0,"48,276",23,27,0,0,0,0,,2,"46.288137, -119.115336",,,POINT (-119.115336 46.288137),Facility,48326.0,2012
Puget Sound Energy - Jackson Prairie Gas Storage - Chehalis,2024,Natural Gas Systems,Natural Gas Storage,486210,Pipeline Transportation of Natural Gas,AVISTA CORP,Chehalis,Lewis,Southwest Clean Air Agency,"15,110",0,"13,109","1,993",7,0,0,0,0,,1,"46.534610, -122.838569",,Reporter,POINT (-122.838569 46.53461),Facility,15110.0,2024
The Boeing Company - Renton,2016,Manufacturing,Transportation Industry,336411,Aircraft Manufacturing,The Boeing Company,Renton,King,Puget Sound Clean Air Agency,"17,578",0,"17,560",8,10,0,0,0,0,,1,"47.498257, -122.211346",,,POINT (-122.211346 47.498257),Facility,17578.0,2016
"Emerald City Renewables, LLC- Graham",2024,Power Plants,"Other Power, Heating, or Cooling Plants",221117,Biomass Electric Power Generation,ARCHAEA ENERGY INC,Graham,Pierce,Puget Sound Clean Air Agency,"20,799","20,692",0,32,75,0,0,0,0,,1,"46.975533, -122.290871",,Reporter,POINT (-122.290871 46.975533),Facility,20799.0,2024
McKinley Paper Co. - Washington Mill - Port Angeles,2014,Pulp and Paper,Other Pulp and Paper,322121,Paper (except Newsprint) Mills,McKinley Paper Co.,Port Angeles,Clallam,Olympic Region Clean Air Agency,"148,223","139,332","2,696","4,595","1,600",0,0,0,0,,3,"48.134623, -123.467524",,,POINT (-123.467524 48.134623),Facility,148223.0,2014
Puget Sound Energy - Sumas Generating Station - Sumas,2021,Power Plants,Natural Gas Turbine Plants,221112,Fossil Fuel Electric Power Generation,Puget Holdings LLC,Sumas,Whatcom,Northwest Clean Air Agency,"246,885",0,"246,634",114,136,0,0,0,0,,3,"48.9905, -122.2733",,,POINT (-122.2733 48.9905),Facility,246885.0,2021
The Boeing Company - Renton,2023,Manufacturing,Transportation Industry,336411,Aircraft Manufacturing,The Boeing Company,Renton,King,Puget Sound Clean Air Agency,"19,424",0,"19,404",9,11,0,0,0,0,,1,"47.498257, -122.211346",,Reporter,POINT (-122.211346 47.498257),Facility,19424.0,2023
Puget Sound Energy - Whitehorn Generating Station - Blaine,2015,Power Plants,Natural Gas Turbine Plants,221112,Fossil Fuel Electric Power Generation,Puget Holdings LLC,Blaine,Whatcom,Northwest Clean Air Agency,"37,884",0,"37,844",18,22,0,0,0,0,,2,"48.885475, -122.724299",,,POINT (-122.724299 48.885475),Facility,37884.0,2015
Puget Sound Energy LDC Facility - Bellevue,2012,Natural Gas Systems,Natural Gas Local Distribution Companies,221210,Natural Gas Distribution,Puget Holdings LLC,Bellevue,King,Puget Sound Clean Air Agency,"51,652",0,76,"51,576",0,0,0,0,0,,2,"47.61345, -122.19454",,,POINT (-122.19454 47.61345),Facility,51652.0,2012
Northwest Hardwoods Inc. - Centralia,2018,Wood Products,Lumber Mills,321113,Sawmills,Littlejohn & Co. LLC,Centralia,Lewis,Southwest Clean Air Agency,"9,865","6,285","3,492",14,74,0,0,0,0,,1,"46.734454, -122.991963",,,POINT (-122.991963 46.734454),Facility,9865.0,2018
Puget Sound Energy - Encogen Generating Station - Bellingham,2024,Power Plants,Natural Gas Turbine Plants,221112,Fossil Fuel Electric Power Generation,PUGET HOLDINGS LLC,Bellingham,Whatcom,Northwest Clean Air Agency,"364,446",0,"364,073",170,203,0,0,0,0,,3,"48.746000, -122.486000","364,442",Covered Entity,POINT (-122.486 48.746),Facility,364446.0,2024
Cheyne Landfill - Zillah,2017,Waste,Landfills,562212,Solid Waste Landfill,Yakima County Public Services,Zillah,Yakima,Yakima Regional Clean Air Agency,"37,331",0,0,"37,331",0,0,0,0,0,,2,"46.4785, -120.2688",,,POINT (-120.2688 46.4785),Facility,37331.0,2017
"Gas Transmission Northwest Compressor Station 8, LLC -Wallula",2020,Natural Gas Systems,Natural Gas Transmission/Compression,486210,Pipeline Transportation of Natural Gas,TransCanada Northern Border Inc.,Wallula,Walla Walla,Ecology: Eastern Regional Office,"135,772",0,"132,361","3,337",74,0,0,0,0,,3,"46.053153, -118.843934",,,POINT (-118.843934 46.053153),Facility,135772.0,2020
Nippon Dynawave - Longview,2021,Pulp and Paper,Kraft Mills,322121,Paper (except Newsprint) Mills,Nippon Paper Industries Co Ltd,Longview,Cowlitz,Ecology: Industrial Section,"1,721,330","1,348,677","364,835","1,683","6,135",0,0,0,0,Formerly included North Pacific Paper Company before 2016.,4,"46.130495, -122.983637",,,POINT (-122.983637 46.130495),Facility,1721330.0,2021
Lamb Weston - Richland,2023,Food Production,Potato Products,311411,"Frozen Fruit, Juice, and Vegetable Manufacturing","Lamb Weston, Inc.",Richland,Benton,Benton Clean Air Agency,"84,081","9,355","56,530","18,131",66,0,0,0,0,,2,"46.309314, -119.297267","74,726",Covered Entity,POINT (-119.297267 46.309314),Facility,84081.0,2023
CenTrio Energy Seattle LLC - Seattle,2019,Power Plants,"Other Power, Heating, or Cooling Plants",221330,Steam and Air-Conditioning Supply,Seattle Steam Company LLC,Seattle,King,Puget Sound Clean Air Agency,"69,306",0,"69,234",33,40,0,0,0,0,,2,"47.6068, -122.340179",,,POINT (-122.340179 47.6068),Facility,69306.0,2019
Great Western Malt - Vancouver,2015,Food Production,Other Food Products,311213,Malt Manufacturing,Great Western Malt,Vancouver,Clark,Southwest Clean Air Agency,"18,273",0,"18,255",9,10,0,0,0,0,,1,"45.631069, -122.690043",,,POINT (-122.690043 45.631069),Facility,18273.0,2015
U.S. Department of Energy Hanford Site - Richland,2014,Government,Other Government,924110,Administration of Air and Water Resource and Solid Waste Management Programs,US Government,Richland,Benton,Ecology: NWP,"15,792",0,"5,670","10,112",10,0,0,0,0,,1,"46.55069, -119.489007",,,POINT (-119.489007 46.55069),Facility,15792.0,2014
Ponderay Industries - Usk,2012,Pulp and Paper,Other Pulp and Paper,322122,Newsprint Mills,Ponderay Industries,Usk,Pend Oreille,Ecology: Eastern Regional Office,"51,816","49,551","1,176",424,665,0,0,0,0,,2,"48.289771, -117.271359",,,POINT (-117.271359 48.289771),Facility,51816.0,2012
Alon Asphalt Company - Seattle,2014,Petroleum Systems,Other Petroleum Systems,424710,Petroleum Bulk Stations and Terminals,Delek US Holdings Inc.,Seattle,King,Puget Sound Clean Air Agency,"16,004",0,"15,976",19,9,0,0,0,0,,1,"47.781642, -122.395299",,,POINT (-122.395299 47.781642),Facility,16004.0,2014
Boulder Park Generating Station - Spokane Valley,2021,Power Plants,"Other Power, Heating, or Cooling Plants",221112,Fossil Fuel Electric Power Generation,Avista Corp.,Spokane Valley,Spokane,Spokane Regional Clean Air Agency,"34,396",0,"34,360",16,19,0,0,0,0,,2,"47.696999, -117.147223",,,POINT (-117.147223 47.696999),Facility,34396.0,2021
NW Natural - Portland,2016,Natural Gas Systems,Natural Gas Local Distribution Companies,221210,Natural Gas Distribution,NW Natural,Portland,Multnomah,Southwest Clean Air Agency,"7,984",0,10,"7,974",0,0,0,0,0,,1,"45.516631, -122.675749",,,POINT (-122.675749 45.516631),Facility,7984.0,2016
Grays Harbor Energy Center - Elma,2020,Power Plants,Natural Gas Turbine Plants,221112,Fossil Fuel Electric Power Generation,Invenergy Investment Company LLC,Elma,Grays Harbor,EFSEC,"980,346",0,"979,351",454,541,0,0,0,0,,3,"46.9688, -123.48",,,POINT (-123.48 46.9688),Facility,980346.0,2020
Northwest Pipeline C/S - Snohomish,2019,Natural Gas Systems,Natural Gas Transmission/Compression,486210,Pipeline Transportation of Natural Gas,"The Williams Companies, Inc.",Snohomish,Snohomish,Puget Sound Clean Air Agency,"25,145",0,"24,353",779,14,0,0,0,0,,2,"47.78825, -122.05859",,,POINT (-122.05859 47.78825),Facility,25145.0,2019
Puget Sound Energy T&D - statewide,2013,Power Plants,Electrical Transmission and Distribution,221122,Electric Power Distribution,Puget Holdings LLC,Bellevue,King,Puget Sound Clean Air Agency,"2,772",0,0,0,0,0,0,"2,772",0,,1,"47.61345, -122.19454",,,POINT (-122.19454 47.61345),Facility,2772.0,2013
Tree Top - Wenatchee,2020,Food Production,Fruit Products,311423,Dried and Dehydrated Food Manufacturing,Tree Top Inc.,Wenatchee,Chelan,Ecology: Central Regional Office,"9,129",0,"9,119",4,5,0,0,0,0,,1,"47.48938, -120.31426",,,POINT (-120.31426 47.48938),Facility,9129.0,2020
Milne Fruit Products - Prosser,2017,Food Production,Fruit Products,311411,"Frozen Fruit, Juice, and Vegetable Manufacturing",Milne Fruit Products,Prosser,Benton,Benton Clean Air Agency,"12,335",0,"12,322",6,7,0,0,0,0,First year reporting.,1,"46.202562, -119.775527",,,POINT (-119.775527 46.202562),Facility,12335.0,2017
The Boeing Company: Boeing Plant 2 - Seattle,2023,Manufacturing,Transportation Industry,336411,Aircraft Manufacturing,The Boeing Company,Seattle,King,Puget Sound Clean Air Agency,"23,047",0,"23,022",11,14,0,0,0,0,,1,"47.532524, -122.311623",,Reporter,POINT (-122.311623 47.532524),Facility,23047.0,2023
Boulder Park Generating Station - Spokane Valley,2014,Power Plants,"Other Power, Heating, or Cooling Plants",221112,Fossil Fuel Electric Power Generation,Avista Corp.,Spokane Valley,Spokane,Spokane Regional Clean Air Agency,"7,552",0,"7,544",4,4,0,0,0,0,,1,"47.696999, -117.147223",,,POINT (-117.147223 47.696999),Facility,7552.0,2014
Northwest Pipeline C/S - Mount Vernon,2014,Natural Gas Systems,Natural Gas Transmission/Compression,486210,Pipeline Transportation of Natural Gas,"The Williams Companies, Inc.",Mount Vernon,Skagit,Northwest Clean Air Agency,"48,020",0,"38,242","9,757",21,0,0,0,0,,2,"48.421967, -122.21547",,,POINT (-122.21547 48.421967),Facility,48020.0,2014
Northwest Pipeline Roosevelt C/S - Bickleton,2019,Natural Gas Systems,Natural Gas Transmission/Compression,486210,Pipeline Transportation of Natural Gas,"The Williams Companies, Inc.",Bickleton,Klickitat,Ecology: Central Regional Office,"35,402",0,"31,155","4,229",18,0,0,0,0,,2,"45.849504, -120.08083",,,POINT (-120.08083 45.849504),Facility,35402.0,2019
US Army Joint Base Lewis-McChord - Pierce Co.,2018,Government,National Security,928110,National Security,US Government,Joint Base Lewis-McChord,Pierce,Puget Sound Clean Air Agency,"84,389",0,"66,731","17,619",39,0,0,0,0,,2,"47.1142, -122.5365",,,POINT (-122.5365 47.1142),Facility,84389.0,2018
Roosevelt Regional Landfill - Roosevelt,2014,Waste,Landfills,562212,Solid Waste Landfill,"Republic Services, Inc.",Roosevelt,Klickitat,Ecology: Central Regional Office,"243,090",0,323,"242,766",1,0,0,0,0,,3,"45.807146, -120.179785",,,POINT (-120.179785 45.807146),Facility,243090.0,2014
Avista Corporation LDC - WA - statewide,2015,Natural Gas Systems,Natural Gas Local Distribution Companies,221210,Natural Gas Distribution,Avista Corp.,Spokane,Spokane,Spokane Regional Clean Air Agency,"15,338",0,19,"15,320",0,0,0,0,0,,1,"47.673662, -117.388735",,,POINT (-117.388735 47.673662),Facility,15338.0,2015
"WestRock CP, LLC - Tacoma",2016,Pulp and Paper,Kraft Mills,322130,Paperboard Mills,Westrock Corp.,Tacoma,Pierce,Ecology: Industrial Section,"1,134,873","1,011,165","117,370","1,133","5,205",0,0,0,0,,4,"47.260953, -122.421765",,,POINT (-122.421765 47.260953),Facility,1134873.0,2016
"Boise Cascade Wood Products, LLC.  Kettle Falls Lumber - Kettle Falls",2022,Wood Products,Lumber Mills,321912,"Cut Stock, Resawing Lumber, and Planing",Boise Cascade Company,Kettle Falls,Stevens,Ecology: Eastern Regional Office,"50,026","49,367",0,95,565,0,0,0,0,,2,"48.609799, -118.067441",,,POINT (-118.067441 48.609799),Facility,50026.0,2022
Gas Transmission Northwest Compressor Station 7 -Prescott,2016,Natural Gas Systems,Natural Gas Transmission/Compression,486210,Pipeline Transportation of Natural Gas,TransCanada Northern Border Inc.,Starbuck,Columbia,Ecology: Eastern Regional Office,"19,809",0,"18,587","1,212",10,0,0,0,0,First year reporting.,1,"46.53558, -118.293441",,,POINT (-118.293441 46.53558),Facility,19809.0,2016
"Solvay Chemicals, Inc. - Longview",2020,Chemicals,Other Chemicals,325180,Other Basic Inorganic Chemical Manufacturing,Solvay Chemicals Inc.,Longview,Cowlitz,Southwest Clean Air Agency,"44,916",0,"44,916",0,0,0,0,0,0,,2,"46.137218, -122.982847",,,POINT (-122.982847 46.137218),Facility,44916.0,2020
Puget Sound Energy - Mint Farm Generating Station - Longview,2013,Power Plants,Natural Gas Turbine Plants,221112,Fossil Fuel Electric Power Generation,Puget Holdings LLC,Longview,Cowlitz,Southwest Clean Air Agency,"633,493",0,"632,849",294,350,0,0,0,0,,3,"46.140095, -122.985138",,,POINT (-122.985138 46.140095),Facility,633493.0,2013
Cardinal FG Company - Winlock,2023,Minerals,Glass Production,327211,Flat Glass Manufacturing,Cardinal Glass Industries Inc.,Winlock,Lewis,Southwest Clean Air Agency,"107,118",0,"107,043",34,41,0,0,0,0,,3,"46.544937, -122.926313","107,118",Covered Entity,POINT (-122.926313 46.544937),Facility,107118.0,2023
Matheson - Anacortes,2016,Petroleum Systems,Other Petroleum Systems,325120,Industrial Gas Manufacturing,Linde Gas North America LLC,Anacortes,Skagit,Northwest Clean Air Agency,"55,071",0,"55,071",0,0,0,0,0,0,,2,"48.467646, -122.554343",,,POINT (-122.554343 48.467646),Facility,55071.0,2016
Spokane Waste to Energy Facility - Spokane,2022,Power Plants,"Other Power, Heating, or Cooling Plants",562213,Solid Waste Combustors and Incinerators,City of Spokane,Spokane,Spokane,Spokane Regional Clean Air Agency,"229,883","129,420","95,414","1,969","3,080",0,0,0,0,,3,"47.626529, -117.504278",,,POINT (-117.504278 47.626529),Facility,229883.0,2022
LANXESS Corporation - Kalama,2023,Chemicals,Other Chemicals,325199,All Other Basic Organic Chemical Manufacturing,Emerald Performance Materials LLC,Kalama,Cowlitz,Southwest Clean Air Agency,"60,120",0,"60,058",28,34,0,0,0,0,,2,"46.02191, -122.85698","60,120",Covered Entity,POINT (-122.85698 46.02191),Facility,60120.0,2023
Starbucks Kent Flexible Plant - Kent,2016,Food Production,Other Food Products,311920,Coffee and Tea Manufacturing,Starbucks Corp.,Kent,King,Puget Sound Clean Air Agency,"14,382",0,"14,367",7,8,0,0,0,0,,1,"47.436276, -122.237648",,,POINT (-122.237648 47.436276),Facility,14382.0,2016
The Boeing Company - Fabrication (Frederickson Site) - Puyallup,2019,Manufacturing,Transportation Industry,336411,Aircraft Manufacturing,The Boeing Company,Puyallup,Pierce,Puget Sound Clean Air Agency,"19,016",0,"18,997",9,11,0,0,0,0,,1,"47.088831, -122.34862",,,POINT (-122.34862 47.088831),Facility,19016.0,2019
Northwest Pipeline C/S - Chehalis,2012,Natural Gas Systems,Natural Gas Transmission/Compression,486210,Pipeline Transportation of Natural Gas,"The Williams Companies, Inc.",Chehalis,Lewis,Southwest Clean Air Agency,"12,757",0,"11,310","1,441",6,0,0,0,0,,1,"46.533325, -122.87373",,,POINT (-122.87373 46.533325),Facility,12757.0,2012
Northwest Hardwoods Inc. - Centralia,2015,Wood Products,Lumber Mills,321113,Sawmills,Littlejohn & Co. LLC,Centralia,Lewis,Southwest Clean Air Agency,"13,572","8,954","4,494",19,105,0,0,0,0,,1,"46.734454, -122.991963",,,POINT (-122.991963 46.734454),Facility,13572.0,2015
Boeing Commercial Airplanes - Everett,2017,Manufacturing,Transportation Industry,336411,Aircraft Manufacturing,The Boeing Company,Everett,Snohomish,Puget Sound Clean Air Agency,"80,529",0,"80,446",38,45,0,0,0,0,,2,"47.918622, -122.276987",,,POINT (-122.276987 47.918622),Facility,80529.0,2017
TransAlta Centralia Generation LLC - Centralia,2024,Power Plants,Coal Plants,221112,Fossil Fuel Electric Power Generation,TRANSALTA USA INC,Centralia,Lewis,Southwest Clean Air Agency,"3,211,786",0,"3,186,615","9,207","15,964",0,0,0,0,,5,"46.755900, -122.857800",,Reporter,POINT (-122.8578 46.7559),Facility,3211786.0,2024
TSMC Washington LLC - Camas,2023,Manufacturing,Electronics Industry,334413,Semiconductor and Related Device Manufacturing,TSMC WASHINGTON LLC,Camas,Clark,Southwest Clean Air Agency,"73,391",0,"14,776",7,"5,368","7,671","19,186","9,879","16,503",Formerly reporting as WaferTech LLC - Camas.,2,"45.619569, -122.454955","73,259",Covered Entity,POINT (-122.454955 45.619569),Facility,73391.0,2023
"Vaagen Bros. Lumber, Inc. - Colville",2018,Wood Products,Lumber Mills,321999,All Other Miscellaneous Wood Product Manufacturing,Vaagen Bros. Lumber Inc.,Colville,Stevens,Ecology: Eastern Regional Office,"45,535","44,934",1,86,514,0,0,0,0,,2,"48.548525, -117.915469",,,POINT (-117.915469 48.548525),Facility,45535.0,2018
Mutual Materials Mica Brick Plant - Spokane,2018,Minerals,Other Minerals,327120,Clay Building Material and Refractories Manufacturing,Mutual Materials Co.,Spokane,Spokane,Spokane Regional Clean Air Agency,"11,072",0,"11,061",5,6,0,0,0,0,,1,"47.55833, -117.2117",,,POINT (-117.2117 47.55833),Facility,11072.0,2018
Spectrum Glass Company - Woodinville,2014,Minerals,Glass Production,327211,Flat Glass Manufacturing,Vanguard Properties Co.,Woodinville,King,Puget Sound Clean Air Agency,"11,739",0,"11,728",5,6,0,0,0,0,,1,"47.777004, -122.148978",,,POINT (-122.148978 47.777004),Facility,11739.0,2014
Sierra Pacific Industries - Burlington - Mount Vernon,2024,Wood Products,Lumber Mills,321113,Sawmills,SIERRA PACIFIC INDUSTRIES,Mount Vernon,Skagit,Northwest Clean Air Agency,"296,637","288,477","4,302",556,"3,302",0,0,0,0,,3,"48.448553, -122.434613",,Reporter,POINT (-122.434613 48.448553),Facility,296637.0,2024
Packaging Corporation of America - Wallula,2015,Pulp and Paper,Kraft Mills,322121,Paper (except Newsprint) Mills,Packaging Corp of America,Wallula,Walla Walla,Ecology: Industrial Section,"853,674","717,427","120,250","13,443","2,554",0,0,0,0,,3,"46.10396, -118.9184",,,POINT (-118.9184 46.10396),Facility,853674.0,2015
Port Townsend Paper Corporation - Port Townsend,2019,Pulp and Paper,Kraft Mills,322121,Paper (except Newsprint) Mills,Port Townsend Paper Corp.,Port Townsend,Jefferson,Ecology: Industrial Section,"583,291","512,487","65,732","2,485","2,588",0,0,0,0,,3,"48.093793, -122.796806",,,POINT (-122.796806 48.093793),Facility,583291.0,2019
Starbucks Kent Flexible Plant - Kent,2018,Food Production,Other Food Products,311920,Coffee and Tea Manufacturing,Starbucks Corp.,Kent,King,Puget Sound Clean Air Agency,"12,709",0,"12,696",6,7,0,0,0,0,,1,"47.436276, -122.237648",,,POINT (-122.237648 47.436276),Facility,12709.0,2018
"Interfor US, Inc. - Port Angeles",2018,Wood Products,Lumber Mills,321113,Sawmills,Interfor US Inc.,Port Angeles,Clallam,Olympic Region Clean Air Agency,"35,595","35,126",0,68,402,0,0,0,0,,2,"48.103425, -123.518642",,,POINT (-123.518642 48.103425),Facility,35595.0,2018
Chehalis Generation Facility - Chehalis,2024,Power Plants,Natural Gas Turbine Plants,221112,Fossil Fuel Electric Power Generation,BERKSHIRE HATHAWAY INC,Chehalis,Lewis,EFSEC,"1,076,385",0,"1,075,292",499,594,0,0,0,0,,4,"46.622600, -122.914500","1,076,385",Covered Entity,POINT (-122.9145 46.6226),Facility,1076385.0,2024
Hampton Lumber Mills Washington Inc. - Darrington,2021,Wood Products,Lumber Mills,321113,Sawmills,Hampton Lumber Mills Washington Inc.,Darrington,Snohomish,Puget Sound Clean Air Agency,"82,489","81,402",0,156,931,0,0,0,0,,2,"48.262797, -121.597608",,,POINT (-121.597608 48.262797),Facility,82489.0,2021
CertainTeed Gypsum - Seattle,2024,Manufacturing,Building Products,327420,Gypsum Product Manufacturing,SAINT-GOBAIN CORP,Seattle,King,Puget Sound Clean Air Agency,"50,167",0,"50,115",24,28,0,0,0,0,,2,"47.548056, -122.336944","50,167",Covered Entity,POINT (-122.336944 47.548056),Facility,50167.0,2024
Lamb Weston - Connell,2016,Food Production,Potato Products,311411,"Frozen Fruit, Juice, and Vegetable Manufacturing","Lamb Weston, Inc.",Connell,Franklin,Ecology: Eastern Regional Office,"37,212",0,"37,174",18,21,0,0,0,0,,2,"46.651389, -118.871944",,,POINT (-118.871944 46.651389),Facility,37212.0,2016
Puget Sound Energy - Frederickson Generating Station - Tacoma,2015,Power Plants,Natural Gas Turbine Plants,221112,Fossil Fuel Electric Power Generation,Puget Holdings LLC,Tacoma,Pierce,Puget Sound Clean Air Agency,"17,052",0,"17,034",8,10,0,0,0,0,,1,"47.079716, -122.364711",,,POINT (-122.364711 47.079716),Facility,17052.0,2015
Weyerhaeuser Raymond Lumber - Raymond,2012,Wood Products,Lumber Mills,321113,Sawmills,Weyerhaeuser Co.,Raymond,Pacific,Olympic Region Clean Air Agency,"45,768","44,790",0,382,596,0,0,0,0,,2,"46.688088, -123.737495",,,POINT (-123.737495 46.688088),Facility,45768.0,2012
Alon Asphalt Company - Seattle,2019,Petroleum Systems,Other Petroleum Systems,424710,Petroleum Bulk Stations and Terminals,Delek US Holdings Inc.,Seattle,King,Puget Sound Clean Air Agency,"13,673",0,"13,645",21,7,0,0,0,0,,1,"47.781642, -122.395299",,,POINT (-122.395299 47.781642),Facility,13673.0,2019
REC Solar Grade Silicon - Moses Lake,2019,Metals,Other Metals,331410,Primary Smelting and Refining of Nonferrous Metal (except Copper and Aluminum),REC Silicon,Moses Lake,Grant,Ecology: Eastern Regional Office,"16,403",0,"16,386",8,9,0,0,0,0,,1,"47.138359, -119.200383",,,POINT (-119.200383 47.138359),Facility,16403.0,2019
Naval Base Kitsap - Bremerton,2013,Government,National Security,928110,National Security,US Government,Bremerton,Kitsap,Puget Sound Clean Air Agency,"46,551",0,"46,501",23,27,0,0,0,0,,2,"47.557047, -122.645933",,,POINT (-122.645933 47.557047),Facility,46551.0,2013
Washington State University - Pullman,2014,Government,Education,611310,"Colleges, Universities, and Professional Schools",State of Washington,Pullman,Whitman,Ecology: Eastern Regional Office,"59,384",0,"59,321",28,35,0,0,0,0,,2,"46.728702, -117.151481",,,POINT (-117.151481 46.728702),Facility,59384.0,2014
Riverside Feeders SFL - Kennewick,2023,Livestock,Cattle Feedlots,112112,Cattle Feedlots,Easterday Ranches,Kennewick,Benton,Benton Clean Air Agency,"17,203",0,612,"1,288","15,302",0,0,0,0,Voluntary reporter.  Manure management reporting repealed by Legislature.,1,"45.991872, -119.136497",,Reporter,POINT (-119.136497 45.991872),Facility,17203.0,2023
Naval Air Station Whidbey Island - Oak Harbor,2013,Government,National Security,928110,National Security,US Government,Oak Harbor,Island,Northwest Clean Air Agency,"16,248",0,"16,231",8,10,0,0,0,0,,1,"48.345281, -122.669741",,,POINT (-122.669741 48.345281),Facility,16248.0,2013
Cascade Natural Gas Corporation LDC - statewide,2021,Natural Gas Systems,Natural Gas Local Distribution Companies,221210,Natural Gas Distribution,MDU Resources Group Inc.,Kennewick,Benton,Benton Clean Air Agency,"24,418",0,675,"23,743",0,0,0,0,0,,1,"46.21875, -119.22987",,,POINT (-119.22987 46.21875),Facility,24418.0,2021
Packaging Corporation of America - Wallula,2020,Pulp and Paper,Kraft Mills,322121,Paper (except Newsprint) Mills,Packaging Corp of America,Wallula,Walla Walla,Ecology: Industrial Section,"853,083","630,030","207,409","14,183","1,461",0,0,0,0,,3,"46.10396, -118.9184",,,POINT (-118.9184 46.10396),Facility,853083.0,2020
Northwest Pipeline C/S - Goldendale,2023,Natural Gas Systems,Natural Gas Transmission/Compression,486210,Pipeline Transportation of Natural Gas,"The Williams Companies, Inc.",Goldendale,Klickitat,Ecology: Central Regional Office,"20,993",0,"18,668","2,315",10,0,0,0,0,,1,"45.771216, -120.799267","20,993",Covered Entity,POINT (-120.799267 45.771216),Facility,20993.0,2023
Kimberly-Clark Corporation - Everett,2012,Pulp and Paper,Sulfite Mills,322110,Pulp Mills,Kimberly-Clark Corporation,Everett,Snohomish,Ecology: Industrial Section,"26,746",0,"26,716",13,18,0,0,0,0,Last year reporting.  Facility shut down.,2,"47.985, -122.216111",,,POINT (-122.216111 47.985),Facility,26746.0,2012
"Bio Energy Washington, LLC - Maple Valley",2016,Power Plants,"Other Power, Heating, or Cooling Plants",221119,Other Electric Power Generation,Bio Energy Washington,Maple Valley,King,Puget Sound Clean Air Agency,"29,128","27,370","1,612",44,103,0,0,0,0,,2,"47.455871, -122.041817",,,POINT (-122.041817 47.455871),Facility,29128.0,2016
"WestRock CP, LLC - Tacoma",2021,Pulp and Paper,Kraft Mills,322130,Paperboard Mills,Westrock Corp.,Tacoma,Pierce,Ecology: Industrial Section,"1,080,789","928,981","146,359","1,018","4,431",0,0,0,0,,4,"47.260953, -122.421765",,,POINT (-122.421765 47.260953),Facility,1080789.0,2021
"Boise Cascade Wood Products, LLC.  Kettle Falls Plywood - Kettle Falls",2012,Wood Products,Other Wood Products,321219,Reconstituted Wood Product Manufacturing,Boise Cascade Company,Kettle Falls,Stevens,Ecology: Eastern Regional Office,"68,360","64,638","2,306",552,864,0,0,0,0,,2,"48.613175, -118.116106",,,POINT (-118.116106 48.613175),Facility,68360.0,2012
"Nucor Steel Seattle, Inc, - Seattle",2017,Metals,Iron and Steel Production,331110,Iron and Steel Mills and Ferroalloy Manufacturing,Nucor Corporation,Seattle,King,Puget Sound Clean Air Agency,"89,466",0,"89,425",19,22,0,0,0,0,,2,"47.569331, -122.367332",,,POINT (-122.367332 47.569331),Facility,89466.0,2017
Providence Sacred Heart Medical Center - Spokane,2022,Health Care,Hospitals,622110,General Medical and Surgical Hospitals,Providence Health Services,Spokane,Spokane,Spokane Regional Clean Air Agency,"12,778",0,"12,764",6,7,0,0,0,0,,1,"47.648848, -117.412461",,,POINT (-117.412461 47.648848),Facility,12778.0,2022
Washington Potato Company - Warden,2012,Food Production,Potato Products,311991,Perishable Prepared Food Manufacturing,Washington Potato Co.,Warden,Grant,Ecology: Eastern Regional Office,"31,804",0,"31,771",15,18,0,0,0,0,,2,"46.970469, -119.063631",,,POINT (-119.063631 46.970469),Facility,31804.0,2012
Hampton Lumber Mills Washington Inc. - Randle,2015,Wood Products,Lumber Mills,321113,Sawmills,Hampton Lumber Mills Washington Inc.,Randle,Lewis,Southwest Clean Air Agency,"54,461","53,743",0,103,615,0,0,0,0,,2,"46.533743, -121.917906",,,POINT (-121.917906 46.533743),Facility,54461.0,2015
Phillips 66 Ferndale Refinery - Ferndale,2021,Petroleum Systems,Petroleum Refineries,324110,Petroleum Refineries,Phillips 66 Company,Ferndale,Whatcom,Northwest Clean Air Agency,"832,384",0,"828,325","1,983","2,076",0,0,0,0,,3,"48.830142, -122.692114",,,POINT (-122.692114 48.830142),Facility,832384.0,2021
Ascensus Specialties LLC - Elma,2017,Chemicals,Other Chemicals,325180,Other Basic Inorganic Chemical Manufacturing,VSI Holdings LLC,Elma,Grays Harbor,Olympic Region Clean Air Agency,"21,310",0,"21,288",10,12,0,0,0,0,,1,"46.995459, -123.382316",,,POINT (-123.382316 46.995459),Facility,21310.0,2017
J.R. Simplot Company - Moses Lake,2014,Food Production,Potato Products,311411,"Frozen Fruit, Juice, and Vegetable Manufacturing",J.R. Simplot Company,Moses Lake,Grant,Ecology: Eastern Regional Office,"35,923","3,816","25,490","6,590",28,0,0,0,0,,2,"47.131732, -119.18926",,,POINT (-119.18926 47.131732),Facility,35923.0,2014
Central Washington University - Ellensburg,2013,Government,Education,611310,"Colleges, Universities, and Professional Schools",State of Washington,Ellensburg,Kittitas,Ecology: Central Regional Office,"13,451",0,"13,436",7,8,0,0,0,0,,1,"47.003202, -120.544513",,,POINT (-120.544513 47.003202),Facility,13451.0,2013
Sierra Pacific Industries - Shelton,2019,Wood Products,Lumber Mills,321212,Softwood Veneer and Plywood Manufacturing,Simpson Lumber Company LLC,Shelton,Mason,Olympic Region Clean Air Agency,"84,086","82,977",0,159,949,0,0,0,0,,2,"47.213448, -123.096517",,,POINT (-123.096517 47.213448),Facility,84086.0,2019
Chehalis Generation Facility - Chehalis,2013,Power Plants,Natural Gas Turbine Plants,221112,Fossil Fuel Electric Power Generation,Berkshire Hathaway,Chehalis,Lewis,EFSEC,"678,983",0,"678,293",314,375,0,0,0,0,,3,"46.6226, -122.9145",,,POINT (-122.9145 46.6226),Facility,678983.0,2013
Northwest Pipeline C/S - Sumas,2020,Natural Gas Systems,Natural Gas Transmission/Compression,486210,Pipeline Transportation of Natural Gas,"The Williams Companies, Inc.",Sumas,Whatcom,Northwest Clean Air Agency,"74,143",0,"71,497","2,607",40,0,0,0,0,,2,"49.001, -122.2214",,,POINT (-122.2214 49.001),Facility,74143.0,2020
Michelsen Packaging - Yakima,2023,Pulp and Paper,Other Pulp and Paper,322299,All Other Converted Paper Product Manufacturing,Michelson Packaging Co.,Yakima,Yakima,Yakima Regional Clean Air Agency,"11,886",0,"11,874",6,7,0,0,0,0,,1,"46.604058, -120.513015",,Reporter,POINT (-120.513015 46.604058),Facility,11886.0,2023
Tree Top - Selah Campus,2023,Food Production,Fruit Products,311423,Dried and Dehydrated Food Manufacturing,Tree Top Inc.,Selah,Yakima,Yakima Regional Clean Air Agency,"15,742",0,"15,726",8,9,0,0,0,0,,1,"46.64992, -120.52755",,Reporter,POINT (-120.52755 46.64992),Facility,15742.0,2023
Puget Sound Energy - Ferndale Generating Station - Ferndale,2018,Power Plants,Natural Gas Turbine Plants,221112,Fossil Fuel Electric Power Generation,Puget Holdings LLC,Ferndale,Whatcom,Northwest Clean Air Agency,"302,529",0,"302,223",140,167,0,0,0,0,,3,"48.828707, -122.685533",,,POINT (-122.685533 48.828707),Facility,302529.0,2018
Owens-Brockway Glass Container Inc Plant #2 - Kalama,2020,Minerals,Glass Production,327213,Glass Container Manufacturing,O-I Glass Inc.,Kalama,Cowlitz,Southwest Clean Air Agency,"22,983",0,"22,967",8,9,0,0,0,0,,1,"46.031656, -122.866241",,,POINT (-122.866241 46.031656),Facility,22983.0,2020
Ascensus Specialties LLC - Elma,2012,Chemicals,Other Chemicals,325180,Other Basic Inorganic Chemical Manufacturing,VSI Holdings LLC,Elma,Grays Harbor,Olympic Region Clean Air Agency,"16,809",0,"16,791",8,10,0,0,0,0,,1,"46.995459, -123.382316",,,POINT (-123.382316 46.995459),Facility,16809.0,2012
Northwest Pipeline C/S - Washougal,2012,Natural Gas Systems,Natural Gas Transmission/Compression,486210,Pipeline Transportation of Natural Gas,"The Williams Companies, Inc.",Washougal,Clark,Southwest Clean Air Agency,"20,598",0,"18,287","2,301",10,0,0,0,0,,1,"45.63236, -122.36516",,,POINT (-122.36516 45.63236),Facility,20598.0,2012
WestRock LLC - Longview,2023,Pulp and Paper,Kraft Mills,322130,Paperboard Mills,Westrock Corp.,Longview,Cowlitz,Ecology: Industrial Section,"1,311,764","1,129,402","176,257","1,162","4,943",0,0,0,0,,4,"46.10361, -122.92167","182,345",Covered Entity,POINT (-122.92167 46.10361),Facility,1311764.0,2023
Darling Ingredients Inc - Tacoma,2024,Food Production,Meat Products,311613,Rendering and Meat Byproduct Processing,DARLING INGREDIENTS INC,Tacoma,Pierce,Puget Sound Clean Air Agency,0,0,0,0,0,0,0,0,0,Curtailed in September 2022.,1,"47.250503, -122.406461",,Reporter,POINT (-122.406461 47.250503),Facility,0.0,2024
"Rainier Veneer, Inc. - Spanaway",2024,Wood Products,Other Wood Products,321212,Softwood Veneer and Plywood Manufacturing,RAINIER VENEER INC,Spanaway,Pierce,Puget Sound Clean Air Agency,"14,669","12,499","2,001",25,144,0,0,0,0,,1,"47.062059, -122.318981",,Reporter,POINT (-122.318981 47.062059),Facility,14669.0,2024
TransAlta Centralia Generation LLC - Centralia,2015,Power Plants,Coal Plants,221112,Fossil Fuel Electric Power Generation,Transalta Centralia Generation/Mining,Centralia,Lewis,Southwest Clean Air Agency,"5,665,101",0,"5,619,677","16,615","28,808",0,0,0,0,,5,"46.7559, -122.8578",,,POINT (-122.8578 46.7559),Facility,5665101.0,2015
Steelscape - Kalama,2016,Metals,Other Metals,331221,Rolled Steel Shape Manufacturing,NS BlueScope USA LLC,Kalama,Cowlitz,Southwest Clean Air Agency,"25,336",0,"25,310",12,14,0,0,0,0,,2,"46.04326, -122.871703",,,POINT (-122.871703 46.04326),Facility,25336.0,2016
Ardagh Glass Inc. - Seattle,2016,Minerals,Glass Production,327213,Glass Container Manufacturing,Ardagh Holdings USA Inc.,Seattle,King,Puget Sound Clean Air Agency,"77,845",0,"77,783",28,33,0,0,0,0,,2,"47.55242, -122.33739",,,POINT (-122.33739 47.55242),Facility,77845.0,2016
Sierra Pacific Industries - Shelton,2024,Wood Products,Lumber Mills,321212,Softwood Veneer and Plywood Manufacturing,SIERRA PACIFIC INDUSTRIES,Shelton,Mason,Olympic Region Clean Air Agency,"58,764","57,989",0,111,663,0,0,0,0,,2,"47.213448, -123.096517",,Reporter,POINT (-123.096517 47.213448),Facility,58764.0,2024
Frito Lay - Vancouver,2022,Food Production,Other Food Products,311919,Other Snack Food Manufacturing,PepsiCo Inc,Vancouver,Clark,Southwest Clean Air Agency,"14,163",0,"14,149",7,8,0,0,0,0,,1,"45.657037, -122.692",,,POINT (-122.692 45.657037),Facility,14163.0,2022
Waste Management Greater Wenatchee Regional Landfill - East Wenatchee,2013,Waste,Landfills,562212,Solid Waste Landfill,Waste Management Inc.,East Wenatchee,Douglas,Ecology: Central Regional Office,"31,854",0,0,"31,854",0,0,0,0,0,,2,"47.405083, -120.167444",,,POINT (-120.167444 47.405083),Facility,31854.0,2013
Puget Sound Energy - Encogen Generating Station - Bellingham,2017,Power Plants,Natural Gas Turbine Plants,221112,Fossil Fuel Electric Power Generation,Puget Holdings LLC,Bellingham,Whatcom,Northwest Clean Air Agency,"98,352",0,"98,252",46,54,0,0,0,0,,2,"48.746, -122.486",,,POINT (-122.486 48.746),Facility,98352.0,2017
Guy Bennett Lumber Company - Clarkston,2022,Wood Products,Lumber Mills,321113,Sawmills,Bennett Lumber Products Inc.,Clarkston,Asotin,Ecology: Eastern Regional Office,"15,452","15,249",0,29,174,0,0,0,0,,1,"46.423108, -117.086487",,,POINT (-117.086487 46.423108),Facility,15452.0,2022
Olympic View Sanitary Landfill - Bremerton,2022,Waste,Landfills,562212,Solid Waste Landfill,Waste Management Inc.,Bremerton,Kitsap,Puget Sound Clean Air Agency,"69,328","1,431",0,"67,892",5,0,0,0,0,,2,"47.501359, -122.783272",,,POINT (-122.783272 47.501359),Facility,69328.0,2022
Alcoa Wenatchee Works - Malaga,2016,Metals,Aluminum Production,331312,Primary Aluminum Production,Alcoa Corp.,Malaga,Chelan,Ecology: Industrial Section,898,0,897,1,1,0,0,0,0,Facility curtailed.,1,"47.3567, -120.1273",,,POINT (-120.1273 47.3567),Facility,898.0,2016
Star Forge LLC dba Jorgensen Forge - Tukwila,2019,Metals,Other Metals,332111,Iron and Steel Forging,Jorgensen Forge Corp.,Tukwila,King,Puget Sound Clean Air Agency,60,0,60,0,0,0,0,0,0,Last year reporting.  Facility shut down.,1,"47.526872, -122.303906",,,POINT (-122.303906 47.526872),Facility,60.0,2019
Simplot Feeders LTD. - Burbank,2012,Livestock,Cattle Feedlots,112112,Cattle Feedlots,J.R. Simplot Company,Burbank,Walla Walla,Ecology: Eastern Regional Office,"29,167",0,0,"2,102","27,065",0,0,0,0,,2,"46.133131, -118.90629",,,POINT (-118.90629 46.133131),Facility,29167.0,2012
"Gas Transmission Northwest Compressor Station 8, LLC -Wallula",2015,Natural Gas Systems,Natural Gas Transmission/Compression,486210,Pipeline Transportation of Natural Gas,TransCanada Northern Border Inc.,Wallula,Walla Walla,Ecology: Eastern Regional Office,"111,325",0,"108,440","2,824",61,0,0,0,0,,3,"46.053153, -118.843934",,,POINT (-118.843934 46.053153),Facility,111325.0,2015
Northwest Hardwoods Inc. - Longview,2018,Wood Products,Lumber Mills,321113,Sawmills,Littlejohn & Co. LLC,Longview,Cowlitz,Southwest Clean Air Agency,"15,521","10,175","5,205",22,119,0,0,0,0,,1,"46.114537, -122.916806",,,POINT (-122.916806 46.114537),Facility,15521.0,2018
Sierra Pacific Industries - Burlington - Mount Vernon,2014,Wood Products,Lumber Mills,321113,Sawmills,Sierra Pacific Industries,Mount Vernon,Skagit,Northwest Clean Air Agency,"279,566","272,006","3,923",524,"3,113",0,0,0,0,,3,"48.448553, -122.434613",,,POINT (-122.434613 48.448553),Facility,279566.0,2014
Asotin County Regional Landfill - Clarkston,2022,Waste,Landfills,562212,Solid Waste Landfill,Asotin County,Clarkston,Asotin,Ecology: Eastern Regional Office,"72,324","4,023",0,"68,287",15,0,0,0,0,,2,"46.38463, -117.105985",,,POINT (-117.105985 46.38463),Facility,72324.0,2022
City of Tacoma Solid Waste Facility - Tacoma,2021,Waste,Landfills,562212,Solid Waste Landfill,City of Tacoma,Tacoma,Pierce,Puget Sound Clean Air Agency,"6,247",0,0,"6,247",0,0,0,0,0,,1,"47.223413, -122.499775",,,POINT (-122.499775 47.223413),Facility,6247.0,2021
"Greif, Tacoma Mill - Tacoma",2017,Pulp and Paper,Other Pulp and Paper,322130,Paperboard Mills,Paperboard Parent Inc.,Tacoma,Pierce,Puget Sound Clean Air Agency,"15,721",0,"15,705",8,9,0,0,0,0,First year reporting.,1,"47.239235, -122.421909",,,POINT (-122.421909 47.239235),Facility,15721.0,2017
Central Washington University - Ellensburg,2017,Government,Education,611310,"Colleges, Universities, and Professional Schools",State of Washington,Ellensburg,Kittitas,Ecology: Central Regional Office,"14,479",0,"14,465",7,8,0,0,0,0,,1,"47.003202, -120.544513",,,POINT (-120.544513 47.003202),Facility,14479.0,2017
The Boeing Company - Auburn Site - Auburn,2014,Manufacturing,Transportation Industry,336413,Other Aircraft Parts and Auxiliary Equipment Manufacturing,The Boeing Company,Auburn,King,Puget Sound Clean Air Agency,"36,691",0,"36,653",17,21,0,0,0,0,,2,"47.285551, -122.242298",,,POINT (-122.242298 47.285551),Facility,36691.0,2014
Avista Corporation - WA State DOE Reporting - statewide,2013,Natural Gas Systems,Natural Gas Local Distribution Companies,221121,Electric Bulk Power Transmission and Control,Avista Corp.,Spokane,Spokane,Spokane Regional Clean Air Agency,"16,127",0,18,"15,180",0,0,0,928,0,,1,"47.673486, -117.388514",,,POINT (-117.388514 47.673486),Facility,16127.0,2013
Murphy Veneer - Elma,2020,Wood Products,Other Wood Products,321212,Softwood Veneer and Plywood Manufacturing,Murphy Co.,Elma,Grays Harbor,Olympic Region Clean Air Agency,"11,215",0,"11,204",5,6,0,0,0,0,,1,"47.040323, -123.334339",,,POINT (-123.334339 47.040323),Facility,11215.0,2020
Puget Sound Energy - Sumas Generating Station - Sumas,2017,Power Plants,Natural Gas Turbine Plants,221112,Fossil Fuel Electric Power Generation,Puget Holdings LLC,Sumas,Whatcom,Northwest Clean Air Agency,"125,472",0,"125,345",58,69,0,0,0,0,,3,"48.9905, -122.2733",,,POINT (-122.2733 48.9905),Facility,125472.0,2017
Michelsen Packaging - Yakima,2012,Pulp and Paper,Other Pulp and Paper,322299,All Other Converted Paper Product Manufacturing,Michelson Packaging Co.,Yakima,Yakima,Yakima Regional Clean Air Agency,"11,261",0,"11,249",5,6,0,0,0,0,,1,"46.604058, -120.513015",,,POINT (-120.513015 46.604058),Facility,11261.0,2012
J.R. Simplot Company - Moses Lake,2019,Food Production,Potato Products,311411,"Frozen Fruit, Juice, and Vegetable Manufacturing",J.R. Simplot Company,Moses Lake,Grant,Ecology: Eastern Regional Office,"34,481","3,946","25,787","4,720",29,0,0,0,0,,2,"47.131732, -119.18926",,,POINT (-119.18926 47.131732),Facility,34481.0,2019
Puget Sound Energy - Jackson Prairie Gas Storage - Chehalis,2020,Natural Gas Systems,Natural Gas Storage,486210,Pipeline Transportation of Natural Gas,Puget Holdings LLC,Chehalis,Lewis,Southwest Clean Air Agency,"12,311",0,"9,744","2,562",5,0,0,0,0,,1,"46.53461, -122.838569",,,POINT (-122.838569 46.53461),Facility,12311.0,2020
Grant County Landfill 1 - Ephrata,2018,Waste,Landfills,562212,Solid Waste Landfill,Grant County Washington,Ephrata,Grant,Ecology: Eastern Regional Office,"47,089",0,0,"47,089",0,0,0,0,0,,2,"47.270759, -119.573764",,,POINT (-119.573764 47.270759),Facility,47089.0,2018
Northwest Pipeline Willard C/S - Cook,2016,Natural Gas Systems,Natural Gas Transmission/Compression,486210,Pipeline Transportation of Natural Gas,"The Williams Companies, Inc.",Cook,Skamania,Southwest Clean Air Agency,"7,520",0,"5,573","1,944",3,0,0,0,0,,1,"45.778087, -121.626311",,,POINT (-121.626311 45.778087),Facility,7520.0,2016
Hampton Lumber Mills Washington Inc. - Randle,2024,Wood Products,Lumber Mills,321113,Sawmills,Hampton Lumber Mills Washington Inc.,Randle,Lewis,Southwest Clean Air Agency,"59,388","58,605",0,113,670,0,0,0,0,,2,"46.533743, -121.917906",,Reporter,POINT (-121.917906 46.533743),Facility,59388.0,2024
Northwest Pipeline C/S - Sumas,2015,Natural Gas Systems,Natural Gas Transmission/Compression,486210,Pipeline Transportation of Natural Gas,"The Williams Companies, Inc.",Sumas,Whatcom,Northwest Clean Air Agency,"109,422",0,"104,002","5,362",58,0,0,0,0,,3,"49.001, -122.2214",,,POINT (-122.2214 49.001),Facility,109422.0,2015
University of Washington Seattle Campus - Seattle,2013,Government,Education,611310,"Colleges, Universities, and Professional Schools",State of Washington,Seattle,King,Puget Sound Clean Air Agency,"90,339",0,"90,242",44,54,0,0,0,0,,2,"47.653614, -122.303608",,,POINT (-122.303608 47.653614),Facility,90339.0,2013
Frito Lay - Vancouver,2019,Food Production,Other Food Products,311919,Other Snack Food Manufacturing,PepsiCo Inc,Vancouver,Clark,Southwest Clean Air Agency,"16,282",0,"16,265",8,9,0,0,0,0,,1,"45.657037, -122.692",,,POINT (-122.692 45.657037),Facility,16282.0,2019
Nutrien US LLC. - Kennewick,2024,Chemicals,Fertilizer Production,325311,Nitrogenous Fertilizer Manufacturing,Nutrien US LLC,Kennewick,Benton,Benton Clean Air Agency,"12,364",0,"9,413",1,"2,951",0,0,0,0,,1,"46.165957, -119.017218","12,364",Covered Entity,POINT (-119.017218 46.165957),Facility,12364.0,2024
The Boeing Company - Renton,2012,Manufacturing,Transportation Industry,336411,Aircraft Manufacturing,The Boeing Company,Renton,King,Puget Sound Clean Air Agency,"17,868",0,"17,849",9,10,0,0,0,0,,1,"47.498257, -122.211346",,,POINT (-122.211346 47.498257),Facility,17868.0,2012
Ardagh Glass Inc. - Seattle,2021,Minerals,Glass Production,327213,Glass Container Manufacturing,Ardagh Holdings USA Inc.,Seattle,King,Puget Sound Clean Air Agency,"57,881",0,"57,836",21,24,0,0,0,0,,2,"47.55242, -122.33739",,,POINT (-122.33739 47.55242),Facility,57881.0,2021
Spokane Waste to Energy Facility - Spokane,2014,Power Plants,"Other Power, Heating, or Cooling Plants",562213,Solid Waste Combustors and Incinerators,City of Spokane,Spokane,Spokane,Spokane Regional Clean Air Agency,"243,511","137,090","101,051","2,094","3,276",0,0,0,0,,3,"47.626529, -117.504278",,,POINT (-117.504278 47.626529),Facility,243511.0,2014
U.S. Oil & Refining Co. - Tacoma,2018,Petroleum Systems,Petroleum Refineries,324110,Petroleum Refineries,Par Pacific Holdings Inc.,Tacoma,Pierce,Puget Sound Clean Air Agency,"139,445",0,"138,230",748,467,0,0,0,0,,3,"47.256813, -122.394952",,,POINT (-122.394952 47.256813),Facility,139445.0,2018
Sierra Pacific Industries - Aberdeen,2020,Wood Products,Lumber Mills,321113,Sawmills,Sierra Pacific Industries,Aberdeen,Grays Harbor,Olympic Region Clean Air Agency,"182,382","177,584","1,045",540,"3,213",0,0,0,0,,3,"46.971875, -123.775526",,,POINT (-123.775526 46.971875),Facility,182382.0,2020
Alcoa Intalco Works - Ferndale,2016,Metals,Aluminum Production,331312,Primary Aluminum Production,Alcoa Corp.,Ferndale,Whatcom,Ecology: Industrial Section,"1,261,364",0,"376,843","10,069",33,0,"874,420",0,0,PFC emissions based on old source test information.,4,"48.8455, -122.7055",,,POINT (-122.7055 48.8455),Facility,1261364.0,2016
Northwest Pipeline Roosevelt C/S - Bickleton,2015,Natural Gas Systems,Natural Gas Transmission/Compression,486210,Pipeline Transportation of Natural Gas,"The Williams Companies, Inc.",Bickleton,Klickitat,Ecology: Central Regional Office,"13,756",0,"9,418","4,333",5,0,0,0,0,,1,"45.849504, -120.08083",,,POINT (-120.08083 45.849504),Facility,13756.0,2015
Puget Sound Energy LDC Facility - Bellevue,2016,Natural Gas Systems,Natural Gas Local Distribution Companies,221210,Natural Gas Distribution,Puget Holdings LLC,Bellevue,King,Puget Sound Clean Air Agency,"58,711",0,73,"58,638",0,0,0,0,0,,2,"47.61345, -122.19454",,,POINT (-122.19454 47.61345),Facility,58711.0,2016
"Rainier Veneer, Inc. - Spanaway",2013,Wood Products,Other Wood Products,321212,Softwood Veneer and Plywood Manufacturing,Rainier Veneer Inc.,Spanaway,Pierce,Puget Sound Clean Air Agency,"19,279","18,088",949,35,207,0,0,0,0,,1,"47.062059, -122.318981",,,POINT (-122.318981 47.062059),Facility,19279.0,2013
"Emerald City Renewables, LLC- Graham",2020,Power Plants,"Other Power, Heating, or Cooling Plants",221117,Biomass Electric Power Generation,Emerald City Renewables LLC,Graham,Pierce,Puget Sound Clean Air Agency,"18,098","18,006",0,28,65,0,0,0,0,,1,"46.975533, -122.290871",,,POINT (-122.290871 46.975533),Facility,18098.0,2020
Milne Fruit Products - Prosser,2021,Food Production,Fruit Products,311411,"Frozen Fruit, Juice, and Vegetable Manufacturing",Milne Fruit Products,Prosser,Benton,Benton Clean Air Agency,"8,939",0,"8,929",4,5,0,0,0,0,,1,"46.202562, -119.775527",,,POINT (-119.775527 46.202562),Facility,8939.0,2021
Lamb Weston - Pasco,2016,Food Production,Potato Products,311411,"Frozen Fruit, Juice, and Vegetable Manufacturing","Lamb Weston, Inc.",Pasco,Franklin,Ecology: Eastern Regional Office,"42,188",0,"42,144",20,24,0,0,0,0,,2,"46.288137, -119.115336",,,POINT (-119.115336 46.288137),Facility,42188.0,2016
"Tyson Fresh Meats, Inc. - Wallula",2020,Food Production,Meat Products,311611,Animal (except Poultry) Slaughtering,"Tyson Foods, Inc",Wallula,Walla Walla,Ecology: Eastern Regional Office,"129,863",0,"23,527","106,323",13,0,0,0,0,,3,"46.137521, -118.913051",,,POINT (-118.913051 46.137521),Facility,129863.0,2020
Great Western Malt - Vancouver,2013,Food Production,Other Food Products,311213,Malt Manufacturing,Great Western Malt,Vancouver,Clark,Southwest Clean Air Agency,"18,365",0,"18,346",9,10,0,0,0,0,,1,"45.631069, -122.690043",,,POINT (-122.690043 45.631069),Facility,18365.0,2013
Tree Top - Prosser,2021,Food Production,Fruit Products,311411,"Frozen Fruit, Juice, and Vegetable Manufacturing",Tree Top Inc.,Prosser,Benton,Benton Clean Air Agency,"15,112",0,"15,097",7,8,0,0,0,0,,1,"46.21842, -119.73397",,,POINT (-119.73397 46.21842),Facility,15112.0,2021
Lamb Weston - Quincy,2014,Food Production,Potato Products,311411,"Frozen Fruit, Juice, and Vegetable Manufacturing","Lamb Weston, Inc.",Quincy,Grant,Ecology: Eastern Regional Office,"38,324",0,"38,285",18,21,0,0,0,0,,2,"47.234413, -119.869914",,,POINT (-119.869914 47.234413),Facility,38324.0,2014
Inland Empire Paper Company - Spokane,2016,Pulp and Paper,Other Pulp and Paper,322122,Newsprint Mills,Cowles Publishing Co.,Spokane,Spokane,Spokane Regional Clean Air Agency,"29,252","17,803","11,200",40,210,0,0,0,0,,2,"47.688295, -117.279323",,,POINT (-117.279323 47.688295),Facility,29252.0,2016
TSMC Washington LLC - Camas,2019,Manufacturing,Electronics Industry,334413,Semiconductor and Related Device Manufacturing,TSMC WASHINGTON LLC,Camas,Clark,Southwest Clean Air Agency,"88,223",0,"14,214",7,"5,154","8,320","26,607","9,487","24,436",Formerly reporting as WaferTech LLC - Camas.,2,"45.619569, -122.454955",,,POINT (-122.454955 45.619569),Facility,88223.0,2019
Grays Harbor Energy Center - Elma,2017,Power Plants,Natural Gas Turbine Plants,221112,Fossil Fuel Electric Power Generation,Invenergy Investment Company LLC,Elma,Grays Harbor,EFSEC,"1,107,991",0,"1,106,866",513,612,0,0,0,0,,4,"46.9688, -123.48",,,POINT (-123.48 46.9688),Facility,1107991.0,2017
The Boeing Company - Fabrication (Frederickson Site) - Puyallup,2015,Manufacturing,Transportation Industry,336411,Aircraft Manufacturing,The Boeing Company,Puyallup,Pierce,Puget Sound Clean Air Agency,"20,833",0,"20,812",10,12,0,0,0,0,,1,"47.088831, -122.34862",,,POINT (-122.34862 47.088831),Facility,20833.0,2015
REC Solar Grade Silicon - Moses Lake,2012,Metals,Other Metals,331410,Primary Smelting and Refining of Nonferrous Metal (except Copper and Aluminum),REC Silicon,Moses Lake,Grant,Ecology: Eastern Regional Office,"133,823",0,"133,685",63,75,0,0,0,0,,3,"47.138359, -119.200383",,,POINT (-119.200383 47.138359),Facility,133823.0,2012
CenTrio Energy Seattle LLC - Seattle,2015,Power Plants,"Other Power, Heating, or Cooling Plants",221330,Steam and Air-Conditioning Supply,Seattle Steam Company LLC,Seattle,King,Puget Sound Clean Air Agency,"70,984","1,847","69,042",36,60,0,0,0,0,,2,"47.6068, -122.340179",,,POINT (-122.340179 47.6068),Facility,70984.0,2015
Puget Sound Energy - Fredonia Generating Station - Mount Vernon,2021,Power Plants,Natural Gas Turbine Plants,221112,Fossil Fuel Electric Power Generation,Puget Holdings LLC,Mount Vernon,Skagit,Northwest Clean Air Agency,"250,660",0,"250,403",117,139,0,0,0,0,,3,"48.4553, -122.435",,,POINT (-122.435 48.4553),Facility,250660.0,2021
Northwest Hardwoods Inc. - Mount Vernon,2012,Wood Products,Lumber Mills,321113,Sawmills,Littlejohn & Co. LLC,Mount Vernon,Skagit,Northwest Clean Air Agency,"12,633","8,698","3,742",76,118,0,0,0,0,,1,"48.451642, -122.443028",,,POINT (-122.443028 48.451642),Facility,12633.0,2012
Keyes Fibre Corporation - Wenatchee,2020,Pulp and Paper,Other Pulp and Paper,322299,All Other Converted Paper Product Manufacturing,Tekni-Plex Wenatchee Fiber Consumer Porducts,Wenatchee,Chelan,Ecology: Central Regional Office,"17,588",0,"17,570",8,10,0,0,0,0,,1,"47.485987, -120.316363",,,POINT (-120.316363 47.485987),Facility,17588.0,2020
James Hardie Building Products - Tacoma,2019,Manufacturing,Building Products,327390,Other Concrete Product Manufacturing,James Hardie Building Products Inc.,Tacoma,Pierce,Puget Sound Clean Air Agency,"15,820",0,"15,804",8,9,0,0,0,0,,1,"47.092145, -122.364656",,,POINT (-122.364656 47.092145),Facility,15820.0,2019
Nippon Dynawave - Longview,2017,Pulp and Paper,Kraft Mills,322121,Paper (except Newsprint) Mills,Nippon Paper Industries Co Ltd,Longview,Cowlitz,Ecology: Industrial Section,"1,532,282","1,218,099","306,756","1,614","5,814",0,0,0,0,Formerly included North Pacific Paper Company before 2016.,4,"46.130495, -122.983637",,,POINT (-122.983637 46.130495),Facility,1532282.0,2017
Puget Sound Energy - Ferndale Generating Station - Ferndale,2012,Power Plants,Natural Gas Turbine Plants,221112,Fossil Fuel Electric Power Generation,Puget Holdings LLC,Ferndale,Whatcom,Northwest Clean Air Agency,"14,719",0,"14,310",186,222,0,0,0,0,,1,"48.828707, -122.685533",,,POINT (-122.685533 48.828707),Facility,14719.0,2012
Darigold - Chehalis,2023,Food Production,Dairy Products,311514,"Dry, Condensed, and Evaporated Dairy Product Manufacturing",Darigold Inc.,Chehalis,Lewis,Southwest Clean Air Agency,"13,263",0,"13,250",6,7,0,0,0,0,,1,"46.659952, -122.970162",,Reporter,POINT (-122.970162 46.659952),Facility,13263.0,2023
Northwest Pipeline C/S - Snohomish,2023,Natural Gas Systems,Natural Gas Transmission/Compression,486210,Pipeline Transportation of Natural Gas,"The Williams Companies, Inc.",Snohomish,Snohomish,Puget Sound Clean Air Agency,"69,638",0,"67,266","2,335",38,0,0,0,0,,2,"47.78825, -122.05859","69,638",Covered Entity,POINT (-122.05859 47.78825),Facility,69638.0,2023
Goodrich Corporation - Spokane,2014,Manufacturing,Transportation Industry,336413,Other Aircraft Parts and Auxiliary Equipment Manufacturing,Raytheon Technologies Corp,Spokane,Spokane,Spokane Regional Clean Air Agency,"41,089",0,"41,051",17,21,0,0,0,0,,2,"47.583604, -117.568511",,,POINT (-117.568511 47.583604),Facility,41089.0,2014
Cosmo Specialty Fibers Inc - Cosmopolis,2013,Pulp and Paper,Sulfite Mills,322110,Pulp Mills,Cosmo Specialty Fibers Inc.,Cosmopolis,Grays Harbor,Ecology: Industrial Section,"512,586","488,239","17,568","4,970","1,810",0,0,0,0,,3,"46.952907, -123.76211",,,POINT (-123.76211 46.952907),Facility,512586.0,2013
Fairchild AFB - Spokane Co.,2021,Government,National Security,928110,National Security,US Government,Fairchild Air Force Base,Spokane,Spokane Regional Clean Air Agency,"12,462",0,"12,449",6,7,0,0,0,0,,1,"47.641332, -117.644832",,,POINT (-117.644832 47.641332),Facility,12462.0,2021
Port Angeles Hardwood LLC - Port Angeles,2016,Wood Products,Lumber Mills,321113,Sawmills,Port Angeles Hardwood LLC,Port Angeles,Clallam,Olympic Region Clean Air Agency,"23,212","22,906",0,44,262,0,0,0,0,,1,"48.100872, -123.485745",,,POINT (-123.485745 48.100872),Facility,23212.0,2016
Northwest Pipeline C/S - Mount Vernon,2022,Natural Gas Systems,Natural Gas Transmission/Compression,486210,Pipeline Transportation of Natural Gas,"The Williams Companies, Inc.",Mount Vernon,Skagit,Northwest Clean Air Agency,"63,441",0,"61,506","1,901",35,0,0,0,0,,2,"48.421967, -122.21547",,,POINT (-122.21547 48.421967),Facility,63441.0,2022
"Solvay Chemicals, Inc. - Longview",2016,Chemicals,Other Chemicals,325180,Other Basic Inorganic Chemical Manufacturing,Solvay Chemicals Inc.,Longview,Cowlitz,Southwest Clean Air Agency,"47,667",0,"47,667",0,0,0,0,0,0,,2,"46.137218, -122.982847",,,POINT (-122.982847 46.137218),Facility,47667.0,2016
Washington Potato Company - Warden,2019,Food Production,Potato Products,311991,Perishable Prepared Food Manufacturing,Washington Potato Co.,Warden,Grant,Ecology: Eastern Regional Office,"29,176",0,"29,146",14,16,0,0,0,0,,2,"46.970469, -119.063631",,,POINT (-119.063631 46.970469),Facility,29176.0,2019
Puget Sound Energy - Goldendale Generating Station - Goldendale,2023,Power Plants,Natural Gas Turbine Plants,221112,Fossil Fuel Electric Power Generation,Puget Holdings LLC,Goldendale,Klickitat,Ecology: Central Regional Office,"826,172",0,"825,333",383,456,0,0,0,0,,3,"45.8114, -120.833","826,172",Covered Entity,POINT (-120.833 45.8114),Facility,826172.0,2023
Alcoa Intalco Works - Ferndale,2021,Metals,Aluminum Production,331312,Primary Aluminum Production,Alcoa Corp.,Ferndale,Whatcom,Ecology: Industrial Section,"9,411",0,"1,188","8,222",1,0,0,0,0,Curtailed mid 2020.,1,"48.8455, -122.7055",,,POINT (-122.7055 48.8455),Facility,9411.0,2021
Puget Sound Energy - Frederickson Generating Station - Tacoma,2019,Power Plants,Natural Gas Turbine Plants,221112,Fossil Fuel Electric Power Generation,Puget Holdings LLC,Tacoma,Pierce,Puget Sound Clean Air Agency,"70,031",0,"69,958",33,40,0,0,0,0,,2,"47.079716, -122.364711",,,POINT (-122.364711 47.079716),Facility,70031.0,2019
CertainTeed Gypsum - Seattle,2012,Manufacturing,Building Products,327420,Gypsum Product Manufacturing,Saint-Gobain Corporation,Seattle,King,Puget Sound Clean Air Agency,"35,650",0,"35,614",17,20,0,0,0,0,,2,"47.548056, -122.336944",,,POINT (-122.336944 47.548056),Facility,35650.0,2012
Washington State University - Pullman,2018,Government,Education,611310,"Colleges, Universities, and Professional Schools",State of Washington,Pullman,Whitman,Ecology: Eastern Regional Office,"61,882",0,"61,816",30,36,0,0,0,0,,2,"46.728702, -117.151481",,,POINT (-117.151481 46.728702),Facility,61882.0,2018
Lamb Weston - Warden,2014,Food Production,Potato Products,311411,"Frozen Fruit, Juice, and Vegetable Manufacturing","Lamb Weston, Inc.",Warden,Grant,Ecology: Eastern Regional Office,"17,384",0,"17,366",8,10,0,0,0,0,,1,"46.971504, -119.055427",,,POINT (-119.055427 46.971504),Facility,17384.0,2014
"SGL Carbon, LLC - Moses Lake",2018,Manufacturing,Transportation Industry,335991,Carbon and Graphite Product Manufacturing,SGL Automotive Carbon Fibers LLC,Moses Lake,Grant,Ecology: Eastern Regional Office,"9,549",0,"9,539",5,5,0,0,0,0,,1,"47.208993, -119.285437",,,POINT (-119.285437 47.208993),Facility,9549.0,2018
Western Washington University - Bellingham,2018,Government,Education,611310,"Colleges, Universities, and Professional Schools",Western Washington University,Bellingham,Whatcom,Northwest Clean Air Agency,"10,129",0,"10,119",5,6,0,0,0,0,,1,"48.736499, -122.484714",,,POINT (-122.484714 48.736499),Facility,10129.0,2018
Cowlitz County Headquarters Landfill - Castle Rock,2014,Waste,Landfills,562212,Solid Waste Landfill,Cowlitz County,Castle Rock,Cowlitz,Southwest Clean Air Agency,"154,619","1,205",0,"153,411",4,0,0,0,0,,3,"46.246902, -122.772284",,,POINT (-122.772284 46.246902),Facility,154619.0,2014
Georgia-Pacific Consumer Operations LLC - Camas,2018,Pulp and Paper,Kraft Mills,322120,Paper Mills,Koch Industries Inc.,Camas,Clark,Ecology: Industrial Section,"242,007","117,432","117,134","6,836",606,0,0,0,0,Pulp production shut down in 2018,3,"45.584271, -122.40843",,,POINT (-122.40843 45.584271),Facility,242007.0,2018
Terrace Heights Landfill - Yakima,2019,Waste,Landfills,562212,Solid Waste Landfill,Yakima County Public Services - Solid Waste Division,Yakima,Yakima,Yakima Regional Clean Air Agency,"120,182",0,25,"120,158",0,0,0,0,0,,3,"46.610031, -120.39408",,,POINT (-120.39408 46.610031),Facility,120182.0,2019
"Bio Energy Washington, LLC - Maple Valley",2019,Power Plants,"Other Power, Heating, or Cooling Plants",221119,Other Electric Power Generation,Bio Energy Washington,Maple Valley,King,Puget Sound Clean Air Agency,"27,273","25,866","1,269",41,96,0,0,0,0,,2,"47.455871, -122.041817",,,POINT (-122.041817 47.455871),Facility,27273.0,2019
The Boeing Company - Fabrication (Frederickson Site) - Puyallup,2021,Manufacturing,Transportation Industry,336411,Aircraft Manufacturing,The Boeing Company,Puyallup,Pierce,Puget Sound Clean Air Agency,"13,151",0,"13,137",6,7,0,0,0,0,,1,"47.088831, -122.34862",,,POINT (-122.34862 47.088831),Facility,13151.0,2021
Naval Base Kitsap - Bremerton,2017,Government,National Security,928110,National Security,US Government,Bremerton,Kitsap,Puget Sound Clean Air Agency,"46,625",0,"46,576",22,27,0,0,0,0,,2,"47.557047, -122.645933",,,POINT (-122.645933 47.557047),Facility,46625.0,2017
Sonoco Products - Sumner,2015,Pulp and Paper,Other Pulp and Paper,322130,Paperboard Mills,Sonoco Products Company,Sumner,Pierce,Puget Sound Clean Air Agency,"11,464",0,"11,452",6,7,0,0,0,0,,1,"47.210641, -122.239474",,,POINT (-122.239474 47.210641),Facility,11464.0,2015
Frederickson Power LP - Tacoma,2022,Power Plants,Natural Gas Turbine Plants,221112,Fossil Fuel Electric Power Generation,"Puget Sound Energy, Inc. and Capital Power (US Holdings) Inc",Tacoma,Pierce,Puget Sound Clean Air Agency,"486,063",0,"485,569",225,268,0,0,0,0,,3,"47.086342, -122.365686",,,POINT (-122.365686 47.086342),Facility,486063.0,2022
Nutrien US LLC. - Kennewick,2013,Chemicals,Fertilizer Production,325311,Nitrogenous Fertilizer Manufacturing,Agrium US Inc.,Kennewick,Benton,Benton Clean Air Agency,"154,497",0,"7,671",1,"146,825",0,0,0,0,,3,"46.165957, -119.017218",,,POINT (-119.017218 46.165957),Facility,154497.0,2013
"North Pacific Paper Company, LLC - Longview",2022,Pulp and Paper,Other Pulp and Paper,322122,Newsprint Mills,NP Paper Investor Holdings LLC,Longview,Cowlitz,Southwest Clean Air Agency,"42,740",0,"42,697",20,24,0,0,0,0,Formerly part of Nippon Dynawave before 2016.,2,"46.125662, -122.976788",,,POINT (-122.976788 46.125662),Facility,42740.0,2022
Port Townsend Paper Corporation - Port Townsend,2012,Pulp and Paper,Kraft Mills,322121,Paper (except Newsprint) Mills,Port Townsend Paper Corp.,Port Townsend,Jefferson,Ecology: Industrial Section,"614,401","523,000","79,125","4,331","7,945",0,0,0,0,,3,"48.093793, -122.796806",,,POINT (-122.796806 48.093793),Facility,614401.0,2012
Terrace Heights Landfill - Yakima,2014,Waste,Landfills,562212,Solid Waste Landfill,Yakima County Public Services - Solid Waste Division,Yakima,Yakima,Yakima Regional Clean Air Agency,"107,008",0,29,"106,980",0,0,0,0,0,,3,"46.610031, -120.39408",,,POINT (-120.39408 46.610031),Facility,107008.0,2014
"Gas Transmission Northwest Compressor Station 6, LLC - Rosalia",2024,Natural Gas Systems,Natural Gas Transmission/Compression,486210,Pipeline Transportation of Natural Gas,TRANSCANADA PIPELINE USA LTD,Rosalia,Whitman,Spokane Regional Clean Air Agency,"109,458",0,"108,531",866,61,0,0,0,0,,3,"47.277256, -117.406737","109,458",Covered Entity,POINT (-117.406737 47.277256),Facility,109458.0,2024
"Nucor Steel Seattle, Inc, - Seattle",2024,Metals,Iron and Steel Production,331110,Iron and Steel Mills and Ferroalloy Manufacturing,NUCOR CORP,Seattle,King,Puget Sound Clean Air Agency,"72,240",0,"72,205",16,19,0,0,0,0,,2,"47.569331, -122.367332","72,240",Covered Entity,POINT (-122.367332 47.569331),Facility,72240.0,2024
Avista Corporation - WA State DOE Reporting - statewide,2016,Natural Gas Systems,Natural Gas Local Distribution Companies,221121,Electric Bulk Power Transmission and Control,Avista Corp.,Spokane,Spokane,Spokane Regional Clean Air Agency,"21,120",0,19,"15,452",0,0,0,"5,650",0,,1,"47.673486, -117.388514",,,POINT (-117.388514 47.673486),Facility,21120.0,2016
Phillips 66 Ferndale Refinery - Ferndale,2017,Petroleum Systems,Petroleum Refineries,324110,Petroleum Refineries,Phillips 66 Company,Ferndale,Whatcom,Northwest Clean Air Agency,"748,762",0,"745,076","1,794","1,892",0,0,0,0,,3,"48.830142, -122.692114",,,POINT (-122.692114 48.830142),Facility,748762.0,2017
Goodrich Corporation - Spokane,2024,Manufacturing,Transportation Industry,336413,Other Aircraft Parts and Auxiliary Equipment Manufacturing,RAYTHEON TECHNOLOGIES CORP,Spokane,Spokane,Spokane Regional Clean Air Agency,"49,154",0,"49,099",24,31,0,0,0,0,,2,"47.583604, -117.568511","47,773",Covered Entity,POINT (-117.568511 47.583604),Facility,49154.0,2024
Port Townsend Paper Corporation - Port Townsend,2023,Pulp and Paper,Kraft Mills,322121,Paper (except Newsprint) Mills,Port Townsend Paper Corp.,Port Townsend,Jefferson,Ecology: Industrial Section,"553,804","491,477","57,063","2,542","2,721",0,0,0,0,,3,"48.093793, -122.796806","62,287",Covered Entity,POINT (-122.796806 48.093793),Facility,553804.0,2023
Starbucks Kent Flexible Plant - Kent,2022,Food Production,Other Food Products,311920,Coffee and Tea Manufacturing,Starbucks Corp.,Kent,King,Puget Sound Clean Air Agency,"12,664",0,"12,651",6,7,0,0,0,0,,1,"47.436276, -122.237648",,,POINT (-122.237648 47.436276),Facility,12664.0,2022
Matheson - Anacortes,2020,Petroleum Systems,Other Petroleum Systems,325120,Industrial Gas Manufacturing,Linde Gas North America LLC,Anacortes,Skagit,Northwest Clean Air Agency,"47,503",0,"47,503",0,0,0,0,0,0,,2,"48.467646, -122.554343",,,POINT (-122.554343 48.467646),Facility,47503.0,2020
Northwest Pipeline C/S - Sumner,2014,Natural Gas Systems,Natural Gas Transmission/Compression,486210,Pipeline Transportation of Natural Gas,"The Williams Companies, Inc.",Sumner,Pierce,Puget Sound Clean Air Agency,"28,561",0,"27,970",576,16,0,0,0,0,,2,"47.228986, -122.209551",,,POINT (-122.209551 47.228986),Facility,28561.0,2014
Avista Corporation LDC - WA - statewide,2022,Natural Gas Systems,Natural Gas Local Distribution Companies,221210,Natural Gas Distribution,Avista Corp.,Spokane,Spokane,Spokane Regional Clean Air Agency,"16,213",0,20,"16,193",0,0,0,0,0,,1,"47.673662, -117.388735",,,POINT (-117.388735 47.673662),Facility,16213.0,2022
Northwest Pipeline C/S - Goldendale,2019,Natural Gas Systems,Natural Gas Transmission/Compression,486210,Pipeline Transportation of Natural Gas,"The Williams Companies, Inc.",Goldendale,Klickitat,Ecology: Central Regional Office,"36,931",0,"34,125","2,788",19,0,0,0,0,,2,"45.771216, -120.799267",,,POINT (-120.799267 45.771216),Facility,36931.0,2019
Lamb Weston - Richland,2016,Food Production,Potato Products,311411,"Frozen Fruit, Juice, and Vegetable Manufacturing","Lamb Weston, Inc.",Richland,Benton,Benton Clean Air Agency,"35,966",0,"35,929",17,20,0,0,0,0,,2,"46.309314, -119.297267",,,POINT (-119.297267 46.309314),Facility,35966.0,2016
Hampton Lumber Mills Washington Inc. - Morton,2021,Wood Products,Lumber Mills,321113,Sawmills,Hampton Lumber Mills Washington Inc.,Morton,Lewis,Southwest Clean Air Agency,"33,062","32,626",0,63,373,0,0,0,0,,2,"46.565997, -122.269573",,,POINT (-122.269573 46.565997),Facility,33062.0,2021
"Analog Devices, Inc. - Camas",2023,Manufacturing,Electronics Industry,334413,Semiconductor and Related Device Manufacturing,Linear Technology Corporation,Camas,Clark,Southwest Clean Air Agency,"18,421",0,"2,220",1,"2,220","3,214","6,382","4,095",289,,1,"45.598844, -122.45232","18,420",Covered Entity,POINT (-122.45232 45.598844),Facility,18421.0,2023
Naval Air Station Whidbey Island - Oak Harbor,2017,Government,National Security,928110,National Security,US Government,Oak Harbor,Island,Northwest Clean Air Agency,"15,460",0,"15,444",7,9,0,0,0,0,,1,"48.345281, -122.669741",,,POINT (-122.669741 48.345281),Facility,15460.0,2017
Georgia-Pacific Consumer Operations LLC - Camas,2019,Pulp and Paper,Kraft Mills,322120,Paper Mills,Koch Industries Inc.,Camas,Clark,Ecology: Industrial Section,"95,534",0,"88,970","6,515",50,0,0,0,0,Pulp production shut down in 2018,2,"45.584271, -122.40843",,,POINT (-122.40843 45.584271),Facility,95534.0,2019
Darigold - Lynden,2016,Food Production,Dairy Products,311514,"Dry, Condensed, and Evaporated Dairy Product Manufacturing",Darigold Inc.,Lynden,Whatcom,Northwest Clean Air Agency,"19,646",0,"19,625",9,11,0,0,0,0,,1,"48.947567, -122.451915",,,POINT (-122.451915 48.947567),Facility,19646.0,2016
Air Liquide Electronics Moses Lake Hydrogen Plant,2018,Chemicals,Other Chemicals,325120,Industrial Gas Manufacturing,Air Liquide USA Inc.,Moses Lake,Grant,Ecology: Eastern Regional Office,"9,273",0,"9,273",0,0,0,0,0,0,,1,"47.135844, -119.19962",,,POINT (-119.19962 47.135844),Facility,9273.0,2018
Lamb Weston - Connell,2020,Food Production,Potato Products,311411,"Frozen Fruit, Juice, and Vegetable Manufacturing","Lamb Weston, Inc.",Connell,Franklin,Ecology: Eastern Regional Office,"28,419",0,"28,390",14,16,0,0,0,0,,2,"46.651389, -118.871944",,,POINT (-118.871944 46.651389),Facility,28419.0,2020
WestRock LLC - Longview,2019,Pulp and Paper,Kraft Mills,322130,Paperboard Mills,Westrock Corp.,Longview,Cowlitz,Ecology: Industrial Section,"1,555,080","1,408,358","139,775","1,330","5,617",0,0,0,0,,4,"46.10361, -122.92167",,,POINT (-122.92167 46.10361),Facility,1555080.0,2019
The Boeing Company: DC/MFC - Tukwila,2021,Manufacturing,Transportation Industry,336411,Aircraft Manufacturing,The Boeing Company,Tukwila,King,Puget Sound Clean Air Agency,"12,319",0,"12,306",6,7,0,0,0,0,,1,"47.516246, -122.298613",,,POINT (-122.298613 47.516246),Facility,12319.0,2021
Lamb Weston - Richland,2015,Food Production,Potato Products,311411,"Frozen Fruit, Juice, and Vegetable Manufacturing","Lamb Weston, Inc.",Richland,Benton,Benton Clean Air Agency,"36,252",0,"36,215",17,20,0,0,0,0,,2,"46.309314, -119.297267",,,POINT (-119.297267 46.309314),Facility,36252.0,2015
Cathcart Landfill - Snohomish,2013,Waste,Landfills,562212,Solid Waste Landfill,Snohomish County,Snohomish,Snohomish,Puget Sound Clean Air Agency,"23,893",0,257,"23,637",0,0,0,0,0,,1,"47.870014, -122.118284",,,POINT (-122.118284 47.870014),Facility,23893.0,2013
Steelscape - Kalama,2021,Metals,Other Metals,331221,Rolled Steel Shape Manufacturing,NS BlueScope USA LLC,Kalama,Cowlitz,Southwest Clean Air Agency,"22,183",0,"22,160",11,13,0,0,0,0,,1,"46.04326, -122.871703",,,POINT (-122.871703 46.04326),Facility,22183.0,2021
Horn Rapids Sanitary Landfill - Richland,2021,Waste,Landfills,562212,Solid Waste Landfill,City of Richland,Richland,Benton,Benton Clean Air Agency,"44,472",0,0,"44,472",0,0,0,0,0,,2,"46.346663, -119.348118",,,POINT (-119.348118 46.346663),Facility,44472.0,2021
Graymont Western US. Inc. - Tacoma,2012,Minerals,Lime Production,327410,Lime Manufacturing,"Graymont, Inc.",Tacoma,Pierce,Puget Sound Clean Air Agency,"86,850",0,"86,662",70,118,0,0,0,0,,2,"47.271365, -122.397262",,,POINT (-122.397262 47.271365),Facility,86850.0,2012
Weyerhaeuser Raymond Lumber - Raymond,2014,Wood Products,Lumber Mills,321113,Sawmills,Weyerhaeuser Co.,Raymond,Pacific,Olympic Region Clean Air Agency,"41,976","41,423",0,80,474,0,0,0,0,,2,"46.688088, -123.737495",,,POINT (-123.737495 46.688088),Facility,41976.0,2014
SDS Lumber Company - Bingen,2018,Wood Products,Lumber Mills,321113,Sawmills,SDS Lumber Company,Bingen,Klickitat,Ecology: Central Regional Office,"35,731","35,092",170,67,401,0,0,0,0,,2,"45.713913, -121.468688",,,POINT (-121.468688 45.713913),Facility,35731.0,2018
Kettle Falls Generating Station - Kettle Falls,2017,Power Plants,"Other Power, Heating, or Cooling Plants",221117,Biomass Electric Power Generation,Avista Corp.,Kettle Falls,Stevens,Ecology: Eastern Regional Office,"423,808","408,477","3,925","6,732","4,674",0,0,0,0,Formerly included Avista Landfill before 2023.,3,"48.620335, -118.110841",,,POINT (-118.110841 48.620335),Facility,423808.0,2017
Lamb Weston - Quincy,2019,Food Production,Potato Products,311411,"Frozen Fruit, Juice, and Vegetable Manufacturing","Lamb Weston, Inc.",Quincy,Grant,Ecology: Eastern Regional Office,"36,584",0,"36,544",18,22,0,0,0,0,,2,"47.234413, -119.869914",,,POINT (-119.869914 47.234413),Facility,36584.0,2019
"Greif, Tacoma Mill - Tacoma",2019,Pulp and Paper,Other Pulp and Paper,322130,Paperboard Mills,Paperboard Parent Inc.,Tacoma,Pierce,Puget Sound Clean Air Agency,"14,351",0,"14,336",7,8,0,0,0,0,,1,"47.239235, -122.421909",,,POINT (-122.421909 47.239235),Facility,14351.0,2019
"Tyson Fresh Meats, Inc. - Wallula",2015,Food Production,Meat Products,311611,Animal (except Poultry) Slaughtering,"Tyson Foods, Inc",Wallula,Walla Walla,Ecology: Eastern Regional Office,"74,580",0,"20,808","53,760",12,0,0,0,0,,2,"46.137521, -118.913051",,,POINT (-118.913051 46.137521),Facility,74580.0,2015
Imerys Minerals Quincy Plant - Quincy,2019,Minerals,Other Minerals,212399,All Other Nonmetallic Mineral Mining,Imerys Filtration Minerals Inc.,Quincy,Grant,Ecology: Eastern Regional Office,"20,150",0,"20,129",10,11,0,0,0,0,,1,"47.239948, -119.838831",,,POINT (-119.838831 47.239948),Facility,20150.0,2019
Okanogan County Central Landfill - Okanogan,2017,Waste,Landfills,562212,Solid Waste Landfill,Okanogan County,Okanogan,Okanogan,Ecology: Central Regional Office,"13,567",0,0,"13,567",0,0,0,0,0,First year reporting.,1,"48.341148, -119.620109",,,POINT (-119.620109 48.341148),Facility,13567.0,2017
J.R. Simplot Company - Othello,2021,Food Production,Potato Products,311411,"Frozen Fruit, Juice, and Vegetable Manufacturing",J.R. Simplot Company,Othello,Adams,Ecology: Eastern Regional Office,"114,828",0,"51,661","63,139",29,0,0,0,0,,3,"46.837778, -119.176389",,,POINT (-119.176389 46.837778),Facility,114828.0,2021
Naval Base Kitsap Bangor - Silverdale,2016,Government,National Security,928110,National Security,US Government,Silverdale,Kitsap,Puget Sound Clean Air Agency,"20,109",0,"20,086",10,13,0,0,0,0,,1,"47.699284, -122.696926",,,POINT (-122.696926 47.699284),Facility,20109.0,2016
"Horse Heaven Cattle Feeders, Inc. - Sunnyside",2020,Livestock,Cattle Feedlots,112112,Cattle Feedlots,"Horse Heaven Cattle Feeders, Inc.",Sunnyside,Yakima,Yakima Regional Clean Air Agency,"9,508",0,0,734,"8,774",0,0,0,0,,1,"46.284622, -120.019668",,,POINT (-120.019668 46.284622),Facility,9508.0,2020
"SEH America, Inc - Vancouver",2017,Manufacturing,Electronics Industry,334413,Semiconductor and Related Device Manufacturing,SEH America Inc.,Vancouver,Clark,Southwest Clean Air Agency,"9,859",0,"9,848",5,6,0,0,0,0,,1,"45.649912, -122.553612",,,POINT (-122.553612 45.649912),Facility,9859.0,2017
Northwest Pipeline Willard C/S - Cook,2021,Natural Gas Systems,Natural Gas Transmission/Compression,486210,Pipeline Transportation of Natural Gas,"The Williams Companies, Inc.",Cook,Skamania,Southwest Clean Air Agency,"15,988",0,"13,863","2,117",8,0,0,0,0,,1,"45.778087, -121.626311",,,POINT (-121.626311 45.778087),Facility,15988.0,2021
Sierra Pacific Industries - Centralia,2018,Wood Products,Lumber Mills,321113,Sawmills,Sierra Pacific Industries,Centralia,Lewis,Southwest Clean Air Agency,"42,446","41,887",0,81,479,0,0,0,0,,2,"46.756413, -122.995433",,,POINT (-122.995433 46.756413),Facility,42446.0,2018
"Vaagen Bros. Lumber, Inc. - Colville",2023,Wood Products,Lumber Mills,321999,All Other Miscellaneous Wood Product Manufacturing,Vaagen Bros. Lumber Inc.,Colville,Stevens,Ecology: Eastern Regional Office,"33,518","33,076",0,64,378,0,0,0,0,,2,"48.548525, -117.915469",,Reporter,POINT (-117.915469 48.548525),Facility,33518.0,2023
Cowlitz County Tennant Way Landfill - Longview,2014,Waste,Landfills,562212,Solid Waste Landfill,Cowlitz County Washington,Longview,Cowlitz,Southwest Clean Air Agency,"10,826",0,0,"10,826",0,0,0,0,0,,1,"46.107229, -122.905601",,,POINT (-122.905601 46.107229),Facility,10826.0,2014
Stevens County Landfill - Kettle Falls,2023,Waste,Landfills,562212,Solid Waste Landfill,Stevens County,Kettle Falls,Stevens,Ecology: Eastern Regional Office,"9,220",495,0,"8,724",2,0,0,0,0,,1,"48.580583, -118.087594",,Reporter,POINT (-118.087594 48.580583),Facility,9220.0,2023
Darigold - Lynden,2021,Food Production,Dairy Products,311514,"Dry, Condensed, and Evaporated Dairy Product Manufacturing",Darigold Inc.,Lynden,Whatcom,Northwest Clean Air Agency,"19,186",0,"19,166",9,11,0,0,0,0,,1,"48.947567, -122.451915",,,POINT (-122.451915 48.947567),Facility,19186.0,2021
Inland Empire Paper Company - Spokane,2023,Pulp and Paper,Other Pulp and Paper,322122,Newsprint Mills,Cowles Publishing Co.,Spokane,Spokane,Spokane Regional Clean Air Agency,"32,249","15,753","16,269",38,190,0,0,0,0,,2,"47.688295, -117.279323",,Reporter,POINT (-117.279323 47.688295),Facility,32249.0,2023
Marathon Anacortes Refinery - Anacortes,2016,Petroleum Systems,Petroleum Refineries,324110,Petroleum Refineries,Marathon Petroleum Corp,Anacortes,Skagit,Northwest Clean Air Agency,"1,359,988",0,"1,354,202","2,292","3,494",0,0,0,0,,4,"48.493816, -122.564845",,,POINT (-122.564845 48.493816),Facility,1359988.0,2016
Northwest Pipeline C/S - Sumas,2024,Natural Gas Systems,Natural Gas Transmission/Compression,486210,Pipeline Transportation of Natural Gas,"THE WILLIAMS COMPANIES, INC",Sumas,Whatcom,Northwest Clean Air Agency,"108,578",0,"106,005","2,513",60,0,0,0,0,,3,"49.001000, -122.221400","108,578",Covered Entity,POINT (-122.2214 49.001),Facility,108578.0,2024
Puget Sound Energy - Ferndale Generating Station - Ferndale,2022,Power Plants,Natural Gas Turbine Plants,221112,Fossil Fuel Electric Power Generation,Puget Holdings LLC,Ferndale,Whatcom,Northwest Clean Air Agency,"464,786",0,"464,289",222,275,0,0,0,0,,3,"48.828707, -122.685533",,,POINT (-122.685533 48.828707),Facility,464786.0,2022
Sierra Pacific Industries - Centralia,2019,Wood Products,Lumber Mills,321113,Sawmills,Sierra Pacific Industries,Centralia,Lewis,Southwest Clean Air Agency,"58,328","57,559",0,111,658,0,0,0,0,,2,"46.756413, -122.995433",,,POINT (-122.995433 46.756413),Facility,58328.0,2019
The Boeing Company: Boeing Plant 2 - Seattle,2013,Manufacturing,Transportation Industry,336411,Aircraft Manufacturing,The Boeing Company,Seattle,King,Puget Sound Clean Air Agency,"24,004",0,"23,980",11,13,0,0,0,0,,1,"47.532524, -122.311623",,,POINT (-122.311623 47.532524),Facility,24004.0,2013
Tree Top - Prosser,2024,Food Production,Fruit Products,311411,"Frozen Fruit, Juice, and Vegetable Manufacturing",TREE TOP INC,Prosser,Benton,Benton Clean Air Agency,"22,573",0,"22,550",11,13,0,0,0,0,,1,"46.218420, -119.733970",,Reporter,POINT (-119.73397 46.21842),Facility,22573.0,2024
"Boise Cascade Wood Products, LLC.  Kettle Falls Plywood - Kettle Falls",2016,Wood Products,Other Wood Products,321219,Reconstituted Wood Product Manufacturing,Boise Cascade Company,Kettle Falls,Stevens,Ecology: Eastern Regional Office,"73,564","70,714","1,903",137,810,0,0,0,0,,2,"48.613175, -118.116106",,,POINT (-118.116106 48.613175),Facility,73564.0,2016
"Emerald City Renewables, LLC- Graham",2021,Power Plants,"Other Power, Heating, or Cooling Plants",221117,Biomass Electric Power Generation,Emerald City Renewables LLC,Graham,Pierce,Puget Sound Clean Air Agency,"15,900","15,819",0,24,57,0,0,0,0,,1,"46.975533, -122.290871",,,POINT (-122.290871 46.975533),Facility,15900.0,2021
"Kaiser Aluminum Washington, LLC (Trentwood Works) - Spokane Valley",2016,Metals,Other Metals,331315,"Aluminum Sheet, Plate, and Foil Manufacturing",Kaiser Aluminum Corp.,Spokane Valley,Spokane,Spokane Regional Clean Air Agency,"122,424",0,"122,298",58,69,0,0,0,0,,3,"47.687074, -117.212673",,,POINT (-117.212673 47.687074),Facility,122424.0,2016
Darigold - Sunnyside,2018,Food Production,Dairy Products,311513,Cheese Manufacturing,Darigold Inc.,Sunnyside,Yakima,Yakima Regional Clean Air Agency,"38,345",0,"38,305",18,22,0,0,0,0,,2,"46.30058, -120.015675",,,POINT (-120.015675 46.30058),Facility,38345.0,2018
Northwest Pipeline C/S - Sumner,2012,Natural Gas Systems,Natural Gas Transmission/Compression,486210,Pipeline Transportation of Natural Gas,"The Williams Companies, Inc.",Sumner,Pierce,Puget Sound Clean Air Agency,"18,199",0,"17,236",953,10,0,0,0,0,,1,"47.228986, -122.209551",,,POINT (-122.209551 47.228986),Facility,18199.0,2012
"SEH America, Inc - Vancouver",2013,Manufacturing,Electronics Industry,334413,Semiconductor and Related Device Manufacturing,SEH America Inc.,Vancouver,Clark,Southwest Clean Air Agency,"13,852",0,"13,838",7,8,0,0,0,0,,1,"45.649912, -122.553612",,,POINT (-122.553612 45.649912),Facility,13852.0,2013
Steelscape - Kalama,2012,Metals,Other Metals,331221,Rolled Steel Shape Manufacturing,NS BlueScope USA LLC,Kalama,Cowlitz,Southwest Clean Air Agency,"23,199",0,"23,175",11,13,0,0,0,0,,1,"46.04326, -122.871703",,,POINT (-122.871703 46.04326),Facility,23199.0,2012
Phillips 66 Ferndale Refinery - Ferndale,2018,Petroleum Systems,Petroleum Refineries,324110,Petroleum Refineries,Phillips 66 Company,Ferndale,Whatcom,Northwest Clean Air Agency,"798,454",0,"794,615","1,815","2,024",0,0,0,0,,3,"48.830142, -122.692114",,,POINT (-122.692114 48.830142),Facility,798454.0,2018
Sonoco Products - Sumner,2024,Pulp and Paper,Other Pulp and Paper,322130,Paperboard Mills,SONOCO PRODUCTS CO,Sumner,Pierce,Puget Sound Clean Air Agency,"1,809",0,"1,807",1,1,0,0,0,0,,1,"47.210641, -122.239474",,Reporter,POINT (-122.239474 47.210641),Facility,1809.0,2024
"Nucor Steel Seattle, Inc, - Seattle",2012,Metals,Iron and Steel Production,331110,Iron and Steel Mills and Ferroalloy Manufacturing,Nucor Corporation,Seattle,King,Puget Sound Clean Air Agency,"124,468",0,"124,425",20,24,0,0,0,0,,3,"47.569331, -122.367332",,,POINT (-122.367332 47.569331),Facility,124468.0,2012
Avista Corporation LDC - WA - statewide,2023,Natural Gas Systems,Natural Gas Local Distribution Companies,221210,Natural Gas Distribution,Avista Corp.,Spokane,Spokane,Spokane Regional Clean Air Agency,"16,268",0,20,"16,249",0,0,0,0,0,,1,"47.673662, -117.388735",,Reporter,POINT (-117.388735 47.673662),Facility,16268.0,2023
"Horse Heaven Cattle Feeders, Inc. - Sunnyside",2015,Livestock,Cattle Feedlots,112112,Cattle Feedlots,"Horse Heaven Cattle Feeders, Inc.",Sunnyside,Yakima,Yakima Regional Clean Air Agency,"11,142",0,0,860,"10,283",0,0,0,0,,1,"46.284622, -120.019668",,,POINT (-120.019668 46.284622),Facility,11142.0,2015
Puget Sound Energy - Encogen Generating Station - Bellingham,2021,Power Plants,Natural Gas Turbine Plants,221112,Fossil Fuel Electric Power Generation,Puget Holdings LLC,Bellingham,Whatcom,Northwest Clean Air Agency,"257,574",0,"257,312",119,142,0,0,0,0,,3,"48.746, -122.486",,,POINT (-122.486 48.746),Facility,257574.0,2021
U.S. Oil & Refining Co. - Tacoma,2023,Petroleum Systems,Petroleum Refineries,324110,Petroleum Refineries,Par Pacific Holdings Inc.,Tacoma,Pierce,Puget Sound Clean Air Agency,"148,012",0,"146,643",873,496,0,0,0,0,,3,"47.256813, -122.394952","148,009",Covered Entity,POINT (-122.394952 47.256813),Facility,148012.0,2023
Frederickson Power LP - Tacoma,2023,Power Plants,Natural Gas Turbine Plants,221112,Fossil Fuel Electric Power Generation,"Puget Sound Energy, Inc. and Capital Power (US Holdings) Inc",Tacoma,Pierce,Puget Sound Clean Air Agency,"708,701",0,"707,981",328,391,0,0,0,0,,3,"47.086342, -122.365686","708,701",Covered Entity,POINT (-122.365686 47.086342),Facility,708701.0,2023
Ash Grove Cement Company - Seattle,2022,Minerals,Cement Production,327310,Cement Manufacturing,Ash Grove Cement Co.,Seattle,King,Puget Sound Clean Air Agency,"315,155",0,"314,639",206,310,0,0,0,0,,3,"47.56799, -122.34255",,,POINT (-122.34255 47.56799),Facility,315155.0,2022
Lamb Weston - Quincy,2018,Food Production,Potato Products,311411,"Frozen Fruit, Juice, and Vegetable Manufacturing","Lamb Weston, Inc.",Quincy,Grant,Ecology: Eastern Regional Office,"32,073",0,"32,040",15,18,0,0,0,0,,2,"47.234413, -119.869914",,,POINT (-119.869914 47.234413),Facility,32073.0,2018
Inland Empire Paper Company - Spokane,2018,Pulp and Paper,Other Pulp and Paper,322122,Newsprint Mills,Cowles Publishing Co.,Spokane,Spokane,Spokane Regional Clean Air Agency,"28,858","17,716","10,895",39,209,0,0,0,0,,2,"47.688295, -117.279323",,,POINT (-117.279323 47.688295),Facility,28858.0,2018
Grays Harbor Energy Center - Elma,2012,Power Plants,Natural Gas Turbine Plants,221112,Fossil Fuel Electric Power Generation,Invenergy Investment Company LLC,Elma,Grays Harbor,EFSEC,"60,590",0,"60,528",28,34,0,0,0,0,,2,"46.9688, -123.48",,,POINT (-123.48 46.9688),Facility,60590.0,2012
J.R. Simplot Company - Moses Lake,2023,Food Production,Potato Products,311411,"Frozen Fruit, Juice, and Vegetable Manufacturing",J.R. Simplot Company,Moses Lake,Grant,Ecology: Eastern Regional Office,"30,430","4,159","18,246","8,000",25,0,0,0,0,,2,"47.131732, -119.18926","26,271",Covered Entity,POINT (-119.18926 47.131732),Facility,30430.0,2023
Hidden Valley Landfill - Puyallup,2021,Waste,Landfills,562212,Solid Waste Landfill,Waste Connections US Inc.,Puyallup,Pierce,Puget Sound Clean Air Agency,"5,080",0,0,"5,080",0,0,0,0,0,Voluntary reporter.,1,"47.095, -122.2878",,,POINT (-122.2878 47.095),Facility,5080.0,2021
WestRock LLC - Longview,2014,Pulp and Paper,Kraft Mills,322130,Paperboard Mills,Westrock Corp.,Longview,Cowlitz,Ecology: Industrial Section,"1,774,975","1,627,697","140,100","1,429","5,749",0,0,0,0,,4,"46.10361, -122.92167",,,POINT (-122.92167 46.10361),Facility,1774975.0,2014
Marathon Anacortes Refinery - Anacortes,2014,Petroleum Systems,Petroleum Refineries,324110,Petroleum Refineries,Marathon Petroleum Corp,Anacortes,Skagit,Northwest Clean Air Agency,"1,344,336",0,"1,335,703","4,083","4,550",0,0,0,0,,4,"48.493816, -122.564845",,,POINT (-122.564845 48.493816),Facility,1344336.0,2014
Sierra Pacific Industries - Centralia,2024,Wood Products,Lumber Mills,321113,Sawmills,SIERRA PACIFIC INDUSTRIES,Centralia,Lewis,Southwest Clean Air Agency,"36,915","36,360",0,80,475,0,0,0,0,,2,"46.756413, -122.995433",,Reporter,POINT (-122.995433 46.756413),Facility,36915.0,2024
Kettle Falls Generating Station - Kettle Falls,2012,Power Plants,"Other Power, Heating, or Cooling Plants",221117,Biomass Electric Power Generation,Avista Corp.,Kettle Falls,Stevens,Ecology: Eastern Regional Office,"276,784","264,318","1,104","7,835","3,527",0,0,0,0,Formerly included Avista Landfill before 2023.,3,"48.620335, -118.110841",,,POINT (-118.110841 48.620335),Facility,276784.0,2012
Cathcart Landfill - Snohomish,2012,Waste,Landfills,562212,Solid Waste Landfill,Snohomish County,Snohomish,Snohomish,Puget Sound Clean Air Agency,"27,653",0,288,"27,365",0,0,0,0,0,,2,"47.870014, -122.118284",,,POINT (-122.118284 47.870014),Facility,27653.0,2012
HF Sinclair Puget Sound Refinery LLC - Anacortes,2023,Petroleum Systems,Petroleum Refineries,324110,Petroleum Refineries,HollyFrontier Puget Sound Refining LLC,Anacortes,Skagit,Northwest Clean Air Agency,"1,900,999",0,"1,890,710","6,317","3,971",0,0,0,0,,4,"48.470931, -122.559161","1,900,827",Covered Entity,POINT (-122.559161 48.470931),Facility,1900999.0,2023
City of Tacoma Solid Waste Facility - Tacoma,2017,Waste,Landfills,562212,Solid Waste Landfill,City of Tacoma,Tacoma,Pierce,Puget Sound Clean Air Agency,"16,417",0,0,"16,417",0,0,0,0,0,,1,"47.223413, -122.499775",,,POINT (-122.499775 47.223413),Facility,16417.0,2017
Puget Sound Energy - Encogen Generating Station - Bellingham,2016,Power Plants,Natural Gas Turbine Plants,221112,Fossil Fuel Electric Power Generation,Puget Holdings LLC,Bellingham,Whatcom,Northwest Clean Air Agency,"103,713",0,"103,607",48,57,0,0,0,0,,3,"48.746, -122.486",,,POINT (-122.486 48.746),Facility,103713.0,2016
Ponderay Industries - Usk,2017,Pulp and Paper,Other Pulp and Paper,322122,Newsprint Mills,Ponderay Industries,Usk,Pend Oreille,Ecology: Eastern Regional Office,"44,532","40,551","3,426",82,474,0,0,0,0,,2,"48.289771, -117.271359",,,POINT (-117.271359 48.289771),Facility,44532.0,2017
Lamb Weston - Connell,2024,Food Production,Potato Products,311411,"Frozen Fruit, Juice, and Vegetable Manufacturing",LAMB WESTON HOLDINGS INC,Connell,Franklin,Ecology: Eastern Regional Office,"21,040",0,"21,018",10,12,0,0,0,0,,1,"46.651389, -118.871944","21,040",Covered Entity,POINT (-118.871944 46.651389),Facility,21040.0,2024
U.S. Department of Energy Hanford Site - Richland,2021,Government,Other Government,924110,Administration of Air and Water Resource and Solid Waste Management Programs,US Government,Richland,Benton,Ecology: NWP,"33,240",0,"24,375","8,811",55,0,0,0,0,,2,"46.55069, -119.489007",,,POINT (-119.489007 46.55069),Facility,33240.0,2021
The Boeing Company: Boeing Plant 2 - Seattle,2018,Manufacturing,Transportation Industry,336411,Aircraft Manufacturing,The Boeing Company,Seattle,King,Puget Sound Clean Air Agency,"22,705",0,"22,682",11,13,0,0,0,0,,1,"47.532524, -122.311623",,,POINT (-122.311623 47.532524),Facility,22705.0,2018
Naval Base Kitsap Bangor - Silverdale,2018,Government,National Security,928110,National Security,US Government,Silverdale,Kitsap,Puget Sound Clean Air Agency,"21,669",0,"21,541",11,117,0,0,0,0,,1,"47.699284, -122.696926",,,POINT (-122.696926 47.699284),Facility,21669.0,2018
Avista Landfill - Kettle Falls,2024,Waste,Landfills,562212,Solid Waste Landfill,AVISTA CORP,Kettle Falls,Stevens,Ecology: Eastern Regional Office,"6,647",0,0,"6,647",0,0,0,0,0,First year reporting. Formerly part of Kettle Falls Generating Station before 2023.,1,"48.581111, -118.081666",,Reporter,POINT (-118.081666 48.581111),Facility,6647.0,2024
TSMC Washington LLC - Camas,2017,Manufacturing,Electronics Industry,334413,Semiconductor and Related Device Manufacturing,TSMC WASHINGTON LLC,Camas,Clark,Southwest Clean Air Agency,"107,172",0,"14,080",7,"7,700","9,948","33,688","22,214","19,535",Formerly reporting as WaferTech LLC - Camas.,3,"45.619569, -122.454955",,,POINT (-122.454955 45.619569),Facility,107172.0,2017
Washington State University - Pullman,2023,Government,Education,611310,"Colleges, Universities, and Professional Schools",State of Washington,Pullman,Whitman,Ecology: Eastern Regional Office,"59,448",0,"59,360",34,54,0,0,0,0,,2,"46.728702, -117.151481","48,424",Covered Entity,POINT (-117.151481 46.728702),Facility,59448.0,2023
Pasco Processing LLC - Pasco,2012,Food Production,Other Food Products,311991,Perishable Prepared Food Manufacturing,Oregon Potato Co.,Pasco,Franklin,Ecology: Eastern Regional Office,"16,209",0,"16,192",8,9,0,0,0,0,,1,"46.28274, -119.097528",,,POINT (-119.097528 46.28274),Facility,16209.0,2012
Nippon Dynawave - Longview,2013,Pulp and Paper,Kraft Mills,322121,Paper (except Newsprint) Mills,Nippon Paper Industries Co Ltd,Longview,Cowlitz,Ecology: Industrial Section,"1,509,835","1,193,366","306,848","3,563","6,056",0,0,0,0,Assigned emissions level.  Formerly included North Pacific Paper before 2016.  Ecology split emissions for consistency with cooperation from facility.,4,"46.130495, -122.983637",,,POINT (-122.983637 46.130495),Facility,1509835.0,2013
Weyerhaeuser Raymond Lumber - Raymond,2021,Wood Products,Lumber Mills,321113,Sawmills,Weyerhaeuser Co.,Raymond,Pacific,Olympic Region Clean Air Agency,"44,899","44,307",0,85,507,0,0,0,0,,2,"46.688088, -123.737495",,,POINT (-123.737495 46.688088),Facility,44899.0,2021
Ash Grove Cement Company - Seattle,2021,Minerals,Cement Production,327310,Cement Manufacturing,Ash Grove Cement Co.,Seattle,King,Puget Sound Clean Air Agency,"359,054",0,"358,395",262,396,0,0,0,0,,3,"47.56799, -122.34255",,,POINT (-122.34255 47.56799),Facility,359054.0,2021
Mutual Materials Mica Brick Plant - Spokane,2020,Minerals,Other Minerals,327120,Clay Building Material and Refractories Manufacturing,Mutual Materials Co.,Spokane,Spokane,Spokane Regional Clean Air Agency,"9,676",0,"9,666",5,5,0,0,0,0,,1,"47.55833, -117.2117",,,POINT (-117.2117 47.55833),Facility,9676.0,2020
Star Forge LLC dba Jorgensen Forge - Tukwila,2014,Metals,Other Metals,332111,Iron and Steel Forging,Jorgensen Forge Corp.,Tukwila,King,Puget Sound Clean Air Agency,"13,850",0,"13,836",7,8,0,0,0,0,,1,"47.526872, -122.303906",,,POINT (-122.303906 47.526872),Facility,13850.0,2014
Gas Transmission Northwest Compressor Station 7 -Prescott,2023,Natural Gas Systems,Natural Gas Transmission/Compression,486210,Pipeline Transportation of Natural Gas,TransCanada Northern Border Inc.,Starbuck,Columbia,Ecology: Eastern Regional Office,"133,778",0,"131,653","2,051",74,0,0,0,0,,3,"46.53558, -118.293441","133,778",Covered Entity,POINT (-118.293441 46.53558),Facility,133778.0,2023
Sierra Pacific Industries - Burlington - Mount Vernon,2020,Wood Products,Lumber Mills,321113,Sawmills,Sierra Pacific Industries,Mount Vernon,Skagit,Northwest Clean Air Agency,"218,424","202,899","12,803",395,"2,328",0,0,0,0,,3,"48.448553, -122.434613",,,POINT (-122.434613 48.448553),Facility,218424.0,2020
Murphy Veneer - Elma,2017,Wood Products,Other Wood Products,321212,Softwood Veneer and Plywood Manufacturing,Murphy Co.,Elma,Grays Harbor,Olympic Region Clean Air Agency,"10,323",0,"10,313",5,6,0,0,0,0,,1,"47.040323, -123.334339",,,POINT (-123.334339 47.040323),Facility,10323.0,2017
Bonneville Power Administration - WA Only - statewide,2020,Power Plants,Electrical Transmission and Distribution,221121,Electric Bulk Power Transmission and Control,US Government,Vancouver,Clark,Southwest Clean Air Agency,"10,395",0,0,0,0,0,0,"10,395",0,,1,"45.661178, -122.658608",,,POINT (-122.658608 45.661178),Facility,10395.0,2020
Ardagh Glass Inc. - Seattle,2012,Minerals,Glass Production,327213,Glass Container Manufacturing,Ardagh Holdings USA Inc.,Seattle,King,Puget Sound Clean Air Agency,"76,257",0,"76,197",27,32,0,0,0,0,,2,"47.55242, -122.33739",,,POINT (-122.33739 47.55242),Facility,76257.0,2012
University of Washington Seattle Campus - Seattle,2023,Government,Education,611310,"Colleges, Universities, and Professional Schools",State of Washington,Seattle,King,Puget Sound Clean Air Agency,"80,936",0,"80,851",38,46,0,0,0,0,,2,"47.653614, -122.303608","80,376",Covered Entity,POINT (-122.303608 47.653614),Facility,80936.0,2023
U.S. Department of Energy Hanford Site - Richland,2016,Government,Other Government,924110,Administration of Air and Water Resource and Solid Waste Management Programs,US Government,Richland,Benton,Ecology: NWP,"14,174",0,"4,453","9,714",7,0,0,0,0,,1,"46.55069, -119.489007",,,POINT (-119.489007 46.55069),Facility,14174.0,2016
Roosevelt Regional Landfill - Roosevelt,2022,Waste,Landfills,562212,Solid Waste Landfill,"Republic Services, Inc.",Roosevelt,Klickitat,Ecology: Central Regional Office,"344,587",882,420,"343,280",4,0,0,0,0,,3,"45.807146, -120.179785",,,POINT (-120.179785 45.807146),Facility,344587.0,2022
Lamb Weston - Pasco,2020,Food Production,Potato Products,311411,"Frozen Fruit, Juice, and Vegetable Manufacturing","Lamb Weston, Inc.",Pasco,Franklin,Ecology: Eastern Regional Office,"38,996",0,"38,956",18,22,0,0,0,0,,2,"46.288137, -119.115336",,,POINT (-119.115336 46.288137),Facility,38996.0,2020
Cascade Hardwood LLC - Chehalis,2019,Wood Products,Lumber Mills,321113,Sawmills,Cascade Hardwood LLC,Chehalis,Lewis,Southwest Clean Air Agency,"9,505","9,375",6,18,107,0,0,0,0,,1,"46.635062, -122.930338",,,POINT (-122.930338 46.635062),Facility,9505.0,2019
Northwest Pipeline C/S - Sumner,2019,Natural Gas Systems,Natural Gas Transmission/Compression,486210,Pipeline Transportation of Natural Gas,"The Williams Companies, Inc.",Sumner,Pierce,Puget Sound Clean Air Agency,"14,576",0,"13,818",751,8,0,0,0,0,,1,"47.228986, -122.209551",,,POINT (-122.209551 47.228986),Facility,14576.0,2019
DH Feeders - Eltopia,2015,Livestock,Cattle Feedlots,112112,Cattle Feedlots,Easterday Ranches,Eltopia,Franklin,Ecology: Eastern Regional Office,"15,048",0,922,"1,094","13,032",0,0,0,0,,1,"46.50919, -118.881203",,,POINT (-118.881203 46.50919),Facility,15048.0,2015
Ascensus Specialties LLC - Elma,2022,Chemicals,Other Chemicals,325180,Other Basic Inorganic Chemical Manufacturing,VSI Holdings LLC,Elma,Grays Harbor,Olympic Region Clean Air Agency,"18,125",0,"18,107",9,10,0,0,0,0,,1,"46.995459, -123.382316",,,POINT (-123.382316 46.995459),Facility,18125.0,2022
Georgia-Pacific Gypsum LLC - Tacoma,2018,Manufacturing,Building Products,327420,Gypsum Product Manufacturing,Koch Industries Inc.,Tacoma,Pierce,Puget Sound Clean Air Agency,"49,065",0,"49,015",23,27,0,0,0,0,,2,"47.269558, -122.394869",,,POINT (-122.394869 47.269558),Facility,49065.0,2018
"Emerald City Renewables, LLC- Graham",2016,Power Plants,"Other Power, Heating, or Cooling Plants",221117,Biomass Electric Power Generation,Emerald City Renewables LLC,Graham,Pierce,Puget Sound Clean Air Agency,"20,288","20,184",0,31,73,0,0,0,0,,1,"46.975533, -122.290871",,,POINT (-122.290871 46.975533),Facility,20288.0,2016
Western Washington University - Bellingham,2015,Government,Education,611310,"Colleges, Universities, and Professional Schools",Western Washington University,Bellingham,Whatcom,Northwest Clean Air Agency,"9,913",0,"9,903",5,6,0,0,0,0,,1,"48.736499, -122.484714",,,POINT (-122.484714 48.736499),Facility,9913.0,2015
Steelscape - Kalama,2023,Metals,Other Metals,331221,Rolled Steel Shape Manufacturing,NS BlueScope USA LLC,Kalama,Cowlitz,Southwest Clean Air Agency,"18,633",0,"18,614",9,10,0,0,0,0,,1,"46.04326, -122.871703","18,633",Covered Entity,POINT (-122.871703 46.04326),Facility,18633.0,2023
Hampton Lumber Mills Washington Inc. - Randle,2020,Wood Products,Lumber Mills,321113,Sawmills,Hampton Lumber Mills Washington Inc.,Randle,Lewis,Southwest Clean Air Agency,"67,883","66,989",0,129,766,0,0,0,0,,2,"46.533743, -121.917906",,,POINT (-121.917906 46.533743),Facility,67883.0,2020
City of Spokane Northside Landfill - Spokane,2013,Waste,Landfills,562212,Solid Waste Landfill,City of Spokane,Spokane,Spokane,Spokane Regional Clean Air Agency,"9,883",0,0,"9,883",0,0,0,0,0,Last year reporting.  Voluntary reporter.,1,"47.727246, -117.487442",,,POINT (-117.487442 47.727246),Facility,9883.0,2013
DH Feeders - Eltopia,2021,Livestock,Cattle Feedlots,112112,Cattle Feedlots,Easterday Ranches,Eltopia,Franklin,Ecology: Eastern Regional Office,"6,650",0,276,494,"5,880",0,0,0,0,Voluntary reporter.  Manure management reporting repealed by Legislature.,1,"46.50919, -118.881203",,,POINT (-118.881203 46.50919),Facility,6650.0,2021
City of Tacoma Solid Waste Facility - Tacoma,2012,Waste,Landfills,562212,Solid Waste Landfill,City of Tacoma,Tacoma,Pierce,Puget Sound Clean Air Agency,"31,986",0,0,"31,986",0,0,0,0,0,,2,"47.223413, -122.499775",,,POINT (-122.499775 47.223413),Facility,31986.0,2012
Northwest Pipeline C/S - Mount Vernon,2016,Natural Gas Systems,Natural Gas Transmission/Compression,486210,Pipeline Transportation of Natural Gas,"The Williams Companies, Inc.",Mount Vernon,Skagit,Northwest Clean Air Agency,"69,093",0,"66,878","2,178",38,0,0,0,0,,2,"48.421967, -122.21547",,,POINT (-122.21547 48.421967),Facility,69093.0,2016
Cowlitz County Headquarters Landfill - Castle Rock,2020,Waste,Landfills,562212,Solid Waste Landfill,Cowlitz County,Castle Rock,Cowlitz,Southwest Clean Air Agency,"231,381","9,394",0,"221,954",34,0,0,0,0,,3,"46.246902, -122.772284",,,POINT (-122.772284 46.246902),Facility,231381.0,2020
McCain Foods - Othello,2016,Food Production,Potato Products,311411,"Frozen Fruit, Juice, and Vegetable Manufacturing",McCain USA Inc.,Othello,Adams,Ecology: Eastern Regional Office,"67,668",0,"36,830","30,818",21,0,0,0,0,,2,"46.840102, -119.172705",,,POINT (-119.172705 46.840102),Facility,67668.0,2016
Naval Air Station Whidbey Island - Oak Harbor,2024,Government,National Security,928110,National Security,US Government,Oak Harbor,Island,Northwest Clean Air Agency,"12,641",0,"12,627",6,8,0,0,0,0,,1,"48.345281, -122.669741",,Reporter,POINT (-122.669741 48.345281),Facility,12641.0,2024
"North Pacific Paper Company, LLC - Longview",2018,Pulp and Paper,Other Pulp and Paper,322122,Newsprint Mills,NP Paper Investor Holdings LLC,Longview,Cowlitz,Southwest Clean Air Agency,"37,345",0,"37,306",18,21,0,0,0,0,Formerly part of Nippon Dynawave before 2016.,2,"46.125662, -122.976788",,,POINT (-122.976788 46.125662),Facility,37345.0,2018
H.W. Hill Landfill Gas Power Plant - Roosevelt,2015,Power Plants,"Other Power, Heating, or Cooling Plants",221119,Other Electric Power Generation,Public Utility District No. 1 of Klickitat County,Roosevelt,Klickitat,Ecology: Central Regional Office,"80,421","80,010",0,123,288,0,0,0,0,,2,"45.807765, -120.166354",,,POINT (-120.166354 45.807765),Facility,80421.0,2015
Puget Sound Energy - Goldendale Generating Station - Goldendale,2018,Power Plants,Natural Gas Turbine Plants,221112,Fossil Fuel Electric Power Generation,Puget Holdings LLC,Goldendale,Klickitat,Ecology: Central Regional Office,"425,704",0,"425,272",197,235,0,0,0,0,,3,"45.8114, -120.833",,,POINT (-120.833 45.8114),Facility,425704.0,2018
Goodrich Corporation - Spokane,2023,Manufacturing,Transportation Industry,336413,Other Aircraft Parts and Auxiliary Equipment Manufacturing,Raytheon Technologies Corp,Spokane,Spokane,Spokane Regional Clean Air Agency,"42,340",0,"42,293",21,26,0,0,0,0,,2,"47.583604, -117.568511","41,339",Covered Entity,POINT (-117.568511 47.583604),Facility,42340.0,2023
Basic American Foods - Moses Lake,2020,Food Production,Potato Products,311423,Dried and Dehydrated Food Manufacturing,Basic American Inc.,Moses Lake,Grant,Ecology: Eastern Regional Office,"33,001",0,"32,967",16,18,0,0,0,0,,2,"47.075183, -119.220408",,,POINT (-119.220408 47.075183),Facility,33001.0,2020
Puget Sound Energy - Mint Farm Generating Station - Longview,2021,Power Plants,Natural Gas Turbine Plants,221112,Fossil Fuel Electric Power Generation,Puget Holdings LLC,Longview,Cowlitz,Southwest Clean Air Agency,"731,695",0,"730,952",339,404,0,0,0,0,,3,"46.140095, -122.985138",,,POINT (-122.985138 46.140095),Facility,731695.0,2021
"Gas Transmission Northwest Compressor Station 6, LLC - Rosalia",2012,Natural Gas Systems,Natural Gas Transmission/Compression,486210,Pipeline Transportation of Natural Gas,TransCanada Northern Border Inc.,Rosalia,Whitman,Spokane Regional Clean Air Agency,"75,259",0,"73,870","1,348",41,0,0,0,0,,2,"47.277256, -117.406737",,,POINT (-117.406737 47.277256),Facility,75259.0,2012
Northwest Pipeline C/S - Washougal,2021,Natural Gas Systems,Natural Gas Transmission/Compression,486210,Pipeline Transportation of Natural Gas,"The Williams Companies, Inc.",Washougal,Clark,Southwest Clean Air Agency,"13,645",0,"11,563","2,076",7,0,0,0,0,,1,"45.63236, -122.36516",,,POINT (-122.36516 45.63236),Facility,13645.0,2021
"Solvay Chemicals, Inc. - Longview",2012,Chemicals,Other Chemicals,325180,Other Basic Inorganic Chemical Manufacturing,Solvay Chemicals Inc.,Longview,Cowlitz,Southwest Clean Air Agency,"48,881",0,"48,881",0,0,0,0,0,0,,2,"46.137218, -122.982847",,,POINT (-122.982847 46.137218),Facility,48881.0,2012
Weyerhaeuser Raymond Lumber - Raymond,2016,Wood Products,Lumber Mills,321113,Sawmills,Weyerhaeuser Co.,Raymond,Pacific,Olympic Region Clean Air Agency,"47,372","46,747",0,90,535,0,0,0,0,,2,"46.688088, -123.737495",,,POINT (-123.737495 46.688088),Facility,47372.0,2016
Air Liquide Hydrogen Plant  - Anacortes,2024,Petroleum Systems,Other Petroleum Systems,325120,Industrial Gas Manufacturing,AMERICAN AIR LIQUIDE HOLDINGS INC,Anacortes,Skagit,Northwest Clean Air Agency,"62,714",0,"62,714",0,0,0,0,0,0,,2,"48.465617, -122.556032","62,714",Covered Entity,POINT (-122.556032 48.465617),Facility,62714.0,2024
"Analog Devices, Inc. - Camas",2019,Manufacturing,Electronics Industry,334413,Semiconductor and Related Device Manufacturing,Linear Technology Corporation,Camas,Clark,Southwest Clean Air Agency,"15,185",0,"2,178",1,"1,604","2,330","5,187","3,641",244,,1,"45.598844, -122.45232",,,POINT (-122.45232 45.598844),Facility,15185.0,2019
Grant County Landfill 1 - Ephrata,2016,Waste,Landfills,562212,Solid Waste Landfill,Grant County Washington,Ephrata,Grant,Ecology: Eastern Regional Office,"42,711",0,0,"42,711",0,0,0,0,0,,2,"47.270759, -119.573764",,,POINT (-119.573764 47.270759),Facility,42711.0,2016
US Army Joint Base Lewis-McChord - Pierce Co.,2015,Government,National Security,928110,National Security,US Government,Joint Base Lewis-McChord,Pierce,Puget Sound Clean Air Agency,"78,742",0,"56,073","22,633",35,0,0,0,0,,2,"47.1142, -122.5365",,,POINT (-122.5365 47.1142),Facility,78742.0,2015
Darigold - Lynden,2023,Food Production,Dairy Products,311514,"Dry, Condensed, and Evaporated Dairy Product Manufacturing",Darigold Inc.,Lynden,Whatcom,Northwest Clean Air Agency,"19,713",0,"19,693",9,11,0,0,0,0,,1,"48.947567, -122.451915",,Reporter,POINT (-122.451915 48.947567),Facility,19713.0,2023
The Boeing Company: DC/MFC - Tukwila,2017,Manufacturing,Transportation Industry,336411,Aircraft Manufacturing,The Boeing Company,Tukwila,King,Puget Sound Clean Air Agency,"15,437",0,"15,421",7,9,0,0,0,0,,1,"47.516246, -122.298613",,,POINT (-122.298613 47.516246),Facility,15437.0,2017
Darigold - Chehalis,2024,Food Production,Dairy Products,311514,"Dry, Condensed, and Evaporated Dairy Product Manufacturing",Darigold Inc,Chehalis,Lewis,Southwest Clean Air Agency,"14,263",0,"14,248",7,8,0,0,0,0,,1,"46.659952, -122.970162",,Reporter,POINT (-122.970162 46.659952),Facility,14263.0,2024
McKinley Paper Co. - Washington Mill - Port Angeles,2023,Pulp and Paper,Other Pulp and Paper,322121,Paper (except Newsprint) Mills,McKinley Paper Co.,Port Angeles,Clallam,Olympic Region Clean Air Agency,"186,059","179,313",541,"4,153","2,052",0,0,0,0,,3,"48.134623, -123.467524",,Reporter,POINT (-123.467524 48.134623),Facility,186059.0,2023
"Kaiser Aluminum Washington, LLC (Trentwood Works) - Spokane Valley",2021,Metals,Other Metals,331315,"Aluminum Sheet, Plate, and Foil Manufacturing",Kaiser Aluminum Corp.,Spokane Valley,Spokane,Spokane Regional Clean Air Agency,"110,563",0,"110,449",52,62,0,0,0,0,,3,"47.687074, -117.212673",,,POINT (-117.212673 47.687074),Facility,110563.0,2021
WestRock LLC - Longview,2024,Pulp and Paper,Kraft Mills,322130,Paperboard Mills,SMURFIT WESTROCK US HOLDINGS CORP,Longview,Cowlitz,Ecology: Industrial Section,"1,427,709","1,206,752","214,821","1,207","4,930",0,0,0,0,,4,"46.103610, -122.921670","220,939",Covered Entity,POINT (-122.92167 46.10361),Facility,1427709.0,2024
Northwest Pipeline C/S - Goldendale,2015,Natural Gas Systems,Natural Gas Transmission/Compression,486210,Pipeline Transportation of Natural Gas,"The Williams Companies, Inc.",Goldendale,Klickitat,Ecology: Central Regional Office,"12,874",0,"10,588","2,280",6,0,0,0,0,,1,"45.771216, -120.799267",,,POINT (-120.799267 45.771216),Facility,12874.0,2015
LANXESS Corporation - Kalama,2014,Chemicals,Other Chemicals,325199,All Other Basic Organic Chemical Manufacturing,Emerald Performance Materials LLC,Kalama,Cowlitz,Southwest Clean Air Agency,"68,453",0,"68,383",32,38,0,0,0,0,,2,"46.02191, -122.85698",,,POINT (-122.85698 46.02191),Facility,68453.0,2014
CenTrio Energy Seattle LLC - Seattle,2014,Power Plants,"Other Power, Heating, or Cooling Plants",221330,Steam and Air-Conditioning Supply,Seattle Steam Company LLC,Seattle,King,Puget Sound Clean Air Agency,"88,421","25,663","62,351",79,329,0,0,0,0,,2,"47.6068, -122.340179",,,POINT (-122.340179 47.6068),Facility,88421.0,2014
Alon Asphalt Company - Seattle,2021,Petroleum Systems,Other Petroleum Systems,424710,Petroleum Bulk Stations and Terminals,Delek US Holdings Inc.,Seattle,King,Puget Sound Clean Air Agency,2,0,2,0,0,0,0,0,0,Suspended operations May 2020.,1,"47.781642, -122.395299",,,POINT (-122.395299 47.781642),Facility,2.0,2021
Cosmo Specialty Fibers Inc - Cosmopolis,2022,Pulp and Paper,Sulfite Mills,322110,Pulp Mills,Cosmo Specialty Fibers Inc.,Cosmopolis,Grays Harbor,Ecology: Industrial Section,"518,321","462,418","50,666","3,427","1,809",0,0,0,0,,3,"46.952907, -123.76211",,,POINT (-123.76211 46.952907),Facility,518321.0,2022
TransAlta Centralia Generation LLC - Centralia,2016,Power Plants,Coal Plants,221112,Fossil Fuel Electric Power Generation,Transalta Centralia Generation/Mining,Centralia,Lewis,Southwest Clean Air Agency,"5,094,331",0,"5,054,396","14,608","25,327",0,0,0,0,,5,"46.7559, -122.8578",,,POINT (-122.8578 46.7559),Facility,5094331.0,2016
Northwest Hardwoods Inc. - Mount Vernon,2013,Wood Products,Lumber Mills,321113,Sawmills,Littlejohn & Co. LLC,Mount Vernon,Skagit,Northwest Clean Air Agency,"12,937","9,075","3,737",19,106,0,0,0,0,,1,"48.451642, -122.443028",,,POINT (-122.443028 48.451642),Facility,12937.0,2013
Air Liquide Electronics Moses Lake Hydrogen Plant,2022,Chemicals,Other Chemicals,325120,Industrial Gas Manufacturing,Air Liquide USA Inc.,Moses Lake,Grant,Ecology: Eastern Regional Office,0,0,0,0,0,0,0,0,0,Curtailed in May 2019.,1,"47.135844, -119.19962",,,POINT (-119.19962 47.135844),Facility,0.0,2022
River Road Generating Plant - Vancouver,2019,Power Plants,Natural Gas Turbine Plants,221112,Fossil Fuel Electric Power Generation,Clark Public Utilities,Vancouver,Clark,Southwest Clean Air Agency,"686,739",0,"686,042",318,379,0,0,0,0,,3,"45.64958, -122.724806",,,POINT (-122.724806 45.64958),Facility,686739.0,2019
Sonoco Products - Sumner,2013,Pulp and Paper,Other Pulp and Paper,322130,Paperboard Mills,Sonoco Products Company,Sumner,Pierce,Puget Sound Clean Air Agency,"10,384",0,"10,374",5,6,0,0,0,0,,1,"47.210641, -122.239474",,,POINT (-122.239474 47.210641),Facility,10384.0,2013
Puget Sound Energy - Frederickson Generating Station - Tacoma,2023,Power Plants,Natural Gas Turbine Plants,221112,Fossil Fuel Electric Power Generation,Puget Holdings LLC,Tacoma,Pierce,Puget Sound Clean Air Agency,"118,782",98,"118,560",56,68,0,0,0,0,,3,"47.079716, -122.364711","117,908",Covered Entity,POINT (-122.364711 47.079716),Facility,118782.0,2023
Eastern Washington University,2021,Government,Education,611310,"Colleges, Universities, and Professional Schools",State of Washington,Cheney,Spokane,Spokane Regional Clean Air Agency,"13,858",0,"13,844",7,8,0,0,0,0,,1,"47.490091, -117.579702",,,POINT (-117.579702 47.490091),Facility,13858.0,2021
"WestRock CP, LLC - Tacoma",2013,Pulp and Paper,Kraft Mills,322130,Paperboard Mills,Westrock Corp.,Tacoma,Pierce,Ecology: Industrial Section,"1,038,798","925,082","108,083","1,018","4,616",0,0,0,0,,4,"47.260953, -122.421765",,,POINT (-122.421765 47.260953),Facility,1038798.0,2013
"Interfor US, Inc. - Tacoma",2014,Wood Products,Lumber Mills,321113,Sawmills,Simpson Lumber Company LLC,Tacoma,Pierce,Puget Sound Clean Air Agency,"16,287",0,"16,270",8,9,0,0,0,0,Last year reporting.  Facility shut down.,1,"47.260211, -122.426476",,,POINT (-122.426476 47.260211),Facility,16287.0,2014
Riverside Feeders SFL - Kennewick,2013,Livestock,Cattle Feedlots,112112,Cattle Feedlots,Easterday Ranches,Kennewick,Benton,Benton Clean Air Agency,"19,972",0,"1,118","1,440","17,414",0,0,0,0,,1,"45.991872, -119.136497",,,POINT (-119.136497 45.991872),Facility,19972.0,2013
"Solvay Chemicals, Inc. - Longview",2017,Chemicals,Other Chemicals,325180,Other Basic Inorganic Chemical Manufacturing,Solvay Chemicals Inc.,Longview,Cowlitz,Southwest Clean Air Agency,"46,989",0,"46,989",0,0,0,0,0,0,,2,"46.137218, -122.982847",,,POINT (-122.982847 46.137218),Facility,46989.0,2017
Cardinal FG Company - Winlock,2021,Minerals,Glass Production,327211,Flat Glass Manufacturing,Cardinal Glass Industries Inc.,Winlock,Lewis,Southwest Clean Air Agency,"105,912",0,"105,838",34,40,0,0,0,0,,3,"46.544937, -122.926313",,,POINT (-122.926313 46.544937),Facility,105912.0,2021
Northwest Hardwoods Inc. - Longview,2016,Wood Products,Lumber Mills,321113,Sawmills,Littlejohn & Co. LLC,Longview,Cowlitz,Southwest Clean Air Agency,"12,808","7,628","5,073",17,90,0,0,0,0,,1,"46.114537, -122.916806",,,POINT (-122.916806 46.114537),Facility,12808.0,2016
Georgia-Pacific Consumer Operations LLC - Camas,2023,Pulp and Paper,Kraft Mills,322120,Paper Mills,Koch Industries Inc.,Camas,Clark,Ecology: Industrial Section,"53,794",0,"48,436","5,331",27,0,0,0,0,,2,"45.584271, -122.40843","53,794",Covered Entity,POINT (-122.40843 45.584271),Facility,53794.0,2023
"Interfor US, Inc. - Forks",2013,Wood Products,Lumber Mills,321912,"Cut Stock, Resawing Lumber, and Planing",Interfor US Inc.,Forks,Clallam,Olympic Region Clean Air Agency,"27,296","26,712",0,228,356,0,0,0,0,,2,"47.971946, -124.399193",,,POINT (-124.399193 47.971946),Facility,27296.0,2013
Phillips 66 Ferndale Refinery - Ferndale,2013,Petroleum Systems,Petroleum Refineries,324110,Petroleum Refineries,Phillips 66 Company,Ferndale,Whatcom,Northwest Clean Air Agency,"773,758",0,"770,052","1,803","1,903",0,0,0,0,,3,"48.830142, -122.692114",,,POINT (-122.692114 48.830142),Facility,773758.0,2013
Frederickson Power LP - Tacoma,2013,Power Plants,Natural Gas Turbine Plants,221112,Fossil Fuel Electric Power Generation,"Puget Sound Energy, Inc. and Capital Power (US Holdings) Inc",Tacoma,Pierce,Puget Sound Clean Air Agency,"328,068",0,"327,735",152,181,0,0,0,0,,3,"47.086342, -122.365686",,,POINT (-122.365686 47.086342),Facility,328068.0,2013
Packaging Corporation of America - Wallula,2012,Pulp and Paper,Kraft Mills,322121,Paper (except Newsprint) Mills,Packaging Corp of America,Wallula,Walla Walla,Ecology: Industrial Section,"928,399","791,371","105,942","18,855","12,231",0,0,0,0,,3,"46.10396, -118.9184",,,POINT (-118.9184 46.10396),Facility,928399.0,2012
Boeing Commercial Airplanes - Everett,2014,Manufacturing,Transportation Industry,336411,Aircraft Manufacturing,The Boeing Company,Everett,Snohomish,Puget Sound Clean Air Agency,"73,522",0,"73,446",35,42,0,0,0,0,,2,"47.918622, -122.276987",,,POINT (-122.276987 47.918622),Facility,73522.0,2014
Graymont Western US. Inc. - Tacoma,2016,Minerals,Lime Production,327410,Lime Manufacturing,"Graymont, Inc.",Tacoma,Pierce,Puget Sound Clean Air Agency,"42,728",0,"42,658",26,44,0,0,0,0,,2,"47.271365, -122.397262",,,POINT (-122.397262 47.271365),Facility,42728.0,2016
Terrace Heights Landfill - Yakima,2013,Waste,Landfills,562212,Solid Waste Landfill,Yakima County Public Services - Solid Waste Division,Yakima,Yakima,Yakima Regional Clean Air Agency,"104,727",0,32,"104,695",0,0,0,0,0,,3,"46.610031, -120.39408",,,POINT (-120.39408 46.610031),Facility,104727.0,2013
Nutrien US LLC. - Kennewick,2017,Chemicals,Fertilizer Production,325311,Nitrogenous Fertilizer Manufacturing,Agrium US Inc.,Kennewick,Benton,Benton Clean Air Agency,"144,080",0,"10,992",1,"133,087",0,0,0,0,,3,"46.165957, -119.017218",,,POINT (-119.017218 46.165957),Facility,144080.0,2017
J.R. Simplot Company - Othello,2020,Food Production,Potato Products,311411,"Frozen Fruit, Juice, and Vegetable Manufacturing",J.R. Simplot Company,Othello,Adams,Ecology: Eastern Regional Office,"110,848",0,"47,794","63,027",27,0,0,0,0,,3,"46.837778, -119.176389",,,POINT (-119.176389 46.837778),Facility,110848.0,2020
Great Western Malt - Vancouver,2017,Food Production,Other Food Products,311213,Malt Manufacturing,Great Western Malt,Vancouver,Clark,Southwest Clean Air Agency,"17,689",0,"17,671",8,10,0,0,0,0,,1,"45.631069, -122.690043",,,POINT (-122.690043 45.631069),Facility,17689.0,2017
Naval Base Kitsap - Bremerton,2022,Government,National Security,928110,National Security,US Government,Bremerton,Kitsap,Puget Sound Clean Air Agency,"42,716",0,"42,670",21,25,0,0,0,0,,2,"47.557047, -122.645933",,,POINT (-122.645933 47.557047),Facility,42716.0,2022
City of Tacoma Solid Waste Facility - Tacoma,2022,Waste,Landfills,562212,Solid Waste Landfill,City of Tacoma,Tacoma,Pierce,Puget Sound Clean Air Agency,"13,811","6,013",0,"7,776",22,0,0,0,0,,1,"47.223413, -122.499775",,,POINT (-122.499775 47.223413),Facility,13811.0,2022
TransAlta Centralia Generation LLC - Centralia,2023,Power Plants,Coal Plants,221112,Fossil Fuel Electric Power Generation,Transalta Centralia Generation/Mining,Centralia,Lewis,Southwest Clean Air Agency,"4,536,949",0,"4,501,387","13,008","22,554",0,0,0,0,,5,"46.7559, -122.8578",,Reporter,POINT (-122.8578 46.7559),Facility,4536949.0,2023
Hampton Lumber Mills Washington Inc. - Morton,2024,Wood Products,Lumber Mills,321113,Sawmills,Hampton Lumber Mills Washington Inc.,Morton,Lewis,Southwest Clean Air Agency,"31,919","31,499",0,61,360,0,0,0,0,,2,"46.565997, -122.269573",,Reporter,POINT (-122.269573 46.565997),Facility,31919.0,2024
Eastern Washington University,2018,Government,Education,611310,"Colleges, Universities, and Professional Schools",State of Washington,Cheney,Spokane,Spokane Regional Clean Air Agency,"13,410",0,"13,396",6,8,0,0,0,0,,1,"47.490091, -117.579702",,,POINT (-117.579702 47.490091),Facility,13410.0,2018
Michelsen Packaging - Yakima,2015,Pulp and Paper,Other Pulp and Paper,322299,All Other Converted Paper Product Manufacturing,Michelson Packaging Co.,Yakima,Yakima,Yakima Regional Clean Air Agency,"9,296",0,"9,286",5,5,0,0,0,0,,1,"46.604058, -120.513015",,,POINT (-120.513015 46.604058),Facility,9296.0,2015
Lamb Weston - Warden,2024,Food Production,Potato Products,311411,"Frozen Fruit, Juice, and Vegetable Manufacturing",LAMB WESTON HOLDINGS INC,Warden,Grant,Ecology: Eastern Regional Office,"14,061",0,"14,047",7,8,0,0,0,0,,1,"46.971504, -119.055427",,Reporter,POINT (-119.055427 46.971504),Facility,14061.0,2024
Keyes Fibre Corporation - Wenatchee,2022,Pulp and Paper,Other Pulp and Paper,322299,All Other Converted Paper Product Manufacturing,Tekni-Plex Wenatchee Fiber Consumer Porducts,Wenatchee,Chelan,Ecology: Central Regional Office,"14,113",0,"14,099",7,8,0,0,0,0,,1,"47.485987, -120.316363",,,POINT (-120.316363 47.485987),Facility,14113.0,2022
Alcoa Wenatchee Works - Malaga,2015,Metals,Aluminum Production,331312,Primary Aluminum Production,Alcoa Corp.,Malaga,Chelan,Ecology: Industrial Section,"329,048",0,"254,029",14,16,0,"74,989",0,0,,3,"47.3567, -120.1273",,,POINT (-120.1273 47.3567),Facility,329048.0,2015
"Solvay Chemicals, Inc. - Longview",2022,Chemicals,Other Chemicals,325180,Other Basic Inorganic Chemical Manufacturing,Solvay Chemicals Inc.,Longview,Cowlitz,Southwest Clean Air Agency,"62,123",0,"62,123",0,0,0,0,0,0,,2,"46.137218, -122.982847",,,POINT (-122.982847 46.137218),Facility,62123.0,2022
Air Liquide Electronics Moses Lake Hydrogen Plant,2023,Chemicals,Other Chemicals,325120,Industrial Gas Manufacturing,Air Liquide USA Inc.,Moses Lake,Grant,Ecology: Eastern Regional Office,"2,770",0,"2,770",0,0,0,0,0,0,,1,"47.135844, -119.19962",,Reporter,POINT (-119.19962 47.135844),Facility,2770.0,2023
bp Cherry Point Refinery - Blaine,2016,Petroleum Systems,Petroleum Refineries,324110,Petroleum Refineries,BP America Inc.,Blaine,Whatcom,Northwest Clean Air Agency,"2,130,007",0,"2,118,964","6,390","4,654",0,0,0,0,Assigned Emissions Level,5,"48.8864, -122.7353",,,POINT (-122.7353 48.8864),Facility,2130007.0,2016
River Road Generating Plant - Vancouver,2024,Power Plants,Natural Gas Turbine Plants,221112,Fossil Fuel Electric Power Generation,CLARK PUBLIC UTILITIES,Vancouver,Clark,Southwest Clean Air Agency,"612,491",0,"611,869",284,338,0,0,0,0,,3,"45.649580, -122.724806","612,491",Covered Entity,POINT (-122.724806 45.64958),Facility,612491.0,2024
Darling Ingredients Inc - Tacoma,2018,Food Production,Meat Products,311613,Rendering and Meat Byproduct Processing,Darling Ingredients Inc.,Tacoma,Pierce,Puget Sound Clean Air Agency,"9,515",0,"9,505",5,5,0,0,0,0,,1,"47.250503, -122.406461",,,POINT (-122.406461 47.250503),Facility,9515.0,2018
Washington Potato Company - Warden,2021,Food Production,Potato Products,311991,Perishable Prepared Food Manufacturing,Washington Potato Co.,Warden,Grant,Ecology: Eastern Regional Office,"11,509",0,"11,497",6,7,0,0,0,0,,1,"46.970469, -119.063631",,,POINT (-119.063631 46.970469),Facility,11509.0,2021
Owens-Brockway Glass Container Inc Plant #2 - Kalama,2012,Minerals,Glass Production,327213,Glass Container Manufacturing,O-I Glass Inc.,Kalama,Cowlitz,Southwest Clean Air Agency,"10,090",0,"10,084",3,3,0,0,0,0,,1,"46.031656, -122.866241",,,POINT (-122.866241 46.031656),Facility,10090.0,2012
"Boise Cascade Wood Products, LLC.  Kettle Falls Plywood - Kettle Falls",2020,Wood Products,Other Wood Products,321219,Reconstituted Wood Product Manufacturing,Boise Cascade Company,Kettle Falls,Stevens,Ecology: Eastern Regional Office,"74,138","55,866","17,508",116,649,0,0,0,0,,2,"48.613175, -118.116106",,,POINT (-118.116106 48.613175),Facility,74138.0,2020
Lamb Weston - Connell,2017,Food Production,Potato Products,311411,"Frozen Fruit, Juice, and Vegetable Manufacturing","Lamb Weston, Inc.",Connell,Franklin,Ecology: Eastern Regional Office,"35,862",0,"35,825",17,20,0,0,0,0,,2,"46.651389, -118.871944",,,POINT (-118.871944 46.651389),Facility,35862.0,2017
Frito Lay - Vancouver,2014,Food Production,Other Food Products,311919,Other Snack Food Manufacturing,PepsiCo Inc,Vancouver,Clark,Southwest Clean Air Agency,"16,325",0,"16,308",8,9,0,0,0,0,,1,"45.657037, -122.692",,,POINT (-122.692 45.657037),Facility,16325.0,2014
Puget Sound Energy - Goldendale Generating Station - Goldendale,2012,Power Plants,Natural Gas Turbine Plants,221112,Fossil Fuel Electric Power Generation,Puget Holdings LLC,Goldendale,Klickitat,Ecology: Central Regional Office,"325,691",0,"325,360",151,180,0,0,0,0,,3,"45.8114, -120.833",,,POINT (-120.833 45.8114),Facility,325691.0,2012
Waste Management Greater Wenatchee Regional Landfill - East Wenatchee,2021,Waste,Landfills,562212,Solid Waste Landfill,Waste Management Inc.,East Wenatchee,Douglas,Ecology: Central Regional Office,"49,645",0,0,"49,645",0,0,0,0,0,,2,"47.405083, -120.167444",,,POINT (-120.167444 47.405083),Facility,49645.0,2021
Okanogan County Central Landfill - Okanogan,2022,Waste,Landfills,562212,Solid Waste Landfill,Okanogan County,Okanogan,Okanogan,Ecology: Central Regional Office,"17,014",0,0,"17,014",0,0,0,0,0,,1,"48.341148, -119.620109",,,POINT (-119.620109 48.341148),Facility,17014.0,2022
"Nucor Steel Seattle, Inc, - Seattle",2016,Metals,Iron and Steel Production,331110,Iron and Steel Mills and Ferroalloy Manufacturing,Nucor Corporation,Seattle,King,Puget Sound Clean Air Agency,"84,518",0,"84,479",18,21,0,0,0,0,,2,"47.569331, -122.367332",,,POINT (-122.367332 47.569331),Facility,84518.0,2016
Cowlitz County Tennant Way Landfill - Longview,2016,Waste,Landfills,562212,Solid Waste Landfill,Cowlitz County Washington,Longview,Cowlitz,Southwest Clean Air Agency,"17,254",0,0,"17,254",0,0,0,0,0,,1,"46.107229, -122.905601",,,POINT (-122.905601 46.107229),Facility,17254.0,2016
Cardinal FG Company - Winlock,2016,Minerals,Glass Production,327211,Flat Glass Manufacturing,Cardinal Glass Industries Inc.,Winlock,Lewis,Southwest Clean Air Agency,"107,246",0,"107,170",35,41,0,0,0,0,,3,"46.544937, -122.926313",,,POINT (-122.926313 46.544937),Facility,107246.0,2016
Alcoa Intalco Works - Ferndale,2017,Metals,Aluminum Production,331312,Primary Aluminum Production,Alcoa Corp.,Ferndale,Whatcom,Ecology: Industrial Section,"1,092,946",0,"354,712","9,675",32,0,"728,526",0,0,PFC emissions based on old source test information.,4,"48.8455, -122.7055",,,POINT (-122.7055 48.8455),Facility,1092946.0,2017
Air Liquide Hydrogen Plant  - Anacortes,2013,Petroleum Systems,Other Petroleum Systems,325120,Industrial Gas Manufacturing,Air Liquide USA Inc.,Anacortes,Skagit,Northwest Clean Air Agency,"58,995",0,"58,995",0,0,0,0,0,0,,2,"48.465617, -122.556032",,,POINT (-122.556032 48.465617),Facility,58995.0,2013
U.S. Oil & Refining Co. - Tacoma,2019,Petroleum Systems,Petroleum Refineries,324110,Petroleum Refineries,Par Pacific Holdings Inc.,Tacoma,Pierce,Puget Sound Clean Air Agency,"155,836",0,"154,515",808,513,0,0,0,0,,3,"47.256813, -122.394952",,,POINT (-122.394952 47.256813),Facility,155836.0,2019
"SGL Carbon, LLC - Moses Lake",2024,Manufacturing,Transportation Industry,335991,Carbon and Graphite Product Manufacturing,SGL AUTOMOTIVE CARBON FIBERS LLC,Moses Lake,Grant,Ecology: Eastern Regional Office,"10,347",0,"10,336",5,6,0,0,0,0,,1,"47.208993, -119.285437",,Reporter,POINT (-119.285437 47.208993),Facility,10347.0,2024
"SEH America, Inc - Vancouver",2015,Manufacturing,Electronics Industry,334413,Semiconductor and Related Device Manufacturing,SEH America Inc.,Vancouver,Clark,Southwest Clean Air Agency,"9,615",0,"9,605",5,5,0,0,0,0,,1,"45.649912, -122.553612",,,POINT (-122.553612 45.649912),Facility,9615.0,2015
The Boeing Company: Boeing Plant 2 - Seattle,2022,Manufacturing,Transportation Industry,336411,Aircraft Manufacturing,The Boeing Company,Seattle,King,Puget Sound Clean Air Agency,"20,526",0,"20,504",10,12,0,0,0,0,,1,"47.532524, -122.311623",,,POINT (-122.311623 47.532524),Facility,20526.0,2022
Northwest Pipeline C/S - Snohomish,2015,Natural Gas Systems,Natural Gas Transmission/Compression,486210,Pipeline Transportation of Natural Gas,"The Williams Companies, Inc.",Snohomish,Snohomish,Puget Sound Clean Air Agency,"66,543",0,"65,853",653,37,0,0,0,0,,2,"47.78825, -122.05859",,,POINT (-122.05859 47.78825),Facility,66543.0,2015
Michelsen Packaging - Yakima,2020,Pulp and Paper,Other Pulp and Paper,322299,All Other Converted Paper Product Manufacturing,Michelson Packaging Co.,Yakima,Yakima,Yakima Regional Clean Air Agency,"10,532",0,"10,521",5,6,0,0,0,0,,1,"46.604058, -120.513015",,,POINT (-120.513015 46.604058),Facility,10532.0,2020
Frederickson Power LP - Tacoma,2018,Power Plants,Natural Gas Turbine Plants,221112,Fossil Fuel Electric Power Generation,"Puget Sound Energy, Inc. and Capital Power (US Holdings) Inc",Tacoma,Pierce,Puget Sound Clean Air Agency,"270,097",0,"269,823",125,149,0,0,0,0,,3,"47.086342, -122.365686",,,POINT (-122.365686 47.086342),Facility,270097.0,2018
Gas Transmission Northwest Compressor Station 7 -Prescott,2018,Natural Gas Systems,Natural Gas Transmission/Compression,486210,Pipeline Transportation of Natural Gas,TransCanada Northern Border Inc.,Starbuck,Columbia,Ecology: Eastern Regional Office,"64,228",0,"63,124","1,068",35,0,0,0,0,,2,"46.53558, -118.293441",,,POINT (-118.293441 46.53558),Facility,64228.0,2018
Nutrien US LLC. - Kennewick,2022,Chemicals,Fertilizer Production,325311,Nitrogenous Fertilizer Manufacturing,Agrium US Inc.,Kennewick,Benton,Benton Clean Air Agency,"142,911",0,"9,555",1,"133,356",0,0,0,0,,3,"46.165957, -119.017218",,,POINT (-119.017218 46.165957),Facility,142911.0,2022
Tree Top - Selah Campus,2018,Food Production,Fruit Products,311423,Dried and Dehydrated Food Manufacturing,Tree Top Inc.,Selah,Yakima,Yakima Regional Clean Air Agency,"19,785",0,"19,764",9,11,0,0,0,0,,1,"46.64992, -120.52755",,,POINT (-120.52755 46.64992),Facility,19785.0,2018
Cascade Natural Gas Corporation LDC - statewide,2023,Natural Gas Systems,Natural Gas Local Distribution Companies,221210,Natural Gas Distribution,MDU Resources Group Inc.,Kennewick,Benton,Benton Clean Air Agency,"27,198",0,"3,025","24,171",2,0,0,0,0,,2,"46.21875, -119.22987","27,198",Covered Entity,POINT (-119.22987 46.21875),Facility,27198.0,2023
LANXESS Corporation - Kalama,2024,Chemicals,Other Chemicals,325199,All Other Basic Organic Chemical Manufacturing,LANXESS CORP,Kalama,Cowlitz,Southwest Clean Air Agency,"63,650",0,"63,585",30,36,0,0,0,0,,2,"46.021910, -122.856980","63,650",Covered Entity,POINT (-122.85698 46.02191),Facility,63650.0,2024
"Boise Cascade Wood Products, LLC.  Kettle Falls Lumber - Kettle Falls",2012,Wood Products,Lumber Mills,321912,"Cut Stock, Resawing Lumber, and Planing",Boise Cascade Company,Kettle Falls,Stevens,Ecology: Eastern Regional Office,"41,052","40,173",0,343,536,0,0,0,0,,2,"48.609799, -118.067441",,,POINT (-118.067441 48.609799),Facility,41052.0,2012
J.R. Simplot Company - Othello,2014,Food Production,Potato Products,311411,"Frozen Fruit, Juice, and Vegetable Manufacturing",J.R. Simplot Company,Othello,Adams,Ecology: Eastern Regional Office,"87,301",0,"46,809","40,466",26,0,0,0,0,,2,"46.837778, -119.176389",,,POINT (-119.176389 46.837778),Facility,87301.0,2014
Lamb Weston - Connell,2012,Food Production,Potato Products,311411,"Frozen Fruit, Juice, and Vegetable Manufacturing","Lamb Weston, Inc.",Connell,Franklin,Ecology: Eastern Regional Office,"39,714",0,"39,672",19,22,0,0,0,0,,2,"46.651389, -118.871944",,,POINT (-118.871944 46.651389),Facility,39714.0,2012
McCain Foods - Othello,2021,Food Production,Potato Products,311411,"Frozen Fruit, Juice, and Vegetable Manufacturing",McCain USA Inc.,Othello,Adams,Ecology: Eastern Regional Office,"67,901",192,"38,807","28,880",22,0,0,0,0,,2,"46.840102, -119.172705",,,POINT (-119.172705 46.840102),Facility,67901.0,2021
Cosmo Specialty Fibers Inc - Cosmopolis,2018,Pulp and Paper,Sulfite Mills,322110,Pulp Mills,Cosmo Specialty Fibers Inc.,Cosmopolis,Grays Harbor,Ecology: Industrial Section,"602,496","576,365","19,693","4,113","2,325",0,0,0,0,,3,"46.952907, -123.76211",,,POINT (-123.76211 46.952907),Facility,602496.0,2018
Guy Bennett Lumber Company - Clarkston,2017,Wood Products,Lumber Mills,321113,Sawmills,Bennett Lumber Products Inc.,Clarkston,Asotin,Ecology: Eastern Regional Office,"20,024","19,760",0,38,226,0,0,0,0,,1,"46.423108, -117.086487",,,POINT (-117.086487 46.423108),Facility,20024.0,2017
Starbucks Kent Flexible Plant - Kent,2020,Food Production,Other Food Products,311920,Coffee and Tea Manufacturing,Starbucks Corp.,Kent,King,Puget Sound Clean Air Agency,"11,513",0,"11,501",6,7,0,0,0,0,,1,"47.436276, -122.237648",,,POINT (-122.237648 47.436276),Facility,11513.0,2020
Simplot Feeders LTD. - Burbank,2018,Livestock,Cattle Feedlots,112112,Cattle Feedlots,J.R. Simplot Company,Burbank,Walla Walla,Ecology: Eastern Regional Office,"29,517",0,0,"2,166","27,352",0,0,0,0,,2,"46.133131, -118.90629",,,POINT (-118.90629 46.133131),Facility,29517.0,2018
LRI Landfill - Graham,2021,Waste,Landfills,562212,Solid Waste Landfill,Waste Connections Inc.,Graham,Pierce,Puget Sound Clean Air Agency,"86,829",0,0,"86,829",0,0,0,0,0,,2,"46.972405, -122.292799",,,POINT (-122.292799 46.972405),Facility,86829.0,2021
Sierra Pacific Industries - Aberdeen,2015,Wood Products,Lumber Mills,321113,Sawmills,Sierra Pacific Industries,Aberdeen,Grays Harbor,Olympic Region Clean Air Agency,"249,544","245,941",317,472,"2,813",0,0,0,0,,3,"46.971875, -123.775526",,,POINT (-123.775526 46.971875),Facility,249544.0,2015
Boulder Park Generating Station - Spokane Valley,2019,Power Plants,"Other Power, Heating, or Cooling Plants",221112,Fossil Fuel Electric Power Generation,Avista Corp.,Spokane Valley,Spokane,Spokane Regional Clean Air Agency,"32,387",0,"32,353",15,18,0,0,0,0,,2,"47.696999, -117.147223",,,POINT (-117.147223 47.696999),Facility,32387.0,2019
Port Angeles Hardwood LLC - Port Angeles,2021,Wood Products,Lumber Mills,321113,Sawmills,Port Angeles Hardwood LLC,Port Angeles,Clallam,Olympic Region Clean Air Agency,"22,863","22,562",0,43,258,0,0,0,0,,1,"48.100872, -123.485745",,,POINT (-123.485745 48.100872),Facility,22863.0,2021
Great Western Malt - Vancouver,2022,Food Production,Other Food Products,311213,Malt Manufacturing,Great Western Malt,Vancouver,Clark,Southwest Clean Air Agency,"15,701",0,"15,684",8,9,0,0,0,0,,1,"45.631069, -122.690043",,,POINT (-122.690043 45.631069),Facility,15701.0,2022
Hampton Lumber Mills Washington Inc. - Morton,2019,Wood Products,Lumber Mills,321113,Sawmills,Hampton Lumber Mills Washington Inc.,Morton,Lewis,Southwest Clean Air Agency,"37,806","37,308",1,72,427,0,0,0,0,,2,"46.565997, -122.269573",,,POINT (-122.269573 46.565997),Facility,37806.0,2019
Puget Sound Energy - Fredonia Generating Station - Mount Vernon,2012,Power Plants,Natural Gas Turbine Plants,221112,Fossil Fuel Electric Power Generation,Puget Holdings LLC,Mount Vernon,Skagit,Northwest Clean Air Agency,"28,514",0,"28,477",15,21,0,0,0,0,,2,"48.4553, -122.435",,,POINT (-122.435 48.4553),Facility,28514.0,2012
Marathon Anacortes Refinery - Anacortes,2021,Petroleum Systems,Petroleum Refineries,324110,Petroleum Refineries,Marathon Petroleum Corp,Anacortes,Skagit,Northwest Clean Air Agency,"1,296,106",0,"1,290,703","2,159","3,244",0,0,0,0,,4,"48.493816, -122.564845",,,POINT (-122.564845 48.493816),Facility,1296106.0,2021
Puget Sound Energy LDC Facility - Bellevue,2020,Natural Gas Systems,Natural Gas Local Distribution Companies,221210,Natural Gas Distribution,Puget Holdings LLC,Bellevue,King,Puget Sound Clean Air Agency,"64,322",0,"1,144","63,178",1,0,0,0,0,,2,"47.61345, -122.19454",,,POINT (-122.19454 47.61345),Facility,64322.0,2020
Cascade Natural Gas Corporation LDC - statewide,2013,Natural Gas Systems,Natural Gas Local Distribution Companies,221210,Natural Gas Distribution,MDU Resources Group Inc.,Kennewick,Benton,Benton Clean Air Agency,"12,940",0,70,"12,870",0,0,0,0,0,,1,"46.21875, -119.22987",,,POINT (-119.22987 46.21875),Facility,12940.0,2013
Cowlitz County Headquarters Landfill - Castle Rock,2024,Waste,Landfills,562212,Solid Waste Landfill,COWLITZ COUNTY WASHINGTON,Kelso,Cowlitz,Southwest Clean Air Agency,"337,205","11,274",0,"325,890",41,0,0,0,0,,3,"46.246902, -122.772284",,Reporter,POINT (-122.772284 46.246902),Facility,337205.0,2024
Avista Corporation LDC - WA - statewide,2014,Natural Gas Systems,Natural Gas Local Distribution Companies,221210,Natural Gas Distribution,Avista Corp.,Spokane,Spokane,Spokane Regional Clean Air Agency,"15,252",0,18,"15,234",0,0,0,0,0,,1,"47.673662, -117.388735",,,POINT (-117.388735 47.673662),Facility,15252.0,2014
NW Natural - Portland,2012,Natural Gas Systems,Natural Gas Local Distribution Companies,221210,Natural Gas Distribution,NW Natural,Portland,Multnomah,Southwest Clean Air Agency,"6,441",0,9,"6,432",0,0,0,0,0,,1,"45.516631, -122.675749",,,POINT (-122.675749 45.516631),Facility,6441.0,2012
Bonneville Power Administration - WA Only - statewide,2016,Power Plants,Electrical Transmission and Distribution,221121,Electric Bulk Power Transmission and Control,US Government,Vancouver,Clark,Southwest Clean Air Agency,"17,121",0,0,0,0,0,0,"17,121",0,,1,"45.661178, -122.658608",,,POINT (-122.658608 45.661178),Facility,17121.0,2016
King County Solid Waste Cedar Hills Landfill - Maple Valley,2024,Waste,Landfills,562212,Solid Waste Landfill,COUNTY OF KING WASHINGTON,Maple Valley,King,Puget Sound Clean Air Agency,"334,400","105,098",144,"228,778",379,0,0,0,0,,3,"47.462625, -122.046025",,Reporter,POINT (-122.046025 47.462625),Facility,334400.0,2024
Sonoco Products - Sumner,2020,Pulp and Paper,Other Pulp and Paper,322130,Paperboard Mills,Sonoco Products Company,Sumner,Pierce,Puget Sound Clean Air Agency,"11,582",0,"11,570",6,7,0,0,0,0,,1,"47.210641, -122.239474",,,POINT (-122.239474 47.210641),Facility,11582.0,2020
Darigold - Sunnyside,2013,Food Production,Dairy Products,311513,Cheese Manufacturing,Darigold Inc.,Sunnyside,Yakima,Yakima Regional Clean Air Agency,"19,266",0,"19,246",9,11,0,0,0,0,,1,"46.30058, -120.015675",,,POINT (-120.015675 46.30058),Facility,19266.0,2013
Northwest Pipeline C/S - Chehalis,2020,Natural Gas Systems,Natural Gas Transmission/Compression,486210,Pipeline Transportation of Natural Gas,"The Williams Companies, Inc.",Chehalis,Lewis,Southwest Clean Air Agency,"3,550",0,"2,628",921,1,0,0,0,0,,1,"46.533325, -122.87373",,,POINT (-122.87373 46.533325),Facility,3550.0,2020
Air Liquide Hydrogen Plant  - Anacortes,2018,Petroleum Systems,Other Petroleum Systems,325120,Industrial Gas Manufacturing,Air Liquide USA Inc.,Anacortes,Skagit,Northwest Clean Air Agency,"68,968",0,"68,968",0,0,0,0,0,0,,2,"48.465617, -122.556032",,,POINT (-122.556032 48.465617),Facility,68968.0,2018
"Gas Transmission Northwest Compressor Station 8, LLC -Wallula",2014,Natural Gas Systems,Natural Gas Transmission/Compression,486210,Pipeline Transportation of Natural Gas,TransCanada Northern Border Inc.,Wallula,Walla Walla,Ecology: Eastern Regional Office,"81,465",0,"75,234","6,189",42,0,0,0,0,,2,"46.053153, -118.843934",,,POINT (-118.843934 46.053153),Facility,81465.0,2014
Terrace Heights Landfill - Yakima,2024,Waste,Landfills,562212,Solid Waste Landfill,Yakima County Public Services - Solid Waste Division,Yakima,Yakima,Yakima Regional Clean Air Agency,"133,541",0,10,"133,531",0,0,0,0,0,,3,"46.610031, -120.394080",,Reporter,POINT (-120.39408 46.610031),Facility,133541.0,2024
Naval Base Kitsap Bangor - Silverdale,2022,Government,National Security,928110,National Security,US Government,Silverdale,Kitsap,Puget Sound Clean Air Agency,"20,303",0,"20,280",10,13,0,0,0,0,,1,"47.699284, -122.696926",,,POINT (-122.696926 47.699284),Facility,20303.0,2022
Imerys Minerals Quincy Plant - Quincy,2017,Minerals,Other Minerals,212399,All Other Nonmetallic Mineral Mining,Imerys Filtration Minerals Inc.,Quincy,Grant,Ecology: Eastern Regional Office,"21,395",0,"21,373",10,12,0,0,0,0,,1,"47.239948, -119.838831",,,POINT (-119.838831 47.239948),Facility,21395.0,2017
HF Sinclair Puget Sound Refinery LLC - Anacortes,2018,Petroleum Systems,Petroleum Refineries,324110,Petroleum Refineries,HollyFrontier Puget Sound Refining LLC,Anacortes,Skagit,Northwest Clean Air Agency,"1,989,609",0,"1,978,165","7,057","4,387",0,0,0,0,Assigned Emissions Level,4,"48.470931, -122.559161",,,POINT (-122.559161 48.470931),Facility,1989609.0,2018
Northwest Pipeline Roosevelt C/S - Bickleton,2023,Natural Gas Systems,Natural Gas Transmission/Compression,486210,Pipeline Transportation of Natural Gas,"The Williams Companies, Inc.",Bickleton,Klickitat,Ecology: Central Regional Office,"11,251",0,"9,448","1,797",5,0,0,0,0,,1,"45.849504, -120.08083","11,251",Covered Entity,POINT (-120.08083 45.849504),Facility,11251.0,2023
Fairchild AFB - Spokane Co.,2023,Government,National Security,928110,National Security,US Government,Fairchild Air Force Base,Spokane,Spokane Regional Clean Air Agency,"13,446",0,"13,433",6,7,0,0,0,0,,1,"47.641332, -117.644832",,Reporter,POINT (-117.644832 47.641332),Facility,13446.0,2023
Hampton Lumber Mills Washington Inc. - Randle,2022,Wood Products,Lumber Mills,321113,Sawmills,Hampton Lumber Mills Washington Inc.,Randle,Lewis,Southwest Clean Air Agency,"62,230","61,410",0,118,702,0,0,0,0,,2,"46.533743, -121.917906",,,POINT (-121.917906 46.533743),Facility,62230.0,2022
Naval Air Station Whidbey Island - Oak Harbor,2019,Government,National Security,928110,National Security,US Government,Oak Harbor,Island,Northwest Clean Air Agency,"13,092",0,"13,078",7,8,0,0,0,0,,1,"48.345281, -122.669741",,,POINT (-122.669741 48.345281),Facility,13092.0,2019
Pasco Processing LLC - Pasco,2018,Food Production,Other Food Products,311991,Perishable Prepared Food Manufacturing,Oregon Potato Co.,Pasco,Franklin,Ecology: Eastern Regional Office,"11,501",0,"11,489",6,7,0,0,0,0,,1,"46.28274, -119.097528",,,POINT (-119.097528 46.28274),Facility,11501.0,2018
Fairchild AFB - Spokane Co.,2013,Government,National Security,928110,National Security,US Government,Fairchild Air Force Base,Spokane,Spokane Regional Clean Air Agency,"16,260",0,"16,243",8,10,0,0,0,0,,1,"47.641332, -117.644832",,,POINT (-117.644832 47.641332),Facility,16260.0,2013
Georgia-Pacific Gypsum LLC - Tacoma,2022,Manufacturing,Building Products,327420,Gypsum Product Manufacturing,Koch Industries Inc.,Tacoma,Pierce,Puget Sound Clean Air Agency,"49,915",0,"49,864",24,28,0,0,0,0,,2,"47.269558, -122.394869",,,POINT (-122.394869 47.269558),Facility,49915.0,2022
Avista Corporation LDC - WA - statewide,2019,Natural Gas Systems,Natural Gas Local Distribution Companies,221210,Natural Gas Distribution,Avista Corp.,Spokane,Spokane,Spokane Regional Clean Air Agency,"15,893",0,19,"15,874",0,0,0,0,0,,1,"47.673662, -117.388735",,,POINT (-117.388735 47.673662),Facility,15893.0,2019
Riverside Feeders SFL - Kennewick,2024,Livestock,Cattle Feedlots,112112,Cattle Feedlots,RIVERSIDE FEEDERS SFL,Kennewick,Benton,Benton Clean Air Agency,"20,580",0,924,"1,527","18,129",0,0,0,0,Voluntary reporter.  Manure management reporting repealed by Legislature.,1,"45.991872, -119.136497",,Reporter,POINT (-119.136497 45.991872),Facility,20580.0,2024
Puget Sound Energy - Jackson Prairie Gas Storage - Chehalis,2021,Natural Gas Systems,Natural Gas Storage,486210,Pipeline Transportation of Natural Gas,Puget Holdings LLC,Chehalis,Lewis,Southwest Clean Air Agency,"13,690",0,"11,361","2,323",6,0,0,0,0,,1,"46.53461, -122.838569",,,POINT (-122.838569 46.53461),Facility,13690.0,2021
Cowlitz County Tennant Way Landfill - Longview,2021,Waste,Landfills,562212,Solid Waste Landfill,Cowlitz County Washington,Longview,Cowlitz,Southwest Clean Air Agency,"15,762",0,0,"15,762",0,0,0,0,0,,1,"46.107229, -122.905601",,,POINT (-122.905601 46.107229),Facility,15762.0,2021
Northwest Pipeline C/S - Sumas,2012,Natural Gas Systems,Natural Gas Transmission/Compression,486210,Pipeline Transportation of Natural Gas,"The Williams Companies, Inc.",Sumas,Whatcom,Northwest Clean Air Agency,"69,616",0,"64,130","5,447",39,0,0,0,0,,2,"49.001, -122.2214",,,POINT (-122.2214 49.001),Facility,69616.0,2012
Alon Asphalt Company - Seattle,2018,Petroleum Systems,Other Petroleum Systems,424710,Petroleum Bulk Stations and Terminals,Delek US Holdings Inc.,Seattle,King,Puget Sound Clean Air Agency,"14,249",0,"14,216",26,8,0,0,0,0,,1,"47.781642, -122.395299",,,POINT (-122.395299 47.781642),Facility,14249.0,2018
CertainTeed Gypsum - Seattle,2019,Manufacturing,Building Products,327420,Gypsum Product Manufacturing,Saint-Gobain Corporation,Seattle,King,Puget Sound Clean Air Agency,"49,333",0,"49,282",23,28,0,0,0,0,,2,"47.548056, -122.336944",,,POINT (-122.336944 47.548056),Facility,49333.0,2019
REC Solar Grade Silicon - Moses Lake,2020,Metals,Other Metals,331410,Primary Smelting and Refining of Nonferrous Metal (except Copper and Aluminum),REC Silicon,Moses Lake,Grant,Ecology: Eastern Regional Office,0,0,0,0,0,0,0,0,0,Curtailed in mid 2019. No emissions in 2020.,1,"47.138359, -119.200383",,,POINT (-119.200383 47.138359),Facility,0.0,2020
Naval Base Kitsap - Bremerton,2012,Government,National Security,928110,National Security,US Government,Bremerton,Kitsap,Puget Sound Clean Air Agency,"49,575",0,"49,522",24,29,0,0,0,0,,2,"47.557047, -122.645933",,,POINT (-122.645933 47.557047),Facility,49575.0,2012
"Nucor Steel Seattle, Inc, - Seattle",2021,Metals,Iron and Steel Production,331110,Iron and Steel Mills and Ferroalloy Manufacturing,Nucor Corporation,Seattle,King,Puget Sound Clean Air Agency,"97,512",0,"97,466",21,25,0,0,0,0,,2,"47.569331, -122.367332",,,POINT (-122.367332 47.569331),Facility,97512.0,2021
Northwest Pipeline Willard C/S - Cook,2019,Natural Gas Systems,Natural Gas Transmission/Compression,486210,Pipeline Transportation of Natural Gas,"The Williams Companies, Inc.",Cook,Skamania,Southwest Clean Air Agency,"30,842",0,"28,544","2,283",16,0,0,0,0,,2,"45.778087, -121.626311",,,POINT (-121.626311 45.778087),Facility,30842.0,2019
Imerys Minerals Quincy Plant - Quincy,2022,Minerals,Other Minerals,212399,All Other Nonmetallic Mineral Mining,Imerys Filtration Minerals Inc.,Quincy,Grant,Ecology: Eastern Regional Office,"20,476",0,"20,455",10,12,0,0,0,0,,1,"47.239948, -119.838831",,,POINT (-119.838831 47.239948),Facility,20476.0,2022
The Boeing Company: DC/MFC - Tukwila,2012,Manufacturing,Transportation Industry,336411,Aircraft Manufacturing,The Boeing Company,Tukwila,King,Puget Sound Clean Air Agency,"15,766",0,"15,750",8,9,0,0,0,0,,1,"47.516246, -122.298613",,,POINT (-122.298613 47.516246),Facility,15766.0,2012
The Boeing Company: DC/MFC - Tukwila,2022,Manufacturing,Transportation Industry,336411,Aircraft Manufacturing,The Boeing Company,Tukwila,King,Puget Sound Clean Air Agency,"12,913",0,"12,900",6,7,0,0,0,0,,1,"47.516246, -122.298613",,,POINT (-122.298613 47.516246),Facility,12913.0,2022
Okanogan County Central Landfill - Okanogan,2024,Waste,Landfills,562212,Solid Waste Landfill,OKANOGAN COUNTY,Okanogan,Okanogan,Ecology: Central Regional Office,"18,590",0,0,"18,590",0,0,0,0,0,,1,"48.341148, -119.620109",,Reporter,POINT (-119.620109 48.341148),Facility,18590.0,2024
Marathon Anacortes Refinery - Anacortes,2024,Petroleum Systems,Petroleum Refineries,324110,Petroleum Refineries,MARATHON PETROLEUM CORP,Anacortes,Skagit,Northwest Clean Air Agency,"1,355,918",0,"1,350,045","2,360","3,512",0,0,0,0,,4,"48.493816, -122.564845","1,355,879",Covered Entity,POINT (-122.564845 48.493816),Facility,1355918.0,2024
Darigold - Chehalis,2012,Food Production,Dairy Products,311514,"Dry, Condensed, and Evaporated Dairy Product Manufacturing",Darigold Inc.,Chehalis,Lewis,Southwest Clean Air Agency,"13,954",0,"13,940",7,8,0,0,0,0,,1,"46.659952, -122.970162",,,POINT (-122.970162 46.659952),Facility,13954.0,2012
"Gas Transmission Northwest Compressor Station 6, LLC - Rosalia",2016,Natural Gas Systems,Natural Gas Transmission/Compression,486210,Pipeline Transportation of Natural Gas,TransCanada Northern Border Inc.,Rosalia,Whitman,Spokane Regional Clean Air Agency,"112,620",0,"86,647","25,925",49,0,0,0,0,,3,"47.277256, -117.406737",,,POINT (-117.406737 47.277256),Facility,112620.0,2016
Puget Sound Energy - Fredonia Generating Station - Mount Vernon,2017,Power Plants,Natural Gas Turbine Plants,221112,Fossil Fuel Electric Power Generation,Puget Holdings LLC,Mount Vernon,Skagit,Northwest Clean Air Agency,"97,134",0,"97,033",46,55,0,0,0,0,,2,"48.4553, -122.435",,,POINT (-122.435 48.4553),Facility,97134.0,2017
Cheyne Landfill - Zillah,2022,Waste,Landfills,562212,Solid Waste Landfill,Yakima County Public Services,Zillah,Yakima,Yakima Regional Clean Air Agency,"45,783",0,0,"45,783",0,0,0,0,0,,2,"46.4785, -120.2688",,,POINT (-120.2688 46.4785),Facility,45783.0,2022
Northwest Pipeline C/S - Washougal,2023,Natural Gas Systems,Natural Gas Transmission/Compression,486210,Pipeline Transportation of Natural Gas,"The Williams Companies, Inc.",Washougal,Clark,Southwest Clean Air Agency,"10,927",0,"9,261","1,661",5,0,0,0,0,,1,"45.63236, -122.36516","10,927",Covered Entity,POINT (-122.36516 45.63236),Facility,10927.0,2023
Darling Ingredients Inc - Tacoma,2022,Food Production,Meat Products,311613,Rendering and Meat Byproduct Processing,Darling Ingredients Inc.,Tacoma,Pierce,Puget Sound Clean Air Agency,"7,176",0,"7,168",4,4,0,0,0,0,,1,"47.250503, -122.406461",,,POINT (-122.406461 47.250503),Facility,7176.0,2022
REG Grays Harbor LLC - Hoquiam,2014,Petroleum Systems,Other Petroleum Systems,325199,All Other Basic Organic Chemical Manufacturing,Chevron Corporation,Hoquiam,Grays Harbor,Olympic Region Clean Air Agency,"11,832",0,"11,820",6,7,0,0,0,0,,1,"46.968196, -123.853622",,,POINT (-123.853622 46.968196),Facility,11832.0,2014
Tree Top - Prosser,2016,Food Production,Fruit Products,311411,"Frozen Fruit, Juice, and Vegetable Manufacturing",Tree Top Inc.,Prosser,Benton,Benton Clean Air Agency,"17,640",0,"17,622",8,10,0,0,0,0,,1,"46.21842, -119.73397",,,POINT (-119.73397 46.21842),Facility,17640.0,2016
Port Townsend Paper Corporation - Port Townsend,2015,Pulp and Paper,Kraft Mills,322121,Paper (except Newsprint) Mills,Port Townsend Paper Corp.,Port Townsend,Jefferson,Ecology: Industrial Section,"572,564","503,209","64,332","2,411","2,612",0,0,0,0,,3,"48.093793, -122.796806",,,POINT (-122.796806 48.093793),Facility,572564.0,2015
Providence Sacred Heart Medical Center - Spokane,2023,Health Care,Hospitals,622110,General Medical and Surgical Hospitals,Providence Health Services,Spokane,Spokane,Spokane Regional Clean Air Agency,"12,106",0,"12,093",6,7,0,0,0,0,,1,"47.648848, -117.412461",,Reporter,POINT (-117.412461 47.648848),Facility,12106.0,2023
Northwest Pipeline Plymouth C/S - Plymouth,2021,Natural Gas Systems,Natural Gas Transmission/Compression,486210,Pipeline Transportation of Natural Gas,"The Williams Companies, Inc.",Plymouth,Benton,Benton Clean Air Agency,"6,573",0,"4,176","2,395",2,0,0,0,0,,1,"45.9309, -119.41019",,,POINT (-119.41019 45.9309),Facility,6573.0,2021
Pasco Processing LLC - Pasco,2015,Food Production,Other Food Products,311991,Perishable Prepared Food Manufacturing,Oregon Potato Co.,Pasco,Franklin,Ecology: Eastern Regional Office,"19,224",0,"19,204",9,11,0,0,0,0,,1,"46.28274, -119.097528",,,POINT (-119.097528 46.28274),Facility,19224.0,2015
Seattle-Tacoma International Airport - Seattle,2015,Government,Other Government,488119,Other Airport Operations,Port of Seattle,Seattle,King,Puget Sound Clean Air Agency,"13,660",0,"13,645",7,8,0,0,0,0,,1,"47.443643, -122.302452",,,POINT (-122.302452 47.443643),Facility,13660.0,2015
"Greif, Tacoma Mill - Tacoma",2022,Pulp and Paper,Other Pulp and Paper,322130,Paperboard Mills,Paperboard Parent Inc.,Tacoma,Pierce,Puget Sound Clean Air Agency,"13,203",0,"13,189",6,7,0,0,0,0,,1,"47.239235, -122.421909",,,POINT (-122.421909 47.239235),Facility,13203.0,2022
Ponderay Industries - Usk,2021,Pulp and Paper,Other Pulp and Paper,322122,Newsprint Mills,Ponderay Industries,Usk,Pend Oreille,Ecology: Eastern Regional Office,523,0,521,1,1,0,0,0,0,Facility closed June 2020.,1,"48.289771, -117.271359",,,POINT (-117.271359 48.289771),Facility,523.0,2021
"Rainier Veneer, Inc. - Spanaway",2020,Wood Products,Other Wood Products,321212,Softwood Veneer and Plywood Manufacturing,Rainier Veneer Inc.,Spanaway,Pierce,Puget Sound Clean Air Agency,"15,835","12,800","2,861",26,148,0,0,0,0,,1,"47.062059, -122.318981",,,POINT (-122.318981 47.062059),Facility,15835.0,2020
Ascensus Specialties LLC - Elma,2018,Chemicals,Other Chemicals,325180,Other Basic Inorganic Chemical Manufacturing,VSI Holdings LLC,Elma,Grays Harbor,Olympic Region Clean Air Agency,"21,916",0,"21,893",10,12,0,0,0,0,,1,"46.995459, -123.382316",,,POINT (-123.382316 46.995459),Facility,21916.0,2018
McKinley Paper Co. - Washington Mill - Port Angeles,2019,Pulp and Paper,Other Pulp and Paper,322121,Paper (except Newsprint) Mills,McKinley Paper Co.,Port Angeles,Clallam,Olympic Region Clean Air Agency,"4,044",0,0,"4,044",0,0,0,0,0,,1,"48.134623, -123.467524",,,POINT (-123.467524 48.134623),Facility,4044.0,2019
Northwest Pipeline C/S - Sumas,2019,Natural Gas Systems,Natural Gas Transmission/Compression,486210,Pipeline Transportation of Natural Gas,"The Williams Companies, Inc.",Sumas,Whatcom,Northwest Clean Air Agency,"79,135",0,"75,413","3,680",42,0,0,0,0,,2,"49.001, -122.2214",,,POINT (-122.2214 49.001),Facility,79135.0,2019
Cathcart Landfill - Snohomish,2023,Waste,Landfills,562212,Solid Waste Landfill,Snohomish County,Snohomish,Snohomish,Puget Sound Clean Air Agency,"18,909",925,193,"17,788",3,0,0,0,0,,1,"47.870014, -122.118284",,Reporter,POINT (-122.118284 47.870014),Facility,18909.0,2023
US Army Joint Base Lewis-McChord - Pierce Co.,2019,Government,National Security,928110,National Security,US Government,Joint Base Lewis-McChord,Pierce,Puget Sound Clean Air Agency,"74,601",0,"57,927","16,640",34,0,0,0,0,,2,"47.1142, -122.5365",,,POINT (-122.5365 47.1142),Facility,74601.0,2019
REG Grays Harbor LLC - Hoquiam,2021,Petroleum Systems,Other Petroleum Systems,325199,All Other Basic Organic Chemical Manufacturing,Chevron Corporation,Hoquiam,Grays Harbor,Olympic Region Clean Air Agency,"16,499",0,"16,482",8,9,0,0,0,0,,1,"46.968196, -123.853622",,,POINT (-123.853622 46.968196),Facility,16499.0,2021
Matheson - Anacortes,2022,Petroleum Systems,Other Petroleum Systems,325120,Industrial Gas Manufacturing,Linde Gas North America LLC,Anacortes,Skagit,Northwest Clean Air Agency,"43,715",0,"43,715",0,0,0,0,0,0,,2,"48.467646, -122.554343",,,POINT (-122.554343 48.467646),Facility,43715.0,2022
REC Solar Grade Silicon - Moses Lake,2015,Metals,Other Metals,331410,Primary Smelting and Refining of Nonferrous Metal (except Copper and Aluminum),REC Silicon,Moses Lake,Grant,Ecology: Eastern Regional Office,"99,496",0,"99,394",47,56,0,0,0,0,,2,"47.138359, -119.200383",,,POINT (-119.200383 47.138359),Facility,99496.0,2015
Guy Bennett Lumber Company - Clarkston,2015,Wood Products,Lumber Mills,321113,Sawmills,Bennett Lumber Products Inc.,Clarkston,Asotin,Ecology: Eastern Regional Office,"20,455","20,185",0,39,231,0,0,0,0,,1,"46.423108, -117.086487",,,POINT (-117.086487 46.423108),Facility,20455.0,2015
Central Washington University - Ellensburg,2024,Government,Education,611310,"Colleges, Universities, and Professional Schools",STATE OF WASHINGTON,Ellensburg,Kittitas,Ecology: Central Regional Office,"12,822",0,"12,809",6,7,0,0,0,0,,1,"47.003202, -120.544513",,Reporter,POINT (-120.544513 47.003202),Facility,12822.0,2024
"WestRock CP, LLC - Tacoma",2017,Pulp and Paper,Kraft Mills,322130,Paperboard Mills,Westrock Corp.,Tacoma,Pierce,Ecology: Industrial Section,"1,124,426","1,000,676","117,612","1,108","5,031",0,0,0,0,,4,"47.260953, -122.421765",,,POINT (-122.421765 47.260953),Facility,1124426.0,2017
Puget Sound Energy - Whitehorn Generating Station - Blaine,2019,Power Plants,Natural Gas Turbine Plants,221112,Fossil Fuel Electric Power Generation,Puget Holdings LLC,Blaine,Whatcom,Northwest Clean Air Agency,"6,838",0,"6,830",4,5,0,0,0,0,,1,"48.885475, -122.724299",,,POINT (-122.724299 48.885475),Facility,6838.0,2019
The Boeing Company - Renton,2018,Manufacturing,Transportation Industry,336411,Aircraft Manufacturing,The Boeing Company,Renton,King,Puget Sound Clean Air Agency,"19,764",0,"19,743",9,11,0,0,0,0,,1,"47.498257, -122.211346",,,POINT (-122.211346 47.498257),Facility,19764.0,2018
The Boeing Company - Fabrication (Frederickson Site) - Puyallup,2023,Manufacturing,Transportation Industry,336411,Aircraft Manufacturing,The Boeing Company,Puyallup,Pierce,Puget Sound Clean Air Agency,"16,168",0,"16,152",8,9,0,0,0,0,,1,"47.088831, -122.34862",,Reporter,POINT (-122.34862 47.088831),Facility,16168.0,2023
Northwest Pipeline C/S - Goldendale,2017,Natural Gas Systems,Natural Gas Transmission/Compression,486210,Pipeline Transportation of Natural Gas,"The Williams Companies, Inc.",Goldendale,Klickitat,Ecology: Central Regional Office,"19,062",0,"16,650","2,403",9,0,0,0,0,,1,"45.771216, -120.799267",,,POINT (-120.799267 45.771216),Facility,19062.0,2017
Northwest Pipeline C/S - Sumner,2022,Natural Gas Systems,Natural Gas Transmission/Compression,486210,Pipeline Transportation of Natural Gas,"The Williams Companies, Inc.",Sumner,Pierce,Puget Sound Clean Air Agency,"36,474",0,"35,805",649,20,0,0,0,0,,2,"47.228986, -122.209551",,,POINT (-122.209551 47.228986),Facility,36474.0,2022
Northwest Pipeline Willard C/S - Cook,2014,Natural Gas Systems,Natural Gas Transmission/Compression,486210,Pipeline Transportation of Natural Gas,"The Williams Companies, Inc.",Cook,Skamania,Southwest Clean Air Agency,"9,442",0,"8,020","1,418",4,0,0,0,0,,1,"45.778087, -121.626311",,,POINT (-121.626311 45.778087),Facility,9442.0,2014
Tree Top - Selah Campus,2016,Food Production,Fruit Products,311423,Dried and Dehydrated Food Manufacturing,Tree Top Inc.,Selah,Yakima,Yakima Regional Clean Air Agency,"18,185",0,"18,166",9,10,0,0,0,0,,1,"46.64992, -120.52755",,,POINT (-120.52755 46.64992),Facility,18185.0,2016
Basic American Foods - Moses Lake,2016,Food Production,Potato Products,311423,Dried and Dehydrated Food Manufacturing,Basic American Inc.,Moses Lake,Grant,Ecology: Eastern Regional Office,"28,977",0,"28,947",14,16,0,0,0,0,,2,"47.075183, -119.220408",,,POINT (-119.220408 47.075183),Facility,28977.0,2016
"Rainier Veneer, Inc. - Spanaway",2015,Wood Products,Other Wood Products,321212,Softwood Veneer and Plywood Manufacturing,Rainier Veneer Inc.,Spanaway,Pierce,Puget Sound Clean Air Agency,"17,378","16,036","1,127",31,184,0,0,0,0,,1,"47.062059, -122.318981",,,POINT (-122.318981 47.062059),Facility,17378.0,2015
bp Cherry Point Refinery - Blaine,2020,Petroleum Systems,Petroleum Refineries,324110,Petroleum Refineries,BP America Inc.,Blaine,Whatcom,Northwest Clean Air Agency,"2,013,167",0,"2,003,077","5,740","4,350",0,0,0,0,,5,"48.8864, -122.7353",,,POINT (-122.7353 48.8864),Facility,2013167.0,2020
CertainTeed Gypsum - Seattle,2013,Manufacturing,Building Products,327420,Gypsum Product Manufacturing,Saint-Gobain Corporation,Seattle,King,Puget Sound Clean Air Agency,"35,465",0,"35,428",17,20,0,0,0,0,,2,"47.548056, -122.336944",,,POINT (-122.336944 47.548056),Facility,35465.0,2013
Georgia-Pacific Consumer Operations LLC - Camas,2012,Pulp and Paper,Kraft Mills,322120,Paper Mills,Koch Industries Inc.,Camas,Clark,Ecology: Industrial Section,"720,455","579,056","119,959","12,589","8,851",0,0,0,0,Assigned Emissions Level,3,"45.584271, -122.40843",,,POINT (-122.40843 45.584271),Facility,720455.0,2012
Sierra Pacific Industries - Shelton,2015,Wood Products,Lumber Mills,321212,Softwood Veneer and Plywood Manufacturing,Simpson Lumber Company LLC,Shelton,Mason,Olympic Region Clean Air Agency,"41,324","40,641",140,78,465,0,0,0,0,,2,"47.213448, -123.096517",,,POINT (-123.096517 47.213448),Facility,41324.0,2015
"Horse Heaven Cattle Feeders, Inc. - Sunnyside",2012,Livestock,Cattle Feedlots,112112,Cattle Feedlots,"Horse Heaven Cattle Feeders, Inc.",Sunnyside,Yakima,Yakima Regional Clean Air Agency,"17,421",0,0,"1,102","16,319",0,0,0,0,,1,"46.284622, -120.019668",,,POINT (-120.019668 46.284622),Facility,17421.0,2012
Darigold - Chehalis,2017,Food Production,Dairy Products,311514,"Dry, Condensed, and Evaporated Dairy Product Manufacturing",Darigold Inc.,Chehalis,Lewis,Southwest Clean Air Agency,"12,278",0,"12,265",6,7,0,0,0,0,,1,"46.659952, -122.970162",,,POINT (-122.970162 46.659952),Facility,12278.0,2017
Frito Lay - Vancouver,2012,Food Production,Other Food Products,311919,Other Snack Food Manufacturing,PepsiCo Inc,Vancouver,Clark,Southwest Clean Air Agency,"14,802",0,"14,786",7,8,0,0,0,0,,1,"45.657037, -122.692",,,POINT (-122.692 45.657037),Facility,14802.0,2012
Northwest Pipeline C/S - Washougal,2016,Natural Gas Systems,Natural Gas Transmission/Compression,486210,Pipeline Transportation of Natural Gas,"The Williams Companies, Inc.",Washougal,Clark,Southwest Clean Air Agency,"15,702",0,"13,199","2,495",7,0,0,0,0,,1,"45.63236, -122.36516",,,POINT (-122.36516 45.63236),Facility,15702.0,2016
Boeing Commercial Airplanes - Everett,2018,Manufacturing,Transportation Industry,336411,Aircraft Manufacturing,The Boeing Company,Everett,Snohomish,Puget Sound Clean Air Agency,"72,308",0,"72,233",34,41,0,0,0,0,,2,"47.918622, -122.276987",,,POINT (-122.276987 47.918622),Facility,72308.0,2018
Northwest Hardwoods Inc. - Mount Vernon,2017,Wood Products,Lumber Mills,321113,Sawmills,Littlejohn & Co. LLC,Mount Vernon,Skagit,Northwest Clean Air Agency,"10,531","7,441","2,987",16,87,0,0,0,0,,1,"48.451642, -122.443028",,,POINT (-122.443028 48.451642),Facility,10531.0,2017
REG Grays Harbor LLC - Hoquiam,2015,Petroleum Systems,Other Petroleum Systems,325199,All Other Basic Organic Chemical Manufacturing,Chevron Corporation,Hoquiam,Grays Harbor,Olympic Region Clean Air Agency,"13,806",0,"13,792",7,8,0,0,0,0,,1,"46.968196, -123.853622",,,POINT (-123.853622 46.968196),Facility,13806.0,2015
Horn Rapids Sanitary Landfill - Richland,2013,Waste,Landfills,562212,Solid Waste Landfill,City of Richland,Richland,Benton,Benton Clean Air Agency,"28,387",0,0,"28,387",0,0,0,0,0,,2,"46.346663, -119.348118",,,POINT (-119.348118 46.346663),Facility,28387.0,2013
Ash Grove Cement Company - Seattle,2014,Minerals,Cement Production,327310,Cement Manufacturing,Ash Grove Cement Co.,Seattle,King,Puget Sound Clean Air Agency,"523,850",0,"522,460",517,873,0,0,0,0,,3,"47.56799, -122.34255",,,POINT (-122.34255 47.56799),Facility,523850.0,2014
Owens-Brockway Glass Container Inc Plant #2 - Kalama,2017,Minerals,Glass Production,327213,Glass Container Manufacturing,O-I Glass Inc.,Kalama,Cowlitz,Southwest Clean Air Agency,"23,955",0,"23,938",8,9,0,0,0,0,,1,"46.031656, -122.866241",,,POINT (-122.866241 46.031656),Facility,23955.0,2017
Chehalis Generation Facility - Chehalis,2017,Power Plants,Natural Gas Turbine Plants,221112,Fossil Fuel Electric Power Generation,Berkshire Hathaway,Chehalis,Lewis,EFSEC,"727,165",0,"726,426",337,401,0,0,0,0,,3,"46.6226, -122.9145",,,POINT (-122.9145 46.6226),Facility,727165.0,2017
Northwest Pipeline Roosevelt C/S - Bickleton,2013,Natural Gas Systems,Natural Gas Transmission/Compression,486210,Pipeline Transportation of Natural Gas,"The Williams Companies, Inc.",Bickleton,Klickitat,Ecology: Central Regional Office,"28,675",0,"25,056","3,605",14,0,0,0,0,,2,"45.849504, -120.08083",,,POINT (-120.08083 45.849504),Facility,28675.0,2013
H.W. Hill Landfill Gas Power Plant - Roosevelt,2019,Power Plants,"Other Power, Heating, or Cooling Plants",221119,Other Electric Power Generation,Public Utility District No. 1 of Klickitat County,Roosevelt,Klickitat,Ecology: Central Regional Office,"1,208",0,"1,207",1,1,0,0,0,0,Facility converted from onsite electricity generation to processing landfill gas for pipeline use.,1,"45.807765, -120.166354",,,POINT (-120.166354 45.807765),Facility,1208.0,2019
Northwest Pipeline C/S - Snohomish,2020,Natural Gas Systems,Natural Gas Transmission/Compression,486210,Pipeline Transportation of Natural Gas,"The Williams Companies, Inc.",Snohomish,Snohomish,Puget Sound Clean Air Agency,"33,754",0,"32,967",768,18,0,0,0,0,,2,"47.78825, -122.05859",,,POINT (-122.05859 47.78825),Facility,33754.0,2020
The Boeing Company - Auburn Site - Auburn,2024,Manufacturing,Transportation Industry,336413,Other Aircraft Parts and Auxiliary Equipment Manufacturing,THE BOEING CO,Auburn,King,Puget Sound Clean Air Agency,"31,640",0,"31,608",15,18,0,0,0,0,,2,"47.285551, -122.242298","31,582",Covered Entity,POINT (-122.242298 47.285551),Facility,31640.0,2024
Puget Sound Energy - Sumas Generating Station - Sumas,2015,Power Plants,Natural Gas Turbine Plants,221112,Fossil Fuel Electric Power Generation,Puget Holdings LLC,Sumas,Whatcom,Northwest Clean Air Agency,"282,703",0,"282,416",131,156,0,0,0,0,,3,"48.9905, -122.2733",,,POINT (-122.2733 48.9905),Facility,282703.0,2015
Lamb Weston - Warden,2020,Food Production,Potato Products,311411,"Frozen Fruit, Juice, and Vegetable Manufacturing","Lamb Weston, Inc.",Warden,Grant,Ecology: Eastern Regional Office,"13,694",0,"13,680",7,8,0,0,0,0,,1,"46.971504, -119.055427",,,POINT (-119.055427 46.971504),Facility,13694.0,2020
Port Townsend Paper Corporation - Port Townsend,2020,Pulp and Paper,Kraft Mills,322121,Paper (except Newsprint) Mills,Port Townsend Paper Corp.,Port Townsend,Jefferson,Ecology: Industrial Section,"587,700","502,134","80,320","2,513","2,733",0,0,0,0,,3,"48.093793, -122.796806",,,POINT (-122.796806 48.093793),Facility,587700.0,2020
Puget Sound Energy - Whitehorn Generating Station - Blaine,2024,Power Plants,Natural Gas Turbine Plants,221112,Fossil Fuel Electric Power Generation,PUGET HOLDINGS LLC,Blaine,Whatcom,Northwest Clean Air Agency,"163,350",0,"163,168",80,102,0,0,0,0,,3,"48.885475, -122.724299","157,733",Covered Entity,POINT (-122.724299 48.885475),Facility,163350.0,2024
Seattle-Tacoma International Airport - Seattle,2022,Government,Other Government,488119,Other Airport Operations,Port of Seattle,Seattle,King,Puget Sound Clean Air Agency,"16,094",0,"16,077",8,10,0,0,0,0,,1,"47.443643, -122.302452",,,POINT (-122.302452 47.443643),Facility,16094.0,2022
"Analog Devices, Inc. - Camas",2014,Manufacturing,Electronics Industry,334413,Semiconductor and Related Device Manufacturing,Linear Technology Corporation,Camas,Clark,Southwest Clean Air Agency,"30,091",0,"1,663",1,"1,110","1,322","22,666","3,185",144,,2,"45.598844, -122.45232",,,POINT (-122.45232 45.598844),Facility,30091.0,2014
Packaging Corporation of America - Wallula,2016,Pulp and Paper,Kraft Mills,322121,Paper (except Newsprint) Mills,Packaging Corp of America,Wallula,Walla Walla,Ecology: Industrial Section,"814,165","645,182","153,343","13,427","2,213",0,0,0,0,,3,"46.10396, -118.9184",,,POINT (-118.9184 46.10396),Facility,814165.0,2016
Northwest Pipeline C/S - Goldendale,2020,Natural Gas Systems,Natural Gas Transmission/Compression,486210,Pipeline Transportation of Natural Gas,"The Williams Companies, Inc.",Goldendale,Klickitat,Ecology: Central Regional Office,"27,717",0,"24,740","2,963",14,0,0,0,0,,2,"45.771216, -120.799267",,,POINT (-120.799267 45.771216),Facility,27717.0,2020
King County Solid Waste Cedar Hills Landfill - Maple Valley,2018,Waste,Landfills,562212,Solid Waste Landfill,King County Solid Waste Division,Maple Valley,King,Puget Sound Clean Air Agency,"68,423",0,334,"68,088",1,0,0,0,0,,2,"47.462625, -122.046025",,,POINT (-122.046025 47.462625),Facility,68423.0,2018
SDS Lumber Company - Bingen,2017,Wood Products,Lumber Mills,321113,Sawmills,SDS Lumber Company,Bingen,Klickitat,Ecology: Central Regional Office,"57,787","56,682",348,109,648,0,0,0,0,,2,"45.713913, -121.468688",,,POINT (-121.468688 45.713913),Facility,57787.0,2017
LANXESS Corporation - Kalama,2019,Chemicals,Other Chemicals,325199,All Other Basic Organic Chemical Manufacturing,Emerald Performance Materials LLC,Kalama,Cowlitz,Southwest Clean Air Agency,"65,484",0,"65,416",31,37,0,0,0,0,,2,"46.02191, -122.85698",,,POINT (-122.85698 46.02191),Facility,65484.0,2019
Naval Air Station Whidbey Island - Oak Harbor,2014,Government,National Security,928110,National Security,US Government,Oak Harbor,Island,Northwest Clean Air Agency,"15,388",0,"15,372",7,9,0,0,0,0,,1,"48.345281, -122.669741",,,POINT (-122.669741 48.345281),Facility,15388.0,2014
Lamb Weston - Pasco,2013,Food Production,Potato Products,311411,"Frozen Fruit, Juice, and Vegetable Manufacturing","Lamb Weston, Inc.",Pasco,Franklin,Ecology: Eastern Regional Office,"49,844",0,"49,793",24,28,0,0,0,0,,2,"46.288137, -119.115336",,,POINT (-119.115336 46.288137),Facility,49844.0,2013
McCain Foods - Othello,2022,Food Production,Potato Products,311411,"Frozen Fruit, Juice, and Vegetable Manufacturing",McCain USA Inc.,Othello,Adams,Ecology: Eastern Regional Office,"81,049","5,263","55,798","19,938",50,0,0,0,0,,2,"46.840102, -119.172705",,,POINT (-119.172705 46.840102),Facility,81049.0,2022
"Boise Cascade Wood Products, LLC.  Kettle Falls Plywood - Kettle Falls",2013,Wood Products,Other Wood Products,321219,Reconstituted Wood Product Manufacturing,Boise Cascade Company,Kettle Falls,Stevens,Ecology: Eastern Regional Office,"71,186","68,156","2,117",132,781,0,0,0,0,,2,"48.613175, -118.116106",,,POINT (-118.116106 48.613175),Facility,71186.0,2013
Waste Management Greater Wenatchee Regional Landfill - East Wenatchee,2017,Waste,Landfills,562212,Solid Waste Landfill,Waste Management Inc.,East Wenatchee,Douglas,Ecology: Central Regional Office,"27,951",0,0,"27,951",0,0,0,0,0,,2,"47.405083, -120.167444",,,POINT (-120.167444 47.405083),Facility,27951.0,2017
U.S. Oil & Refining Co. - Tacoma,2015,Petroleum Systems,Petroleum Refineries,324110,Petroleum Refineries,Par Pacific Holdings Inc.,Tacoma,Pierce,Puget Sound Clean Air Agency,"139,259",0,"137,379","1,425",455,0,0,0,0,,3,"47.256813, -122.394952",,,POINT (-122.394952 47.256813),Facility,139259.0,2015
Sierra Pacific Industries - Shelton,2020,Wood Products,Lumber Mills,321212,Softwood Veneer and Plywood Manufacturing,Simpson Lumber Company LLC,Shelton,Mason,Olympic Region Clean Air Agency,"86,643","85,501",0,164,978,0,0,0,0,,2,"47.213448, -123.096517",,,POINT (-123.096517 47.213448),Facility,86643.0,2020
Sierra Pacific Industries - Aberdeen,2019,Wood Products,Lumber Mills,321113,Sawmills,Sierra Pacific Industries,Aberdeen,Grays Harbor,Olympic Region Clean Air Agency,"281,133","275,592","1,858",530,"3,153",0,0,0,0,,3,"46.971875, -123.775526",,,POINT (-123.775526 46.971875),Facility,281133.0,2019
Cascade Natural Gas Corporation LDC - statewide,2018,Natural Gas Systems,Natural Gas Local Distribution Companies,221210,Natural Gas Distribution,MDU Resources Group Inc.,Kennewick,Benton,Benton Clean Air Agency,"23,973",0,115,"23,858",0,0,0,0,0,,1,"46.21875, -119.22987",,,POINT (-119.22987 46.21875),Facility,23973.0,2018
The Boeing Company - Renton,2017,Manufacturing,Transportation Industry,336411,Aircraft Manufacturing,The Boeing Company,Renton,King,Puget Sound Clean Air Agency,"20,112",0,"20,092",10,11,0,0,0,0,,1,"47.498257, -122.211346",,,POINT (-122.211346 47.498257),Facility,20112.0,2017
Cowlitz County Headquarters Landfill - Castle Rock,2023,Waste,Landfills,562212,Solid Waste Landfill,Cowlitz County,Castle Rock,Cowlitz,Southwest Clean Air Agency,"293,039","15,159",0,"277,825",55,0,0,0,0,Emissions under review.,3,"46.246902, -122.772284",,Reporter,POINT (-122.772284 46.246902),Facility,293039.0,2023
Air Liquide Hydrogen Plant  - Anacortes,2017,Petroleum Systems,Other Petroleum Systems,325120,Industrial Gas Manufacturing,Air Liquide USA Inc.,Anacortes,Skagit,Northwest Clean Air Agency,"63,454",0,"63,454",0,0,0,0,0,0,,2,"48.465617, -122.556032",,,POINT (-122.556032 48.465617),Facility,63454.0,2017
Northwest Pipeline C/S - Chehalis,2017,Natural Gas Systems,Natural Gas Transmission/Compression,486210,Pipeline Transportation of Natural Gas,"The Williams Companies, Inc.",Chehalis,Lewis,Southwest Clean Air Agency,"17,894",0,"16,480","1,405",9,0,0,0,0,,1,"46.533325, -122.87373",,,POINT (-122.87373 46.533325),Facility,17894.0,2017
Washington Potato Company - Warden,2013,Food Production,Potato Products,311991,Perishable Prepared Food Manufacturing,Washington Potato Co.,Warden,Grant,Ecology: Eastern Regional Office,"31,968",0,"31,935",15,18,0,0,0,0,,2,"46.970469, -119.063631",,,POINT (-119.063631 46.970469),Facility,31968.0,2013
Alcoa Intalco Works - Ferndale,2013,Metals,Aluminum Production,331312,Primary Aluminum Production,Alcoa Corp.,Ferndale,Whatcom,Ecology: Industrial Section,"1,234,637",0,"428,539","11,351",35,0,"794,712",0,0,PFC emissions based on old source test information.,4,"48.8455, -122.7055",,,POINT (-122.7055 48.8455),Facility,1234637.0,2013
Michelsen Packaging - Yakima,2024,Pulp and Paper,Other Pulp and Paper,322299,All Other Converted Paper Product Manufacturing,MICHELSON PACKAGING CO,Yakima,Yakima,Yakima Regional Clean Air Agency,"11,875",0,"11,863",6,7,0,0,0,0,,1,"46.604058, -120.513015",,Reporter,POINT (-120.513015 46.604058),Facility,11875.0,2024
Lamb Weston - Richland,2024,Food Production,Potato Products,311411,"Frozen Fruit, Juice, and Vegetable Manufacturing",LAMB WESTON HOLDINGS INC,Richland,Benton,Benton Clean Air Agency,"68,493","4,260","55,715","8,471",47,0,0,0,0,,2,"46.309314, -119.297267","64,233",Covered Entity,POINT (-119.297267 46.309314),Facility,68493.0,2024
Tree Top - Selah Campus,2022,Food Production,Fruit Products,311423,Dried and Dehydrated Food Manufacturing,Tree Top Inc.,Selah,Yakima,Yakima Regional Clean Air Agency,"16,908",0,"16,890",8,10,0,0,0,0,,1,"46.64992, -120.52755",,,POINT (-120.52755 46.64992),Facility,16908.0,2022
Okanogan County Central Landfill - Okanogan,2018,Waste,Landfills,562212,Solid Waste Landfill,Okanogan County,Okanogan,Okanogan,Ecology: Central Regional Office,"14,240",0,0,"14,240",0,0,0,0,0,,1,"48.341148, -119.620109",,,POINT (-119.620109 48.341148),Facility,14240.0,2018
"Nucor Steel Seattle, Inc, - Seattle",2020,Metals,Iron and Steel Production,331110,Iron and Steel Mills and Ferroalloy Manufacturing,Nucor Corporation,Seattle,King,Puget Sound Clean Air Agency,"83,972",0,"83,931",19,22,0,0,0,0,,2,"47.569331, -122.367332",,,POINT (-122.367332 47.569331),Facility,83972.0,2020
Northwest Hardwoods Inc. - Longview,2023,Wood Products,Lumber Mills,321113,Sawmills,Littlejohn & Co. LLC,Longview,Cowlitz,Southwest Clean Air Agency,"8,358","4,756","3,535",11,57,0,0,0,0,,1,"46.114537, -122.916806",,Reporter,POINT (-122.916806 46.114537),Facility,8358.0,2023
CenTrio Energy Seattle LLC - Seattle,2024,Power Plants,"Other Power, Heating, or Cooling Plants",221330,Steam and Air-Conditioning Supply,CENTRIO ENERGY SEATTLE LLC,Seattle,King,Puget Sound Clean Air Agency,"65,444",0,"65,376",31,37,0,0,0,0,,2,"47.606800, -122.340179","65,444",Covered Entity,POINT (-122.340179 47.6068),Facility,65444.0,2024
Fairchild AFB - Spokane Co.,2012,Government,National Security,928110,National Security,US Government,Fairchild Air Force Base,Spokane,Spokane Regional Clean Air Agency,"13,693",0,"13,679",7,8,0,0,0,0,,1,"47.641332, -117.644832",,,POINT (-117.644832 47.641332),Facility,13693.0,2012
Grays Harbor Energy Center - Elma,2021,Power Plants,Natural Gas Turbine Plants,221112,Fossil Fuel Electric Power Generation,Invenergy Investment Company LLC,Elma,Grays Harbor,EFSEC,"1,367,817",0,"1,366,428",634,755,0,0,0,0,,4,"46.9688, -123.48",,,POINT (-123.48 46.9688),Facility,1367817.0,2021
Puget Sound Energy - Ferndale Generating Station - Ferndale,2019,Power Plants,Natural Gas Turbine Plants,221112,Fossil Fuel Electric Power Generation,Puget Holdings LLC,Ferndale,Whatcom,Northwest Clean Air Agency,"478,280",0,"477,794",222,264,0,0,0,0,,3,"48.828707, -122.685533",,,POINT (-122.685533 48.828707),Facility,478280.0,2019
HF Sinclair Puget Sound Refinery LLC - Anacortes,2015,Petroleum Systems,Petroleum Refineries,324110,Petroleum Refineries,HollyFrontier Puget Sound Refining LLC,Anacortes,Skagit,Northwest Clean Air Agency,"1,946,822",0,"1,935,359","7,078","4,385",0,0,0,0,Assigned Emissions Level,4,"48.470931, -122.559161",,,POINT (-122.559161 48.470931),Facility,1946822.0,2015
"Gas Transmission Northwest Compressor Station 8, LLC -Wallula",2018,Natural Gas Systems,Natural Gas Transmission/Compression,486210,Pipeline Transportation of Natural Gas,TransCanada Northern Border Inc.,Wallula,Walla Walla,Ecology: Eastern Regional Office,"127,685",0,"127,153",460,72,0,0,0,0,,3,"46.053153, -118.843934",,,POINT (-118.843934 46.053153),Facility,127685.0,2018
Cosmo Specialty Fibers Inc - Cosmopolis,2014,Pulp and Paper,Sulfite Mills,322110,Pulp Mills,Cosmo Specialty Fibers Inc.,Cosmopolis,Grays Harbor,Ecology: Industrial Section,"480,378","451,065","22,511","4,768","2,033",0,0,0,0,,3,"46.952907, -123.76211",,,POINT (-123.76211 46.952907),Facility,480378.0,2014
DH Feeders - Eltopia,2012,Livestock,Cattle Feedlots,112112,Cattle Feedlots,Easterday Ranches,Eltopia,Franklin,Ecology: Eastern Regional Office,"14,673",0,673,"1,069","12,932",0,0,0,0,,1,"46.50919, -118.881203",,,POINT (-118.881203 46.50919),Facility,14673.0,2012
Boeing Commercial Airplanes - Everett,2013,Manufacturing,Transportation Industry,336411,Aircraft Manufacturing,The Boeing Company,Everett,Snohomish,Puget Sound Clean Air Agency,"73,643",0,"73,567",35,41,0,0,0,0,,2,"47.918622, -122.276987",,,POINT (-122.276987 47.918622),Facility,73643.0,2013
Boulder Park Generating Station - Spokane Valley,2015,Power Plants,"Other Power, Heating, or Cooling Plants",221112,Fossil Fuel Electric Power Generation,Avista Corp.,Spokane Valley,Spokane,Spokane Regional Clean Air Agency,"10,952",0,"10,941",5,6,0,0,0,0,,1,"47.696999, -117.147223",,,POINT (-117.147223 47.696999),Facility,10952.0,2015
Roosevelt Regional Landfill - Roosevelt,2019,Waste,Landfills,562212,Solid Waste Landfill,"Republic Services, Inc.",Roosevelt,Klickitat,Ecology: Central Regional Office,"241,511",0,273,"241,238",1,0,0,0,0,,3,"45.807146, -120.179785",,,POINT (-120.179785 45.807146),Facility,241511.0,2019
LRI Landfill - Graham,2017,Waste,Landfills,562212,Solid Waste Landfill,Waste Connections Inc.,Graham,Pierce,Puget Sound Clean Air Agency,"132,924",0,0,"132,924",0,0,0,0,0,,3,"46.972405, -122.292799",,,POINT (-122.292799 46.972405),Facility,132924.0,2017
Puget Sound Energy - Mint Farm Generating Station - Longview,2014,Power Plants,Natural Gas Turbine Plants,221112,Fossil Fuel Electric Power Generation,Puget Holdings LLC,Longview,Cowlitz,Southwest Clean Air Agency,"508,640",0,"508,124",236,281,0,0,0,0,,3,"46.140095, -122.985138",,,POINT (-122.985138 46.140095),Facility,508640.0,2014
Terrace Heights Landfill - Yakima,2020,Waste,Landfills,562212,Solid Waste Landfill,Yakima County Public Services - Solid Waste Division,Yakima,Yakima,Yakima Regional Clean Air Agency,"122,903",0,19,"122,884",0,0,0,0,0,,3,"46.610031, -120.39408",,,POINT (-120.39408 46.610031),Facility,122903.0,2020
Northwest Pipeline C/S - Chehalis,2024,Natural Gas Systems,Natural Gas Transmission/Compression,486210,Pipeline Transportation of Natural Gas,THE WILLIAMS COS INC,Chehalis,Lewis,Southwest Clean Air Agency,"29,868",0,"28,699","1,153",16,0,0,0,0,,2,"46.533325, -122.873730","29,868",Covered Entity,POINT (-122.87373 46.533325),Facility,29868.0,2024
Waste Management Greater Wenatchee Regional Landfill - East Wenatchee,2012,Waste,Landfills,562212,Solid Waste Landfill,Waste Management Inc.,East Wenatchee,Douglas,Ecology: Central Regional Office,"36,141",0,0,"36,141",0,0,0,0,0,,2,"47.405083, -120.167444",,,POINT (-120.167444 47.405083),Facility,36141.0,2012
Frito Lay - Vancouver,2013,Food Production,Other Food Products,311919,Other Snack Food Manufacturing,PepsiCo Inc,Vancouver,Clark,Southwest Clean Air Agency,"15,212",0,"15,196",7,9,0,0,0,0,,1,"45.657037, -122.692",,,POINT (-122.692 45.657037),Facility,15212.0,2013
Cascade Hardwood LLC - Chehalis,2022,Wood Products,Lumber Mills,321113,Sawmills,Cascade Hardwood LLC,Chehalis,Lewis,Southwest Clean Air Agency,"8,998","8,872",7,17,102,0,0,0,0,,1,"46.635062, -122.930338",,,POINT (-122.930338 46.635062),Facility,8998.0,2022
Spokane Waste to Energy Facility - Spokane,2018,Power Plants,"Other Power, Heating, or Cooling Plants",562213,Solid Waste Combustors and Incinerators,City of Spokane,Spokane,Spokane,Spokane Regional Clean Air Agency,"232,667","137,991","89,558","1,996","3,122",0,0,0,0,,3,"47.626529, -117.504278",,,POINT (-117.504278 47.626529),Facility,232667.0,2018
Frito Lay - Vancouver,2023,Food Production,Other Food Products,311919,Other Snack Food Manufacturing,PepsiCo Inc,Vancouver,Clark,Southwest Clean Air Agency,"13,363",0,"13,350",6,7,0,0,0,0,,1,"45.657037, -122.692",,Reporter,POINT (-122.692 45.657037),Facility,13363.0,2023
Western Washington University - Bellingham,2023,Government,Education,611310,"Colleges, Universities, and Professional Schools",Western Washington University,Bellingham,Whatcom,Northwest Clean Air Agency,"11,165",0,"11,154",5,6,0,0,0,0,,1,"48.736499, -122.484714",,Reporter,POINT (-122.484714 48.736499),Facility,11165.0,2023
Marathon Anacortes Refinery - Anacortes,2017,Petroleum Systems,Petroleum Refineries,324110,Petroleum Refineries,Marathon Petroleum Corp,Anacortes,Skagit,Northwest Clean Air Agency,"1,359,656",0,"1,353,878","2,293","3,485",0,0,0,0,,4,"48.493816, -122.564845",,,POINT (-122.564845 48.493816),Facility,1359656.0,2017
"SGL Carbon, LLC - Moses Lake",2019,Manufacturing,Transportation Industry,335991,Carbon and Graphite Product Manufacturing,SGL Automotive Carbon Fibers LLC,Moses Lake,Grant,Ecology: Eastern Regional Office,"12,398",0,"12,386",6,7,0,0,0,0,,1,"47.208993, -119.285437",,,POINT (-119.285437 47.208993),Facility,12398.0,2019
Spokane Waste to Energy Facility - Spokane,2023,Power Plants,"Other Power, Heating, or Cooling Plants",562213,Solid Waste Combustors and Incinerators,City of Spokane,Spokane,Spokane,Spokane Regional Clean Air Agency,"232,129","131,530","95,490","1,992","3,116",0,0,0,0,,3,"47.626529, -117.504278",,Reporter,POINT (-117.504278 47.626529),Facility,232129.0,2023
Darigold - Chehalis,2020,Food Production,Dairy Products,311514,"Dry, Condensed, and Evaporated Dairy Product Manufacturing",Darigold Inc.,Chehalis,Lewis,Southwest Clean Air Agency,"12,635",0,"12,622",6,7,0,0,0,0,,1,"46.659952, -122.970162",,,POINT (-122.970162 46.659952),Facility,12635.0,2020
Sierra Pacific Industries - Centralia,2015,Wood Products,Lumber Mills,321113,Sawmills,Sierra Pacific Industries,Centralia,Lewis,Southwest Clean Air Agency,"40,254","39,724",0,76,454,0,0,0,0,,2,"46.756413, -122.995433",,,POINT (-122.995433 46.756413),Facility,40254.0,2015
Alcoa Intalco Works - Ferndale,2012,Metals,Aluminum Production,331312,Primary Aluminum Production,Alcoa Corp.,Ferndale,Whatcom,Ecology: Industrial Section,"1,146,835",0,"412,832","11,814",30,0,"722,159",0,0,PFC emissions based on old source test information.,4,"48.8455, -122.7055",,,POINT (-122.7055 48.8455),Facility,1146835.0,2012
Okanogan County Central Landfill - Okanogan,2023,Waste,Landfills,562212,Solid Waste Landfill,Okanogan County,Okanogan,Okanogan,Ecology: Central Regional Office,"17,803",0,0,"17,803",0,0,0,0,0,,1,"48.341148, -119.620109",,Reporter,POINT (-119.620109 48.341148),Facility,17803.0,2023
Central Washington University - Ellensburg,2018,Government,Education,611310,"Colleges, Universities, and Professional Schools",State of Washington,Ellensburg,Kittitas,Ecology: Central Regional Office,"13,485",0,"13,471",7,8,0,0,0,0,,1,"47.003202, -120.544513",,,POINT (-120.544513 47.003202),Facility,13485.0,2018
Bonneville Power Administration - WA Only - statewide,2012,Power Plants,Electrical Transmission and Distribution,221121,Electric Bulk Power Transmission and Control,US Government,Vancouver,Clark,Southwest Clean Air Agency,"26,927",0,0,0,0,0,0,"26,927",0,,2,"45.661178, -122.658608",,,POINT (-122.658608 45.661178),Facility,26927.0,2012
Sonoco Products - Sumner,2016,Pulp and Paper,Other Pulp and Paper,322130,Paperboard Mills,Sonoco Products Company,Sumner,Pierce,Puget Sound Clean Air Agency,"13,941",0,"13,927",7,8,0,0,0,0,,1,"47.210641, -122.239474",,,POINT (-122.239474 47.210641),Facility,13941.0,2016
Pasco Processing LLC - Pasco,2022,Food Production,Other Food Products,311991,Perishable Prepared Food Manufacturing,Oregon Potato Co.,Pasco,Franklin,Ecology: Eastern Regional Office,"16,718",0,"16,701",8,9,0,0,0,0,,1,"46.28274, -119.097528",,,POINT (-119.097528 46.28274),Facility,16718.0,2022
Keyes Fibre Corporation - Wenatchee,2016,Pulp and Paper,Other Pulp and Paper,322299,All Other Converted Paper Product Manufacturing,Tekni-Plex Wenatchee Fiber Consumer Porducts,Wenatchee,Chelan,Ecology: Central Regional Office,"18,426",0,"18,407",9,10,0,0,0,0,,1,"47.485987, -120.316363",,,POINT (-120.316363 47.485987),Facility,18426.0,2016
Avista Corporation - WA State DOE Reporting - statewide,2017,Natural Gas Systems,Natural Gas Local Distribution Companies,221121,Electric Bulk Power Transmission and Control,Avista Corp.,Spokane,Spokane,Spokane Regional Clean Air Agency,"17,779",0,19,"15,596",0,0,0,"2,164",0,,1,"47.673486, -117.388514",,,POINT (-117.388514 47.673486),Facility,17779.0,2017
REC Solar Grade Silicon - Moses Lake,2016,Metals,Other Metals,331410,Primary Smelting and Refining of Nonferrous Metal (except Copper and Aluminum),REC Silicon,Moses Lake,Grant,Ecology: Eastern Regional Office,"59,434",0,"59,373",28,33,0,0,0,0,,2,"47.138359, -119.200383",,,POINT (-119.200383 47.138359),Facility,59434.0,2016
Sonoco Products - Sumner,2023,Pulp and Paper,Other Pulp and Paper,322130,Paperboard Mills,Sonoco Products Company,Sumner,Pierce,Puget Sound Clean Air Agency,"10,985",0,"10,974",5,6,0,0,0,0,,1,"47.210641, -122.239474",,Reporter,POINT (-122.239474 47.210641),Facility,10985.0,2023
Puget Sound Energy - Sumas Generating Station - Sumas,2018,Power Plants,Natural Gas Turbine Plants,221112,Fossil Fuel Electric Power Generation,Puget Holdings LLC,Sumas,Whatcom,Northwest Clean Air Agency,"131,166",0,"131,033",61,72,0,0,0,0,,3,"48.9905, -122.2733",,,POINT (-122.2733 48.9905),Facility,131166.0,2018
Cascade Hardwood LLC - Chehalis,2017,Wood Products,Lumber Mills,321113,Sawmills,Cascade Hardwood LLC,Chehalis,Lewis,Southwest Clean Air Agency,"10,989","10,840",5,21,124,0,0,0,0,First reporting year.,1,"46.635062, -122.930338",,,POINT (-122.930338 46.635062),Facility,10989.0,2017
Starbucks Kent Flexible Plant - Kent,2019,Food Production,Other Food Products,311920,Coffee and Tea Manufacturing,Starbucks Corp.,Kent,King,Puget Sound Clean Air Agency,"13,175",0,"13,161",6,7,0,0,0,0,,1,"47.436276, -122.237648",,,POINT (-122.237648 47.436276),Facility,13175.0,2019
Hampton Lumber Mills Washington Inc. - Randle,2012,Wood Products,Lumber Mills,321113,Sawmills,Hampton Lumber Mills Washington Inc.,Randle,Lewis,Southwest Clean Air Agency,"50,381","49,302",0,421,658,0,0,0,0,,2,"46.533743, -121.917906",,,POINT (-121.917906 46.533743),Facility,50381.0,2012
Hampton Lumber Mills Washington Inc. - Darrington,2018,Wood Products,Lumber Mills,321113,Sawmills,Hampton Lumber Mills Washington Inc.,Darrington,Snohomish,Puget Sound Clean Air Agency,"86,688","85,545",0,164,978,0,0,0,0,,2,"48.262797, -121.597608",,,POINT (-121.597608 48.262797),Facility,86688.0,2018
Hidden Valley Landfill - Puyallup,2020,Waste,Landfills,562212,Solid Waste Landfill,Waste Connections US Inc.,Puyallup,Pierce,Puget Sound Clean Air Agency,"4,956",0,0,"4,956",0,0,0,0,0,Voluntary reporter.,1,"47.095, -122.2878",,,POINT (-122.2878 47.095),Facility,4956.0,2020
Grant County Landfill 1 - Ephrata,2019,Waste,Landfills,562212,Solid Waste Landfill,Grant County Washington,Ephrata,Grant,Ecology: Eastern Regional Office,"49,368",0,0,"49,368",0,0,0,0,0,,2,"47.270759, -119.573764",,,POINT (-119.573764 47.270759),Facility,49368.0,2019
CertainTeed Gypsum - Seattle,2023,Manufacturing,Building Products,327420,Gypsum Product Manufacturing,Saint-Gobain Corporation,Seattle,King,Puget Sound Clean Air Agency,"55,645",0,"55,587",26,31,0,0,0,0,,2,"47.548056, -122.336944","55,645",Covered Entity,POINT (-122.336944 47.548056),Facility,55645.0,2023
TSMC Washington LLC - Camas,2015,Manufacturing,Electronics Industry,334413,Semiconductor and Related Device Manufacturing,TSMC WASHINGTON LLC,Camas,Clark,Southwest Clean Air Agency,"165,975",0,"13,050",6,"7,355","10,089","75,760","38,847","20,868","Assigned Emissions Level, Formerly reporting as WaferTech LLC - Camas.",3,"45.619569, -122.454955",,,POINT (-122.454955 45.619569),Facility,165975.0,2015
HF Sinclair Puget Sound Refinery LLC - Anacortes,2022,Petroleum Systems,Petroleum Refineries,324110,Petroleum Refineries,HollyFrontier Puget Sound Refining LLC,Anacortes,Skagit,Northwest Clean Air Agency,"1,907,858",0,"1,897,429","6,435","3,994",0,0,0,0,,4,"48.470931, -122.559161",,,POINT (-122.559161 48.470931),Facility,1907858.0,2022
Riverside Feeders SFL - Kennewick,2020,Livestock,Cattle Feedlots,112112,Cattle Feedlots,Easterday Ranches,Kennewick,Benton,Benton Clean Air Agency,"19,610",0,"2,294","1,343","15,974",0,0,0,0,,1,"45.991872, -119.136497",,,POINT (-119.136497 45.991872),Facility,19610.0,2020
Ardagh Glass Inc. - Seattle,2020,Minerals,Glass Production,327213,Glass Container Manufacturing,Ardagh Holdings USA Inc.,Seattle,King,Puget Sound Clean Air Agency,"58,653",0,"58,607",21,25,0,0,0,0,,2,"47.55242, -122.33739",,,POINT (-122.33739 47.55242),Facility,58653.0,2020
Cheyne Landfill - Zillah,2013,Waste,Landfills,562212,Solid Waste Landfill,Yakima County Public Services,Zillah,Yakima,Yakima Regional Clean Air Agency,"31,807",0,0,"31,807",0,0,0,0,0,,2,"46.4785, -120.2688",,,POINT (-120.2688 46.4785),Facility,31807.0,2013
Lamb Weston - Connell,2013,Food Production,Potato Products,311411,"Frozen Fruit, Juice, and Vegetable Manufacturing","Lamb Weston, Inc.",Connell,Franklin,Ecology: Eastern Regional Office,"39,841",0,"39,800",19,22,0,0,0,0,,2,"46.651389, -118.871944",,,POINT (-118.871944 46.651389),Facility,39841.0,2013
Frito Lay - Vancouver,2018,Food Production,Other Food Products,311919,Other Snack Food Manufacturing,PepsiCo Inc,Vancouver,Clark,Southwest Clean Air Agency,"16,728",0,"16,711",8,9,0,0,0,0,,1,"45.657037, -122.692",,,POINT (-122.692 45.657037),Facility,16728.0,2018
Puget Sound Energy - Whitehorn Generating Station - Blaine,2012,Power Plants,Natural Gas Turbine Plants,221112,Fossil Fuel Electric Power Generation,Puget Holdings LLC,Blaine,Whatcom,Northwest Clean Air Agency,"27,310",0,"27,279",14,18,0,0,0,0,,2,"48.885475, -122.724299",,,POINT (-122.724299 48.885475),Facility,27310.0,2012
Puget Sound Energy LDC Facility - Bellevue,2013,Natural Gas Systems,Natural Gas Local Distribution Companies,221210,Natural Gas Distribution,Puget Holdings LLC,Bellevue,King,Puget Sound Clean Air Agency,"61,069",0,74,"60,996",0,0,0,0,0,,2,"47.61345, -122.19454",,,POINT (-122.19454 47.61345),Facility,61069.0,2013
Great Western Malt - Vancouver,2016,Food Production,Other Food Products,311213,Malt Manufacturing,Great Western Malt,Vancouver,Clark,Southwest Clean Air Agency,"17,085",0,"17,067",8,10,0,0,0,0,,1,"45.631069, -122.690043",,,POINT (-122.690043 45.631069),Facility,17085.0,2016
The Boeing Company - Renton,2022,Manufacturing,Transportation Industry,336411,Aircraft Manufacturing,The Boeing Company,Renton,King,Puget Sound Clean Air Agency,"18,973",0,"18,953",9,11,0,0,0,0,,1,"47.498257, -122.211346",,,POINT (-122.211346 47.498257),Facility,18973.0,2022
Georgia-Pacific Consumer Operations LLC - Camas,2022,Pulp and Paper,Kraft Mills,322120,Paper Mills,Koch Industries Inc.,Camas,Clark,Ecology: Industrial Section,"49,553",0,"43,916","5,613",25,0,0,0,0,,2,"45.584271, -122.40843",,,POINT (-122.40843 45.584271),Facility,49553.0,2022
Northwest Pipeline C/S - Goldendale,2024,Natural Gas Systems,Natural Gas Transmission/Compression,486210,Pipeline Transportation of Natural Gas,THE WILLIAMS COS INC,Goldendale,Klickitat,Ecology: Central Regional Office,"17,159",0,"14,665","2,486",8,0,0,0,0,,1,"45.771216, -120.799267","17,159",Covered Entity,POINT (-120.799267 45.771216),Facility,17159.0,2024
Spokane Waste to Energy Facility - Spokane,2013,Power Plants,"Other Power, Heating, or Cooling Plants",562213,Solid Waste Combustors and Incinerators,City of Spokane,Spokane,Spokane,Spokane Regional Clean Air Agency,"244,932","140,268","99,262","2,106","3,295",0,0,0,0,,3,"47.626529, -117.504278",,,POINT (-117.504278 47.626529),Facility,244932.0,2013
Ascensus Specialties LLC - Elma,2014,Chemicals,Other Chemicals,325180,Other Basic Inorganic Chemical Manufacturing,VSI Holdings LLC,Elma,Grays Harbor,Olympic Region Clean Air Agency,"21,231",0,"21,209",10,12,0,0,0,0,,1,"46.995459, -123.382316",,,POINT (-123.382316 46.995459),Facility,21231.0,2014
McKinley Paper Co. - Washington Mill - Port Angeles,2015,Pulp and Paper,Other Pulp and Paper,322121,Paper (except Newsprint) Mills,McKinley Paper Co.,Port Angeles,Clallam,Olympic Region Clean Air Agency,"223,631","214,771","1,633","4,767","2,460",0,0,0,0,,3,"48.134623, -123.467524",,,POINT (-123.467524 48.134623),Facility,223631.0,2015
Horn Rapids Sanitary Landfill - Richland,2022,Waste,Landfills,562212,Solid Waste Landfill,City of Richland,Richland,Benton,Benton Clean Air Agency,"44,238","4,842",0,"39,379",18,0,0,0,0,,2,"46.346663, -119.348118",,,POINT (-119.348118 46.346663),Facility,44238.0,2022
Milne Fruit Products - Prosser,2018,Food Production,Fruit Products,311411,"Frozen Fruit, Juice, and Vegetable Manufacturing",Milne Fruit Products,Prosser,Benton,Benton Clean Air Agency,"11,456",0,"11,444",6,7,0,0,0,0,,1,"46.202562, -119.775527",,,POINT (-119.775527 46.202562),Facility,11456.0,2018
Darigold - Chehalis,2016,Food Production,Dairy Products,311514,"Dry, Condensed, and Evaporated Dairy Product Manufacturing",Darigold Inc.,Chehalis,Lewis,Southwest Clean Air Agency,"13,621",0,"13,608",6,7,0,0,0,0,,1,"46.659952, -122.970162",,,POINT (-122.970162 46.659952),Facility,13621.0,2016
Northwest Pipeline C/S - Washougal,2013,Natural Gas Systems,Natural Gas Transmission/Compression,486210,Pipeline Transportation of Natural Gas,"The Williams Companies, Inc.",Washougal,Clark,Southwest Clean Air Agency,"25,393",0,"20,514","4,867",12,0,0,0,0,,2,"45.63236, -122.36516",,,POINT (-122.36516 45.63236),Facility,25393.0,2013
SDS Lumber Company - Bingen,2021,Wood Products,Lumber Mills,321113,Sawmills,SDS Lumber Company,Bingen,Klickitat,Ecology: Central Regional Office,"43,297","42,601",127,82,487,0,0,0,0,,2,"45.713913, -121.468688",,,POINT (-121.468688 45.713913),Facility,43297.0,2021
Cheyne Landfill - Zillah,2018,Waste,Landfills,562212,Solid Waste Landfill,Yakima County Public Services,Zillah,Yakima,Yakima Regional Clean Air Agency,"38,861",0,0,"38,861",0,0,0,0,0,,2,"46.4785, -120.2688",,,POINT (-120.2688 46.4785),Facility,38861.0,2018
Inland Empire Paper Company - Spokane,2015,Pulp and Paper,Other Pulp and Paper,322122,Newsprint Mills,Cowles Publishing Co.,Spokane,Spokane,Spokane Regional Clean Air Agency,"29,097","17,731","11,118",39,209,0,0,0,0,,2,"47.688295, -117.279323",,,POINT (-117.279323 47.688295),Facility,29097.0,2015
TSMC Washington LLC - Camas,2020,Manufacturing,Electronics Industry,334413,Semiconductor and Related Device Manufacturing,TSMC WASHINGTON LLC,Camas,Clark,Southwest Clean Air Agency,"104,942",0,"14,148",7,"6,812","10,531","33,555","11,758","28,131",Formerly reporting as WaferTech LLC - Camas.,3,"45.619569, -122.454955",,,POINT (-122.454955 45.619569),Facility,104942.0,2020
"Interfor US, Inc. - Port Angeles",2019,Wood Products,Lumber Mills,321113,Sawmills,Interfor US Inc.,Port Angeles,Clallam,Olympic Region Clean Air Agency,"41,886","41,334",0,79,473,0,0,0,0,,2,"48.103425, -123.518642",,,POINT (-123.518642 48.103425),Facility,41886.0,2019
"Vaagen Bros. Lumber, Inc. - Colville",2016,Wood Products,Lumber Mills,321999,All Other Miscellaneous Wood Product Manufacturing,Vaagen Bros. Lumber Inc.,Colville,Stevens,Ecology: Eastern Regional Office,"41,269","40,723",3,78,466,0,0,0,0,,2,"48.548525, -117.915469",,,POINT (-117.915469 48.548525),Facility,41269.0,2016
Simplot Feeders LTD. - Burbank,2017,Livestock,Cattle Feedlots,112112,Cattle Feedlots,J.R. Simplot Company,Burbank,Walla Walla,Ecology: Eastern Regional Office,"28,791",0,0,"2,077","26,714",0,0,0,0,,2,"46.133131, -118.90629",,,POINT (-118.90629 46.133131),Facility,28791.0,2017
Avista Corporation - WA State DOE Reporting - statewide,2012,Natural Gas Systems,Natural Gas Local Distribution Companies,221121,Electric Bulk Power Transmission and Control,Avista Corp.,Spokane,Spokane,Spokane Regional Clean Air Agency,"18,573",0,18,"12,698",0,0,0,"5,857",0,,1,"47.673486, -117.388514",,,POINT (-117.388514 47.673486),Facility,18573.0,2012
"Gas Transmission Northwest Compressor Station 6, LLC - Rosalia",2020,Natural Gas Systems,Natural Gas Transmission/Compression,486210,Pipeline Transportation of Natural Gas,TransCanada Northern Border Inc.,Rosalia,Whitman,Spokane Regional Clean Air Agency,"100,382",0,"99,736",590,56,0,0,0,0,,3,"47.277256, -117.406737",,,POINT (-117.406737 47.277256),Facility,100382.0,2020
Darigold - Lynden,2012,Food Production,Dairy Products,311514,"Dry, Condensed, and Evaporated Dairy Product Manufacturing",Darigold Inc.,Lynden,Whatcom,Northwest Clean Air Agency,"17,342",0,"17,324",8,10,0,0,0,0,,1,"48.947567, -122.451915",,,POINT (-122.451915 48.947567),Facility,17342.0,2012
REG Grays Harbor LLC - Hoquiam,2016,Petroleum Systems,Other Petroleum Systems,325199,All Other Basic Organic Chemical Manufacturing,Chevron Corporation,Hoquiam,Grays Harbor,Olympic Region Clean Air Agency,"18,051",0,"18,032",9,10,0,0,0,0,,1,"46.968196, -123.853622",,,POINT (-123.853622 46.968196),Facility,18051.0,2016
Boulder Park Generating Station - Spokane Valley,2020,Power Plants,"Other Power, Heating, or Cooling Plants",221112,Fossil Fuel Electric Power Generation,Avista Corp.,Spokane Valley,Spokane,Spokane Regional Clean Air Agency,"23,578",0,"23,554",11,13,0,0,0,0,,1,"47.696999, -117.147223",,,POINT (-117.147223 47.696999),Facility,23578.0,2020
The Boeing Company - Fabrication (Frederickson Site) - Puyallup,2016,Manufacturing,Transportation Industry,336411,Aircraft Manufacturing,The Boeing Company,Puyallup,Pierce,Puget Sound Clean Air Agency,"19,831",0,"19,811",9,11,0,0,0,0,,1,"47.088831, -122.34862",,,POINT (-122.34862 47.088831),Facility,19831.0,2016
McKinley Paper Co. - Washington Mill - Port Angeles,2012,Pulp and Paper,Other Pulp and Paper,322121,Paper (except Newsprint) Mills,McKinley Paper Co.,Port Angeles,Clallam,Olympic Region Clean Air Agency,"117,631","109,231","1,724","5,214","1,462",0,0,0,0,,3,"48.134623, -123.467524",,,POINT (-123.467524 48.134623),Facility,117631.0,2012
Stevens County Landfill - Kettle Falls,2024,Waste,Landfills,562212,Solid Waste Landfill,STEVENS COUNTY,Kettle Falls,Stevens,Ecology: Eastern Regional Office,"8,269","1,570",0,"6,693",6,0,0,0,0,,1,"48.580583, -118.087594",,Reporter,POINT (-118.087594 48.580583),Facility,8269.0,2024
NW Natural - Portland,2017,Natural Gas Systems,Natural Gas Local Distribution Companies,221210,Natural Gas Distribution,NW Natural,Portland,Multnomah,Southwest Clean Air Agency,"8,183",0,10,"8,173",0,0,0,0,0,Last year reporting.,1,"45.516631, -122.675749",,,POINT (-122.675749 45.516631),Facility,8183.0,2017
Basic American Foods - Moses Lake,2012,Food Production,Potato Products,311423,Dried and Dehydrated Food Manufacturing,Basic American Inc.,Moses Lake,Grant,Ecology: Eastern Regional Office,"28,205",0,"28,176",13,16,0,0,0,0,,2,"47.075183, -119.220408",,,POINT (-119.220408 47.075183),Facility,28205.0,2012
Northwest Pipeline Roosevelt C/S - Bickleton,2020,Natural Gas Systems,Natural Gas Transmission/Compression,486210,Pipeline Transportation of Natural Gas,"The Williams Companies, Inc.",Bickleton,Klickitat,Ecology: Central Regional Office,"22,628",0,"19,805","2,812",11,0,0,0,0,,1,"45.849504, -120.08083",,,POINT (-120.08083 45.849504),Facility,22628.0,2020
Cathcart Landfill - Snohomish,2019,Waste,Landfills,562212,Solid Waste Landfill,Snohomish County,Snohomish,Snohomish,Puget Sound Clean Air Agency,"33,268",0,231,"33,037",0,0,0,0,0,,2,"47.870014, -122.118284",,,POINT (-122.118284 47.870014),Facility,33268.0,2019
Northwest Hardwoods Inc. - Longview,2014,Wood Products,Lumber Mills,321113,Sawmills,Littlejohn & Co. LLC,Longview,Cowlitz,Southwest Clean Air Agency,"14,160","9,336","4,694",20,109,0,0,0,0,,1,"46.114537, -122.916806",,,POINT (-122.916806 46.114537),Facility,14160.0,2014
Tree Top - Selah Campus,2012,Food Production,Fruit Products,311423,Dried and Dehydrated Food Manufacturing,Tree Top Inc.,Selah,Yakima,Yakima Regional Clean Air Agency,"17,458",0,"17,440",8,10,0,0,0,0,,1,"46.64992, -120.52755",,,POINT (-120.52755 46.64992),Facility,17458.0,2012
"Boise Cascade Wood Products, LLC.  Kettle Falls Lumber - Kettle Falls",2015,Wood Products,Lumber Mills,321912,"Cut Stock, Resawing Lumber, and Planing",Boise Cascade Company,Kettle Falls,Stevens,Ecology: Eastern Regional Office,"57,294","56,539",0,109,647,0,0,0,0,,2,"48.609799, -118.067441",,,POINT (-118.067441 48.609799),Facility,57294.0,2015
Puget Sound Energy T&D - statewide,2012,Power Plants,Electrical Transmission and Distribution,221122,Electric Power Distribution,Puget Holdings LLC,Bellevue,King,Puget Sound Clean Air Agency,"12,271",0,0,0,0,0,0,"12,271",0,,1,"47.61345, -122.19454",,,POINT (-122.19454 47.61345),Facility,12271.0,2012
"Bio Energy Washington, LLC - Maple Valley",2015,Power Plants,"Other Power, Heating, or Cooling Plants",221119,Other Electric Power Generation,Bio Energy Washington,Maple Valley,King,Puget Sound Clean Air Agency,"30,714","29,156","1,403",46,108,0,0,0,0,,2,"47.455871, -122.041817",,,POINT (-122.041817 47.455871),Facility,30714.0,2015
Northwest Pipeline C/S - Mount Vernon,2013,Natural Gas Systems,Natural Gas Transmission/Compression,486210,Pipeline Transportation of Natural Gas,"The Williams Companies, Inc.",Mount Vernon,Skagit,Northwest Clean Air Agency,"27,886",0,"23,329","4,543",13,0,0,0,0,,2,"48.421967, -122.21547",,,POINT (-122.21547 48.421967),Facility,27886.0,2013
Northwest Pipeline C/S - Mount Vernon,2023,Natural Gas Systems,Natural Gas Transmission/Compression,486210,Pipeline Transportation of Natural Gas,"The Williams Companies, Inc.",Mount Vernon,Skagit,Northwest Clean Air Agency,"74,378",0,"72,462","1,875",41,0,0,0,0,,2,"48.421967, -122.21547","74,378",Covered Entity,POINT (-122.21547 48.421967),Facility,74378.0,2023
Avista Corporation LDC - WA - statewide,2018,Natural Gas Systems,Natural Gas Local Distribution Companies,221210,Natural Gas Distribution,Avista Corp.,Spokane,Spokane,Spokane Regional Clean Air Agency,"15,762",0,19,"15,743",0,0,0,0,0,,1,"47.673662, -117.388735",,,POINT (-117.388735 47.673662),Facility,15762.0,2018
SDS Lumber Company - Bingen,2022,Wood Products,Lumber Mills,321113,Sawmills,SDS Lumber Company,Bingen,Klickitat,Ecology: Central Regional Office,"47,223","46,423",180,89,531,0,0,0,0,,2,"45.713913, -121.468688",,,POINT (-121.468688 45.713913),Facility,47223.0,2022
The Boeing Company - Auburn Site - Auburn,2020,Manufacturing,Transportation Industry,336413,Other Aircraft Parts and Auxiliary Equipment Manufacturing,The Boeing Company,Auburn,King,Puget Sound Clean Air Agency,"34,964",0,"34,925",17,22,0,0,0,0,,2,"47.285551, -122.242298",,,POINT (-122.242298 47.285551),Facility,34964.0,2020
Puget Sound Energy - Goldendale Generating Station - Goldendale,2017,Power Plants,Natural Gas Turbine Plants,221112,Fossil Fuel Electric Power Generation,Puget Holdings LLC,Goldendale,Klickitat,Ecology: Central Regional Office,"415,075",0,"414,653",192,229,0,0,0,0,,3,"45.8114, -120.833",,,POINT (-120.833 45.8114),Facility,415075.0,2017
Steelscape - Kalama,2017,Metals,Other Metals,331221,Rolled Steel Shape Manufacturing,NS BlueScope USA LLC,Kalama,Cowlitz,Southwest Clean Air Agency,"25,217",0,"25,192",12,14,0,0,0,0,,2,"46.04326, -122.871703",,,POINT (-122.871703 46.04326),Facility,25217.0,2017
bp Cherry Point Refinery - Blaine,2024,Petroleum Systems,Petroleum Refineries,324110,Petroleum Refineries,BP AMERICA INC,Blaine,Whatcom,Northwest Clean Air Agency,"2,419,286",0,"2,407,277","6,728","5,281",0,0,0,0,,5,"48.886400, -122.735300","2,419,277",Covered Entity,POINT (-122.7353 48.8864),Facility,2419286.0,2024
Matheson - Anacortes,2017,Petroleum Systems,Other Petroleum Systems,325120,Industrial Gas Manufacturing,Linde Gas North America LLC,Anacortes,Skagit,Northwest Clean Air Agency,"35,843",0,"35,843",0,0,0,0,0,0,,2,"48.467646, -122.554343",,,POINT (-122.554343 48.467646),Facility,35843.0,2017
"El Oro Cattle Feeders, LLC - Moses Lake",2018,Livestock,Cattle Feedlots,112112,Cattle Feedlots,Agri Beef Co.,Moses Lake,Grant,Ecology: Eastern Regional Office,"26,710",0,0,"2,068","24,642",0,0,0,0,,2,"47.052176, -119.093815",,,POINT (-119.093815 47.052176),Facility,26710.0,2018
Guy Bennett Lumber Company - Clarkston,2021,Wood Products,Lumber Mills,321113,Sawmills,Bennett Lumber Products Inc.,Clarkston,Asotin,Ecology: Eastern Regional Office,"15,731","15,524",0,30,178,0,0,0,0,,1,"46.423108, -117.086487",,,POINT (-117.086487 46.423108),Facility,15731.0,2021
Lamb Weston - Richland,2019,Food Production,Potato Products,311411,"Frozen Fruit, Juice, and Vegetable Manufacturing","Lamb Weston, Inc.",Richland,Benton,Benton Clean Air Agency,"100,713","11,437","65,750","23,449",78,0,0,0,0,,3,"46.309314, -119.297267",,,POINT (-119.297267 46.309314),Facility,100713.0,2019
Tree Top - Prosser,2015,Food Production,Fruit Products,311411,"Frozen Fruit, Juice, and Vegetable Manufacturing",Tree Top Inc.,Prosser,Benton,Benton Clean Air Agency,"18,596",0,"18,577",9,10,0,0,0,0,,1,"46.21842, -119.73397",,,POINT (-119.73397 46.21842),Facility,18596.0,2015
Horn Rapids Sanitary Landfill - Richland,2017,Waste,Landfills,562212,Solid Waste Landfill,City of Richland,Richland,Benton,Benton Clean Air Agency,"18,036",0,0,"18,036",0,0,0,0,0,,1,"46.346663, -119.348118",,,POINT (-119.348118 46.346663),Facility,18036.0,2017
"Rainier Veneer, Inc. - Spanaway",2019,Wood Products,Other Wood Products,321212,Softwood Veneer and Plywood Manufacturing,Rainier Veneer Inc.,Spanaway,Pierce,Puget Sound Clean Air Agency,"14,399","12,519","1,712",25,144,0,0,0,0,,1,"47.062059, -122.318981",,,POINT (-122.318981 47.062059),Facility,14399.0,2019
Owens-Brockway Glass Container Inc Plant #2 - Kalama,2021,Minerals,Glass Production,327213,Glass Container Manufacturing,O-I Glass Inc.,Kalama,Cowlitz,Southwest Clean Air Agency,"26,528",0,"26,510",9,10,0,0,0,0,,2,"46.031656, -122.866241",,,POINT (-122.866241 46.031656),Facility,26528.0,2021
Cardinal FG Company - Winlock,2013,Minerals,Glass Production,327211,Flat Glass Manufacturing,Cardinal Glass Industries Inc.,Winlock,Lewis,Southwest Clean Air Agency,"102,904",0,"102,830",34,40,0,0,0,0,,3,"46.544937, -122.926313",,,POINT (-122.926313 46.544937),Facility,102904.0,2013
Kettle Falls Generating Station - Kettle Falls,2021,Power Plants,"Other Power, Heating, or Cooling Plants",221117,Biomass Electric Power Generation,Avista Corp.,Kettle Falls,Stevens,Ecology: Eastern Regional Office,"442,864","428,428","2,446","7,089","4,902",0,0,0,0,Formerly included Avista Landfill before 2023.,3,"48.620335, -118.110841",,,POINT (-118.110841 48.620335),Facility,442864.0,2021
Western Washington University - Bellingham,2024,Government,Education,611310,"Colleges, Universities, and Professional Schools",WESTERN WASHINGTON UNIVERSITY,Bellingham,Whatcom,Northwest Clean Air Agency,"11,495",0,"11,483",6,7,0,0,0,0,,1,"48.736499, -122.484714",,Reporter,POINT (-122.484714 48.736499),Facility,11495.0,2024
"SEH America, Inc - Vancouver",2018,Manufacturing,Electronics Industry,334413,Semiconductor and Related Device Manufacturing,SEH America Inc.,Vancouver,Clark,Southwest Clean Air Agency,"11,291",0,"11,279",5,6,0,0,0,0,,1,"45.649912, -122.553612",,,POINT (-122.553612 45.649912),Facility,11291.0,2018
"Vaagen Bros. Lumber, Inc. - Colville",2019,Wood Products,Lumber Mills,321999,All Other Miscellaneous Wood Product Manufacturing,Vaagen Bros. Lumber Inc.,Colville,Stevens,Ecology: Eastern Regional Office,"50,941","50,269",0,97,575,0,0,0,0,,2,"48.548525, -117.915469",,,POINT (-117.915469 48.548525),Facility,50941.0,2019
Sierra Pacific Industries - Burlington - Mount Vernon,2013,Wood Products,Lumber Mills,321113,Sawmills,Sierra Pacific Industries,Mount Vernon,Skagit,Northwest Clean Air Agency,"297,759","291,480","2,384",560,"3,335",0,0,0,0,,3,"48.448553, -122.434613",,,POINT (-122.434613 48.448553),Facility,297759.0,2013
H.W. Hill Landfill Gas Power Plant - Roosevelt,2018,Power Plants,"Other Power, Heating, or Cooling Plants",221119,Other Electric Power Generation,Public Utility District No. 1 of Klickitat County,Roosevelt,Klickitat,Ecology: Central Regional Office,"42,846","42,400",229,65,153,0,0,0,0,,2,"45.807765, -120.166354",,,POINT (-120.166354 45.807765),Facility,42846.0,2018
Tree Top - Prosser,2020,Food Production,Fruit Products,311411,"Frozen Fruit, Juice, and Vegetable Manufacturing",Tree Top Inc.,Prosser,Benton,Benton Clean Air Agency,"17,983",0,"17,964",9,10,0,0,0,0,,1,"46.21842, -119.73397",,,POINT (-119.73397 46.21842),Facility,17983.0,2020
River Road Generating Plant - Vancouver,2016,Power Plants,Natural Gas Turbine Plants,221112,Fossil Fuel Electric Power Generation,Clark Public Utilities,Vancouver,Clark,Southwest Clean Air Agency,"569,033",0,"568,455",264,314,0,0,0,0,,3,"45.64958, -122.724806",,,POINT (-122.724806 45.64958),Facility,569033.0,2016
"Analog Devices, Inc. - Camas",2018,Manufacturing,Electronics Industry,334413,Semiconductor and Related Device Manufacturing,Linear Technology Corporation,Camas,Clark,Southwest Clean Air Agency,"12,180",0,"1,834",1,"1,234","2,034","4,214","2,729",134,,1,"45.598844, -122.45232",,,POINT (-122.45232 45.598844),Facility,12180.0,2018
Air Liquide Electronics Moses Lake Hydrogen Plant,2015,Chemicals,Other Chemicals,325120,Industrial Gas Manufacturing,Air Liquide USA Inc.,Moses Lake,Grant,Ecology: Eastern Regional Office,"15,163",0,"15,163",0,0,0,0,0,0,,1,"47.135844, -119.19962",,,POINT (-119.19962 47.135844),Facility,15163.0,2015
University of Washington Seattle Campus - Seattle,2018,Government,Education,611310,"Colleges, Universities, and Professional Schools",State of Washington,Seattle,King,Puget Sound Clean Air Agency,"92,022",0,"91,926",44,52,0,0,0,0,,2,"47.653614, -122.303608",,,POINT (-122.303608 47.653614),Facility,92022.0,2018
King County Solid Waste Cedar Hills Landfill - Maple Valley,2014,Waste,Landfills,562212,Solid Waste Landfill,King County Solid Waste Division,Maple Valley,King,Puget Sound Clean Air Agency,"69,056",0,145,"68,911",0,0,0,0,0,Assigned emissions level: reported under obsolete method.,2,"47.462625, -122.046025",,,POINT (-122.046025 47.462625),Facility,69056.0,2014
Puget Sound Energy - Frederickson Generating Station - Tacoma,2016,Power Plants,Natural Gas Turbine Plants,221112,Fossil Fuel Electric Power Generation,Puget Holdings LLC,Tacoma,Pierce,Puget Sound Clean Air Agency,"30,296",0,"30,265",14,17,0,0,0,0,,2,"47.079716, -122.364711",,,POINT (-122.364711 47.079716),Facility,30296.0,2016
Seattle-Tacoma International Airport - Seattle,2018,Government,Other Government,488119,Other Airport Operations,Port of Seattle,Seattle,King,Puget Sound Clean Air Agency,"14,502",0,"14,487",7,8,0,0,0,0,,1,"47.443643, -122.302452",,,POINT (-122.302452 47.443643),Facility,14502.0,2018
Naval Air Station Whidbey Island - Oak Harbor,2018,Government,National Security,928110,National Security,US Government,Oak Harbor,Island,Northwest Clean Air Agency,"14,566",0,"14,550",7,9,0,0,0,0,,1,"48.345281, -122.669741",,,POINT (-122.669741 48.345281),Facility,14566.0,2018
Hampton Lumber Mills Washington Inc. - Morton,2016,Wood Products,Lumber Mills,321113,Sawmills,Hampton Lumber Mills Washington Inc.,Morton,Lewis,Southwest Clean Air Agency,"30,741","30,335",0,58,347,0,0,0,0,,2,"46.565997, -122.269573",,,POINT (-122.269573 46.565997),Facility,30741.0,2016
Darigold - Lynden,2017,Food Production,Dairy Products,311514,"Dry, Condensed, and Evaporated Dairy Product Manufacturing",Darigold Inc.,Lynden,Whatcom,Northwest Clean Air Agency,"17,624",0,"17,606",9,10,0,0,0,0,,1,"48.947567, -122.451915",,,POINT (-122.451915 48.947567),Facility,17624.0,2017
Lamb Weston - Richland,2014,Food Production,Potato Products,311411,"Frozen Fruit, Juice, and Vegetable Manufacturing","Lamb Weston, Inc.",Richland,Benton,Benton Clean Air Agency,"34,551",0,"34,516",16,19,0,0,0,0,,2,"46.309314, -119.297267",,,POINT (-119.297267 46.309314),Facility,34551.0,2014
The Boeing Company - Renton,2013,Manufacturing,Transportation Industry,336411,Aircraft Manufacturing,The Boeing Company,Renton,King,Puget Sound Clean Air Agency,"19,419",0,"19,400",9,11,0,0,0,0,,1,"47.498257, -122.211346",,,POINT (-122.211346 47.498257),Facility,19419.0,2013
Kettle Falls Generating Station - Kettle Falls,2016,Power Plants,"Other Power, Heating, or Cooling Plants",221117,Biomass Electric Power Generation,Avista Corp.,Kettle Falls,Stevens,Ecology: Eastern Regional Office,"479,582","464,930","2,590","6,743","5,319",0,0,0,0,Formerly included Avista Landfill before 2023.,3,"48.620335, -118.110841",,,POINT (-118.110841 48.620335),Facility,479582.0,2016
Puget Sound Energy - Ferndale Generating Station - Ferndale,2023,Power Plants,Natural Gas Turbine Plants,221112,Fossil Fuel Electric Power Generation,Puget Holdings LLC,Ferndale,Whatcom,Northwest Clean Air Agency,"715,257",0,"714,523",333,401,0,0,0,0,,3,"48.828707, -122.685533","715,246",Covered Entity,POINT (-122.685533 48.828707),Facility,715257.0,2023
"Rainier Veneer, Inc. - Spanaway",2014,Wood Products,Other Wood Products,321212,Softwood Veneer and Plywood Manufacturing,Rainier Veneer Inc.,Spanaway,Pierce,Puget Sound Clean Air Agency,"19,578","18,728",600,36,215,0,0,0,0,,1,"47.062059, -122.318981",,,POINT (-122.318981 47.062059),Facility,19578.0,2014
Lamb Weston - Richland,2020,Food Production,Potato Products,311411,"Frozen Fruit, Juice, and Vegetable Manufacturing","Lamb Weston, Inc.",Richland,Benton,Benton Clean Air Agency,"86,387","11,549","57,724","17,040",74,0,0,0,0,,2,"46.309314, -119.297267",,,POINT (-119.297267 46.309314),Facility,86387.0,2020
CenTrio Energy Seattle LLC - Seattle,2020,Power Plants,"Other Power, Heating, or Cooling Plants",221330,Steam and Air-Conditioning Supply,Seattle Steam Company LLC,Seattle,King,Puget Sound Clean Air Agency,"63,699",0,"63,633",30,36,0,0,0,0,,2,"47.6068, -122.340179",,,POINT (-122.340179 47.6068),Facility,63699.0,2020
"Tyson Fresh Meats, Inc. - Wallula",2021,Food Production,Meat Products,311611,Animal (except Poultry) Slaughtering,"Tyson Foods, Inc",Wallula,Walla Walla,Ecology: Eastern Regional Office,"106,862",0,"23,569","83,280",13,0,0,0,0,,3,"46.137521, -118.913051",,,POINT (-118.913051 46.137521),Facility,106862.0,2021
Tree Top - Wenatchee,2021,Food Production,Fruit Products,311423,Dried and Dehydrated Food Manufacturing,Tree Top Inc.,Wenatchee,Chelan,Ecology: Central Regional Office,"10,607",0,"10,596",5,6,0,0,0,0,,1,"47.48938, -120.31426",,,POINT (-120.31426 47.48938),Facility,10607.0,2021
Spectrum Glass Company - Woodinville,2015,Minerals,Glass Production,327211,Flat Glass Manufacturing,Vanguard Properties Co.,Woodinville,King,Puget Sound Clean Air Agency,"10,750",0,"10,740",5,5,0,0,0,0,,1,"47.777004, -122.148978",,,POINT (-122.148978 47.777004),Facility,10750.0,2015
Lamb Weston - Pasco,2017,Food Production,Potato Products,311411,"Frozen Fruit, Juice, and Vegetable Manufacturing","Lamb Weston, Inc.",Pasco,Franklin,Ecology: Eastern Regional Office,"50,961",0,"50,908",24,29,0,0,0,0,,2,"46.288137, -119.115336",,,POINT (-119.115336 46.288137),Facility,50961.0,2017
"Tyson Fresh Meats, Inc. - Wallula",2014,Food Production,Meat Products,311611,Animal (except Poultry) Slaughtering,"Tyson Foods, Inc",Wallula,Walla Walla,Ecology: Eastern Regional Office,"77,161",0,"21,368","55,781",12,0,0,0,0,,2,"46.137521, -118.913051",,,POINT (-118.913051 46.137521),Facility,77161.0,2014
Naval Base Kitsap Bangor - Silverdale,2015,Government,National Security,928110,National Security,US Government,Silverdale,Kitsap,Puget Sound Clean Air Agency,"20,166",0,"20,142",10,13,0,0,0,0,,1,"47.699284, -122.696926",,,POINT (-122.696926 47.699284),Facility,20166.0,2015
City of Tacoma Solid Waste Facility - Tacoma,2018,Waste,Landfills,562212,Solid Waste Landfill,City of Tacoma,Tacoma,Pierce,Puget Sound Clean Air Agency,"12,797",0,0,"12,797",0,0,0,0,0,,1,"47.223413, -122.499775",,,POINT (-122.499775 47.223413),Facility,12797.0,2018
"Horse Heaven Cattle Feeders, Inc. - Sunnyside",2019,Livestock,Cattle Feedlots,112112,Cattle Feedlots,"Horse Heaven Cattle Feeders, Inc.",Sunnyside,Yakima,Yakima Regional Clean Air Agency,"11,327",0,0,874,"10,453",0,0,0,0,,1,"46.284622, -120.019668",,,POINT (-120.019668 46.284622),Facility,11327.0,2019
Central Washington University - Ellensburg,2014,Government,Education,611310,"Colleges, Universities, and Professional Schools",State of Washington,Ellensburg,Kittitas,Ecology: Central Regional Office,"13,673",0,"13,658",7,8,0,0,0,0,,1,"47.003202, -120.544513",,,POINT (-120.544513 47.003202),Facility,13673.0,2014
Northwest Pipeline C/S - Chehalis,2013,Natural Gas Systems,Natural Gas Transmission/Compression,486210,Pipeline Transportation of Natural Gas,"The Williams Companies, Inc.",Chehalis,Lewis,Southwest Clean Air Agency,"8,637",0,"7,376","1,257",4,0,0,0,0,,1,"46.533325, -122.87373",,,POINT (-122.87373 46.533325),Facility,8637.0,2013
Grays Harbor Energy Center - Elma,2016,Power Plants,Natural Gas Turbine Plants,221112,Fossil Fuel Electric Power Generation,Invenergy Investment Company LLC,Elma,Grays Harbor,EFSEC,"1,081,729",0,"1,080,630",501,597,0,0,0,0,,4,"46.9688, -123.48",,,POINT (-123.48 46.9688),Facility,1081729.0,2016
"Vaagen Bros. Lumber, Inc. - Colville",2024,Wood Products,Lumber Mills,321999,All Other Miscellaneous Wood Product Manufacturing,VAAGEN BROS LUMBER INC,Colville,Stevens,Ecology: Eastern Regional Office,"33,013","32,578",0,63,373,0,0,0,0,,2,"48.548525, -117.915469",,Reporter,POINT (-117.915469 48.548525),Facility,33013.0,2024
WestRock LLC - Longview,2018,Pulp and Paper,Kraft Mills,322130,Paperboard Mills,Westrock Corp.,Longview,Cowlitz,Ecology: Industrial Section,"1,551,719","1,393,499","151,529","1,301","5,391",0,0,0,0,,4,"46.10361, -122.92167",,,POINT (-122.92167 46.10361),Facility,1551719.0,2018
Nutrien US LLC. - Kennewick,2014,Chemicals,Fertilizer Production,325311,Nitrogenous Fertilizer Manufacturing,Agrium US Inc.,Kennewick,Benton,Benton Clean Air Agency,"132,071",0,"8,250",0,"123,821",0,0,0,0,,3,"46.165957, -119.017218",,,POINT (-119.017218 46.165957),Facility,132071.0,2014
Bonneville Power Administration - WA Only - statewide,2024,Power Plants,Electrical Transmission and Distribution,221121,Electric Bulk Power Transmission and Control,US Government,Vancouver,Clark,Southwest Clean Air Agency,"6,226",0,0,0,0,0,0,"6,226",0,,1,"45.661178, -122.658608",,Reporter,POINT (-122.658608 45.661178),Facility,6226.0,2024
Northwest Pipeline C/S - Snohomish,2016,Natural Gas Systems,Natural Gas Transmission/Compression,486210,Pipeline Transportation of Natural Gas,"The Williams Companies, Inc.",Snohomish,Snohomish,Puget Sound Clean Air Agency,"62,759",0,"61,023","1,701",34,0,0,0,0,,2,"47.78825, -122.05859",,,POINT (-122.05859 47.78825),Facility,62759.0,2016
Nippon Dynawave - Longview,2018,Pulp and Paper,Kraft Mills,322121,Paper (except Newsprint) Mills,Nippon Paper Industries Co Ltd,Longview,Cowlitz,Ecology: Industrial Section,"1,663,075","1,373,938","281,467","1,645","6,025",0,0,0,0,Formerly included North Pacific Paper Company before 2016.,4,"46.130495, -122.983637",,,POINT (-122.983637 46.130495),Facility,1663075.0,2018
The Boeing Company: Boeing Plant 2 - Seattle,2014,Manufacturing,Transportation Industry,336411,Aircraft Manufacturing,The Boeing Company,Seattle,King,Puget Sound Clean Air Agency,"23,052",0,"23,029",11,13,0,0,0,0,,1,"47.532524, -122.311623",,,POINT (-122.311623 47.532524),Facility,23052.0,2014
Mutual Materials Mica Brick Plant - Spokane,2024,Minerals,Other Minerals,327120,Clay Building Material and Refractories Manufacturing,MUTUAL MATERIALS CO,Spokane,Spokane,Spokane Regional Clean Air Agency,"9,809",0,"9,799",5,5,0,0,0,0,,1,"47.558330, -117.211700",,Reporter,POINT (-117.2117 47.55833),Facility,9809.0,2024
Inland Empire Paper Company - Spokane,2022,Pulp and Paper,Other Pulp and Paper,322122,Newsprint Mills,Cowles Publishing Co.,Spokane,Spokane,Spokane Regional Clean Air Agency,"37,290","19,825","17,183",46,237,0,0,0,0,,2,"47.688295, -117.279323",,,POINT (-117.279323 47.688295),Facility,37290.0,2022
"Kaiser Aluminum Washington, LLC (Trentwood Works) - Spokane Valley",2012,Metals,Other Metals,331315,"Aluminum Sheet, Plate, and Foil Manufacturing",Kaiser Aluminum Corp.,Spokane Valley,Spokane,Spokane Regional Clean Air Agency,"108,364",0,"108,252",51,61,0,0,0,0,,3,"47.687074, -117.212673",,,POINT (-117.212673 47.687074),Facility,108364.0,2012
Sierra Pacific Industries - Centralia,2020,Wood Products,Lumber Mills,321113,Sawmills,Sierra Pacific Industries,Centralia,Lewis,Southwest Clean Air Agency,"45,809","45,289",0,75,446,0,0,0,0,,2,"46.756413, -122.995433",,,POINT (-122.995433 46.756413),Facility,45809.0,2020
Puget Sound Energy - Encogen Generating Station - Bellingham,2020,Power Plants,Natural Gas Turbine Plants,221112,Fossil Fuel Electric Power Generation,Puget Holdings LLC,Bellingham,Whatcom,Northwest Clean Air Agency,"178,317",0,"178,135",83,99,0,0,0,0,,3,"48.746, -122.486",,,POINT (-122.486 48.746),Facility,178317.0,2020
Roosevelt Regional Landfill - Roosevelt,2015,Waste,Landfills,562212,Solid Waste Landfill,"Republic Services, Inc.",Roosevelt,Klickitat,Ecology: Central Regional Office,"248,507",0,189,"248,318",1,0,0,0,0,,3,"45.807146, -120.179785",,,POINT (-120.179785 45.807146),Facility,248507.0,2015
"Boise Cascade Wood Products, LLC.  Kettle Falls Plywood - Kettle Falls",2017,Wood Products,Other Wood Products,321219,Reconstituted Wood Product Manufacturing,Boise Cascade Company,Kettle Falls,Stevens,Ecology: Eastern Regional Office,"70,889","54,924","15,216",113,637,0,0,0,0,,2,"48.613175, -118.116106",,,POINT (-118.116106 48.613175),Facility,70889.0,2017
Cathcart Landfill - Snohomish,2016,Waste,Landfills,562212,Solid Waste Landfill,Snohomish County,Snohomish,Snohomish,Puget Sound Clean Air Agency,"6,993",0,161,"6,832",0,0,0,0,0,,1,"47.870014, -122.118284",,,POINT (-122.118284 47.870014),Facility,6993.0,2016
Western Washington University - Bellingham,2019,Government,Education,611310,"Colleges, Universities, and Professional Schools",Western Washington University,Bellingham,Whatcom,Northwest Clean Air Agency,"10,015",0,"10,005",5,6,0,0,0,0,,1,"48.736499, -122.484714",,,POINT (-122.484714 48.736499),Facility,10015.0,2019
Washington State University - Pullman,2019,Government,Education,611310,"Colleges, Universities, and Professional Schools",State of Washington,Pullman,Whitman,Ecology: Eastern Regional Office,"66,455",0,"66,377",34,45,0,0,0,0,,2,"46.728702, -117.151481",,,POINT (-117.151481 46.728702),Facility,66455.0,2019
Sierra Pacific Industries - Burlington - Mount Vernon,2016,Wood Products,Lumber Mills,321113,Sawmills,Sierra Pacific Industries,Mount Vernon,Skagit,Northwest Clean Air Agency,"307,452","301,493","1,930",580,"3,449",0,0,0,0,,3,"48.448553, -122.434613",,,POINT (-122.434613 48.448553),Facility,307452.0,2016
"SGL Carbon, LLC - Moses Lake",2015,Manufacturing,Transportation Industry,335991,Carbon and Graphite Product Manufacturing,SGL Automotive Carbon Fibers LLC,Moses Lake,Grant,Ecology: Eastern Regional Office,"12,858",0,"12,844",6,7,0,0,0,0,First year reporting.,1,"47.208993, -119.285437",,,POINT (-119.285437 47.208993),Facility,12858.0,2015
Northwest Pipeline C/S - Mount Vernon,2019,Natural Gas Systems,Natural Gas Transmission/Compression,486210,Pipeline Transportation of Natural Gas,"The Williams Companies, Inc.",Mount Vernon,Skagit,Northwest Clean Air Agency,"35,096",0,"32,768","2,310",18,0,0,0,0,,2,"48.421967, -122.21547",,,POINT (-122.21547 48.421967),Facility,35096.0,2019
Port Angeles Hardwood LLC - Port Angeles,2013,Wood Products,Lumber Mills,321113,Sawmills,Port Angeles Hardwood LLC,Port Angeles,Clallam,Olympic Region Clean Air Agency,"23,730","23,417",0,45,268,0,0,0,0,,1,"48.100872, -123.485745",,,POINT (-123.485745 48.100872),Facility,23730.0,2013
Cowlitz County Headquarters Landfill - Castle Rock,2013,Waste,Landfills,562212,Solid Waste Landfill,Cowlitz County,Castle Rock,Cowlitz,Southwest Clean Air Agency,"129,060",556,0,"128,502",2,0,0,0,0,,3,"46.246902, -122.772284",,,POINT (-122.772284 46.246902),Facility,129060.0,2013
Fairchild AFB - Spokane Co.,2018,Government,National Security,928110,National Security,US Government,Fairchild Air Force Base,Spokane,Spokane Regional Clean Air Agency,"12,260",0,"12,247",6,7,0,0,0,0,,1,"47.641332, -117.644832",,,POINT (-117.644832 47.641332),Facility,12260.0,2018
Georgia-Pacific Consumer Operations LLC - Camas,2017,Pulp and Paper,Kraft Mills,322120,Paper Mills,Koch Industries Inc.,Camas,Clark,Ecology: Industrial Section,"559,482","386,972","164,003","7,198","1,310",0,0,0,0,,3,"45.584271, -122.40843",,,POINT (-122.40843 45.584271),Facility,559482.0,2017
Grant County Landfill 1 - Ephrata,2023,Waste,Landfills,562212,Solid Waste Landfill,Grant County Washington,Ephrata,Grant,Ecology: Eastern Regional Office,"43,957","2,188",0,"41,762",8,0,0,0,0,,2,"47.270759, -119.573764",,Reporter,POINT (-119.573764 47.270759),Facility,43957.0,2023
Star Forge LLC dba Jorgensen Forge - Tukwila,2018,Metals,Other Metals,332111,Iron and Steel Forging,Jorgensen Forge Corp.,Tukwila,King,Puget Sound Clean Air Agency,"1,238",0,"1,237",1,1,0,0,0,0,,1,"47.526872, -122.303906",,,POINT (-122.303906 47.526872),Facility,1238.0,2018
Cardinal FG Company - Winlock,2024,Minerals,Glass Production,327211,Flat Glass Manufacturing,CARDINAL GLASS INDUSTRIES INC,Winlock,Lewis,Southwest Clean Air Agency,"115,601",0,"115,518",38,45,0,0,0,0,,3,"46.544937, -122.926313","115,601",Covered Entity,POINT (-122.926313 46.544937),Facility,115601.0,2024
Northwest Pipeline C/S - Sumner,2015,Natural Gas Systems,Natural Gas Transmission/Compression,486210,Pipeline Transportation of Natural Gas,"The Williams Companies, Inc.",Sumner,Pierce,Puget Sound Clean Air Agency,"50,469",0,"50,142",300,28,0,0,0,0,,2,"47.228986, -122.209551",,,POINT (-122.209551 47.228986),Facility,50469.0,2015
Puget Sound Energy T&D - statewide,2022,Power Plants,Electrical Transmission and Distribution,221122,Electric Power Distribution,Puget Holdings LLC,Bellevue,King,Puget Sound Clean Air Agency,"6,867",0,0,0,0,0,0,"6,867",0,Resumed reporting.,1,"47.61345, -122.19454",,,POINT (-122.19454 47.61345),Facility,6867.0,2022
LRI Landfill - Graham,2012,Waste,Landfills,562212,Solid Waste Landfill,Waste Connections Inc.,Graham,Pierce,Puget Sound Clean Air Agency,"4,329",0,0,"4,329",0,0,0,0,0,,1,"46.972405, -122.292799",,,POINT (-122.292799 46.972405),Facility,4329.0,2012
Northwest Hardwoods Inc. - Longview,2019,Wood Products,Lumber Mills,321113,Sawmills,Littlejohn & Co. LLC,Longview,Cowlitz,Southwest Clean Air Agency,"13,053","8,483","4,453",18,100,0,0,0,0,,1,"46.114537, -122.916806",,,POINT (-122.916806 46.114537),Facility,13053.0,2019
Murphy Veneer - Elma,2021,Wood Products,Other Wood Products,321212,Softwood Veneer and Plywood Manufacturing,Murphy Co.,Elma,Grays Harbor,Olympic Region Clean Air Agency,"11,220",0,"11,209",5,6,0,0,0,0,,1,"47.040323, -123.334339",,,POINT (-123.334339 47.040323),Facility,11220.0,2021
Northwest Hardwoods Inc. - Centralia,2014,Wood Products,Lumber Mills,321113,Sawmills,Littlejohn & Co. LLC,Centralia,Lewis,Southwest Clean Air Agency,"15,486","10,615","4,725",23,124,0,0,0,0,,1,"46.734454, -122.991963",,,POINT (-122.991963 46.734454),Facility,15486.0,2014
Air Liquide Hydrogen Plant  - Anacortes,2019,Petroleum Systems,Other Petroleum Systems,325120,Industrial Gas Manufacturing,Air Liquide USA Inc.,Anacortes,Skagit,Northwest Clean Air Agency,"66,107",0,"66,107",0,0,0,0,0,0,,2,"48.465617, -122.556032",,,POINT (-122.556032 48.465617),Facility,66107.0,2019
"North Pacific Paper Company, LLC - Longview",2023,Pulp and Paper,Other Pulp and Paper,322122,Newsprint Mills,NP Paper Investor Holdings LLC,Longview,Cowlitz,Southwest Clean Air Agency,"36,395",0,"36,357",17,21,0,0,0,0,Formerly part of Nippon Dynawave before 2016.,2,"46.125662, -122.976788","36,395",Covered Entity,POINT (-122.976788 46.125662),Facility,36395.0,2023
Cowlitz County Headquarters Landfill - Castle Rock,2016,Waste,Landfills,562212,Solid Waste Landfill,Cowlitz County,Castle Rock,Cowlitz,Southwest Clean Air Agency,"178,854","7,724",0,"171,103",28,0,0,0,0,,3,"46.246902, -122.772284",,,POINT (-122.772284 46.246902),Facility,178854.0,2016
Hampton Lumber Mills Washington Inc. - Darrington,2014,Wood Products,Lumber Mills,321113,Sawmills,Hampton Lumber Mills Washington Inc.,Darrington,Snohomish,Puget Sound Clean Air Agency,"93,894","92,656",0,178,"1,060",0,0,0,0,,2,"48.262797, -121.597608",,,POINT (-121.597608 48.262797),Facility,93894.0,2014
Marathon Anacortes Refinery - Anacortes,2013,Petroleum Systems,Petroleum Refineries,324110,Petroleum Refineries,Marathon Petroleum Corp,Anacortes,Skagit,Northwest Clean Air Agency,"1,177,419",0,"1,166,166","7,228","4,025",0,0,0,0,,4,"48.493816, -122.564845",,,POINT (-122.564845 48.493816),Facility,1177419.0,2013
US Army Joint Base Lewis-McChord - Pierce Co.,2014,Government,National Security,928110,National Security,US Government,Joint Base Lewis-McChord,Pierce,Puget Sound Clean Air Agency,"83,587",0,"60,454","23,093",40,0,0,0,0,,2,"47.1142, -122.5365",,,POINT (-122.5365 47.1142),Facility,83587.0,2014
Puget Sound Energy T&D - statewide,2024,Power Plants,Electrical Transmission and Distribution,221122,Electric Power Distribution,PUGET HOLDINGS LLC,Bellevue,King,Puget Sound Clean Air Agency,"10,509",0,0,0,0,0,0,"10,509",0,,1,"47.613450, -122.194540",,Reporter,POINT (-122.19454 47.61345),Facility,10509.0,2024
"Analog Devices, Inc. - Camas",2024,Manufacturing,Electronics Industry,334413,Semiconductor and Related Device Manufacturing,ANALOG DEVICES INC,Camas,Clark,Southwest Clean Air Agency,"9,949",0,"2,218",1,"1,111","1,308","3,353","1,819",138,,1,"45.598844, -122.452320","9,948",Covered Entity,POINT (-122.45232 45.598844),Facility,9949.0,2024
City of Tacoma Solid Waste Facility - Tacoma,2016,Waste,Landfills,562212,Solid Waste Landfill,City of Tacoma,Tacoma,Pierce,Puget Sound Clean Air Agency,"14,513",0,0,"14,513",0,0,0,0,0,,1,"47.223413, -122.499775",,,POINT (-122.499775 47.223413),Facility,14513.0,2016
Puget Sound Energy - Sumas Generating Station - Sumas,2022,Power Plants,Natural Gas Turbine Plants,221112,Fossil Fuel Electric Power Generation,Puget Holdings LLC,Sumas,Whatcom,Northwest Clean Air Agency,"216,953",0,"216,732",101,120,0,0,0,0,,3,"48.9905, -122.2733",,,POINT (-122.2733 48.9905),Facility,216953.0,2022
Tree Top - Wenatchee,2016,Food Production,Fruit Products,311423,Dried and Dehydrated Food Manufacturing,Tree Top Inc.,Wenatchee,Chelan,Ecology: Central Regional Office,"8,449",0,"8,440",4,5,0,0,0,0,,1,"47.48938, -120.31426",,,POINT (-120.31426 47.48938),Facility,8449.0,2016
LRI Landfill - Graham,2024,Waste,Landfills,562212,Solid Waste Landfill,WASTE CONNECTIONS INC,Graham,Pierce,Puget Sound Clean Air Agency,"200,482","67,040",0,"133,200",242,0,0,0,0,,3,"46.972405, -122.292799",,Reporter,POINT (-122.292799 46.972405),Facility,200482.0,2024
Georgia-Pacific Gypsum LLC - Tacoma,2014,Manufacturing,Building Products,327420,Gypsum Product Manufacturing,Koch Industries Inc.,Tacoma,Pierce,Puget Sound Clean Air Agency,"45,663",0,"45,616",22,26,0,0,0,0,,2,"47.269558, -122.394869",,,POINT (-122.394869 47.269558),Facility,45663.0,2014
Cascade Natural Gas Corporation LDC - statewide,2014,Natural Gas Systems,Natural Gas Local Distribution Companies,221210,Natural Gas Distribution,MDU Resources Group Inc.,Kennewick,Benton,Benton Clean Air Agency,"13,506",0,63,"13,443",0,0,0,0,0,,1,"46.21875, -119.22987",,,POINT (-119.22987 46.21875),Facility,13506.0,2014
DH Feeders - Eltopia,2019,Livestock,Cattle Feedlots,112112,Cattle Feedlots,Easterday Ranches,Eltopia,Franklin,Ecology: Eastern Regional Office,"14,478",0,"1,211","1,028","12,238",0,0,0,0,,1,"46.50919, -118.881203",,,POINT (-118.881203 46.50919),Facility,14478.0,2019
Puget Sound Energy - Encogen Generating Station - Bellingham,2015,Power Plants,Natural Gas Turbine Plants,221112,Fossil Fuel Electric Power Generation,Puget Holdings LLC,Bellingham,Whatcom,Northwest Clean Air Agency,"143,119",0,"142,974",66,79,0,0,0,0,,3,"48.746, -122.486",,,POINT (-122.486 48.746),Facility,143119.0,2015
Milne Fruit Products - Prosser,2022,Food Production,Fruit Products,311411,"Frozen Fruit, Juice, and Vegetable Manufacturing",Milne Fruit Products,Prosser,Benton,Benton Clean Air Agency,"10,321",0,"10,310",5,6,0,0,0,0,,1,"46.202562, -119.775527",,,POINT (-119.775527 46.202562),Facility,10321.0,2022
Eastern Washington University,2024,Government,Education,611310,"Colleges, Universities, and Professional Schools",STATE OF WASHINGTON,Cheney,Spokane,Spokane Regional Clean Air Agency,"12,529",0,"12,516",6,7,0,0,0,0,,1,"47.490091, -117.579702",,Reporter,POINT (-117.579702 47.490091),Facility,12529.0,2024
Puget Sound Energy - Goldendale Generating Station - Goldendale,2022,Power Plants,Natural Gas Turbine Plants,221112,Fossil Fuel Electric Power Generation,Puget Holdings LLC,Goldendale,Klickitat,Ecology: Central Regional Office,"595,946",0,"595,341",276,329,0,0,0,0,,3,"45.8114, -120.833",,,POINT (-120.833 45.8114),Facility,595946.0,2022
Ponderay Industries - Usk,2013,Pulp and Paper,Other Pulp and Paper,322122,Newsprint Mills,Ponderay Industries,Usk,Pend Oreille,Ecology: Eastern Regional Office,"50,424","48,181","1,600",93,551,0,0,0,0,,2,"48.289771, -117.271359",,,POINT (-117.271359 48.289771),Facility,50424.0,2013
"North Pacific Paper Company, LLC - Longview",2012,Pulp and Paper,Other Pulp and Paper,322122,Newsprint Mills,NP Paper Investor Holdings LLC,Longview,Cowlitz,Southwest Clean Air Agency,"43,924",0,"43,879",21,25,0,0,0,0,Assigned emissions level.  Formerly part of Nippon Dynawave before 2016.  Ecology split emissions for consistency with cooperation from facility.,2,"46.125662, -122.976788",,,POINT (-122.976788 46.125662),Facility,43924.0,2012
Phillips 66 Ferndale Refinery - Ferndale,2012,Petroleum Systems,Petroleum Refineries,324110,Petroleum Refineries,Phillips 66 Company,Ferndale,Whatcom,Northwest Clean Air Agency,"803,370",0,"799,200","2,099","2,071",0,0,0,0,,3,"48.830142, -122.692114",,,POINT (-122.692114 48.830142),Facility,803370.0,2012
Northwest Pipeline Roosevelt C/S - Bickleton,2016,Natural Gas Systems,Natural Gas Transmission/Compression,486210,Pipeline Transportation of Natural Gas,"The Williams Companies, Inc.",Bickleton,Klickitat,Ecology: Central Regional Office,"9,799",0,"7,590","2,205",4,0,0,0,0,,1,"45.849504, -120.08083",,,POINT (-120.08083 45.849504),Facility,9799.0,2016
Darigold - Sunnyside,2021,Food Production,Dairy Products,311513,Cheese Manufacturing,Darigold Inc.,Sunnyside,Yakima,Yakima Regional Clean Air Agency,"38,759",0,"38,719",18,22,0,0,0,0,,2,"46.30058, -120.015675",,,POINT (-120.015675 46.30058),Facility,38759.0,2021
Packaging Corporation of America - Wallula,2024,Pulp and Paper,Kraft Mills,322121,Paper (except Newsprint) Mills,PACKAGING CORP OF AMERICA,Wallula,Walla Walla,Ecology: Industrial Section,"727,981","485,394","226,402","15,322",863,0,0,0,0,,3,"46.103960, -118.918400","242,545",Covered Entity,POINT (-118.9184 46.10396),Facility,727981.0,2024
Steelscape - Kalama,2022,Metals,Other Metals,331221,Rolled Steel Shape Manufacturing,NS BlueScope USA LLC,Kalama,Cowlitz,Southwest Clean Air Agency,"18,422",0,"18,403",9,10,0,0,0,0,,1,"46.04326, -122.871703",,,POINT (-122.871703 46.04326),Facility,18422.0,2022
Goodrich Corporation - Spokane,2015,Manufacturing,Transportation Industry,336413,Other Aircraft Parts and Auxiliary Equipment Manufacturing,Raytheon Technologies Corp,Spokane,Spokane,Spokane Regional Clean Air Agency,"42,844",0,"42,805",18,21,0,0,0,0,,2,"47.583604, -117.568511",,,POINT (-117.568511 47.583604),Facility,42844.0,2015
"Gas Transmission Northwest Compressor Station 8, LLC -Wallula",2021,Natural Gas Systems,Natural Gas Transmission/Compression,486210,Pipeline Transportation of Natural Gas,TransCanada Northern Border Inc.,Wallula,Walla Walla,Ecology: Eastern Regional Office,"136,751",0,"134,541","2,135",75,0,0,0,0,,3,"46.053153, -118.843934",,,POINT (-118.843934 46.053153),Facility,136751.0,2021
DH Feeders - Eltopia,2024,Livestock,Cattle Feedlots,112112,Cattle Feedlots,AGRI BEEF,Eltopia,Franklin,Ecology: Eastern Regional Office,"16,346",0,"1,517","1,163","13,666",0,0,0,0,Voluntary reporter.  Manure management reporting repealed by Legislature.,1,"46.509190, -118.881203",,Reporter,POINT (-118.881203 46.50919),Facility,16346.0,2024
Northwest Hardwoods Inc. - Centralia,2019,Wood Products,Lumber Mills,321113,Sawmills,Littlejohn & Co. LLC,Centralia,Lewis,Southwest Clean Air Agency,"9,349","6,127","3,137",13,72,0,0,0,0,,1,"46.734454, -122.991963",,,POINT (-122.991963 46.734454),Facility,9349.0,2019
"Vaagen Bros. Lumber, Inc. - Colville",2014,Wood Products,Lumber Mills,321999,All Other Miscellaneous Wood Product Manufacturing,Vaagen Bros. Lumber Inc.,Colville,Stevens,Ecology: Eastern Regional Office,"49,542","48,889",1,94,559,0,0,0,0,,2,"48.548525, -117.915469",,,POINT (-117.915469 48.548525),Facility,49542.0,2014
Puget Sound Energy - Whitehorn Generating Station - Blaine,2016,Power Plants,Natural Gas Turbine Plants,221112,Fossil Fuel Electric Power Generation,Puget Holdings LLC,Blaine,Whatcom,Northwest Clean Air Agency,"44,950",0,"44,903",21,26,0,0,0,0,,2,"48.885475, -122.724299",,,POINT (-122.724299 48.885475),Facility,44950.0,2016
Seattle-Tacoma International Airport - Seattle,2013,Government,Other Government,488119,Other Airport Operations,Port of Seattle,Seattle,King,Puget Sound Clean Air Agency,"16,308",0,"16,291",8,10,0,0,0,0,,1,"47.443643, -122.302452",,,POINT (-122.302452 47.443643),Facility,16308.0,2013
J.R. Simplot Company - Othello,2024,Food Production,Potato Products,311411,"Frozen Fruit, Juice, and Vegetable Manufacturing",JR SIMPLOT CO,Othello,Adams,Ecology: Eastern Regional Office,"101,408",0,"51,325","50,054",29,0,0,0,0,,3,"46.837778, -119.176389","101,408",Covered Entity,POINT (-119.176389 46.837778),Facility,101408.0,2024
Inland Empire Paper Company - Spokane,2017,Pulp and Paper,Other Pulp and Paper,322122,Newsprint Mills,Cowles Publishing Co.,Spokane,Spokane,Spokane Regional Clean Air Agency,"28,859","17,620","10,992",39,208,0,0,0,0,,2,"47.688295, -117.279323",,,POINT (-117.279323 47.688295),Facility,28859.0,2017
TSMC Washington LLC - Camas,2024,Manufacturing,Electronics Industry,334413,Semiconductor and Related Device Manufacturing,TSMC WASHINGTON LLC,Camas,Clark,Southwest Clean Air Agency,"56,367",0,"14,422",7,"3,659","4,765","21,422","4,425","7,667",,2,"45.619569, -122.454955","56,293",Covered Entity,POINT (-122.454955 45.619569),Facility,56367.0,2024
Seattle-Tacoma International Airport - Seattle,2023,Government,Other Government,488119,Other Airport Operations,Port of Seattle,Seattle,King,Puget Sound Clean Air Agency,"16,544",0,"16,527",8,10,0,0,0,0,,1,"47.443643, -122.302452",,Reporter,POINT (-122.302452 47.443643),Facility,16544.0,2023
J.R. Simplot Company - Othello,2019,Food Production,Potato Products,311411,"Frozen Fruit, Juice, and Vegetable Manufacturing",J.R. Simplot Company,Othello,Adams,Ecology: Eastern Regional Office,"92,473",0,"49,806","42,639",28,0,0,0,0,,2,"46.837778, -119.176389",,,POINT (-119.176389 46.837778),Facility,92473.0,2019
Sierra Pacific Industries - Aberdeen,2022,Wood Products,Lumber Mills,321113,Sawmills,Sierra Pacific Industries,Aberdeen,Grays Harbor,Olympic Region Clean Air Agency,"181,381","175,544","2,696",452,"2,689",0,0,0,0,,3,"46.971875, -123.775526",,,POINT (-123.775526 46.971875),Facility,181381.0,2022
Sierra Pacific Industries - Centralia,2017,Wood Products,Lumber Mills,321113,Sawmills,Sierra Pacific Industries,Centralia,Lewis,Southwest Clean Air Agency,"44,147","43,566",0,84,498,0,0,0,0,,2,"46.756413, -122.995433",,,POINT (-122.995433 46.756413),Facility,44147.0,2017
James Hardie Building Products - Tacoma,2020,Manufacturing,Building Products,327390,Other Concrete Product Manufacturing,James Hardie Building Products Inc.,Tacoma,Pierce,Puget Sound Clean Air Agency,"16,304",0,"16,288",8,9,0,0,0,0,,1,"47.092145, -122.364656",,,POINT (-122.364656 47.092145),Facility,16304.0,2020
Northwest Pipeline Willard C/S - Cook,2022,Natural Gas Systems,Natural Gas Transmission/Compression,486210,Pipeline Transportation of Natural Gas,"The Williams Companies, Inc.",Cook,Skamania,Southwest Clean Air Agency,"11,307",0,"9,880","1,422",6,0,0,0,0,,1,"45.778087, -121.626311",,,POINT (-121.626311 45.778087),Facility,11307.0,2022
Keyes Fibre Corporation - Wenatchee,2021,Pulp and Paper,Other Pulp and Paper,322299,All Other Converted Paper Product Manufacturing,Tekni-Plex Wenatchee Fiber Consumer Porducts,Wenatchee,Chelan,Ecology: Central Regional Office,"16,806",0,"16,789",8,10,0,0,0,0,,1,"47.485987, -120.316363",,,POINT (-120.316363 47.485987),Facility,16806.0,2021
Eastern Washington University,2019,Government,Education,611310,"Colleges, Universities, and Professional Schools",State of Washington,Cheney,Spokane,Spokane Regional Clean Air Agency,"13,367",0,"13,353",7,8,0,0,0,0,,1,"47.490091, -117.579702",,,POINT (-117.579702 47.490091),Facility,13367.0,2019
Basic American Foods - Moses Lake,2024,Food Production,Potato Products,311423,Dried and Dehydrated Food Manufacturing,BASIC AMERICAN INC,Moses Lake,Grant,Ecology: Eastern Regional Office,"34,338",0,"34,302",16,19,0,0,0,0,,2,"47.075183, -119.220408","34,338",Covered Entity,POINT (-119.220408 47.075183),Facility,34338.0,2024
"Solvay Chemicals, Inc. - Longview",2013,Chemicals,Other Chemicals,325180,Other Basic Inorganic Chemical Manufacturing,Solvay Chemicals Inc.,Longview,Cowlitz,Southwest Clean Air Agency,"49,256",0,"49,256",0,0,0,0,0,0,,2,"46.137218, -122.982847",,,POINT (-122.982847 46.137218),Facility,49256.0,2013
Alcoa Wenatchee Works - Malaga,2014,Metals,Aluminum Production,331312,Primary Aluminum Production,Alcoa Corp.,Malaga,Chelan,Ecology: Industrial Section,"354,692",0,"270,752",14,16,0,"83,910",0,0,,3,"47.3567, -120.1273",,,POINT (-120.1273 47.3567),Facility,354692.0,2014
"Interfor US, Inc. - Port Angeles",2014,Wood Products,Lumber Mills,321113,Sawmills,Interfor US Inc.,Port Angeles,Clallam,Olympic Region Clean Air Agency,"45,263","44,666",0,86,511,0,0,0,0,,2,"48.103425, -123.518642",,,POINT (-123.518642 48.103425),Facility,45263.0,2014
TransAlta Centralia Generation LLC - Centralia,2012,Power Plants,Coal Plants,221112,Fossil Fuel Electric Power Generation,Transalta Centralia Generation/Mining,Centralia,Lewis,Southwest Clean Air Agency,"4,154,743",0,"4,121,860","12,028","20,855",0,0,0,0,,5,"46.7559, -122.8578",,,POINT (-122.8578 46.7559),Facility,4154743.0,2012
River Road Generating Plant - Vancouver,2023,Power Plants,Natural Gas Turbine Plants,221112,Fossil Fuel Electric Power Generation,Clark Public Utilities,Vancouver,Clark,Southwest Clean Air Agency,"700,250",0,"699,539",325,387,0,0,0,0,,3,"45.64958, -122.724806","700,250",Covered Entity,POINT (-122.724806 45.64958),Facility,700250.0,2023
Ponderay Industries - Usk,2018,Pulp and Paper,Other Pulp and Paper,322122,Newsprint Mills,Ponderay Industries,Usk,Pend Oreille,Ecology: Eastern Regional Office,"42,200","39,194","2,472",78,455,0,0,0,0,,2,"48.289771, -117.271359",,,POINT (-117.271359 48.289771),Facility,42200.0,2018
Lamb Weston - Warden,2013,Food Production,Potato Products,311411,"Frozen Fruit, Juice, and Vegetable Manufacturing","Lamb Weston, Inc.",Warden,Grant,Ecology: Eastern Regional Office,"18,227",0,"18,208",9,10,0,0,0,0,,1,"46.971504, -119.055427",,,POINT (-119.055427 46.971504),Facility,18227.0,2013
Riverside Feeders SFL - Kennewick,2017,Livestock,Cattle Feedlots,112112,Cattle Feedlots,Easterday Ranches,Kennewick,Benton,Benton Clean Air Agency,"18,863",0,"2,216","1,291","15,357",0,0,0,0,,1,"45.991872, -119.136497",,,POINT (-119.136497 45.991872),Facility,18863.0,2017
WestRock LLC - Longview,2020,Pulp and Paper,Kraft Mills,322130,Paperboard Mills,Westrock Corp.,Longview,Cowlitz,Ecology: Industrial Section,"1,541,833","1,346,047","189,260","1,280","5,246",0,0,0,0,,4,"46.10361, -122.92167",,,POINT (-122.92167 46.10361),Facility,1541833.0,2020
"Boise Cascade Wood Products, LLC.  Kettle Falls Lumber - Kettle Falls",2019,Wood Products,Lumber Mills,321912,"Cut Stock, Resawing Lumber, and Planing",Boise Cascade Company,Kettle Falls,Stevens,Ecology: Eastern Regional Office,"56,739","55,991",0,108,640,0,0,0,0,,2,"48.609799, -118.067441",,,POINT (-118.067441 48.609799),Facility,56739.0,2019
"Bio Energy Washington, LLC - Maple Valley",2020,Power Plants,"Other Power, Heating, or Cooling Plants",221119,Other Electric Power Generation,Bio Energy Washington,Maple Valley,King,Puget Sound Clean Air Agency,"23,405","22,271","1,016",35,83,0,0,0,0,,1,"47.455871, -122.041817",,,POINT (-122.041817 47.455871),Facility,23405.0,2020
River Road Generating Plant - Vancouver,2012,Power Plants,Natural Gas Turbine Plants,221112,Fossil Fuel Electric Power Generation,Clark Public Utilities,Vancouver,Clark,Southwest Clean Air Agency,"327,201",0,"326,869",152,181,0,0,0,0,,3,"45.64958, -122.724806",,,POINT (-122.724806 45.64958),Facility,327201.0,2012
LANXESS Corporation - Kalama,2020,Chemicals,Other Chemicals,325199,All Other Basic Organic Chemical Manufacturing,Emerald Performance Materials LLC,Kalama,Cowlitz,Southwest Clean Air Agency,"64,561",0,"64,493",31,37,0,0,0,0,,2,"46.02191, -122.85698",,,POINT (-122.85698 46.02191),Facility,64561.0,2020
"WestRock CP, LLC - Tacoma",2012,Pulp and Paper,Kraft Mills,322130,Paperboard Mills,Westrock Corp.,Tacoma,Pierce,Ecology: Industrial Section,"1,080,128","940,606","117,563","7,729","14,230",0,0,0,0,,4,"47.260953, -122.421765",,,POINT (-122.421765 47.260953),Facility,1080128.0,2012
"Gas Transmission Northwest Compressor Station 6, LLC - Rosalia",2013,Natural Gas Systems,Natural Gas Transmission/Compression,486210,Pipeline Transportation of Natural Gas,TransCanada Northern Border Inc.,Rosalia,Whitman,Spokane Regional Clean Air Agency,"86,778",0,"80,719","6,014",45,0,0,0,0,,2,"47.277256, -117.406737",,,POINT (-117.406737 47.277256),Facility,86778.0,2013
Naval Base Kitsap - Bremerton,2018,Government,National Security,928110,National Security,US Government,Bremerton,Kitsap,Puget Sound Clean Air Agency,"43,240",0,"43,194",21,25,0,0,0,0,,2,"47.557047, -122.645933",,,POINT (-122.645933 47.557047),Facility,43240.0,2018
Frederickson Power LP - Tacoma,2019,Power Plants,Natural Gas Turbine Plants,221112,Fossil Fuel Electric Power Generation,"Puget Sound Energy, Inc. and Capital Power (US Holdings) Inc",Tacoma,Pierce,Puget Sound Clean Air Agency,"514,505",0,"513,983",238,284,0,0,0,0,,3,"47.086342, -122.365686",,,POINT (-122.365686 47.086342),Facility,514505.0,2019
Tacoma LNG - Facility,2024,Natural Gas Systems,Natural Gas Local Distribution Companies,221210,Natural Gas Distribution,PUGET HOLDINGS LLC,Tacoma,Pierce,Puget Sound Clean Air Agency,"9,160",0,"8,531",630,0,0,0,0,0,,1,"47.274788, -122.400326",,Reporter,POINT (-122.400326 47.274788),Facility,9160.0,2024
Simplot Feeders LTD. - Burbank,2013,Livestock,Cattle Feedlots,112112,Cattle Feedlots,J.R. Simplot Company,Burbank,Walla Walla,Ecology: Eastern Regional Office,"26,027",0,0,"1,874","24,153",0,0,0,0,,2,"46.133131, -118.90629",,,POINT (-118.90629 46.133131),Facility,26027.0,2013
"SEH America, Inc - Vancouver",2022,Manufacturing,Electronics Industry,334413,Semiconductor and Related Device Manufacturing,SEH America Inc.,Vancouver,Clark,Southwest Clean Air Agency,"11,387",0,"11,375",5,6,0,0,0,0,,1,"45.649912, -122.553612",,,POINT (-122.553612 45.649912),Facility,11387.0,2022
Puget Sound Energy - Fredonia Generating Station - Mount Vernon,2022,Power Plants,Natural Gas Turbine Plants,221112,Fossil Fuel Electric Power Generation,Puget Holdings LLC,Mount Vernon,Skagit,Northwest Clean Air Agency,"188,307",0,"188,108",90,110,0,0,0,0,,3,"48.4553, -122.435",,,POINT (-122.435 48.4553),Facility,188307.0,2022
The Boeing Company - Auburn Site - Auburn,2013,Manufacturing,Transportation Industry,336413,Other Aircraft Parts and Auxiliary Equipment Manufacturing,The Boeing Company,Auburn,King,Puget Sound Clean Air Agency,"38,558",0,"38,518",18,22,0,0,0,0,,2,"47.285551, -122.242298",,,POINT (-122.242298 47.285551),Facility,38558.0,2013
Terrace Heights Landfill - Yakima,2017,Waste,Landfills,562212,Solid Waste Landfill,Yakima County Public Services - Solid Waste Division,Yakima,Yakima,Yakima Regional Clean Air Agency,"114,513",0,20,"114,494",0,0,0,0,0,,3,"46.610031, -120.39408",,,POINT (-120.39408 46.610031),Facility,114513.0,2017
Phillips 66 Ferndale Refinery - Ferndale,2014,Petroleum Systems,Petroleum Refineries,324110,Petroleum Refineries,Phillips 66 Company,Ferndale,Whatcom,Northwest Clean Air Agency,"770,956",0,"766,992","2,044","1,920",0,0,0,0,,3,"48.830142, -122.692114",,,POINT (-122.692114 48.830142),Facility,770956.0,2014
"El Oro Cattle Feeders, LLC - Moses Lake",2014,Livestock,Cattle Feedlots,112112,Cattle Feedlots,Agri Beef Co.,Moses Lake,Grant,Ecology: Eastern Regional Office,"22,875",0,0,"1,770","21,105",0,0,0,0,,1,"47.052176, -119.093815",,,POINT (-119.093815 47.052176),Facility,22875.0,2014
J.R. Simplot Company - Moses Lake,2018,Food Production,Potato Products,311411,"Frozen Fruit, Juice, and Vegetable Manufacturing",J.R. Simplot Company,Moses Lake,Grant,Ecology: Eastern Regional Office,"35,266","3,412","26,773","5,054",27,0,0,0,0,,2,"47.131732, -119.18926",,,POINT (-119.18926 47.131732),Facility,35266.0,2018
The Boeing Company - Fabrication (Frederickson Site) - Puyallup,2024,Manufacturing,Transportation Industry,336411,Aircraft Manufacturing,THE BOEING CO,Puyallup,Pierce,Puget Sound Clean Air Agency,"14,387",0,"14,372",7,8,0,0,0,0,,1,"47.088831, -122.348620",,Reporter,POINT (-122.34862 47.088831),Facility,14387.0,2024
Lamb Weston - Warden,2012,Food Production,Potato Products,311411,"Frozen Fruit, Juice, and Vegetable Manufacturing","Lamb Weston, Inc.",Warden,Grant,Ecology: Eastern Regional Office,"17,141",0,"17,123",8,10,0,0,0,0,,1,"46.971504, -119.055427",,,POINT (-119.055427 46.971504),Facility,17141.0,2012
Hampton Lumber Mills Washington Inc. - Morton,2012,Wood Products,Lumber Mills,321113,Sawmills,Hampton Lumber Mills Washington Inc.,Morton,Lewis,Southwest Clean Air Agency,"36,379","35,600",0,304,475,0,0,0,0,,2,"46.565997, -122.269573",,,POINT (-122.269573 46.565997),Facility,36379.0,2012
University of Washington Seattle Campus - Seattle,2014,Government,Education,611310,"Colleges, Universities, and Professional Schools",State of Washington,Seattle,King,Puget Sound Clean Air Agency,"82,134",0,"82,045",40,49,0,0,0,0,,2,"47.653614, -122.303608",,,POINT (-122.303608 47.653614),Facility,82134.0,2014
bp Cherry Point Refinery - Blaine,2012,Petroleum Systems,Petroleum Refineries,324110,Petroleum Refineries,BP America Inc.,Blaine,Whatcom,Northwest Clean Air Agency,"1,757,798",0,"1,740,873","12,722","4,202",0,0,0,0,Assigned Emissions Level,4,"48.8864, -122.7353",,,POINT (-122.7353 48.8864),Facility,1757798.0,2012
Puget Sound Energy - Frederickson Generating Station - Tacoma,2020,Power Plants,Natural Gas Turbine Plants,221112,Fossil Fuel Electric Power Generation,Puget Holdings LLC,Tacoma,Pierce,Puget Sound Clean Air Agency,"24,854",0,"24,828",12,14,0,0,0,0,,1,"47.079716, -122.364711",,,POINT (-122.364711 47.079716),Facility,24854.0,2020
Puget Sound Energy - Sumas Generating Station - Sumas,2024,Power Plants,Natural Gas Turbine Plants,221112,Fossil Fuel Electric Power Generation,PUGET HOLDINGS LLC,Sumas,Whatcom,Northwest Clean Air Agency,"316,438",0,"316,117",147,175,0,0,0,0,,3,"48.990500, -122.273300","316,438",Covered Entity,POINT (-122.2733 48.9905),Facility,316438.0,2024
TSMC Washington LLC - Camas,2016,Manufacturing,Electronics Industry,334413,Semiconductor and Related Device Manufacturing,TSMC WASHINGTON LLC,Camas,Clark,Southwest Clean Air Agency,"147,211",0,"13,143",6,"7,988","10,014","56,930","39,471","19,657","Assigned Emissions Level, Formerly reporting as WaferTech LLC - Camas.",3,"45.619569, -122.454955",,,POINT (-122.454955 45.619569),Facility,147211.0,2016
"Solvay Chemicals, Inc. - Longview",2018,Chemicals,Other Chemicals,325180,Other Basic Inorganic Chemical Manufacturing,Solvay Chemicals Inc.,Longview,Cowlitz,Southwest Clean Air Agency,"55,496",0,"55,496",0,0,0,0,0,0,,2,"46.137218, -122.982847",,,POINT (-122.982847 46.137218),Facility,55496.0,2018
Cardinal FG Company - Winlock,2020,Minerals,Glass Production,327211,Flat Glass Manufacturing,Cardinal Glass Industries Inc.,Winlock,Lewis,Southwest Clean Air Agency,"103,025",0,"102,955",32,38,0,0,0,0,,3,"46.544937, -122.926313",,,POINT (-122.926313 46.544937),Facility,103025.0,2020
Puget Sound Energy - Goldendale Generating Station - Goldendale,2024,Power Plants,Natural Gas Turbine Plants,221112,Fossil Fuel Electric Power Generation,PUGET HOLDINGS LLC,Goldendale,Klickitat,Ecology: Central Regional Office,"780,989",0,"780,196",362,431,0,0,0,0,,3,"45.811400, -120.833000","780,989",Covered Entity,POINT (-120.833 45.8114),Facility,780989.0,2024
CertainTeed Gypsum - Seattle,2018,Manufacturing,Building Products,327420,Gypsum Product Manufacturing,Saint-Gobain Corporation,Seattle,King,Puget Sound Clean Air Agency,"51,104",0,"51,051",24,29,0,0,0,0,,2,"47.548056, -122.336944",,,POINT (-122.336944 47.548056),Facility,51104.0,2018
The Boeing Company - Auburn Site - Auburn,2017,Manufacturing,Transportation Industry,336413,Other Aircraft Parts and Auxiliary Equipment Manufacturing,The Boeing Company,Auburn,King,Puget Sound Clean Air Agency,"38,096",0,"38,057",18,21,0,0,0,0,,2,"47.285551, -122.242298",,,POINT (-122.242298 47.285551),Facility,38096.0,2017
NW Natural - Portland,2015,Natural Gas Systems,Natural Gas Local Distribution Companies,221210,Natural Gas Distribution,NW Natural,Portland,Multnomah,Southwest Clean Air Agency,"7,824",0,9,"7,815",0,0,0,0,0,,1,"45.516631, -122.675749",,,POINT (-122.675749 45.516631),Facility,7824.0,2015
Packaging Corporation of America - Wallula,2013,Pulp and Paper,Kraft Mills,322121,Paper (except Newsprint) Mills,Packaging Corp of America,Wallula,Walla Walla,Ecology: Industrial Section,"832,636","727,045","89,680","13,225","2,685",0,0,0,0,,3,"46.10396, -118.9184",,,POINT (-118.9184 46.10396),Facility,832636.0,2013
Horn Rapids Sanitary Landfill - Richland,2012,Waste,Landfills,562212,Solid Waste Landfill,City of Richland,Richland,Benton,Benton Clean Air Agency,"20,350",0,0,"20,350",0,0,0,0,0,,1,"46.346663, -119.348118",,,POINT (-119.348118 46.346663),Facility,20350.0,2012
Terrace Heights Landfill - Yakima,2012,Waste,Landfills,562212,Solid Waste Landfill,Yakima County Public Services - Solid Waste Division,Yakima,Yakima,Yakima Regional Clean Air Agency,"102,488",0,16,"102,472",0,0,0,0,0,,3,"46.610031, -120.39408",,,POINT (-120.39408 46.610031),Facility,102488.0,2012
Boeing Commercial Airplanes - Everett,2015,Manufacturing,Transportation Industry,336411,Aircraft Manufacturing,The Boeing Company,Everett,Snohomish,Puget Sound Clean Air Agency,"66,276",0,"66,207",31,37,0,0,0,0,,2,"47.918622, -122.276987",,,POINT (-122.276987 47.918622),Facility,66276.0,2015
Gas Transmission Northwest Compressor Station 7 -Prescott,2022,Natural Gas Systems,Natural Gas Transmission/Compression,486210,Pipeline Transportation of Natural Gas,TransCanada Northern Border Inc.,Starbuck,Columbia,Ecology: Eastern Regional Office,"121,513",0,"120,168","1,278",67,0,0,0,0,,3,"46.53558, -118.293441",,,POINT (-118.293441 46.53558),Facility,121513.0,2022
Georgia-Pacific Consumer Operations LLC - Camas,2013,Pulp and Paper,Kraft Mills,322120,Paper Mills,Koch Industries Inc.,Camas,Clark,Ecology: Industrial Section,"675,348","535,823","129,412","8,093","2,020",0,0,0,0,Assigned Emissions Level,3,"45.584271, -122.40843",,,POINT (-122.40843 45.584271),Facility,675348.0,2013
Mutual Materials Mica Brick Plant - Spokane,2019,Minerals,Other Minerals,327120,Clay Building Material and Refractories Manufacturing,Mutual Materials Co.,Spokane,Spokane,Spokane Regional Clean Air Agency,"11,287",0,"11,275",5,6,0,0,0,0,,1,"47.55833, -117.2117",,,POINT (-117.2117 47.55833),Facility,11287.0,2019
bp Cherry Point Refinery - Blaine,2013,Petroleum Systems,Petroleum Refineries,324110,Petroleum Refineries,BP America Inc.,Blaine,Whatcom,Northwest Clean Air Agency,"2,206,320",0,"2,191,288","10,126","4,906",0,0,0,0,Assigned Emissions Level,5,"48.8864, -122.7353",,,POINT (-122.7353 48.8864),Facility,2206320.0,2013
Starbucks Kent Flexible Plant - Kent,2024,Food Production,Other Food Products,311920,Coffee and Tea Manufacturing,STARBUCKS CORP,Kent,King,Puget Sound Clean Air Agency,"7,782",0,"7,774",4,4,0,0,0,0,,1,"47.436276, -122.237648",,Reporter,POINT (-122.237648 47.436276),Facility,7782.0,2024
TransAlta Centralia Generation LLC - Centralia,2022,Power Plants,Coal Plants,221112,Fossil Fuel Electric Power Generation,Transalta Centralia Generation/Mining,Centralia,Lewis,Southwest Clean Air Agency,"3,953,534",0,"3,922,553","11,333","19,649",0,0,0,0,Unit 1 permanently shut down 12/31/20.,5,"46.7559, -122.8578",,,POINT (-122.8578 46.7559),Facility,3953534.0,2022
Hampton Lumber Mills Washington Inc. - Darrington,2015,Wood Products,Lumber Mills,321113,Sawmills,Hampton Lumber Mills Washington Inc.,Darrington,Snohomish,Puget Sound Clean Air Agency,"87,598","86,443",0,166,989,0,0,0,0,,2,"48.262797, -121.597608",,,POINT (-121.597608 48.262797),Facility,87598.0,2015
Bonneville Power Administration - WA Only - statewide,2019,Power Plants,Electrical Transmission and Distribution,221121,Electric Bulk Power Transmission and Control,US Government,Vancouver,Clark,Southwest Clean Air Agency,"10,415",0,0,0,0,0,0,"10,415",0,,1,"45.661178, -122.658608",,,POINT (-122.658608 45.661178),Facility,10415.0,2019
Naval Air Station Whidbey Island - Oak Harbor,2022,Government,National Security,928110,National Security,US Government,Oak Harbor,Island,Northwest Clean Air Agency,"13,171",0,"13,156",7,8,0,0,0,0,,1,"48.345281, -122.669741",,,POINT (-122.669741 48.345281),Facility,13171.0,2022
River Road Generating Plant - Vancouver,2013,Power Plants,Natural Gas Turbine Plants,221112,Fossil Fuel Electric Power Generation,Clark Public Utilities,Vancouver,Clark,Southwest Clean Air Agency,"668,345",0,"667,667",310,369,0,0,0,0,,3,"45.64958, -122.724806",,,POINT (-122.724806 45.64958),Facility,668345.0,2013
Cowlitz County Tennant Way Landfill - Longview,2020,Waste,Landfills,562212,Solid Waste Landfill,Cowlitz County Washington,Longview,Cowlitz,Southwest Clean Air Agency,"16,137",0,0,"16,137",0,0,0,0,0,,1,"46.107229, -122.905601",,,POINT (-122.905601 46.107229),Facility,16137.0,2020
Northwest Pipeline C/S - Goldendale,2013,Natural Gas Systems,Natural Gas Transmission/Compression,486210,Pipeline Transportation of Natural Gas,"The Williams Companies, Inc.",Goldendale,Klickitat,Ecology: Central Regional Office,"35,893",0,"29,936","5,940",17,0,0,0,0,,2,"45.771216, -120.799267",,,POINT (-120.799267 45.771216),Facility,35893.0,2013
Washington State University - Pullman,2012,Government,Education,611310,"Colleges, Universities, and Professional Schools",State of Washington,Pullman,Whitman,Ecology: Eastern Regional Office,"56,680",0,"56,619",27,33,0,0,0,0,,2,"46.728702, -117.151481",,,POINT (-117.151481 46.728702),Facility,56680.0,2012
Hampton Lumber Mills Washington Inc. - Morton,2023,Wood Products,Lumber Mills,321113,Sawmills,Hampton Lumber Mills Washington Inc.,Morton,Lewis,Southwest Clean Air Agency,"29,522","29,133",0,56,333,0,0,0,0,,2,"46.565997, -122.269573",,Reporter,POINT (-122.269573 46.565997),Facility,29522.0,2023
Phillips 66 Ferndale Refinery - Ferndale,2024,Petroleum Systems,Petroleum Refineries,324110,Petroleum Refineries,PHILLIPS 66,Ferndale,Whatcom,Northwest Clean Air Agency,"896,078",0,"892,060","1,833","2,186",0,0,0,0,,3,"48.830142, -122.692114","895,909",Covered Entity,POINT (-122.692114 48.830142),Facility,896078.0,2024
Riverside Feeders SFL - Kennewick,2012,Livestock,Cattle Feedlots,112112,Cattle Feedlots,Easterday Ranches,Kennewick,Benton,Benton Clean Air Agency,"19,977",0,"1,164","1,437","17,376",0,0,0,0,,1,"45.991872, -119.136497",,,POINT (-119.136497 45.991872),Facility,19977.0,2012
Darigold - Sunnyside,2017,Food Production,Dairy Products,311513,Cheese Manufacturing,Darigold Inc.,Sunnyside,Yakima,Yakima Regional Clean Air Agency,"37,986",0,"37,946",18,21,0,0,0,0,,2,"46.30058, -120.015675",,,POINT (-120.015675 46.30058),Facility,37986.0,2017
"Bio Energy Washington, LLC - Maple Valley",2018,Power Plants,"Other Power, Heating, or Cooling Plants",221119,Other Electric Power Generation,Bio Energy Washington,Maple Valley,King,Puget Sound Clean Air Agency,"28,698","27,258","1,295",43,102,0,0,0,0,,2,"47.455871, -122.041817",,,POINT (-122.041817 47.455871),Facility,28698.0,2018
Washington Potato Company - Warden,2020,Food Production,Potato Products,311991,Perishable Prepared Food Manufacturing,Washington Potato Co.,Warden,Grant,Ecology: Eastern Regional Office,"32,015",0,"31,982",15,18,0,0,0,0,,2,"46.970469, -119.063631",,,POINT (-119.063631 46.970469),Facility,32015.0,2020
Naval Air Station Whidbey Island - Oak Harbor,2023,Government,National Security,928110,National Security,US Government,Oak Harbor,Island,Northwest Clean Air Agency,"12,779",0,"12,766",6,8,0,0,0,0,,1,"48.345281, -122.669741",,Reporter,POINT (-122.669741 48.345281),Facility,12779.0,2023
"Gas Transmission Northwest Compressor Station 6, LLC - Rosalia",2015,Natural Gas Systems,Natural Gas Transmission/Compression,486210,Pipeline Transportation of Natural Gas,TransCanada Northern Border Inc.,Rosalia,Whitman,Spokane Regional Clean Air Agency,"84,805",0,"82,433","2,326",46,0,0,0,0,,2,"47.277256, -117.406737",,,POINT (-117.406737 47.277256),Facility,84805.0,2015
Port Townsend Paper Corporation - Port Townsend,2014,Pulp and Paper,Kraft Mills,322121,Paper (except Newsprint) Mills,Port Townsend Paper Corp.,Port Townsend,Jefferson,Ecology: Industrial Section,"562,963","501,934","57,644",596,"2,789",0,0,0,0,,3,"48.093793, -122.796806",,,POINT (-122.796806 48.093793),Facility,562963.0,2014
Puget Sound Energy LDC Facility - Bellevue,2024,Natural Gas Systems,Natural Gas Local Distribution Companies,221210,Natural Gas Distribution,PUGET HOLDINGS LLC,Bellevue,King,Puget Sound Clean Air Agency,"67,827",0,"1,096","66,731",1,0,0,0,0,,2,"47.613450, -122.194540","67,827",Covered Entity,POINT (-122.19454 47.61345),Facility,67827.0,2024
Puget Sound Energy - Fredonia Generating Station - Mount Vernon,2018,Power Plants,Natural Gas Turbine Plants,221112,Fossil Fuel Electric Power Generation,Puget Holdings LLC,Mount Vernon,Skagit,Northwest Clean Air Agency,"101,465",0,"101,359",48,59,0,0,0,0,,3,"48.4553, -122.435",,,POINT (-122.435 48.4553),Facility,101465.0,2018
Georgia-Pacific Gypsum LLC - Tacoma,2021,Manufacturing,Building Products,327420,Gypsum Product Manufacturing,Koch Industries Inc.,Tacoma,Pierce,Puget Sound Clean Air Agency,"39,502",0,"39,461",19,22,0,0,0,0,,2,"47.269558, -122.394869",,,POINT (-122.394869 47.269558),Facility,39502.0,2021
Puget Sound Energy - Fredonia Generating Station - Mount Vernon,2016,Power Plants,Natural Gas Turbine Plants,221112,Fossil Fuel Electric Power Generation,Puget Holdings LLC,Mount Vernon,Skagit,Northwest Clean Air Agency,"163,717",0,"163,548",77,92,0,0,0,0,,3,"48.4553, -122.435",,,POINT (-122.435 48.4553),Facility,163717.0,2016
Phillips 66 Ferndale Refinery - Ferndale,2019,Petroleum Systems,Petroleum Refineries,324110,Petroleum Refineries,Phillips 66 Company,Ferndale,Whatcom,Northwest Clean Air Agency,"835,061",0,"831,138","1,821","2,103",0,0,0,0,,3,"48.830142, -122.692114",,,POINT (-122.692114 48.830142),Facility,835061.0,2019
REG Grays Harbor LLC - Hoquiam,2020,Petroleum Systems,Other Petroleum Systems,325199,All Other Basic Organic Chemical Manufacturing,Chevron Corporation,Hoquiam,Grays Harbor,Olympic Region Clean Air Agency,"18,305",0,"18,286",9,10,0,0,0,0,,1,"46.968196, -123.853622",,,POINT (-123.853622 46.968196),Facility,18305.0,2020
Goodrich Corporation - Spokane,2022,Manufacturing,Transportation Industry,336413,Other Aircraft Parts and Auxiliary Equipment Manufacturing,Raytheon Technologies Corp,Spokane,Spokane,Spokane Regional Clean Air Agency,"42,395",0,"42,346",21,28,0,0,0,0,,2,"47.583604, -117.568511",,,POINT (-117.568511 47.583604),Facility,42395.0,2022
Imerys Minerals Quincy Plant - Quincy,2021,Minerals,Other Minerals,212399,All Other Nonmetallic Mineral Mining,Imerys Filtration Minerals Inc.,Quincy,Grant,Ecology: Eastern Regional Office,"19,975",0,"19,954",10,11,0,0,0,0,,1,"47.239948, -119.838831",,,POINT (-119.838831 47.239948),Facility,19975.0,2021
Frederickson Power LP - Tacoma,2024,Power Plants,Natural Gas Turbine Plants,221112,Fossil Fuel Electric Power Generation,CAPITAL POWER (US HOLDINGS) INC,Tacoma,Pierce,Puget Sound Clean Air Agency,"669,585",0,"668,905",310,370,0,0,0,0,,3,"47.086342, -122.365686","669,585",Covered Entity,POINT (-122.365686 47.086342),Facility,669585.0,2024
Lamb Weston - Quincy,2017,Food Production,Potato Products,311411,"Frozen Fruit, Juice, and Vegetable Manufacturing","Lamb Weston, Inc.",Quincy,Grant,Ecology: Eastern Regional Office,"34,928",0,"34,892",17,20,0,0,0,0,,2,"47.234413, -119.869914",,,POINT (-119.869914 47.234413),Facility,34928.0,2017
Matheson - Anacortes,2021,Petroleum Systems,Other Petroleum Systems,325120,Industrial Gas Manufacturing,Linde Gas North America LLC,Anacortes,Skagit,Northwest Clean Air Agency,"57,526",0,"57,526",0,0,0,0,0,0,,2,"48.467646, -122.554343",,,POINT (-122.554343 48.467646),Facility,57526.0,2021
Sierra Pacific Industries - Centralia,2014,Wood Products,Lumber Mills,321113,Sawmills,Sierra Pacific Industries,Centralia,Lewis,Southwest Clean Air Agency,"45,935","45,330",0,87,519,0,0,0,0,,2,"46.756413, -122.995433",,,POINT (-122.995433 46.756413),Facility,45935.0,2014
Tree Top - Selah Campus,2021,Food Production,Fruit Products,311423,Dried and Dehydrated Food Manufacturing,Tree Top Inc.,Selah,Yakima,Yakima Regional Clean Air Agency,"15,073",0,"15,058",7,8,0,0,0,0,,1,"46.64992, -120.52755",,,POINT (-120.52755 46.64992),Facility,15073.0,2021
Darigold - Lynden,2022,Food Production,Dairy Products,311514,"Dry, Condensed, and Evaporated Dairy Product Manufacturing",Darigold Inc.,Lynden,Whatcom,Northwest Clean Air Agency,"19,212",0,"19,193",9,11,0,0,0,0,,1,"48.947567, -122.451915",,,POINT (-122.451915 48.947567),Facility,19212.0,2022
Northwest Pipeline C/S - Goldendale,2014,Natural Gas Systems,Natural Gas Transmission/Compression,486210,Pipeline Transportation of Natural Gas,"The Williams Companies, Inc.",Goldendale,Klickitat,Ecology: Central Regional Office,"21,139",0,"14,877","6,253",8,0,0,0,0,,1,"45.771216, -120.799267",,,POINT (-120.799267 45.771216),Facility,21139.0,2014
Naval Base Kitsap - Bremerton,2016,Government,National Security,928110,National Security,US Government,Bremerton,Kitsap,Puget Sound Clean Air Agency,"43,755",0,"43,709",21,25,0,0,0,0,,2,"47.557047, -122.645933",,,POINT (-122.645933 47.557047),Facility,43755.0,2016
The Boeing Company: Boeing Plant 2 - Seattle,2015,Manufacturing,Transportation Industry,336411,Aircraft Manufacturing,The Boeing Company,Seattle,King,Puget Sound Clean Air Agency,"21,499",0,"21,477",10,12,0,0,0,0,,1,"47.532524, -122.311623",,,POINT (-122.311623 47.532524),Facility,21499.0,2015
McKinley Paper Co. - Washington Mill - Port Angeles,2022,Pulp and Paper,Other Pulp and Paper,322121,Paper (except Newsprint) Mills,McKinley Paper Co.,Port Angeles,Clallam,Olympic Region Clean Air Agency,"159,597","153,038",699,"4,108","1,752",0,0,0,0,,3,"48.134623, -123.467524",,,POINT (-123.467524 48.134623),Facility,159597.0,2022
Basic American Foods - Moses Lake,2017,Food Production,Potato Products,311423,Dried and Dehydrated Food Manufacturing,Basic American Inc.,Moses Lake,Grant,Ecology: Eastern Regional Office,"30,576",0,"30,545",15,17,0,0,0,0,,2,"47.075183, -119.220408",,,POINT (-119.220408 47.075183),Facility,30576.0,2017
HF Sinclair Puget Sound Refinery LLC - Anacortes,2024,Petroleum Systems,Petroleum Refineries,324110,Petroleum Refineries,HF SINCLAIR CORP,Anacortes,Skagit,Northwest Clean Air Agency,"1,843,647",0,"1,833,324","6,497","3,825",0,0,0,0,,4,"48.470931, -122.559161","1,843,418",Covered Entity,POINT (-122.559161 48.470931),Facility,1843647.0,2024
"Interfor US, Inc. - Forks",2012,Wood Products,Lumber Mills,321912,"Cut Stock, Resawing Lumber, and Planing",Interfor US Inc.,Forks,Clallam,Olympic Region Clean Air Agency,"25,268","24,727",0,211,330,0,0,0,0,,2,"47.971946, -124.399193",,,POINT (-124.399193 47.971946),Facility,25268.0,2012
U.S. Oil & Refining Co. - Tacoma,2012,Petroleum Systems,Petroleum Refineries,324110,Petroleum Refineries,Par Pacific Holdings Inc.,Tacoma,Pierce,Puget Sound Clean Air Agency,"169,581",0,"167,338","1,703",539,0,0,0,0,,3,"47.256813, -122.394952",,,POINT (-122.394952 47.256813),Facility,169581.0,2012
Air Liquide Electronics Moses Lake Hydrogen Plant,2021,Chemicals,Other Chemicals,325120,Industrial Gas Manufacturing,Air Liquide USA Inc.,Moses Lake,Grant,Ecology: Eastern Regional Office,0,0,0,0,0,0,0,0,0,Curtailed in May 2019.,1,"47.135844, -119.19962",,,POINT (-119.19962 47.135844),Facility,0.0,2021
TransAlta Centralia Generation LLC - Centralia,2017,Power Plants,Coal Plants,221112,Fossil Fuel Electric Power Generation,Transalta Centralia Generation/Mining,Centralia,Lewis,Southwest Clean Air Agency,"6,002,805",0,"5,955,750","17,212","29,843",0,0,0,0,,5,"46.7559, -122.8578",,,POINT (-122.8578 46.7559),Facility,6002805.0,2017
Packaging Corporation of America - Wallula,2023,Pulp and Paper,Kraft Mills,322121,Paper (except Newsprint) Mills,Packaging Corp of America,Wallula,Walla Walla,Ecology: Industrial Section,"318,762","219,269","83,592","15,297",604,0,0,0,0,,3,"46.10396, -118.9184","97,977",Covered Entity,POINT (-118.9184 46.10396),Facility,318762.0,2023
Spokane Waste to Energy Facility - Spokane,2019,Power Plants,"Other Power, Heating, or Cooling Plants",562213,Solid Waste Combustors and Incinerators,City of Spokane,Spokane,Spokane,Spokane Regional Clean Air Agency,"234,194","134,316","94,749","2,001","3,130",0,0,0,0,,3,"47.626529, -117.504278",,,POINT (-117.504278 47.626529),Facility,234194.0,2019
Kettle Falls Generating Station - Kettle Falls,2022,Power Plants,"Other Power, Heating, or Cooling Plants",221117,Biomass Electric Power Generation,Avista Corp.,Kettle Falls,Stevens,Ecology: Eastern Regional Office,"444,695","429,129","3,469","7,188","4,910",0,0,0,0,Formerly included Avista Landfill before 2023.,3,"48.620335, -118.110841",,,POINT (-118.110841 48.620335),Facility,444695.0,2022
Providence Sacred Heart Medical Center - Spokane,2019,Health Care,Hospitals,622110,General Medical and Surgical Hospitals,Providence Health Services,Spokane,Spokane,Spokane Regional Clean Air Agency,"13,234",0,"13,220",6,8,0,0,0,0,,1,"47.648848, -117.412461",,,POINT (-117.412461 47.648848),Facility,13234.0,2019
Frederickson Power LP - Tacoma,2012,Power Plants,Natural Gas Turbine Plants,221112,Fossil Fuel Electric Power Generation,"Puget Sound Energy, Inc. and Capital Power (US Holdings) Inc",Tacoma,Pierce,Puget Sound Clean Air Agency,"139,141",0,"138,999",65,77,0,0,0,0,,3,"47.086342, -122.365686",,,POINT (-122.365686 47.086342),Facility,139141.0,2012
Georgia-Pacific Consumer Operations LLC - Camas,2024,Pulp and Paper,Kraft Mills,322120,Paper Mills,"KOCH, INC",Camas,Clark,Ecology: Industrial Section,"59,270",0,"54,127","5,112",30,0,0,0,0,,2,"45.584271, -122.408430","59,270",Covered Entity,POINT (-122.40843 45.584271),Facility,59270.0,2024
Northwest Pipeline Roosevelt C/S - Bickleton,2012,Natural Gas Systems,Natural Gas Transmission/Compression,486210,Pipeline Transportation of Natural Gas,"The Williams Companies, Inc.",Bickleton,Klickitat,Ecology: Central Regional Office,"21,280",0,"18,518","2,752",10,0,0,0,0,,1,"45.849504, -120.08083",,,POINT (-120.08083 45.849504),Facility,21280.0,2012
"Interfor US, Inc. - Tacoma",2013,Wood Products,Lumber Mills,321113,Sawmills,Simpson Lumber Company LLC,Tacoma,Pierce,Puget Sound Clean Air Agency,"13,395",0,"13,381",6,7,0,0,0,0,,1,"47.260211, -122.426476",,,POINT (-122.426476 47.260211),Facility,13395.0,2013
"El Oro Cattle Feeders, LLC - Moses Lake",2019,Livestock,Cattle Feedlots,112112,Cattle Feedlots,Agri Beef Co.,Moses Lake,Grant,Ecology: Eastern Regional Office,"27,324",0,0,"2,116","25,208",0,0,0,0,,2,"47.052176, -119.093815",,,POINT (-119.093815 47.052176),Facility,27324.0,2019
Bonneville Power Administration - WA Only - statewide,2017,Power Plants,Electrical Transmission and Distribution,221121,Electric Bulk Power Transmission and Control,US Government,Vancouver,Clark,Southwest Clean Air Agency,"15,069",0,0,0,0,0,0,"15,069",0,,1,"45.661178, -122.658608",,,POINT (-122.658608 45.661178),Facility,15069.0,2017
Northwest Hardwoods Inc. - Longview,2013,Wood Products,Lumber Mills,321113,Sawmills,Littlejohn & Co. LLC,Longview,Cowlitz,Southwest Clean Air Agency,"14,936","9,533","5,270",21,112,0,0,0,0,,1,"46.114537, -122.916806",,,POINT (-122.916806 46.114537),Facility,14936.0,2013
J.R. Simplot Company - Moses Lake,2017,Food Production,Potato Products,311411,"Frozen Fruit, Juice, and Vegetable Manufacturing",J.R. Simplot Company,Moses Lake,Grant,Ecology: Eastern Regional Office,"39,793","3,696","30,186","5,881",30,0,0,0,0,,2,"47.131732, -119.18926",,,POINT (-119.18926 47.131732),Facility,39793.0,2017
Grays Harbor Energy Center - Elma,2018,Power Plants,Natural Gas Turbine Plants,221112,Fossil Fuel Electric Power Generation,Invenergy Investment Company LLC,Elma,Grays Harbor,EFSEC,"975,859",0,"974,868",452,539,0,0,0,0,,3,"46.9688, -123.48",,,POINT (-123.48 46.9688),Facility,975859.0,2018
Ash Grove Cement Company - Seattle,2020,Minerals,Cement Production,327310,Cement Manufacturing,Ash Grove Cement Co.,Seattle,King,Puget Sound Clean Air Agency,"346,185",0,"345,515",266,404,0,0,0,0,,3,"47.56799, -122.34255",,,POINT (-122.34255 47.56799),Facility,346185.0,2020
Chehalis Generation Facility - Chehalis,2016,Power Plants,Natural Gas Turbine Plants,221112,Fossil Fuel Electric Power Generation,Berkshire Hathaway,Chehalis,Lewis,EFSEC,"591,616",0,"591,015",274,327,0,0,0,0,,3,"46.6226, -122.9145",,,POINT (-122.9145 46.6226),Facility,591616.0,2016
Puget Sound Energy - Fredonia Generating Station - Mount Vernon,2023,Power Plants,Natural Gas Turbine Plants,221112,Fossil Fuel Electric Power Generation,Puget Holdings LLC,Mount Vernon,Skagit,Northwest Clean Air Agency,"641,257",0,"640,595",301,361,0,0,0,0,,3,"48.4553, -122.435","641,250",Covered Entity,POINT (-122.435 48.4553),Facility,641257.0,2023
Tacoma LNG - Facility,2023,Natural Gas Systems,Natural Gas Local Distribution Companies,221210,Natural Gas Distribution,Puget Sound Energy,Tacoma,Pierce,Puget Sound Clean Air Agency,"15,537",0,"15,516",21,0,0,0,0,0,,1,"47.274788, -122.400326",,Reporter,POINT (-122.400326 47.274788),Facility,15537.0,2023
Sierra Pacific Industries - Burlington - Mount Vernon,2021,Wood Products,Lumber Mills,321113,Sawmills,Sierra Pacific Industries,Mount Vernon,Skagit,Northwest Clean Air Agency,"291,687","279,769","8,173",541,"3,204",0,0,0,0,,3,"48.448553, -122.434613",,,POINT (-122.434613 48.448553),Facility,291687.0,2021
Northwest Pipeline C/S - Sumas,2023,Natural Gas Systems,Natural Gas Transmission/Compression,486210,Pipeline Transportation of Natural Gas,"The Williams Companies, Inc.",Sumas,Whatcom,Northwest Clean Air Agency,"105,282",0,"102,379","2,846",58,0,0,0,0,,3,"49.001, -122.2214","105,282",Covered Entity,POINT (-122.2214 49.001),Facility,105282.0,2023
Ponderay Industries - Usk,2020,Pulp and Paper,Other Pulp and Paper,322122,Newsprint Mills,Ponderay Industries,Usk,Pend Oreille,Ecology: Eastern Regional Office,"27,486","24,043","3,109",50,284,0,0,0,0,Facility closed June 2020.,2,"48.289771, -117.271359",,,POINT (-117.271359 48.289771),Facility,27486.0,2020
Michelsen Packaging - Yakima,2014,Pulp and Paper,Other Pulp and Paper,322299,All Other Converted Paper Product Manufacturing,Michelson Packaging Co.,Yakima,Yakima,Yakima Regional Clean Air Agency,"10,601",0,"10,590",5,6,0,0,0,0,,1,"46.604058, -120.513015",,,POINT (-120.513015 46.604058),Facility,10601.0,2014
U.S. Department of Energy Hanford Site - Richland,2015,Government,Other Government,924110,Administration of Air and Water Resource and Solid Waste Management Programs,US Government,Richland,Benton,Ecology: NWP,"15,494",0,"5,571","9,912",10,0,0,0,0,,1,"46.55069, -119.489007",,,POINT (-119.489007 46.55069),Facility,15494.0,2015
Puget Sound Energy - Whitehorn Generating Station - Blaine,2023,Power Plants,Natural Gas Turbine Plants,221112,Fossil Fuel Electric Power Generation,Puget Holdings LLC,Blaine,Whatcom,Northwest Clean Air Agency,"308,591",0,"308,273",145,173,0,0,0,0,,3,"48.885475, -122.724299","308,478",Covered Entity,POINT (-122.724299 48.885475),Facility,308591.0,2023
City of Tacoma Solid Waste Facility - Tacoma,2023,Waste,Landfills,562212,Solid Waste Landfill,City of Tacoma,Tacoma,Pierce,Puget Sound Clean Air Agency,"12,503","5,555",0,"6,928",20,0,0,0,0,,1,"47.223413, -122.499775",,Reporter,POINT (-122.499775 47.223413),Facility,12503.0,2023
Lamb Weston - Warden,2017,Food Production,Potato Products,311411,"Frozen Fruit, Juice, and Vegetable Manufacturing","Lamb Weston, Inc.",Warden,Grant,Ecology: Eastern Regional Office,"18,987",0,"18,968",9,11,0,0,0,0,,1,"46.971504, -119.055427",,,POINT (-119.055427 46.971504),Facility,18987.0,2017
Georgia-Pacific Gypsum LLC - Tacoma,2019,Manufacturing,Building Products,327420,Gypsum Product Manufacturing,Koch Industries Inc.,Tacoma,Pierce,Puget Sound Clean Air Agency,"49,200",0,"49,149",23,28,0,0,0,0,,2,"47.269558, -122.394869",,,POINT (-122.394869 47.269558),Facility,49200.0,2019
"Emerald City Renewables, LLC- Graham",2019,Power Plants,"Other Power, Heating, or Cooling Plants",221117,Biomass Electric Power Generation,Emerald City Renewables LLC,Graham,Pierce,Puget Sound Clean Air Agency,"17,639","17,549",0,27,63,0,0,0,0,,1,"46.975533, -122.290871",,,POINT (-122.290871 46.975533),Facility,17639.0,2019
King County Solid Waste Cedar Hills Landfill - Maple Valley,2019,Waste,Landfills,562212,Solid Waste Landfill,King County Solid Waste Division,Maple Valley,King,Puget Sound Clean Air Agency,"72,738",0,320,"72,417",1,0,0,0,0,,2,"47.462625, -122.046025",,,POINT (-122.046025 47.462625),Facility,72738.0,2019
Hampton Lumber Mills Washington Inc. - Randle,2021,Wood Products,Lumber Mills,321113,Sawmills,Hampton Lumber Mills Washington Inc.,Randle,Lewis,Southwest Clean Air Agency,"66,131","65,259",0,125,746,0,0,0,0,,2,"46.533743, -121.917906",,,POINT (-121.917906 46.533743),Facility,66131.0,2021
DH Feeders - Eltopia,2018,Livestock,Cattle Feedlots,112112,Cattle Feedlots,Easterday Ranches,Eltopia,Franklin,Ecology: Eastern Regional Office,"15,078",0,"1,349","1,064","12,665",0,0,0,0,,1,"46.50919, -118.881203",,,POINT (-118.881203 46.50919),Facility,15078.0,2018
Northwest Pipeline C/S - Mount Vernon,2015,Natural Gas Systems,Natural Gas Transmission/Compression,486210,Pipeline Transportation of Natural Gas,"The Williams Companies, Inc.",Mount Vernon,Skagit,Northwest Clean Air Agency,"65,776",0,"63,063","2,678",35,0,0,0,0,,2,"48.421967, -122.21547",,,POINT (-122.21547 48.421967),Facility,65776.0,2015
Northwest Pipeline Willard C/S - Cook,2018,Natural Gas Systems,Natural Gas Transmission/Compression,486210,Pipeline Transportation of Natural Gas,"The Williams Companies, Inc.",Cook,Skamania,Southwest Clean Air Agency,"14,663",0,"13,280","1,375",7,0,0,0,0,,1,"45.778087, -121.626311",,,POINT (-121.626311 45.778087),Facility,14663.0,2018
Darling Ingredients Inc - Tacoma,2017,Food Production,Meat Products,311613,Rendering and Meat Byproduct Processing,Darling Ingredients Inc.,Tacoma,Pierce,Puget Sound Clean Air Agency,"11,327",0,"11,315",5,6,0,0,0,0,,1,"47.250503, -122.406461",,,POINT (-122.406461 47.250503),Facility,11327.0,2017
Tree Top - Wenatchee,2015,Food Production,Fruit Products,311423,Dried and Dehydrated Food Manufacturing,Tree Top Inc.,Wenatchee,Chelan,Ecology: Central Regional Office,"7,806",0,"7,797",4,4,0,0,0,0,,1,"47.48938, -120.31426",,,POINT (-120.31426 47.48938),Facility,7806.0,2015
The Boeing Company - Renton,2014,Manufacturing,Transportation Industry,336411,Aircraft Manufacturing,The Boeing Company,Renton,King,Puget Sound Clean Air Agency,"18,512",0,"18,492",9,11,0,0,0,0,,1,"47.498257, -122.211346",,,POINT (-122.211346 47.498257),Facility,18512.0,2014
Chehalis Generation Facility - Chehalis,2021,Power Plants,Natural Gas Turbine Plants,221112,Fossil Fuel Electric Power Generation,Berkshire Hathaway,Chehalis,Lewis,EFSEC,"910,383",0,"909,459",422,503,0,0,0,0,,3,"46.6226, -122.9145",,,POINT (-122.9145 46.6226),Facility,910383.0,2021
Waste Management Greater Wenatchee Regional Landfill - East Wenatchee,2022,Waste,Landfills,562212,Solid Waste Landfill,Waste Management Inc.,East Wenatchee,Douglas,Ecology: Central Regional Office,"66,333","16,008",0,"50,267",58,0,0,0,0,,2,"47.405083, -120.167444",,,POINT (-120.167444 47.405083),Facility,66333.0,2022
Western Washington University - Bellingham,2021,Government,Education,611310,"Colleges, Universities, and Professional Schools",Western Washington University,Bellingham,Whatcom,Northwest Clean Air Agency,"10,386",0,"10,375",5,6,0,0,0,0,,1,"48.736499, -122.484714",,,POINT (-122.484714 48.736499),Facility,10386.0,2021
Northwest Pipeline C/S - Washougal,2020,Natural Gas Systems,Natural Gas Transmission/Compression,486210,Pipeline Transportation of Natural Gas,"The Williams Companies, Inc.",Washougal,Clark,Southwest Clean Air Agency,"19,363",0,"17,795","1,558",10,0,0,0,0,,1,"45.63236, -122.36516",,,POINT (-122.36516 45.63236),Facility,19363.0,2020
McCain Foods - Othello,2015,Food Production,Potato Products,311411,"Frozen Fruit, Juice, and Vegetable Manufacturing",McCain USA Inc.,Othello,Adams,Ecology: Eastern Regional Office,"77,566",0,"38,078","39,467",21,0,0,0,0,,2,"46.840102, -119.172705",,,POINT (-119.172705 46.840102),Facility,77566.0,2015
Northwest Packing Co. - Vancouver,2024,Food Production,Fruit Products,311421,Fruit and Vegetable Preserving and Specialty Food Manufacturing,THE NEIL JONES FOOD CO,Vancouver,Clark,Southwest Clean Air Agency,"11,175",0,"11,163",5,6,0,0,0,0,First year reporting.,1,"45.632222, -122.690000",,Reporter,POINT (-122.69 45.632222),Facility,11175.0,2024
Seattle-Tacoma International Airport - Seattle,2012,Government,Other Government,488119,Other Airport Operations,Port of Seattle,Seattle,King,Puget Sound Clean Air Agency,"14,272",0,"14,257",7,8,0,0,0,0,,1,"47.443643, -122.302452",,,POINT (-122.302452 47.443643),Facility,14272.0,2012
Northwest Pipeline C/S - Washougal,2022,Natural Gas Systems,Natural Gas Transmission/Compression,486210,Pipeline Transportation of Natural Gas,"The Williams Companies, Inc.",Washougal,Clark,Southwest Clean Air Agency,"11,198",0,"9,624","1,569",5,0,0,0,0,,1,"45.63236, -122.36516",,,POINT (-122.36516 45.63236),Facility,11198.0,2022
"Tyson Fresh Meats, Inc. - Wallula",2022,Food Production,Meat Products,311611,Animal (except Poultry) Slaughtering,"Tyson Foods, Inc",Wallula,Walla Walla,Ecology: Eastern Regional Office,"94,596",0,"25,967","68,613",16,0,0,0,0,,2,"46.137521, -118.913051",,,POINT (-118.913051 46.137521),Facility,94596.0,2022
"North Pacific Paper Company, LLC - Longview",2021,Pulp and Paper,Other Pulp and Paper,322122,Newsprint Mills,NP Paper Investor Holdings LLC,Longview,Cowlitz,Southwest Clean Air Agency,"44,358",0,"44,312",21,25,0,0,0,0,Formerly part of Nippon Dynawave before 2016.,2,"46.125662, -122.976788",,,POINT (-122.976788 46.125662),Facility,44358.0,2021
Puget Sound Energy - Encogen Generating Station - Bellingham,2022,Power Plants,Natural Gas Turbine Plants,221112,Fossil Fuel Electric Power Generation,Puget Holdings LLC,Bellingham,Whatcom,Northwest Clean Air Agency,"204,794",0,"204,586",95,113,0,0,0,0,,3,"48.746, -122.486",,,POINT (-122.486 48.746),Facility,204794.0,2022
Nippon Dynawave - Longview,2019,Pulp and Paper,Kraft Mills,322121,Paper (except Newsprint) Mills,Nippon Paper Industries Co Ltd,Longview,Cowlitz,Ecology: Industrial Section,"1,609,229","1,277,551","323,899","1,659","6,119",0,0,0,0,Formerly included North Pacific Paper Company before 2016.,4,"46.130495, -122.983637",,,POINT (-122.983637 46.130495),Facility,1609229.0,2019
The Boeing Company - Auburn Site - Auburn,2012,Manufacturing,Transportation Industry,336413,Other Aircraft Parts and Auxiliary Equipment Manufacturing,The Boeing Company,Auburn,King,Puget Sound Clean Air Agency,"38,932",0,"38,892",18,22,0,0,0,0,,2,"47.285551, -122.242298",,,POINT (-122.242298 47.285551),Facility,38932.0,2012
McKinley Paper Co. - Washington Mill - Port Angeles,2020,Pulp and Paper,Other Pulp and Paper,322121,Paper (except Newsprint) Mills,McKinley Paper Co.,Port Angeles,Clallam,Olympic Region Clean Air Agency,"72,035","66,823",394,"4,053",765,0,0,0,0,,2,"48.134623, -123.467524",,,POINT (-123.467524 48.134623),Facility,72035.0,2020
Cheyne Landfill - Zillah,2015,Waste,Landfills,562212,Solid Waste Landfill,Yakima County Public Services,Zillah,Yakima,Yakima Regional Clean Air Agency,"34,450",0,0,"34,450",0,0,0,0,0,,2,"46.4785, -120.2688",,,POINT (-120.2688 46.4785),Facility,34450.0,2015
Boulder Park Generating Station - Spokane Valley,2012,Power Plants,"Other Power, Heating, or Cooling Plants",221112,Fossil Fuel Electric Power Generation,Avista Corp.,Spokane Valley,Spokane,Spokane Regional Clean Air Agency,"2,700",0,"2,697",1,1,0,0,0,0,,1,"47.696999, -117.147223",,,POINT (-117.147223 47.696999),Facility,2700.0,2012
US Army Joint Base Lewis-McChord - Pierce Co.,2020,Government,National Security,928110,National Security,US Government,Joint Base Lewis-McChord,Pierce,Puget Sound Clean Air Agency,"70,954",0,"55,203","15,719",32,0,0,0,0,,2,"47.1142, -122.5365",,,POINT (-122.5365 47.1142),Facility,70954.0,2020
Hampton Lumber Mills Washington Inc. - Randle,2018,Wood Products,Lumber Mills,321113,Sawmills,Hampton Lumber Mills Washington Inc.,Randle,Lewis,Southwest Clean Air Agency,"61,571","60,760",0,117,695,0,0,0,0,,2,"46.533743, -121.917906",,,POINT (-121.917906 46.533743),Facility,61571.0,2018
Basic American Foods - Moses Lake,2019,Food Production,Potato Products,311423,Dried and Dehydrated Food Manufacturing,Basic American Inc.,Moses Lake,Grant,Ecology: Eastern Regional Office,"30,698",0,"30,666",15,17,0,0,0,0,,2,"47.075183, -119.220408",,,POINT (-119.220408 47.075183),Facility,30698.0,2019
Eastern Washington University,2020,Government,Education,611310,"Colleges, Universities, and Professional Schools",State of Washington,Cheney,Spokane,Spokane Regional Clean Air Agency,"13,687",0,"13,673",7,8,0,0,0,0,,1,"47.490091, -117.579702",,,POINT (-117.579702 47.490091),Facility,13687.0,2020
The Boeing Company: DC/MFC - Tukwila,2016,Manufacturing,Transportation Industry,336411,Aircraft Manufacturing,The Boeing Company,Tukwila,King,Puget Sound Clean Air Agency,"14,859",0,"14,844",7,8,0,0,0,0,,1,"47.516246, -122.298613",,,POINT (-122.298613 47.516246),Facility,14859.0,2016
CenTrio Energy Seattle LLC - Seattle,2013,Power Plants,"Other Power, Heating, or Cooling Plants",221330,Steam and Air-Conditioning Supply,Seattle Steam Company LLC,Seattle,King,Puget Sound Clean Air Agency,"89,429","14,787","74,242",161,239,0,0,0,0,,2,"47.6068, -122.340179",,,POINT (-122.340179 47.6068),Facility,89429.0,2013
Northwest Hardwoods Inc. - Mount Vernon,2014,Wood Products,Lumber Mills,321113,Sawmills,Littlejohn & Co. LLC,Mount Vernon,Skagit,Northwest Clean Air Agency,"12,739","8,800","3,818",19,103,0,0,0,0,,1,"48.451642, -122.443028",,,POINT (-122.443028 48.451642),Facility,12739.0,2014
Roosevelt Regional Landfill - Roosevelt,2016,Waste,Landfills,562212,Solid Waste Landfill,"Republic Services, Inc.",Roosevelt,Klickitat,Ecology: Central Regional Office,"196,768",0,287,"196,480",1,0,0,0,0,,3,"45.807146, -120.179785",,,POINT (-120.179785 45.807146),Facility,196768.0,2016
Lamb Weston - Connell,2023,Food Production,Potato Products,311411,"Frozen Fruit, Juice, and Vegetable Manufacturing","Lamb Weston, Inc.",Connell,Franklin,Ecology: Eastern Regional Office,"26,956",0,"26,929",13,15,0,0,0,0,,2,"46.651389, -118.871944","26,956",Covered Entity,POINT (-118.871944 46.651389),Facility,26956.0,2023
"WestRock CP, LLC - Tacoma",2014,Pulp and Paper,Kraft Mills,322130,Paperboard Mills,Westrock Corp.,Tacoma,Pierce,Ecology: Industrial Section,"1,173,531","1,059,608","107,184","1,193","5,547",0,0,0,0,,4,"47.260953, -122.421765",,,POINT (-122.421765 47.260953),Facility,1173531.0,2014
LRI Landfill - Graham,2014,Waste,Landfills,562212,Solid Waste Landfill,Waste Connections Inc.,Graham,Pierce,Puget Sound Clean Air Agency,"57,749",0,0,"57,749",0,0,0,0,0,,2,"46.972405, -122.292799",,,POINT (-122.292799 46.972405),Facility,57749.0,2014
Washington State University - Pullman,2020,Government,Education,611310,"Colleges, Universities, and Professional Schools",State of Washington,Pullman,Whitman,Ecology: Eastern Regional Office,"59,429",0,"59,368",28,34,0,0,0,0,,2,"46.728702, -117.151481",,,POINT (-117.151481 46.728702),Facility,59429.0,2020
CertainTeed Gypsum - Seattle,2014,Manufacturing,Building Products,327420,Gypsum Product Manufacturing,Saint-Gobain Corporation,Seattle,King,Puget Sound Clean Air Agency,"36,299",0,"36,262",17,20,0,0,0,0,,2,"47.548056, -122.336944",,,POINT (-122.336944 47.548056),Facility,36299.0,2014
Puget Sound Energy - Frederickson Generating Station - Tacoma,2017,Power Plants,Natural Gas Turbine Plants,221112,Fossil Fuel Electric Power Generation,Puget Holdings LLC,Tacoma,Pierce,Puget Sound Clean Air Agency,"44,365",0,"44,319",21,25,0,0,0,0,,2,"47.079716, -122.364711",,,POINT (-122.364711 47.079716),Facility,44365.0,2017
Naval Base Kitsap Bangor - Silverdale,2023,Government,National Security,928110,National Security,US Government,Silverdale,Kitsap,Puget Sound Clean Air Agency,"19,431",0,"19,409",10,13,0,0,0,0,,1,"47.699284, -122.696926",,Reporter,POINT (-122.696926 47.699284),Facility,19431.0,2023
Cascade Hardwood LLC - Chehalis,2023,Wood Products,Lumber Mills,321113,Sawmills,Cascade Hardwood LLC,Chehalis,Lewis,Southwest Clean Air Agency,"7,607","7,500",7,15,86,0,0,0,0,,1,"46.635062, -122.930338",,Reporter,POINT (-122.930338 46.635062),Facility,7607.0,2023
Boeing Commercial Airplanes - Everett,2019,Manufacturing,Transportation Industry,336411,Aircraft Manufacturing,The Boeing Company,Everett,Snohomish,Puget Sound Clean Air Agency,"77,572",0,"77,492",37,44,0,0,0,0,,2,"47.918622, -122.276987",,,POINT (-122.276987 47.918622),Facility,77572.0,2019
Sonoco Products - Sumner,2021,Pulp and Paper,Other Pulp and Paper,322130,Paperboard Mills,Sonoco Products Company,Sumner,Pierce,Puget Sound Clean Air Agency,"11,480",0,"11,468",6,7,0,0,0,0,,1,"47.210641, -122.239474",,,POINT (-122.239474 47.210641),Facility,11480.0,2021
Milne Fruit Products - Prosser,2024,Food Production,Fruit Products,311411,"Frozen Fruit, Juice, and Vegetable Manufacturing",MFP HOLDINGS,Prosser,Benton,Benton Clean Air Agency,"12,153",0,"12,141",6,7,0,0,0,0,,1,"46.202562, -119.775527",,Reporter,POINT (-119.775527 46.202562),Facility,12153.0,2024
Puget Sound Energy - Mint Farm Generating Station - Longview,2015,Power Plants,Natural Gas Turbine Plants,221112,Fossil Fuel Electric Power Generation,Puget Holdings LLC,Longview,Cowlitz,Southwest Clean Air Agency,"685,789",0,"685,093",318,379,0,0,0,0,,3,"46.140095, -122.985138",,,POINT (-122.985138 46.140095),Facility,685789.0,2015
Graymont Western US. Inc. - Tacoma,2017,Minerals,Lime Production,327410,Lime Manufacturing,"Graymont, Inc.",Tacoma,Pierce,Puget Sound Clean Air Agency,23,0,23,0,0,0,0,0,0,Facility shut down.,1,"47.271365, -122.397262",,,POINT (-122.397262 47.271365),Facility,23.0,2017
The Boeing Company - Auburn Site - Auburn,2021,Manufacturing,Transportation Industry,336413,Other Aircraft Parts and Auxiliary Equipment Manufacturing,The Boeing Company,Auburn,King,Puget Sound Clean Air Agency,"34,746",0,"34,710",16,19,0,0,0,0,,2,"47.285551, -122.242298",,,POINT (-122.242298 47.285551),Facility,34746.0,2021
Puget Sound Energy LDC Facility - Bellevue,2019,Natural Gas Systems,Natural Gas Local Distribution Companies,221210,Natural Gas Distribution,Puget Holdings LLC,Bellevue,King,Puget Sound Clean Air Agency,"61,438",0,105,"61,333",0,0,0,0,0,,2,"47.61345, -122.19454",,,POINT (-122.19454 47.61345),Facility,61438.0,2019
Lamb Weston - Quincy,2022,Food Production,Potato Products,311411,"Frozen Fruit, Juice, and Vegetable Manufacturing","Lamb Weston, Inc.",Quincy,Grant,Ecology: Eastern Regional Office,"35,378",0,"35,341",17,20,0,0,0,0,,2,"47.234413, -119.869914",,,POINT (-119.869914 47.234413),Facility,35378.0,2022
Hidden Valley Landfill - Puyallup,2012,Waste,Landfills,562212,Solid Waste Landfill,Waste Connections US Inc.,Puyallup,Pierce,Puget Sound Clean Air Agency,"7,203",0,0,"7,203",0,0,0,0,0,Voluntary reporter.,1,"47.095, -122.2878",,,POINT (-122.2878 47.095),Facility,7203.0,2012
"Rainier Veneer, Inc. - Spanaway",2018,Wood Products,Other Wood Products,321212,Softwood Veneer and Plywood Manufacturing,Rainier Veneer Inc.,Spanaway,Pierce,Puget Sound Clean Air Agency,"18,812","16,101","2,493",32,186,0,0,0,0,,1,"47.062059, -122.318981",,,POINT (-122.318981 47.062059),Facility,18812.0,2018
Imerys Minerals Quincy Plant - Quincy,2016,Minerals,Other Minerals,212399,All Other Nonmetallic Mineral Mining,Imerys Filtration Minerals Inc.,Quincy,Grant,Ecology: Eastern Regional Office,"18,201",0,"18,182",9,10,0,0,0,0,,1,"47.239948, -119.838831",,,POINT (-119.838831 47.239948),Facility,18201.0,2016
Fairchild AFB - Spokane Co.,2022,Government,National Security,928110,National Security,US Government,Fairchild Air Force Base,Spokane,Spokane Regional Clean Air Agency,"14,935",0,"14,920",7,8,0,0,0,0,,1,"47.641332, -117.644832",,,POINT (-117.644832 47.641332),Facility,14935.0,2022
Ardagh Glass Inc. - Seattle,2013,Minerals,Glass Production,327213,Glass Container Manufacturing,Ardagh Holdings USA Inc.,Seattle,King,Puget Sound Clean Air Agency,"80,745",0,"80,683",29,34,0,0,0,0,,2,"47.55242, -122.33739",,,POINT (-122.33739 47.55242),Facility,80745.0,2013
Eastern Washington University,2017,Government,Education,611310,"Colleges, Universities, and Professional Schools",State of Washington,Cheney,Spokane,Spokane Regional Clean Air Agency,"14,603",0,"14,587",7,9,0,0,0,0,First year reporting.,1,"47.490091, -117.579702",,,POINT (-117.579702 47.490091),Facility,14603.0,2017
Cascade Hardwood LLC - Chehalis,2018,Wood Products,Lumber Mills,321113,Sawmills,Cascade Hardwood LLC,Chehalis,Lewis,Southwest Clean Air Agency,"9,801","9,667",5,19,111,0,0,0,0,,1,"46.635062, -122.930338",,,POINT (-122.930338 46.635062),Facility,9801.0,2018
Naval Base Kitsap - Bremerton,2023,Government,National Security,928110,National Security,US Government,Bremerton,Kitsap,Puget Sound Clean Air Agency,"41,809",0,"41,765",20,24,0,0,0,0,,2,"47.557047, -122.645933",,Reporter,POINT (-122.645933 47.557047),Facility,41809.0,2023
"North Pacific Paper Company, LLC - Longview",2024,Pulp and Paper,Other Pulp and Paper,322122,Newsprint Mills,NP PAPER INVESTOR HOLDINGS LLC,Longview,Cowlitz,Southwest Clean Air Agency,"39,794",0,"39,753",19,22,0,0,0,0,Formerly part of Nippon Dynawave before 2016.,2,"46.125662, -122.976788","39,794",Covered Entity,POINT (-122.976788 46.125662),Facility,39794.0,2024
"Analog Devices, Inc. - Camas",2013,Manufacturing,Electronics Industry,334413,Semiconductor and Related Device Manufacturing,Linear Technology Corporation,Camas,Clark,Southwest Clean Air Agency,"29,137",0,"1,649",1,"1,172","1,539","21,949","2,729",98,,2,"45.598844, -122.45232",,,POINT (-122.45232 45.598844),Facility,29137.0,2013
Northwest Pipeline C/S - Goldendale,2021,Natural Gas Systems,Natural Gas Transmission/Compression,486210,Pipeline Transportation of Natural Gas,"The Williams Companies, Inc.",Goldendale,Klickitat,Ecology: Central Regional Office,"22,951",0,"20,025","2,915",11,0,0,0,0,,1,"45.771216, -120.799267",,,POINT (-120.799267 45.771216),Facility,22951.0,2021
Alon Asphalt Company - Seattle,2017,Petroleum Systems,Other Petroleum Systems,424710,Petroleum Bulk Stations and Terminals,Delek US Holdings Inc.,Seattle,King,Puget Sound Clean Air Agency,"14,818",0,"14,782",29,8,0,0,0,0,,1,"47.781642, -122.395299",,,POINT (-122.395299 47.781642),Facility,14818.0,2017
Central Washington University - Ellensburg,2022,Government,Education,611310,"Colleges, Universities, and Professional Schools",State of Washington,Ellensburg,Kittitas,Ecology: Central Regional Office,"13,700",0,"13,686",7,8,0,0,0,0,,1,"47.003202, -120.544513",,,POINT (-120.544513 47.003202),Facility,13700.0,2022
REC Solar Grade Silicon - Moses Lake,2021,Metals,Other Metals,331410,Primary Smelting and Refining of Nonferrous Metal (except Copper and Aluminum),REC Silicon,Moses Lake,Grant,Ecology: Eastern Regional Office,0,0,0,0,0,0,0,0,0,Curtailed in mid 2019. No emissions in 2021.,1,"47.138359, -119.200383",,,POINT (-119.200383 47.138359),Facility,0.0,2021
Packaging Corporation of America - Wallula,2017,Pulp and Paper,Kraft Mills,322121,Paper (except Newsprint) Mills,Packaging Corp of America,Wallula,Walla Walla,Ecology: Industrial Section,"708,497","547,664","144,710","13,559","2,564",0,0,0,0,,3,"46.10396, -118.9184",,,POINT (-118.9184 46.10396),Facility,708497.0,2017
Puget Sound Energy - Ferndale Generating Station - Ferndale,2015,Power Plants,Natural Gas Turbine Plants,221112,Fossil Fuel Electric Power Generation,Puget Holdings LLC,Ferndale,Whatcom,Northwest Clean Air Agency,"405,726",0,"405,316",187,223,0,0,0,0,,3,"48.828707, -122.685533",,,POINT (-122.685533 48.828707),Facility,405726.0,2015
Darigold - Lynden,2018,Food Production,Dairy Products,311514,"Dry, Condensed, and Evaporated Dairy Product Manufacturing",Darigold Inc.,Lynden,Whatcom,Northwest Clean Air Agency,"17,919",0,"17,901",9,10,0,0,0,0,,1,"48.947567, -122.451915",,,POINT (-122.451915 48.947567),Facility,17919.0,2018
City of Spokane Northside Landfill - Spokane,2012,Waste,Landfills,562212,Solid Waste Landfill,City of Spokane,Spokane,Spokane,Spokane Regional Clean Air Agency,"10,471",0,0,"10,471",0,0,0,0,0,Voluntary reporter.,1,"47.727246, -117.487442",,,POINT (-117.487442 47.727246),Facility,10471.0,2012
"Gas Transmission Northwest Compressor Station 6, LLC - Rosalia",2022,Natural Gas Systems,Natural Gas Transmission/Compression,486210,Pipeline Transportation of Natural Gas,TransCanada Northern Border Inc.,Rosalia,Whitman,Spokane Regional Clean Air Agency,"109,027",0,"107,622","1,345",60,0,0,0,0,,3,"47.277256, -117.406737",,,POINT (-117.406737 47.277256),Facility,109027.0,2022
The Boeing Company: DC/MFC - Tukwila,2023,Manufacturing,Transportation Industry,336411,Aircraft Manufacturing,The Boeing Company,Tukwila,King,Puget Sound Clean Air Agency,"16,355",0,"16,338",8,9,0,0,0,0,,1,"47.516246, -122.298613",,Reporter,POINT (-122.298613 47.516246),Facility,16355.0,2023
Murphy Veneer - Elma,2013,Wood Products,Other Wood Products,321212,Softwood Veneer and Plywood Manufacturing,Murphy Co.,Elma,Grays Harbor,Olympic Region Clean Air Agency,"10,826",0,"10,816",5,6,0,0,0,0,First reporting year.,1,"47.040323, -123.334339",,,POINT (-123.334339 47.040323),Facility,10826.0,2013
University of Washington Seattle Campus - Seattle,2012,Government,Education,611310,"Colleges, Universities, and Professional Schools",State of Washington,Seattle,King,Puget Sound Clean Air Agency,"83,585",0,"83,499",39,47,0,0,0,0,,2,"47.653614, -122.303608",,,POINT (-122.303608 47.653614),Facility,83585.0,2012
Darigold - Chehalis,2015,Food Production,Dairy Products,311514,"Dry, Condensed, and Evaporated Dairy Product Manufacturing",Darigold Inc.,Chehalis,Lewis,Southwest Clean Air Agency,"14,732",0,"14,718",7,8,0,0,0,0,,1,"46.659952, -122.970162",,,POINT (-122.970162 46.659952),Facility,14732.0,2015
SDS Lumber Company - Bingen,2016,Wood Products,Lumber Mills,321113,Sawmills,SDS Lumber Company,Bingen,Klickitat,Ecology: Central Regional Office,"105,113","103,591",138,199,"1,185",0,0,0,0,,3,"45.713913, -121.468688",,,POINT (-121.468688 45.713913),Facility,105113.0,2016
Horn Rapids Sanitary Landfill - Richland,2023,Waste,Landfills,562212,Solid Waste Landfill,City of Richland,Richland,Benton,Benton Clean Air Agency,"33,850","3,945",0,"29,891",14,0,0,0,0,,2,"46.346663, -119.348118",,Reporter,POINT (-119.348118 46.346663),Facility,33850.0,2023
"Bio Energy Washington, LLC - Maple Valley",2014,Power Plants,"Other Power, Heating, or Cooling Plants",221119,Other Electric Power Generation,Bio Energy Washington,Maple Valley,King,Puget Sound Clean Air Agency,"28,217","26,868","1,207",43,100,0,0,0,0,,2,"47.455871, -122.041817",,,POINT (-122.041817 47.455871),Facility,28217.0,2014
Sierra Pacific Industries - Shelton,2021,Wood Products,Lumber Mills,321212,Softwood Veneer and Plywood Manufacturing,Simpson Lumber Company LLC,Shelton,Mason,Olympic Region Clean Air Agency,"79,779","78,728",0,151,901,0,0,0,0,,2,"47.213448, -123.096517",,,POINT (-123.096517 47.213448),Facility,79779.0,2021
"SEH America, Inc - Vancouver",2014,Manufacturing,Electronics Industry,334413,Semiconductor and Related Device Manufacturing,SEH America Inc.,Vancouver,Clark,Southwest Clean Air Agency,"10,788",0,"10,777",5,6,0,0,0,0,,1,"45.649912, -122.553612",,,POINT (-122.553612 45.649912),Facility,10788.0,2014
"Nucor Steel Seattle, Inc, - Seattle",2015,Metals,Iron and Steel Production,331110,Iron and Steel Mills and Ferroalloy Manufacturing,Nucor Corporation,Seattle,King,Puget Sound Clean Air Agency,"87,036",0,"86,999",17,20,0,0,0,0,Method change to mass balance.,2,"47.569331, -122.367332",,,POINT (-122.367332 47.569331),Facility,87036.0,2015
REG Grays Harbor LLC - Hoquiam,2013,Petroleum Systems,Other Petroleum Systems,325199,All Other Basic Organic Chemical Manufacturing,Chevron Corporation,Hoquiam,Grays Harbor,Olympic Region Clean Air Agency,"11,058",0,"11,047",5,6,0,0,0,0,First year reporting.,1,"46.968196, -123.853622",,,POINT (-123.853622 46.968196),Facility,11058.0,2013
Northwest Pipeline C/S - Snohomish,2014,Natural Gas Systems,Natural Gas Transmission/Compression,486210,Pipeline Transportation of Natural Gas,"The Williams Companies, Inc.",Snohomish,Snohomish,Puget Sound Clean Air Agency,"38,507",0,"38,029",457,21,0,0,0,0,,2,"47.78825, -122.05859",,,POINT (-122.05859 47.78825),Facility,38507.0,2014
Avista Corporation LDC - WA - statewide,2024,Natural Gas Systems,Natural Gas Local Distribution Companies,221210,Natural Gas Distribution,AVISTA CORP,Spokane,Spokane,Spokane Regional Clean Air Agency,"16,313",0,20,"16,293",0,0,0,0,0,,1,"47.673662, -117.388735",,Reporter,POINT (-117.388735 47.673662),Facility,16313.0,2024
Puget Sound Energy - Ferndale Generating Station - Ferndale,2020,Power Plants,Natural Gas Turbine Plants,221112,Fossil Fuel Electric Power Generation,Puget Holdings LLC,Ferndale,Whatcom,Northwest Clean Air Agency,"509,154",0,"508,637",236,281,0,0,0,0,,3,"48.828707, -122.685533",,,POINT (-122.685533 48.828707),Facility,509154.0,2020
Cardinal FG Company - Winlock,2015,Minerals,Glass Production,327211,Flat Glass Manufacturing,Cardinal Glass Industries Inc.,Winlock,Lewis,Southwest Clean Air Agency,"105,009",0,"104,934",34,41,0,0,0,0,,3,"46.544937, -122.926313",,,POINT (-122.926313 46.544937),Facility,105009.0,2015
"Horse Heaven Cattle Feeders, Inc. - Sunnyside",2014,Livestock,Cattle Feedlots,112112,Cattle Feedlots,"Horse Heaven Cattle Feeders, Inc.",Sunnyside,Yakima,Yakima Regional Clean Air Agency,"8,463",0,0,660,"7,803",0,0,0,0,,1,"46.284622, -120.019668",,,POINT (-120.019668 46.284622),Facility,8463.0,2014
H.W. Hill Landfill Gas Power Plant - Roosevelt,2016,Power Plants,"Other Power, Heating, or Cooling Plants",221119,Other Electric Power Generation,Public Utility District No. 1 of Klickitat County,Roosevelt,Klickitat,Ecology: Central Regional Office,"75,654","75,267",0,116,271,0,0,0,0,,2,"45.807765, -120.166354",,,POINT (-120.166354 45.807765),Facility,75654.0,2016
Northwest Pipeline Plymouth C/S - Plymouth,2020,Natural Gas Systems,Natural Gas Transmission/Compression,486210,Pipeline Transportation of Natural Gas,"The Williams Companies, Inc.",Plymouth,Benton,Benton Clean Air Agency,"6,769",0,"5,105","1,662",3,0,0,0,0,,1,"45.9309, -119.41019",,,POINT (-119.41019 45.9309),Facility,6769.0,2020
"Tyson Fresh Meats, Inc. - Wallula",2013,Food Production,Meat Products,311611,Animal (except Poultry) Slaughtering,"Tyson Foods, Inc",Wallula,Walla Walla,Ecology: Eastern Regional Office,"65,322",0,"23,637","41,672",13,0,0,0,0,,2,"46.137521, -118.913051",,,POINT (-118.913051 46.137521),Facility,65322.0,2013
Pasco Processing LLC - Pasco,2014,Food Production,Other Food Products,311991,Perishable Prepared Food Manufacturing,Oregon Potato Co.,Pasco,Franklin,Ecology: Eastern Regional Office,"17,298",0,"17,280",8,10,0,0,0,0,,1,"46.28274, -119.097528",,,POINT (-119.097528 46.28274),Facility,17298.0,2014
Ascensus Specialties LLC - Elma,2019,Chemicals,Other Chemicals,325180,Other Basic Inorganic Chemical Manufacturing,VSI Holdings LLC,Elma,Grays Harbor,Olympic Region Clean Air Agency,"22,358",0,"22,335",11,13,0,0,0,0,,1,"46.995459, -123.382316",,,POINT (-123.382316 46.995459),Facility,22358.0,2019
"Gas Transmission Northwest Compressor Station 6, LLC - Rosalia",2021,Natural Gas Systems,Natural Gas Transmission/Compression,486210,Pipeline Transportation of Natural Gas,TransCanada Northern Border Inc.,Rosalia,Whitman,Spokane Regional Clean Air Agency,"75,387",0,"74,694",652,42,0,0,0,0,,2,"47.277256, -117.406737",,,POINT (-117.406737 47.277256),Facility,75387.0,2021
Northwest Pipeline C/S - Sumas,2018,Natural Gas Systems,Natural Gas Transmission/Compression,486210,Pipeline Transportation of Natural Gas,"The Williams Companies, Inc.",Sumas,Whatcom,Northwest Clean Air Agency,"90,783",0,"86,855","3,879",49,0,0,0,0,,2,"49.001, -122.2214",,,POINT (-122.2214 49.001),Facility,90783.0,2018
Inland Empire Paper Company - Spokane,2021,Pulp and Paper,Other Pulp and Paper,322122,Newsprint Mills,Cowles Publishing Co.,Spokane,Spokane,Spokane Regional Clean Air Agency,"34,507","17,701","16,553",42,212,0,0,0,0,,2,"47.688295, -117.279323",,,POINT (-117.279323 47.688295),Facility,34507.0,2021
Cascade Natural Gas Corporation LDC - statewide,2022,Natural Gas Systems,Natural Gas Local Distribution Companies,221210,Natural Gas Distribution,MDU Resources Group Inc.,Kennewick,Benton,Benton Clean Air Agency,"25,017",0,712,"24,304",0,0,0,0,0,,2,"46.21875, -119.22987",,,POINT (-119.22987 46.21875),Facility,25017.0,2022
River Road Generating Plant - Vancouver,2018,Power Plants,Natural Gas Turbine Plants,221112,Fossil Fuel Electric Power Generation,Clark Public Utilities,Vancouver,Clark,Southwest Clean Air Agency,"474,250",0,"473,768",220,262,0,0,0,0,,3,"45.64958, -122.724806",,,POINT (-122.724806 45.64958),Facility,474250.0,2018
Cathcart Landfill - Snohomish,2024,Waste,Landfills,562212,Solid Waste Landfill,COUNTY OF SNOHOMISH WASHINGTON,Snohomish,Snohomish,Puget Sound Clean Air Agency,"24,807",708,196,"23,901",3,0,0,0,0,,1,"47.870014, -122.118284",,Reporter,POINT (-122.118284 47.870014),Facility,24807.0,2024
Grant County Landfill 1 - Ephrata,2015,Waste,Landfills,562212,Solid Waste Landfill,Grant County Washington,Ephrata,Grant,Ecology: Eastern Regional Office,"40,606",0,0,"40,606",0,0,0,0,0,,2,"47.270759, -119.573764",,,POINT (-119.573764 47.270759),Facility,40606.0,2015
Matheson - Anacortes,2015,Petroleum Systems,Other Petroleum Systems,325120,Industrial Gas Manufacturing,Linde Gas North America LLC,Anacortes,Skagit,Northwest Clean Air Agency,"59,381",0,"59,381",0,0,0,0,0,0,,2,"48.467646, -122.554343",,,POINT (-122.554343 48.467646),Facility,59381.0,2015
J.R. Simplot Company - Othello,2015,Food Production,Potato Products,311411,"Frozen Fruit, Juice, and Vegetable Manufacturing",J.R. Simplot Company,Othello,Adams,Ecology: Eastern Regional Office,"87,686",0,"45,538","42,123",26,0,0,0,0,,2,"46.837778, -119.176389",,,POINT (-119.176389 46.837778),Facility,87686.0,2015
Lamb Weston - Pasco,2024,Food Production,Potato Products,311411,"Frozen Fruit, Juice, and Vegetable Manufacturing",LAMB WESTON HOLDINGS INC,Pasco,Franklin,Ecology: Eastern Regional Office,"37,158",0,"37,120",18,21,0,0,0,0,,2,"46.288137, -119.115336","37,158",Covered Entity,POINT (-119.115336 46.288137),Facility,37158.0,2024
Puget Sound Energy - Whitehorn Generating Station - Blaine,2018,Power Plants,Natural Gas Turbine Plants,221112,Fossil Fuel Electric Power Generation,Puget Holdings LLC,Blaine,Whatcom,Northwest Clean Air Agency,"44,531",0,"44,485",21,25,0,0,0,0,,2,"48.885475, -122.724299",,,POINT (-122.724299 48.885475),Facility,44531.0,2018
"Kaiser Aluminum Washington, LLC (Trentwood Works) - Spokane Valley",2020,Metals,Other Metals,331315,"Aluminum Sheet, Plate, and Foil Manufacturing",Kaiser Aluminum Corp.,Spokane Valley,Spokane,Spokane Regional Clean Air Agency,"106,233",0,"106,123",50,60,0,0,0,0,,3,"47.687074, -117.212673",,,POINT (-117.212673 47.687074),Facility,106233.0,2020
Northwest Pipeline C/S - Goldendale,2016,Natural Gas Systems,Natural Gas Transmission/Compression,486210,Pipeline Transportation of Natural Gas,"The Williams Companies, Inc.",Goldendale,Klickitat,Ecology: Central Regional Office,"20,352",0,"17,293","3,049",10,0,0,0,0,,1,"45.771216, -120.799267",,,POINT (-120.799267 45.771216),Facility,20352.0,2016
WestRock LLC - Longview,2013,Pulp and Paper,Kraft Mills,322130,Paperboard Mills,Westrock Corp.,Longview,Cowlitz,Ecology: Industrial Section,"1,729,898","1,535,785","188,074","1,284","4,755",0,0,0,0,,4,"46.10361, -122.92167",,,POINT (-122.92167 46.10361),Facility,1729898.0,2013
Sierra Pacific Industries - Aberdeen,2012,Wood Products,Lumber Mills,321113,Sawmills,Sierra Pacific Industries,Aberdeen,Grays Harbor,Olympic Region Clean Air Agency,"241,205","234,002","2,083","1,997","3,124",0,0,0,0,,3,"46.971875, -123.775526",,,POINT (-123.775526 46.971875),Facility,241205.0,2012
Ardagh Glass Inc. - Seattle,2024,Minerals,Glass Production,327213,Glass Container Manufacturing,Ardagh Holdings USA Inc.,Seattle,King,Puget Sound Clean Air Agency,"19,153",0,"19,138",7,8,0,0,0,0,Curtailed mid 2024. Facility permanenty shutdown 4th qtr 2024.,1,"47.552420, -122.337390","19,153",Covered Entity,POINT (-122.33739 47.55242),Facility,19153.0,2024
Alon Asphalt Company - Seattle,2020,Petroleum Systems,Other Petroleum Systems,424710,Petroleum Bulk Stations and Terminals,Delek US Holdings Inc.,Seattle,King,Puget Sound Clean Air Agency,"4,270",0,"4,263",5,2,0,0,0,0,Suspended operations May 2020.,1,"47.781642, -122.395299",,,POINT (-122.395299 47.781642),Facility,4270.0,2020
Puget Sound Energy - Frederickson Generating Station - Tacoma,2022,Power Plants,Natural Gas Turbine Plants,221112,Fossil Fuel Electric Power Generation,Puget Holdings LLC,Tacoma,Pierce,Puget Sound Clean Air Agency,"35,033",0,"34,994",17,22,0,0,0,0,,2,"47.079716, -122.364711",,,POINT (-122.364711 47.079716),Facility,35033.0,2022
The Boeing Company - Fabrication (Frederickson Site) - Puyallup,2022,Manufacturing,Transportation Industry,336411,Aircraft Manufacturing,The Boeing Company,Puyallup,Pierce,Puget Sound Clean Air Agency,"14,289",0,"14,275",7,8,0,0,0,0,,1,"47.088831, -122.34862",,,POINT (-122.34862 47.088831),Facility,14289.0,2022
Avista Corporation - WA State DOE Reporting - statewide,2024,Natural Gas Systems,Natural Gas Local Distribution Companies,221121,Electric Bulk Power Transmission and Control,AVISTA CORP,Spokane,Spokane,Spokane Regional Clean Air Agency,"1,223",0,0,0,0,0,0,"1,223",0,,1,"47.673486, -117.388514",,Reporter,POINT (-117.388514 47.673486),Facility,1223.0,2024
Tree Top - Selah Campus,2017,Food Production,Fruit Products,311423,Dried and Dehydrated Food Manufacturing,Tree Top Inc.,Selah,Yakima,Yakima Regional Clean Air Agency,"14,762",0,"14,746",7,8,0,0,0,0,,1,"46.64992, -120.52755",,,POINT (-120.52755 46.64992),Facility,14762.0,2017
U.S. Department of Energy Hanford Site - Richland,2020,Government,Other Government,924110,Administration of Air and Water Resource and Solid Waste Management Programs,US Government,Richland,Benton,Ecology: NWP,"15,639",0,"6,657","8,970",12,0,0,0,0,,1,"46.55069, -119.489007",,,POINT (-119.489007 46.55069),Facility,15639.0,2020
LANXESS Corporation - Kalama,2013,Chemicals,Other Chemicals,325199,All Other Basic Organic Chemical Manufacturing,Emerald Performance Materials LLC,Kalama,Cowlitz,Southwest Clean Air Agency,"65,708",0,"65,641",31,37,0,0,0,0,,2,"46.02191, -122.85698",,,POINT (-122.85698 46.02191),Facility,65708.0,2013
Port Angeles Hardwood LLC - Port Angeles,2024,Wood Products,Lumber Mills,321113,Sawmills,PORT ANGELES HARDWOOD LLC,Port Angeles,Clallam,Olympic Region Clean Air Agency,"20,772","20,498",0,39,235,0,0,0,0,,1,"48.100872, -123.485745",,Reporter,POINT (-123.485745 48.100872),Facility,20772.0,2024
Cosmo Specialty Fibers Inc - Cosmopolis,2021,Pulp and Paper,Sulfite Mills,322110,Pulp Mills,Cosmo Specialty Fibers Inc.,Cosmopolis,Grays Harbor,Ecology: Industrial Section,"488,136","433,911","48,795","3,563","1,867",0,0,0,0,,3,"46.952907, -123.76211",,,POINT (-123.76211 46.952907),Facility,488136.0,2021
Cascade Natural Gas Corporation LDC - statewide,2012,Natural Gas Systems,Natural Gas Local Distribution Companies,221210,Natural Gas Distribution,MDU Resources Group Inc.,Kennewick,Benton,Benton Clean Air Agency,"10,605",0,20,"10,586",0,0,0,0,0,,1,"46.21875, -119.22987",,,POINT (-119.22987 46.21875),Facility,10605.0,2012
Northwest Hardwoods Inc. - Longview,2015,Wood Products,Lumber Mills,321113,Sawmills,Littlejohn & Co. LLC,Longview,Cowlitz,Southwest Clean Air Agency,"16,719","11,074","5,492",24,130,0,0,0,0,,1,"46.114537, -122.916806",,,POINT (-122.916806 46.114537),Facility,16719.0,2015
Alcoa Intalco Works - Ferndale,2024,Metals,Aluminum Production,331312,Primary Aluminum Production,ALCOA CORP,Ferndale,Whatcom,Ecology: Industrial Section,"8,846",0,"1,549","7,293",4,0,0,0,0,Curtailed mid 2020.  Production permenantly shutdown 2023.,1,"48.845500, -122.705500","7,334",Covered Entity,POINT (-122.7055 48.8455),Facility,8846.0,2024
Nippon Dynawave - Longview,2012,Pulp and Paper,Kraft Mills,322121,Paper (except Newsprint) Mills,Nippon Paper Industries Co Ltd,Longview,Cowlitz,Ecology: Industrial Section,"1,637,372","1,300,406","305,158","11,130","20,678",0,0,0,0,Assigned emissions level.  Formerly included North Pacific Paper before 2016.  Ecology split emissions for consistency with cooperation from facility.,4,"46.130495, -122.983637",,,POINT (-122.983637 46.130495),Facility,1637372.0,2012
Ash Grove Cement Company - Seattle,2015,Minerals,Cement Production,327310,Cement Manufacturing,Ash Grove Cement Co.,Seattle,King,Puget Sound Clean Air Agency,"484,815",0,"483,826",369,620,0,0,0,0,,3,"47.56799, -122.34255",,,POINT (-122.34255 47.56799),Facility,484815.0,2015
Owens-Brockway Glass Container Inc Plant #2 - Kalama,2018,Minerals,Glass Production,327213,Glass Container Manufacturing,O-I Glass Inc.,Kalama,Cowlitz,Southwest Clean Air Agency,"24,090",0,"24,073",8,9,0,0,0,0,,1,"46.031656, -122.866241",,,POINT (-122.866241 46.031656),Facility,24090.0,2018
Star Forge LLC dba Jorgensen Forge - Tukwila,2013,Metals,Other Metals,332111,Iron and Steel Forging,Jorgensen Forge Corp.,Tukwila,King,Puget Sound Clean Air Agency,"16,442",0,"16,426",8,9,0,0,0,0,,1,"47.526872, -122.303906",,,POINT (-122.303906 47.526872),Facility,16442.0,2013
King County Solid Waste Cedar Hills Landfill - Maple Valley,2023,Waste,Landfills,562212,Solid Waste Landfill,King County Solid Waste Division,Maple Valley,King,Puget Sound Clean Air Agency,"305,929","56,525",192,"249,007",204,0,0,0,0,,3,"47.462625, -122.046025",,Reporter,POINT (-122.046025 47.462625),Facility,305929.0,2023
Asotin County Regional Landfill - Clarkston,2024,Waste,Landfills,562212,Solid Waste Landfill,ASOTIN COUNTY,Clarkston,Asotin,Ecology: Eastern Regional Office,"59,228","4,141",17,"55,056",15,0,0,0,0,,2,"46.384630, -117.105985",,Reporter,POINT (-117.105985 46.38463),Facility,59228.0,2024
Northwest Pipeline C/S - Chehalis,2019,Natural Gas Systems,Natural Gas Transmission/Compression,486210,Pipeline Transportation of Natural Gas,"The Williams Companies, Inc.",Chehalis,Lewis,Southwest Clean Air Agency,"3,980",0,"2,903","1,076",1,0,0,0,0,,1,"46.533325, -122.87373",,,POINT (-122.87373 46.533325),Facility,3980.0,2019
Nutrien US LLC. - Kennewick,2016,Chemicals,Fertilizer Production,325311,Nitrogenous Fertilizer Manufacturing,Agrium US Inc.,Kennewick,Benton,Benton Clean Air Agency,"151,151",0,"9,491",1,"141,660",0,0,0,0,,3,"46.165957, -119.017218",,,POINT (-119.017218 46.165957),Facility,151151.0,2016
"Gas Transmission Northwest Compressor Station 8, LLC -Wallula",2013,Natural Gas Systems,Natural Gas Transmission/Compression,486210,Pipeline Transportation of Natural Gas,TransCanada Northern Border Inc.,Wallula,Walla Walla,Ecology: Eastern Regional Office,"100,354",0,"94,964","5,337",53,0,0,0,0,,3,"46.053153, -118.843934",,,POINT (-118.843934 46.053153),Facility,100354.0,2013
Weyerhaeuser Raymond Lumber - Raymond,2020,Wood Products,Lumber Mills,321113,Sawmills,Weyerhaeuser Co.,Raymond,Pacific,Olympic Region Clean Air Agency,"44,536","43,950",0,84,503,0,0,0,0,,2,"46.688088, -123.737495",,,POINT (-123.737495 46.688088),Facility,44536.0,2020
CenTrio Energy Seattle LLC - Seattle,2018,Power Plants,"Other Power, Heating, or Cooling Plants",221330,Steam and Air-Conditioning Supply,Seattle Steam Company LLC,Seattle,King,Puget Sound Clean Air Agency,"62,619",0,"62,551",30,37,0,0,0,0,,2,"47.6068, -122.340179",,,POINT (-122.340179 47.6068),Facility,62619.0,2018
LANXESS Corporation - Kalama,2018,Chemicals,Other Chemicals,325199,All Other Basic Organic Chemical Manufacturing,Emerald Performance Materials LLC,Kalama,Cowlitz,Southwest Clean Air Agency,"65,866",0,"65,798",31,37,0,0,0,0,,2,"46.02191, -122.85698",,,POINT (-122.85698 46.02191),Facility,65866.0,2018
University of Washington Seattle Campus - Seattle,2022,Government,Education,611310,"Colleges, Universities, and Professional Schools",State of Washington,Seattle,King,Puget Sound Clean Air Agency,"91,798",0,"91,703",43,52,0,0,0,0,,2,"47.653614, -122.303608",,,POINT (-122.303608 47.653614),Facility,91798.0,2022
"Boise Cascade Wood Products, LLC.  Kettle Falls Plywood - Kettle Falls",2023,Wood Products,Other Wood Products,321219,Reconstituted Wood Product Manufacturing,Boise Cascade Company,Kettle Falls,Stevens,Ecology: Eastern Regional Office,"74,476","56,228","17,480",116,653,0,0,0,0,,2,"48.613175, -118.116106",,Reporter,POINT (-118.116106 48.613175),Facility,74476.0,2023
HF Sinclair Puget Sound Refinery LLC - Anacortes,2017,Petroleum Systems,Petroleum Refineries,324110,Petroleum Refineries,HollyFrontier Puget Sound Refining LLC,Anacortes,Skagit,Northwest Clean Air Agency,"1,897,818",0,"1,886,919","6,831","4,068",0,0,0,0,Assigned Emissions Level,4,"48.470931, -122.559161",,,POINT (-122.559161 48.470931),Facility,1897818.0,2017
Thurston County Public Works/WARC - Lacey,2024,Waste,Landfills,562212,Solid Waste Landfill,Thurston County,Lacey,Thurston,Olympic Region Clean Air Agency,"14,635",0,0,"14,635",0,0,0,0,0,Emissions under review.,1,"46.948119, -122.908940",,Reporter,POINT (-122.90894 46.948119),Facility,14635.0,2024
Roosevelt Regional Landfill - Roosevelt,2021,Waste,Landfills,562212,Solid Waste Landfill,"Republic Services, Inc.",Roosevelt,Klickitat,Ecology: Central Regional Office,"244,655",0,329,"244,326",1,0,0,0,0,,3,"45.807146, -120.179785",,,POINT (-120.179785 45.807146),Facility,244655.0,2021
"Solvay Chemicals, Inc. - Longview",2021,Chemicals,Other Chemicals,325180,Other Basic Inorganic Chemical Manufacturing,Solvay Chemicals Inc.,Longview,Cowlitz,Southwest Clean Air Agency,"58,272",0,"58,272",0,0,0,0,0,0,,2,"46.137218, -122.982847",,,POINT (-122.982847 46.137218),Facility,58272.0,2021
Lamb Weston - Pasco,2019,Food Production,Potato Products,311411,"Frozen Fruit, Juice, and Vegetable Manufacturing","Lamb Weston, Inc.",Pasco,Franklin,Ecology: Eastern Regional Office,"46,270",0,"46,223",22,26,0,0,0,0,,2,"46.288137, -119.115336",,,POINT (-119.115336 46.288137),Facility,46270.0,2019
Puget Sound Energy - Frederickson Generating Station - Tacoma,2012,Power Plants,Natural Gas Turbine Plants,221112,Fossil Fuel Electric Power Generation,Puget Holdings LLC,Tacoma,Pierce,Puget Sound Clean Air Agency,"30,729",0,"30,696",15,19,0,0,0,0,,2,"47.079716, -122.364711",,,POINT (-122.364711 47.079716),Facility,30729.0,2012
Pasco Processing LLC - Pasco,2019,Food Production,Other Food Products,311991,Perishable Prepared Food Manufacturing,Oregon Potato Co.,Pasco,Franklin,Ecology: Eastern Regional Office,"13,231",0,"13,217",6,7,0,0,0,0,,1,"46.28274, -119.097528",,,POINT (-119.097528 46.28274),Facility,13231.0,2019
Northwest Pipeline C/S - Sumas,2013,Natural Gas Systems,Natural Gas Transmission/Compression,486210,Pipeline Transportation of Natural Gas,"The Williams Companies, Inc.",Sumas,Whatcom,Northwest Clean Air Agency,"76,727",0,"71,662","5,025",40,0,0,0,0,,2,"49.001, -122.2214",,,POINT (-122.2214 49.001),Facility,76727.0,2013
Hampton Lumber Mills Washington Inc. - Morton,2013,Wood Products,Lumber Mills,321113,Sawmills,Hampton Lumber Mills Washington Inc.,Morton,Lewis,Southwest Clean Air Agency,"27,743","27,377",0,53,313,0,0,0,0,,2,"46.565997, -122.269573",,,POINT (-122.269573 46.565997),Facility,27743.0,2013
Tree Top - Wenatchee,2019,Food Production,Fruit Products,311423,Dried and Dehydrated Food Manufacturing,Tree Top Inc.,Wenatchee,Chelan,Ecology: Central Regional Office,"10,135",0,"10,125",5,6,0,0,0,0,,1,"47.48938, -120.31426",,,POINT (-120.31426 47.48938),Facility,10135.0,2019
Great Western Malt - Vancouver,2020,Food Production,Other Food Products,311213,Malt Manufacturing,Great Western Malt,Vancouver,Clark,Southwest Clean Air Agency,"15,286",0,"15,270",7,9,0,0,0,0,,1,"45.631069, -122.690043",,,POINT (-122.690043 45.631069),Facility,15286.0,2020
DH Feeders - Eltopia,2020,Livestock,Cattle Feedlots,112112,Cattle Feedlots,Easterday Ranches,Eltopia,Franklin,Ecology: Eastern Regional Office,"14,315",0,"1,259","1,012","12,043",0,0,0,0,,1,"46.50919, -118.881203",,,POINT (-118.881203 46.50919),Facility,14315.0,2020
Puget Sound Energy - Sumas Generating Station - Sumas,2014,Power Plants,Natural Gas Turbine Plants,221112,Fossil Fuel Electric Power Generation,Puget Holdings LLC,Sumas,Whatcom,Northwest Clean Air Agency,"209,202",0,"208,989",97,116,0,0,0,0,,3,"48.9905, -122.2733",,,POINT (-122.2733 48.9905),Facility,209202.0,2014
Lamb Weston - Warden,2021,Food Production,Potato Products,311411,"Frozen Fruit, Juice, and Vegetable Manufacturing","Lamb Weston, Inc.",Warden,Grant,Ecology: Eastern Regional Office,"15,407",0,"15,391",7,9,0,0,0,0,,1,"46.971504, -119.055427",,,POINT (-119.055427 46.971504),Facility,15407.0,2021
Nippon Dynawave - Longview,2024,Pulp and Paper,Kraft Mills,322121,Paper (except Newsprint) Mills,NIPPON PAPER INDUSTRIES CO LTD,Longview,Cowlitz,Ecology: Industrial Section,"1,526,013","1,172,452","346,145","1,567","5,848",0,0,0,0,Formerly included North Pacific Paper Company before 2016.,4,"46.130495, -122.983637","352,970",Covered Entity,POINT (-122.983637 46.130495),Facility,1526013.0,2024
Puget Sound Energy - Jackson Prairie Gas Storage - Chehalis,2022,Natural Gas Systems,Natural Gas Storage,486210,Pipeline Transportation of Natural Gas,Puget Holdings LLC,Chehalis,Lewis,Southwest Clean Air Agency,"14,063",0,"11,602","2,454",7,0,0,0,0,,1,"46.53461, -122.838569",,,POINT (-122.838569 46.53461),Facility,14063.0,2022
Ardagh Glass Inc. - Seattle,2019,Minerals,Glass Production,327213,Glass Container Manufacturing,Ardagh Holdings USA Inc.,Seattle,King,Puget Sound Clean Air Agency,"62,997",0,"62,947",23,27,0,0,0,0,Furnace 2 retirement in February 2019.,2,"47.55242, -122.33739",,,POINT (-122.33739 47.55242),Facility,62997.0,2019
Cowlitz County Headquarters Landfill - Castle Rock,2021,Waste,Landfills,562212,Solid Waste Landfill,Cowlitz County,Castle Rock,Cowlitz,Southwest Clean Air Agency,"295,795","7,520",0,"288,249",27,0,0,0,0,,3,"46.246902, -122.772284",,,POINT (-122.772284 46.246902),Facility,295795.0,2021
bp Cherry Point Refinery - Blaine,2019,Petroleum Systems,Petroleum Refineries,324110,Petroleum Refineries,BP America Inc.,Blaine,Whatcom,Northwest Clean Air Agency,"2,190,530",0,"2,178,423","7,526","4,582",0,0,0,0,,5,"48.8864, -122.7353",,,POINT (-122.7353 48.8864),Facility,2190530.0,2019
Puget Sound Energy - Whitehorn Generating Station - Blaine,2013,Power Plants,Natural Gas Turbine Plants,221112,Fossil Fuel Electric Power Generation,Puget Holdings LLC,Blaine,Whatcom,Northwest Clean Air Agency,"28,669",0,"28,640",14,15,0,0,0,0,,2,"48.885475, -122.724299",,,POINT (-122.724299 48.885475),Facility,28669.0,2013
Lamb Weston - Connell,2018,Food Production,Potato Products,311411,"Frozen Fruit, Juice, and Vegetable Manufacturing","Lamb Weston, Inc.",Connell,Franklin,Ecology: Eastern Regional Office,"35,338",0,"35,301",17,20,0,0,0,0,,2,"46.651389, -118.871944",,,POINT (-118.871944 46.651389),Facility,35338.0,2018
"Emerald City Renewables, LLC- Graham",2022,Power Plants,"Other Power, Heating, or Cooling Plants",221117,Biomass Electric Power Generation,Emerald City Renewables LLC,Graham,Pierce,Puget Sound Clean Air Agency,"18,587","18,491",0,29,67,0,0,0,0,,1,"46.975533, -122.290871",,,POINT (-122.290871 46.975533),Facility,18587.0,2022
Alcoa Intalco Works - Ferndale,2018,Metals,Aluminum Production,331312,Primary Aluminum Production,Alcoa Corp.,Ferndale,Whatcom,Ecology: Industrial Section,"1,130,624",0,"340,166","9,297",32,0,"781,130",0,0,PFC emissions based on old source test information.,4,"48.8455, -122.7055",,,POINT (-122.7055 48.8455),Facility,1130624.0,2018
Cowlitz County Tennant Way Landfill - Longview,2015,Waste,Landfills,562212,Solid Waste Landfill,Cowlitz County Washington,Longview,Cowlitz,Southwest Clean Air Agency,"4,533",0,0,"4,533",0,0,0,0,0,,1,"46.107229, -122.905601",,,POINT (-122.905601 46.107229),Facility,4533.0,2015
Cheyne Landfill - Zillah,2019,Waste,Landfills,562212,Solid Waste Landfill,Yakima County Public Services,Zillah,Yakima,Yakima Regional Clean Air Agency,"40,508",0,0,"40,508",0,0,0,0,0,,2,"46.4785, -120.2688",,,POINT (-120.2688 46.4785),Facility,40508.0,2019
Marathon Anacortes Refinery - Anacortes,2023,Petroleum Systems,Petroleum Refineries,324110,Petroleum Refineries,Marathon Petroleum Corp,Anacortes,Skagit,Northwest Clean Air Agency,"1,202,267",0,"1,196,960","2,228","3,079",0,0,0,0,,4,"48.493816, -122.564845","1,202,228",Covered Entity,POINT (-122.564845 48.493816),Facility,1202267.0,2023
Frederickson Power LP - Tacoma,2017,Power Plants,Natural Gas Turbine Plants,221112,Fossil Fuel Electric Power Generation,"Puget Sound Energy, Inc. and Capital Power (US Holdings) Inc",Tacoma,Pierce,Puget Sound Clean Air Agency,"352,422",0,"352,064",163,195,0,0,0,0,,3,"47.086342, -122.365686",,,POINT (-122.365686 47.086342),Facility,352422.0,2017
"Tyson Fresh Meats, Inc. - Wallula",2018,Food Production,Meat Products,311611,Animal (except Poultry) Slaughtering,"Tyson Foods, Inc",Wallula,Walla Walla,Ecology: Eastern Regional Office,"98,817",0,"23,009","75,796",13,0,0,0,0,,2,"46.137521, -118.913051",,,POINT (-118.913051 46.137521),Facility,98817.0,2018
U.S. Oil & Refining Co. - Tacoma,2020,Petroleum Systems,Petroleum Refineries,324110,Petroleum Refineries,Par Pacific Holdings Inc.,Tacoma,Pierce,Puget Sound Clean Air Agency,"163,311",0,"161,866",909,536,0,0,0,0,,3,"47.256813, -122.394952",,,POINT (-122.394952 47.256813),Facility,163311.0,2020
"SGL Carbon, LLC - Moses Lake",2023,Manufacturing,Transportation Industry,335991,Carbon and Graphite Product Manufacturing,SGL Automotive Carbon Fibers LLC,Moses Lake,Grant,Ecology: Eastern Regional Office,"12,414",0,"12,401",6,7,0,0,0,0,,1,"47.208993, -119.285437",,Reporter,POINT (-119.285437 47.208993),Facility,12414.0,2023
The Boeing Company - Renton,2021,Manufacturing,Transportation Industry,336411,Aircraft Manufacturing,The Boeing Company,Renton,King,Puget Sound Clean Air Agency,"16,267",0,"16,250",8,9,0,0,0,0,,1,"47.498257, -122.211346",,,POINT (-122.211346 47.498257),Facility,16267.0,2021
Air Liquide Hydrogen Plant  - Anacortes,2016,Petroleum Systems,Other Petroleum Systems,325120,Industrial Gas Manufacturing,Air Liquide USA Inc.,Anacortes,Skagit,Northwest Clean Air Agency,"60,218",0,"60,218",0,0,0,0,0,0,,2,"48.465617, -122.556032",,,POINT (-122.556032 48.465617),Facility,60218.0,2016
Puget Sound Energy - Mint Farm Generating Station - Longview,2020,Power Plants,Natural Gas Turbine Plants,221112,Fossil Fuel Electric Power Generation,Puget Holdings LLC,Longview,Cowlitz,Southwest Clean Air Agency,"694,044",0,"693,340",322,383,0,0,0,0,,3,"46.140095, -122.985138",,,POINT (-122.985138 46.140095),Facility,694044.0,2020
TSMC Washington LLC - Camas,2021,Manufacturing,Electronics Industry,334413,Semiconductor and Related Device Manufacturing,TSMC WASHINGTON LLC,Camas,Clark,Southwest Clean Air Agency,"103,949",0,"14,364",7,"7,011","11,841","33,736","11,815","25,174",Formerly reporting as WaferTech LLC - Camas.,3,"45.619569, -122.454955",,,POINT (-122.454955 45.619569),Facility,103949.0,2021
Goodrich Corporation - Spokane,2016,Manufacturing,Transportation Industry,336413,Other Aircraft Parts and Auxiliary Equipment Manufacturing,Raytheon Technologies Corp,Spokane,Spokane,Spokane Regional Clean Air Agency,"45,107",0,"45,064",20,24,0,0,0,0,,2,"47.583604, -117.568511",,,POINT (-117.568511 47.583604),Facility,45107.0,2016
Nutrien US LLC. - Kennewick,2021,Chemicals,Fertilizer Production,325311,Nitrogenous Fertilizer Manufacturing,Agrium US Inc.,Kennewick,Benton,Benton Clean Air Agency,"186,638",0,"10,459",1,"176,178",0,0,0,0,,3,"46.165957, -119.017218",,,POINT (-119.017218 46.165957),Facility,186638.0,2021
Puget Sound Energy - Goldendale Generating Station - Goldendale,2013,Power Plants,Natural Gas Turbine Plants,221112,Fossil Fuel Electric Power Generation,Puget Holdings LLC,Goldendale,Klickitat,Ecology: Central Regional Office,"544,866",0,"544,312",252,301,0,0,0,0,,3,"45.8114, -120.833",,,POINT (-120.833 45.8114),Facility,544866.0,2013
Weyerhaeuser Raymond Lumber - Raymond,2015,Wood Products,Lumber Mills,321113,Sawmills,Weyerhaeuser Co.,Raymond,Pacific,Olympic Region Clean Air Agency,"45,228","44,632",0,86,510,0,0,0,0,,2,"46.688088, -123.737495",,,POINT (-123.737495 46.688088),Facility,45228.0,2015
"Boise Cascade Wood Products, LLC.  Kettle Falls Plywood - Kettle Falls",2024,Wood Products,Other Wood Products,321219,Reconstituted Wood Product Manufacturing,BOISE CASCADE CO,Kettle Falls,Stevens,Ecology: Eastern Regional Office,"76,430","58,801","16,826",121,682,0,0,0,0,,2,"48.613175, -118.116106",,Reporter,POINT (-118.116106 48.613175),Facility,76430.0,2024
Washington State University - Pullman,2015,Government,Education,611310,"Colleges, Universities, and Professional Schools",State of Washington,Pullman,Whitman,Ecology: Eastern Regional Office,"57,309",0,"57,248",27,34,0,0,0,0,,2,"46.728702, -117.151481",,,POINT (-117.151481 46.728702),Facility,57309.0,2015
Boulder Park Generating Station - Spokane Valley,2016,Power Plants,"Other Power, Heating, or Cooling Plants",221112,Fossil Fuel Electric Power Generation,Avista Corp.,Spokane Valley,Spokane,Spokane Regional Clean Air Agency,"9,009",0,"8,999",4,5,0,0,0,0,,1,"47.696999, -117.147223",,,POINT (-117.147223 47.696999),Facility,9009.0,2016
US Army Joint Base Lewis-McChord - Pierce Co.,2024,Government,National Security,928110,National Security,US Army,Joint Base Lewis-McChord,Pierce,Puget Sound Clean Air Agency,"69,779",0,"55,949","13,798",32,0,0,0,0,,2,"47.114200, -122.536500",,Reporter,POINT (-122.5365 47.1142),Facility,69779.0,2024
Air Liquide Hydrogen Plant  - Anacortes,2023,Petroleum Systems,Other Petroleum Systems,325120,Industrial Gas Manufacturing,Air Liquide USA Inc.,Anacortes,Skagit,Northwest Clean Air Agency,"72,277",0,"72,277",0,0,0,0,0,0,,2,"48.465617, -122.556032","72,277",Covered Entity,POINT (-122.556032 48.465617),Facility,72277.0,2023
Simplot Feeders LTD. - Burbank,2021,Livestock,Cattle Feedlots,112112,Cattle Feedlots,J.R. Simplot Company,Burbank,Walla Walla,Ecology: Eastern Regional Office,"39,056",0,"1,480","2,928","34,649",0,0,0,0,Voluntary reporter.  Manure management reporting repealed by Legislature.,2,"46.133131, -118.90629",,,POINT (-118.90629 46.133131),Facility,39056.0,2021
LRI Landfill - Graham,2018,Waste,Landfills,562212,Solid Waste Landfill,Waste Connections Inc.,Graham,Pierce,Puget Sound Clean Air Agency,"181,556",0,0,"181,556",0,0,0,0,0,,3,"46.972405, -122.292799",,,POINT (-122.292799 46.972405),Facility,181556.0,2018
"WestRock CP, LLC - Tacoma",2018,Pulp and Paper,Kraft Mills,322130,Paperboard Mills,Westrock Corp.,Tacoma,Pierce,Ecology: Industrial Section,"1,104,521","976,162","122,330","1,091","4,938",0,0,0,0,,4,"47.260953, -122.421765",,,POINT (-122.421765 47.260953),Facility,1104521.0,2018
The Boeing Company: Boeing Plant 2 - Seattle,2021,Manufacturing,Transportation Industry,336411,Aircraft Manufacturing,The Boeing Company,Seattle,King,Puget Sound Clean Air Agency,"21,233",0,"21,211",10,12,0,0,0,0,,1,"47.532524, -122.311623",,,POINT (-122.311623 47.532524),Facility,21233.0,2021
Cosmo Specialty Fibers Inc - Cosmopolis,2019,Pulp and Paper,Sulfite Mills,322110,Pulp Mills,Cosmo Specialty Fibers Inc.,Cosmopolis,Grays Harbor,Ecology: Industrial Section,"605,828","570,333","29,128","3,973","2,394",0,0,0,0,,3,"46.952907, -123.76211",,,POINT (-123.76211 46.952907),Facility,605828.0,2019
The Boeing Company - Fabrication (Frederickson Site) - Puyallup,2017,Manufacturing,Transportation Industry,336411,Aircraft Manufacturing,The Boeing Company,Puyallup,Pierce,Puget Sound Clean Air Agency,"19,893",0,"19,873",9,11,0,0,0,0,,1,"47.088831, -122.34862",,,POINT (-122.34862 47.088831),Facility,19893.0,2017
Lamb Weston - Pasco,2014,Food Production,Potato Products,311411,"Frozen Fruit, Juice, and Vegetable Manufacturing","Lamb Weston, Inc.",Pasco,Franklin,Ecology: Eastern Regional Office,"47,241",0,"47,192",22,27,0,0,0,0,,2,"46.288137, -119.115336",,,POINT (-119.115336 46.288137),Facility,47241.0,2014
McCain Foods - Othello,2020,Food Production,Potato Products,311411,"Frozen Fruit, Juice, and Vegetable Manufacturing",McCain USA Inc.,Othello,Adams,Ecology: Eastern Regional Office,"56,865",0,"34,044","22,803",19,0,0,0,0,,2,"46.840102, -119.172705",,,POINT (-119.172705 46.840102),Facility,56865.0,2020
Avista Corporation LDC - WA - statewide,2013,Natural Gas Systems,Natural Gas Local Distribution Companies,221210,Natural Gas Distribution,Avista Corp.,Spokane,Spokane,Spokane Regional Clean Air Agency,"15,199",0,18,"15,180",0,0,0,0,0,,1,"47.673662, -117.388735",,,POINT (-117.388735 47.673662),Facility,15199.0,2013
Grays Harbor Energy Center - Elma,2022,Power Plants,Natural Gas Turbine Plants,221112,Fossil Fuel Electric Power Generation,Invenergy Investment Company LLC,Elma,Grays Harbor,EFSEC,"1,210,118",0,"1,208,889",561,668,0,0,0,0,,4,"46.9688, -123.48",,,POINT (-123.48 46.9688),Facility,1210118.0,2022
Northwest Pipeline C/S - Mount Vernon,2012,Natural Gas Systems,Natural Gas Transmission/Compression,486210,Pipeline Transportation of Natural Gas,"The Williams Companies, Inc.",Mount Vernon,Skagit,Northwest Clean Air Agency,"27,876",0,"20,885","6,976",15,0,0,0,0,,2,"48.421967, -122.21547",,,POINT (-122.21547 48.421967),Facility,27876.0,2012
Guy Bennett Lumber Company - Clarkston,2016,Wood Products,Lumber Mills,321113,Sawmills,Bennett Lumber Products Inc.,Clarkston,Asotin,Ecology: Eastern Regional Office,"21,698","21,412",0,41,245,0,0,0,0,,1,"46.423108, -117.086487",,,POINT (-117.086487 46.423108),Facility,21698.0,2016
Great Western Malt - Vancouver,2021,Food Production,Other Food Products,311213,Malt Manufacturing,Great Western Malt,Vancouver,Clark,Southwest Clean Air Agency,"20,016",0,"19,995",10,11,0,0,0,0,,1,"45.631069, -122.690043",,,POINT (-122.690043 45.631069),Facility,20016.0,2021
Northwest Pipeline Willard C/S - Cook,2013,Natural Gas Systems,Natural Gas Transmission/Compression,486210,Pipeline Transportation of Natural Gas,"The Williams Companies, Inc.",Cook,Skamania,Southwest Clean Air Agency,"27,866",0,"23,744","4,109",13,0,0,0,0,,2,"45.778087, -121.626311",,,POINT (-121.626311 45.778087),Facility,27866.0,2013
Sierra Pacific Industries - Aberdeen,2014,Wood Products,Lumber Mills,321113,Sawmills,Sierra Pacific Industries,Aberdeen,Grays Harbor,Olympic Region Clean Air Agency,"253,642","250,021",281,480,"2,860",0,0,0,0,,3,"46.971875, -123.775526",,,POINT (-123.775526 46.971875),Facility,253642.0,2014
Puget Sound Energy - Goldendale Generating Station - Goldendale,2016,Power Plants,Natural Gas Turbine Plants,221112,Fossil Fuel Electric Power Generation,Puget Holdings LLC,Goldendale,Klickitat,Ecology: Central Regional Office,"385,284",0,"384,893",179,213,0,0,0,0,,3,"45.8114, -120.833",,,POINT (-120.833 45.8114),Facility,385284.0,2016
Terrace Heights Landfill - Yakima,2021,Waste,Landfills,562212,Solid Waste Landfill,Yakima County Public Services - Solid Waste Division,Yakima,Yakima,Yakima Regional Clean Air Agency,"125,721",0,22,"125,699",0,0,0,0,0,,3,"46.610031, -120.39408",,,POINT (-120.39408 46.610031),Facility,125721.0,2021
Marathon Anacortes Refinery - Anacortes,2022,Petroleum Systems,Petroleum Refineries,324110,Petroleum Refineries,Marathon Petroleum Corp,Anacortes,Skagit,Northwest Clean Air Agency,"1,370,882",0,"1,364,958","2,455","3,469",0,0,0,0,,4,"48.493816, -122.564845",,,POINT (-122.564845 48.493816),Facility,1370882.0,2022
Cowlitz County Headquarters Landfill - Castle Rock,2012,Waste,Landfills,562212,Solid Waste Landfill,Cowlitz County,Castle Rock,Cowlitz,Southwest Clean Air Agency,"121,597",659,0,"120,936",2,0,0,0,0,,3,"46.246902, -122.772284",,,POINT (-122.772284 46.246902),Facility,121597.0,2012
SDS Lumber Company - Bingen,2023,Wood Products,Lumber Mills,321113,Sawmills,SDS Lumber Company,Bingen,Klickitat,Ecology: Central Regional Office,"48,141","47,338",171,91,541,0,0,0,0,,2,"45.713913, -121.468688",,Reporter,POINT (-121.468688 45.713913),Facility,48141.0,2023
Port Angeles Hardwood LLC - Port Angeles,2014,Wood Products,Lumber Mills,321113,Sawmills,Port Angeles Hardwood LLC,Port Angeles,Clallam,Olympic Region Clean Air Agency,"25,759","25,419",0,49,291,0,0,0,0,,2,"48.100872, -123.485745",,,POINT (-123.485745 48.100872),Facility,25759.0,2014
Naval Base Kitsap Bangor - Silverdale,2019,Government,National Security,928110,National Security,US Government,Silverdale,Kitsap,Puget Sound Clean Air Agency,"19,707",0,"19,685",10,13,0,0,0,0,,1,"47.699284, -122.696926",,,POINT (-122.696926 47.699284),Facility,19707.0,2019
Lamb Weston - Richland,2018,Food Production,Potato Products,311411,"Frozen Fruit, Juice, and Vegetable Manufacturing","Lamb Weston, Inc.",Richland,Benton,Benton Clean Air Agency,"84,314","7,594","60,028","16,631",61,0,0,0,0,,2,"46.309314, -119.297267",,,POINT (-119.297267 46.309314),Facility,84314.0,2018
"SGL Carbon, LLC - Moses Lake",2020,Manufacturing,Transportation Industry,335991,Carbon and Graphite Product Manufacturing,SGL Automotive Carbon Fibers LLC,Moses Lake,Grant,Ecology: Eastern Regional Office,"11,827",0,"11,815",6,7,0,0,0,0,,1,"47.208993, -119.285437",,,POINT (-119.285437 47.208993),Facility,11827.0,2020
Naval Air Station Whidbey Island - Oak Harbor,2015,Government,National Security,928110,National Security,US Government,Oak Harbor,Island,Northwest Clean Air Agency,"14,018",0,"14,004",7,8,0,0,0,0,,1,"48.345281, -122.669741",,,POINT (-122.669741 48.345281),Facility,14018.0,2015
"Bio Energy Washington, LLC - Maple Valley",2021,Power Plants,"Other Power, Heating, or Cooling Plants",221119,Other Electric Power Generation,Bio Energy Washington,Maple Valley,King,Puget Sound Clean Air Agency,"21,129","19,795","1,228",32,75,0,0,0,0,,1,"47.455871, -122.041817",,,POINT (-122.041817 47.455871),Facility,21129.0,2021
Georgia-Pacific Consumer Operations LLC - Camas,2016,Pulp and Paper,Kraft Mills,322120,Paper Mills,Koch Industries Inc.,Camas,Clark,Ecology: Industrial Section,"583,163","420,749","153,710","7,312","1,393",0,0,0,0,,3,"45.584271, -122.40843",,,POINT (-122.40843 45.584271),Facility,583163.0,2016
"Interfor US, Inc. - Port Angeles",2023,Wood Products,Lumber Mills,321113,Sawmills,Interfor US Inc.,Port Angeles,Clallam,Olympic Region Clean Air Agency,"39,544","39,023",0,75,446,0,0,0,0,,2,"48.103425, -123.518642",,Reporter,POINT (-123.518642 48.103425),Facility,39544.0,2023
"SEH America, Inc - Vancouver",2023,Manufacturing,Electronics Industry,334413,Semiconductor and Related Device Manufacturing,SEH America Inc.,Vancouver,Clark,Southwest Clean Air Agency,"10,638",0,"10,628",5,6,0,0,0,0,,1,"45.649912, -122.553612",,Reporter,POINT (-122.553612 45.649912),Facility,10638.0,2023
Sierra Pacific Industries - Centralia,2016,Wood Products,Lumber Mills,321113,Sawmills,Sierra Pacific Industries,Centralia,Lewis,Southwest Clean Air Agency,"42,540","41,979",0,81,480,0,0,0,0,,2,"46.756413, -122.995433",,,POINT (-122.995433 46.756413),Facility,42540.0,2016
Goodrich Corporation - Spokane,2021,Manufacturing,Transportation Industry,336413,Other Aircraft Parts and Auxiliary Equipment Manufacturing,Raytheon Technologies Corp,Spokane,Spokane,Spokane Regional Clean Air Agency,"29,872",0,"29,842",14,17,0,0,0,0,,2,"47.583604, -117.568511",,,POINT (-117.568511 47.583604),Facility,29872.0,2021
Sonoco Products - Sumner,2017,Pulp and Paper,Other Pulp and Paper,322130,Paperboard Mills,Sonoco Products Company,Sumner,Pierce,Puget Sound Clean Air Agency,"11,361",0,"11,350",5,6,0,0,0,0,,1,"47.210641, -122.239474",,,POINT (-122.239474 47.210641),Facility,11361.0,2017
Washington State University - Pullman,2016,Government,Education,611310,"Colleges, Universities, and Professional Schools",State of Washington,Pullman,Whitman,Ecology: Eastern Regional Office,"58,136",0,"58,075",28,34,0,0,0,0,,2,"46.728702, -117.151481",,,POINT (-117.151481 46.728702),Facility,58136.0,2016
Puget Sound Energy LDC Facility - Bellevue,2023,Natural Gas Systems,Natural Gas Local Distribution Companies,221210,Natural Gas Distribution,Puget Holdings LLC,Bellevue,King,Puget Sound Clean Air Agency,"67,479",0,"1,060","66,418",1,0,0,0,0,,2,"47.61345, -122.19454","67,479",Covered Entity,POINT (-122.19454 47.61345),Facility,67479.0,2023
Mutual Materials Mica Brick Plant - Spokane,2016,Minerals,Other Minerals,327120,Clay Building Material and Refractories Manufacturing,Mutual Materials Co.,Spokane,Spokane,Spokane Regional Clean Air Agency,"10,720",0,"10,709",5,6,0,0,0,0,First reporting year.,1,"47.55833, -117.2117",,,POINT (-117.2117 47.55833),Facility,10720.0,2016
Spokane Waste to Energy Facility - Spokane,2024,Power Plants,"Other Power, Heating, or Cooling Plants",562213,Solid Waste Combustors and Incinerators,CITY OF SPOKANE WASHINGTON,Spokane,Spokane,Spokane Regional Clean Air Agency,"241,136","150,998","84,835","2,068","3,235",0,0,0,0,,3,"47.626529, -117.504278",,Reporter,POINT (-117.504278 47.626529),Facility,241136.0,2024
Grant County Landfill 1 - Ephrata,2014,Waste,Landfills,562212,Solid Waste Landfill,Grant County Washington,Ephrata,Grant,Ecology: Eastern Regional Office,"38,613",0,0,"38,613",0,0,0,0,0,,2,"47.270759, -119.573764",,,POINT (-119.573764 47.270759),Facility,38613.0,2014
Cheyne Landfill - Zillah,2024,Waste,Landfills,562212,Solid Waste Landfill,YAKIMA COUNTY PUBLIC SERVICES,Zillah,Yakima,Yakima Regional Clean Air Agency,"49,163",0,0,"49,163",0,0,0,0,0,,2,"46.478500, -120.268800",,Reporter,POINT (-120.2688 46.4785),Facility,49163.0,2024
"Vaagen Bros. Lumber, Inc. - Colville",2020,Wood Products,Lumber Mills,321999,All Other Miscellaneous Wood Product Manufacturing,Vaagen Bros. Lumber Inc.,Colville,Stevens,Ecology: Eastern Regional Office,"45,471","44,872",0,86,513,0,0,0,0,,2,"48.548525, -117.915469",,,POINT (-117.915469 48.548525),Facility,45471.0,2020
Northwest Pipeline C/S - Sumner,2020,Natural Gas Systems,Natural Gas Transmission/Compression,486210,Pipeline Transportation of Natural Gas,"The Williams Companies, Inc.",Sumner,Pierce,Puget Sound Clean Air Agency,"9,603",0,"9,167",431,5,0,0,0,0,,1,"47.228986, -122.209551",,,POINT (-122.209551 47.228986),Facility,9603.0,2020
Naval Base Kitsap - Bremerton,2019,Government,National Security,928110,National Security,US Government,Bremerton,Kitsap,Puget Sound Clean Air Agency,"45,128",0,"45,081",22,26,0,0,0,0,,2,"47.557047, -122.645933",,,POINT (-122.645933 47.557047),Facility,45128.0,2019
Avista Corporation - WA State DOE Reporting - statewide,2018,Natural Gas Systems,Natural Gas Local Distribution Companies,221121,Electric Bulk Power Transmission and Control,Avista Corp.,Spokane,Spokane,Spokane Regional Clean Air Agency,"8,421",0,0,0,0,0,0,"8,421",0,,1,"47.673486, -117.388514",,,POINT (-117.388514 47.673486),Facility,8421.0,2018
Darigold - Lynden,2014,Food Production,Dairy Products,311514,"Dry, Condensed, and Evaporated Dairy Product Manufacturing",Darigold Inc.,Lynden,Whatcom,Northwest Clean Air Agency,"21,683",0,"21,661",10,12,0,0,0,0,,1,"48.947567, -122.451915",,,POINT (-122.451915 48.947567),Facility,21683.0,2014
Port Townsend Paper Corporation - Port Townsend,2021,Pulp and Paper,Kraft Mills,322121,Paper (except Newsprint) Mills,Port Townsend Paper Corp.,Port Townsend,Jefferson,Ecology: Industrial Section,"521,622","428,332","88,410","2,448","2,433",0,0,0,0,,3,"48.093793, -122.796806",,,POINT (-122.796806 48.093793),Facility,521622.0,2021
Murphy Veneer - Elma,2024,Wood Products,Other Wood Products,321212,Softwood Veneer and Plywood Manufacturing,MURPHY CO,Elma,Grays Harbor,Olympic Region Clean Air Agency,"10,367",0,"10,356",5,6,0,0,0,0,,1,"47.040323, -123.334339",,Reporter,POINT (-123.334339 47.040323),Facility,10367.0,2024
"Analog Devices, Inc. - Camas",2017,Manufacturing,Electronics Industry,334413,Semiconductor and Related Device Manufacturing,Linear Technology Corporation,Camas,Clark,Southwest Clean Air Agency,"22,525",0,"2,012",1,"1,417","1,803","14,428","2,729",136,,1,"45.598844, -122.45232",,,POINT (-122.45232 45.598844),Facility,22525.0,2017
Hampton Lumber Mills Washington Inc. - Randle,2013,Wood Products,Lumber Mills,321113,Sawmills,Hampton Lumber Mills Washington Inc.,Randle,Lewis,Southwest Clean Air Agency,"52,575","51,882",0,100,593,0,0,0,0,,2,"46.533743, -121.917906",,,POINT (-121.917906 46.533743),Facility,52575.0,2013
Air Liquide Electronics Moses Lake Hydrogen Plant,2016,Chemicals,Other Chemicals,325120,Industrial Gas Manufacturing,Air Liquide USA Inc.,Moses Lake,Grant,Ecology: Eastern Regional Office,"11,369",0,"11,369",0,0,0,0,0,0,,1,"47.135844, -119.19962",,,POINT (-119.19962 47.135844),Facility,11369.0,2016
Avista Corporation LDC - WA - statewide,2020,Natural Gas Systems,Natural Gas Local Distribution Companies,221210,Natural Gas Distribution,Avista Corp.,Spokane,Spokane,Spokane Regional Clean Air Agency,"16,036",0,19,"16,017",0,0,0,0,0,,1,"47.673662, -117.388735",,,POINT (-117.388735 47.673662),Facility,16036.0,2020
Cascade Natural Gas Corporation LDC - statewide,2019,Natural Gas Systems,Natural Gas Local Distribution Companies,221210,Natural Gas Distribution,MDU Resources Group Inc.,Kennewick,Benton,Benton Clean Air Agency,"23,358",0,242,"23,116",0,0,0,0,0,,1,"46.21875, -119.22987",,,POINT (-119.22987 46.21875),Facility,23358.0,2019
Western Washington University - Bellingham,2012,Government,Education,611310,"Colleges, Universities, and Professional Schools",Western Washington University,Bellingham,Whatcom,Northwest Clean Air Agency,"11,924",0,"11,912",6,7,0,0,0,0,,1,"48.736499, -122.484714",,,POINT (-122.484714 48.736499),Facility,11924.0,2012
REC Solar Grade Silicon - Moses Lake,2017,Metals,Other Metals,331410,Primary Smelting and Refining of Nonferrous Metal (except Copper and Aluminum),REC Silicon,Moses Lake,Grant,Ecology: Eastern Regional Office,"71,340",0,"71,267",34,40,0,0,0,0,,2,"47.138359, -119.200383",,,POINT (-119.200383 47.138359),Facility,71340.0,2017
Cosmo Specialty Fibers Inc - Cosmopolis,2020,Pulp and Paper,Sulfite Mills,322110,Pulp Mills,Cosmo Specialty Fibers Inc.,Cosmopolis,Grays Harbor,Ecology: Industrial Section,"206,126","186,698","15,206","3,457",766,0,0,0,0,,3,"46.952907, -123.76211",,,POINT (-123.76211 46.952907),Facility,206126.0,2020
"Nucor Steel Seattle, Inc, - Seattle",2022,Metals,Iron and Steel Production,331110,Iron and Steel Mills and Ferroalloy Manufacturing,Nucor Corporation,Seattle,King,Puget Sound Clean Air Agency,"84,680",0,"84,637",20,24,0,0,0,0,,2,"47.569331, -122.367332",,,POINT (-122.367332 47.569331),Facility,84680.0,2022
Puget Sound Energy - Frederickson Generating Station - Tacoma,2013,Power Plants,Natural Gas Turbine Plants,221112,Fossil Fuel Electric Power Generation,Puget Holdings LLC,Tacoma,Pierce,Puget Sound Clean Air Agency,"34,538",0,"34,504",16,18,0,0,0,0,,2,"47.079716, -122.364711",,,POINT (-122.364711 47.079716),Facility,34538.0,2013
Georgia-Pacific Consumer Operations LLC - Camas,2021,Pulp and Paper,Kraft Mills,322120,Paper Mills,Koch Industries Inc.,Camas,Clark,Ecology: Industrial Section,"51,241",0,"45,303","5,913",25,0,0,0,0,,2,"45.584271, -122.40843",,,POINT (-122.40843 45.584271),Facility,51241.0,2021
SDS Lumber Company - Bingen,2020,Wood Products,Lumber Mills,321113,Sawmills,SDS Lumber Company,Bingen,Klickitat,Ecology: Central Regional Office,"39,747","39,077",149,75,447,0,0,0,0,,2,"45.713913, -121.468688",,,POINT (-121.468688 45.713913),Facility,39747.0,2020
"Kaiser Aluminum Washington, LLC (Trentwood Works) - Spokane Valley",2017,Metals,Other Metals,331315,"Aluminum Sheet, Plate, and Foil Manufacturing",Kaiser Aluminum Corp.,Spokane Valley,Spokane,Spokane Regional Clean Air Agency,"126,365",0,"126,235",60,71,0,0,0,0,,3,"47.687074, -117.212673",,,POINT (-117.212673 47.687074),Facility,126365.0,2017
Lamb Weston - Richland,2013,Food Production,Potato Products,311411,"Frozen Fruit, Juice, and Vegetable Manufacturing","Lamb Weston, Inc.",Richland,Benton,Benton Clean Air Agency,"34,225",0,"34,190",16,19,0,0,0,0,,2,"46.309314, -119.297267",,,POINT (-119.297267 46.309314),Facility,34225.0,2013
Northwest Pipeline Willard C/S - Cook,2012,Natural Gas Systems,Natural Gas Transmission/Compression,486210,Pipeline Transportation of Natural Gas,"The Williams Companies, Inc.",Cook,Skamania,Southwest Clean Air Agency,"19,384",0,"17,863","1,512",9,0,0,0,0,,1,"45.778087, -121.626311",,,POINT (-121.626311 45.778087),Facility,19384.0,2012
Cardinal FG Company - Winlock,2019,Minerals,Glass Production,327211,Flat Glass Manufacturing,Cardinal Glass Industries Inc.,Winlock,Lewis,Southwest Clean Air Agency,"93,946",0,"93,879",31,36,0,0,0,0,,2,"46.544937, -122.926313",,,POINT (-122.926313 46.544937),Facility,93946.0,2019
Ascensus Specialties LLC - Elma,2015,Chemicals,Other Chemicals,325180,Other Basic Inorganic Chemical Manufacturing,VSI Holdings LLC,Elma,Grays Harbor,Olympic Region Clean Air Agency,"17,600",0,"17,582",8,10,0,0,0,0,,1,"46.995459, -123.382316",,,POINT (-123.382316 46.995459),Facility,17600.0,2015
Horn Rapids Sanitary Landfill - Richland,2019,Waste,Landfills,562212,Solid Waste Landfill,City of Richland,Richland,Benton,Benton Clean Air Agency,"24,156",0,0,"24,156",0,0,0,0,0,,1,"46.346663, -119.348118",,,POINT (-119.348118 46.346663),Facility,24156.0,2019
Kettle Falls Generating Station - Kettle Falls,2015,Power Plants,"Other Power, Heating, or Cooling Plants",221117,Biomass Electric Power Generation,Avista Corp.,Kettle Falls,Stevens,Ecology: Eastern Regional Office,"439,432","424,990","2,998","6,582","4,862",0,0,0,0,Formerly included Avista Landfill before 2023.,3,"48.620335, -118.110841",,,POINT (-118.110841 48.620335),Facility,439432.0,2015
Washington Potato Company - Warden,2014,Food Production,Potato Products,311991,Perishable Prepared Food Manufacturing,Washington Potato Co.,Warden,Grant,Ecology: Eastern Regional Office,"29,997",0,"29,966",14,17,0,0,0,0,,2,"46.970469, -119.063631",,,POINT (-119.063631 46.970469),Facility,29997.0,2014
"Kaiser Aluminum Washington, LLC (Trentwood Works) - Spokane Valley",2024,Metals,Other Metals,331315,"Aluminum Sheet, Plate, and Foil Manufacturing",KAISER ALUMINUM CORP,Spokane Valley,Spokane,Spokane Regional Clean Air Agency,"131,974",0,"131,838",62,74,0,0,0,0,,3,"47.687074, -117.212673","131,973",Covered Entity,POINT (-117.212673 47.687074),Facility,131974.0,2024
"Interfor US, Inc. - Port Angeles",2020,Wood Products,Lumber Mills,321113,Sawmills,Interfor US Inc.,Port Angeles,Clallam,Olympic Region Clean Air Agency,"39,881","39,355",0,76,450,0,0,0,0,,2,"48.103425, -123.518642",,,POINT (-123.518642 48.103425),Facility,39881.0,2020
"Greif, Tacoma Mill - Tacoma",2021,Pulp and Paper,Other Pulp and Paper,322130,Paperboard Mills,Paperboard Parent Inc.,Tacoma,Pierce,Puget Sound Clean Air Agency,"14,196",0,"14,181",7,8,0,0,0,0,,1,"47.239235, -122.421909",,,POINT (-122.421909 47.239235),Facility,14196.0,2021
"Nucor Steel Seattle, Inc, - Seattle",2019,Metals,Iron and Steel Production,331110,Iron and Steel Mills and Ferroalloy Manufacturing,Nucor Corporation,Seattle,King,Puget Sound Clean Air Agency,"85,248",0,"85,210",17,21,0,0,0,0,,2,"47.569331, -122.367332",,,POINT (-122.367332 47.569331),Facility,85248.0,2019
"Horse Heaven Cattle Feeders, Inc. - Sunnyside",2018,Livestock,Cattle Feedlots,112112,Cattle Feedlots,"Horse Heaven Cattle Feeders, Inc.",Sunnyside,Yakima,Yakima Regional Clean Air Agency,"11,301",0,0,872,"10,429",0,0,0,0,,1,"46.284622, -120.019668",,,POINT (-120.019668 46.284622),Facility,11301.0,2018
H.W. Hill Landfill Gas Power Plant - Roosevelt,2012,Power Plants,"Other Power, Heating, or Cooling Plants",221119,Other Electric Power Generation,Public Utility District No. 1 of Klickitat County,Roosevelt,Klickitat,Ecology: Central Regional Office,"84,423","83,991",0,129,303,0,0,0,0,,2,"45.807765, -120.166354",,,POINT (-120.166354 45.807765),Facility,84423.0,2012
Michelsen Packaging - Yakima,2021,Pulp and Paper,Other Pulp and Paper,322299,All Other Converted Paper Product Manufacturing,Michelson Packaging Co.,Yakima,Yakima,Yakima Regional Clean Air Agency,"10,481",0,"10,470",5,6,0,0,0,0,,1,"46.604058, -120.513015",,,POINT (-120.513015 46.604058),Facility,10481.0,2021
"Vaagen Bros. Lumber, Inc. - Colville",2015,Wood Products,Lumber Mills,321999,All Other Miscellaneous Wood Product Manufacturing,Vaagen Bros. Lumber Inc.,Colville,Stevens,Ecology: Eastern Regional Office,"44,422","43,836",0,84,501,0,0,0,0,,2,"48.548525, -117.915469",,,POINT (-117.915469 48.548525),Facility,44422.0,2015
Sierra Pacific Industries - Shelton,2017,Wood Products,Lumber Mills,321212,Softwood Veneer and Plywood Manufacturing,Simpson Lumber Company LLC,Shelton,Mason,Olympic Region Clean Air Agency,"33,615","32,884",291,63,376,0,0,0,0,,2,"47.213448, -123.096517",,,POINT (-123.096517 47.213448),Facility,33615.0,2017
WestRock LLC - Longview,2017,Pulp and Paper,Kraft Mills,322130,Paperboard Mills,Westrock Corp.,Longview,Cowlitz,Ecology: Industrial Section,"1,646,438","1,462,052","177,823","1,314","5,249",0,0,0,0,,4,"46.10361, -122.92167",,,POINT (-122.92167 46.10361),Facility,1646438.0,2017
Cowlitz County Tennant Way Landfill - Longview,2012,Waste,Landfills,562212,Solid Waste Landfill,Cowlitz County Washington,Longview,Cowlitz,Southwest Clean Air Agency,"18,322",0,0,"18,322",0,0,0,0,0,,1,"46.107229, -122.905601",,,POINT (-122.905601 46.107229),Facility,18322.0,2012
Northwest Pipeline Willard C/S - Cook,2023,Natural Gas Systems,Natural Gas Transmission/Compression,486210,Pipeline Transportation of Natural Gas,"The Williams Companies, Inc.",Cook,Skamania,Southwest Clean Air Agency,"9,146",0,"7,458","1,685",4,0,0,0,0,,1,"45.778087, -121.626311","9,146",Covered Entity,POINT (-121.626311 45.778087),Facility,9146.0,2023
King County Solid Waste Cedar Hills Landfill - Maple Valley,2012,Waste,Landfills,562212,Solid Waste Landfill,King County Solid Waste Division,Maple Valley,King,Puget Sound Clean Air Agency,"99,258",0,206,"99,051",1,0,0,0,0,Assigned emissions level: reported under obsolete method.,2,"47.462625, -122.046025",,,POINT (-122.046025 47.462625),Facility,99258.0,2012
Providence Sacred Heart Medical Center - Spokane,2024,Health Care,Hospitals,622110,General Medical and Surgical Hospitals,PROVIDENCE HEALTH SERVICES,Spokane,Spokane,Spokane Regional Clean Air Agency,"12,640",0,"12,627",6,7,0,0,0,0,,1,"47.648848, -117.412461",,Reporter,POINT (-117.412461 47.648848),Facility,12640.0,2024
J.R. Simplot Company - Moses Lake,2024,Food Production,Potato Products,311411,"Frozen Fruit, Juice, and Vegetable Manufacturing",JR SIMPLOT CO,Moses Lake,Grant,Ecology: Eastern Regional Office,"37,745","7,442","19,690","10,574",38,0,0,0,0,,2,"47.131732, -119.189260","30,302",Covered Entity,POINT (-119.18926 47.131732),Facility,37745.0,2024
J.R. Simplot Company - Othello,2018,Food Production,Potato Products,311411,"Frozen Fruit, Juice, and Vegetable Manufacturing",J.R. Simplot Company,Othello,Adams,Ecology: Eastern Regional Office,"99,691",0,"46,683","52,982",26,0,0,0,0,,2,"46.837778, -119.176389",,,POINT (-119.176389 46.837778),Facility,99691.0,2018
"Tyson Fresh Meats, Inc. - Wallula",2017,Food Production,Meat Products,311611,Animal (except Poultry) Slaughtering,"Tyson Foods, Inc",Wallula,Walla Walla,Ecology: Eastern Regional Office,"113,369",0,"23,080","90,276",13,0,0,0,0,,3,"46.137521, -118.913051",,,POINT (-118.913051 46.137521),Facility,113369.0,2017
Puget Sound Energy - Ferndale Generating Station - Ferndale,2016,Power Plants,Natural Gas Turbine Plants,221112,Fossil Fuel Electric Power Generation,Puget Holdings LLC,Ferndale,Whatcom,Northwest Clean Air Agency,"354,146",0,"353,786",164,196,0,0,0,0,,3,"48.828707, -122.685533",,,POINT (-122.685533 48.828707),Facility,354146.0,2016
Cathcart Landfill - Snohomish,2020,Waste,Landfills,562212,Solid Waste Landfill,Snohomish County,Snohomish,Snohomish,Puget Sound Clean Air Agency,"11,396",0,251,"11,145",0,0,0,0,0,,1,"47.870014, -122.118284",,,POINT (-122.118284 47.870014),Facility,11396.0,2020
Sierra Pacific Industries - Centralia,2021,Wood Products,Lumber Mills,321113,Sawmills,Sierra Pacific Industries,Centralia,Lewis,Southwest Clean Air Agency,"46,063","45,596",0,67,400,0,0,0,0,,2,"46.756413, -122.995433",,,POINT (-122.995433 46.756413),Facility,46063.0,2021
Puget Sound Energy - Encogen Generating Station - Bellingham,2019,Power Plants,Natural Gas Turbine Plants,221112,Fossil Fuel Electric Power Generation,Puget Holdings LLC,Bellingham,Whatcom,Northwest Clean Air Agency,"191,710",0,"191,515",89,106,0,0,0,0,,3,"48.746, -122.486",,,POINT (-122.486 48.746),Facility,191710.0,2019
Alcoa Wenatchee Works - Malaga,2013,Metals,Aluminum Production,331312,Primary Aluminum Production,Alcoa Corp.,Malaga,Chelan,Ecology: Industrial Section,"318,542",0,"274,639",15,18,0,"43,870",0,0,,3,"47.3567, -120.1273",,,POINT (-120.1273 47.3567),Facility,318542.0,2013
Tree Top - Selah Campus,2013,Food Production,Fruit Products,311423,Dried and Dehydrated Food Manufacturing,Tree Top Inc.,Selah,Yakima,Yakima Regional Clean Air Agency,"15,638",0,"15,622",7,9,0,0,0,0,,1,"46.64992, -120.52755",,,POINT (-120.52755 46.64992),Facility,15638.0,2013
River Road Generating Plant - Vancouver,2022,Power Plants,Natural Gas Turbine Plants,221112,Fossil Fuel Electric Power Generation,Clark Public Utilities,Vancouver,Clark,Southwest Clean Air Agency,"653,928",0,"653,264",303,361,0,0,0,0,,3,"45.64958, -122.724806",,,POINT (-122.724806 45.64958),Facility,653928.0,2022
Central Washington University - Ellensburg,2023,Government,Education,611310,"Colleges, Universities, and Professional Schools",State of Washington,Ellensburg,Kittitas,Ecology: Central Regional Office,"12,790",0,"12,777",6,7,0,0,0,0,,1,"47.003202, -120.544513",,Reporter,POINT (-120.544513 47.003202),Facility,12790.0,2023
Port Angeles Hardwood LLC - Port Angeles,2020,Wood Products,Lumber Mills,321113,Sawmills,Port Angeles Hardwood LLC,Port Angeles,Clallam,Olympic Region Clean Air Agency,"23,253","22,946",0,44,263,0,0,0,0,,1,"48.100872, -123.485745",,,POINT (-123.485745 48.100872),Facility,23253.0,2020
Cathcart Landfill - Snohomish,2015,Waste,Landfills,562212,Solid Waste Landfill,Snohomish County,Snohomish,Snohomish,Puget Sound Clean Air Agency,"23,520",0,190,"23,329",0,0,0,0,0,,1,"47.870014, -122.118284",,,POINT (-122.118284 47.870014),Facility,23520.0,2015
"Boise Cascade Wood Products, LLC.  Kettle Falls Plywood - Kettle Falls",2018,Wood Products,Other Wood Products,321219,Reconstituted Wood Product Manufacturing,Boise Cascade Company,Kettle Falls,Stevens,Ecology: Eastern Regional Office,"64,534","54,312","9,487",109,626,0,0,0,0,,2,"48.613175, -118.116106",,,POINT (-118.116106 48.613175),Facility,64534.0,2018
Steelscape - Kalama,2018,Metals,Other Metals,331221,Rolled Steel Shape Manufacturing,NS BlueScope USA LLC,Kalama,Cowlitz,Southwest Clean Air Agency,"24,156",0,"24,131",11,13,0,0,0,0,,1,"46.04326, -122.871703",,,POINT (-122.871703 46.04326),Facility,24156.0,2018
Frito Lay - Vancouver,2024,Food Production,Other Food Products,311919,Other Snack Food Manufacturing,PEPSICO INC,Vancouver,Clark,Southwest Clean Air Agency,"12,947",0,"12,934",6,7,0,0,0,0,,1,"45.657037, -122.692000",,Reporter,POINT (-122.692 45.657037),Facility,12947.0,2024
Waste Management Greater Wenatchee Regional Landfill - East Wenatchee,2015,Waste,Landfills,562212,Solid Waste Landfill,Waste Management Inc.,East Wenatchee,Douglas,Ecology: Central Regional Office,"31,208",0,0,"31,208",0,0,0,0,0,,2,"47.405083, -120.167444",,,POINT (-120.167444 47.405083),Facility,31208.0,2015
Northwest Pipeline C/S - Chehalis,2023,Natural Gas Systems,Natural Gas Transmission/Compression,486210,Pipeline Transportation of Natural Gas,"The Williams Companies, Inc.",Chehalis,Lewis,Southwest Clean Air Agency,"22,485",0,"21,535",938,12,0,0,0,0,,1,"46.533325, -122.87373","22,485",Covered Entity,POINT (-122.87373 46.533325),Facility,22485.0,2023
Hampton Lumber Mills Washington Inc. - Morton,2017,Wood Products,Lumber Mills,321113,Sawmills,Hampton Lumber Mills Washington Inc.,Morton,Lewis,Southwest Clean Air Agency,"36,531","36,045",5,69,412,0,0,0,0,,2,"46.565997, -122.269573",,,POINT (-122.269573 46.565997),Facility,36531.0,2017
Western Washington University - Bellingham,2022,Government,Education,611310,"Colleges, Universities, and Professional Schools",Western Washington University,Bellingham,Whatcom,Northwest Clean Air Agency,"11,890",0,"11,878",6,7,0,0,0,0,,1,"48.736499, -122.484714",,,POINT (-122.484714 48.736499),Facility,11890.0,2022
bp Cherry Point Refinery - Blaine,2023,Petroleum Systems,Petroleum Refineries,324110,Petroleum Refineries,BP America Inc.,Blaine,Whatcom,Northwest Clean Air Agency,"2,188,015",0,"2,175,873","7,314","4,828",0,0,0,0,,5,"48.8864, -122.7353","2,188,007",Covered Entity,POINT (-122.7353 48.8864),Facility,2188015.0,2023
Guy Bennett Lumber Company - Clarkston,2020,Wood Products,Lumber Mills,321113,Sawmills,Bennett Lumber Products Inc.,Clarkston,Asotin,Ecology: Eastern Regional Office,"14,289","14,101",0,27,161,0,0,0,0,,1,"46.423108, -117.086487",,,POINT (-117.086487 46.423108),Facility,14289.0,2020
Grant County Landfill 1 - Ephrata,2024,Waste,Landfills,562212,Solid Waste Landfill,GRANT COUNTY WASHINGTON,Ephrata,Grant,Ecology: Eastern Regional Office,"35,208","3,001",0,"32,196",11,0,0,0,0,,2,"47.270759, -119.573764",,Reporter,POINT (-119.573764 47.270759),Facility,35208.0,2024
Olympic View Sanitary Landfill - Bremerton,2024,Waste,Landfills,562212,Solid Waste Landfill,WASTE MANAGEMENT INC,Bremerton,Kitsap,Puget Sound Clean Air Agency,"62,196","1,328",0,"60,863",5,0,0,0,0,,2,"47.501359, -122.783272",,Reporter,POINT (-122.783272 47.501359),Facility,62196.0,2024
Hidden Valley Landfill - Puyallup,2024,Waste,Landfills,562212,Solid Waste Landfill,WASTE CONNECTIONS INC,Puyallup,Pierce,Puget Sound Clean Air Agency,"64,847","1,548",0,"63,294",6,0,0,0,0,,2,"47.095000, -122.287800",,Reporter,POINT (-122.2878 47.095),Facility,64847.0,2024
Darigold - Chehalis,2021,Food Production,Dairy Products,311514,"Dry, Condensed, and Evaporated Dairy Product Manufacturing",Darigold Inc.,Chehalis,Lewis,Southwest Clean Air Agency,"13,183",0,"13,169",6,7,0,0,0,0,,1,"46.659952, -122.970162",,,POINT (-122.970162 46.659952),Facility,13183.0,2021
Central Washington University - Ellensburg,2019,Government,Education,611310,"Colleges, Universities, and Professional Schools",State of Washington,Ellensburg,Kittitas,Ecology: Central Regional Office,"14,884",0,"14,869",7,8,0,0,0,0,,1,"47.003202, -120.544513",,,POINT (-120.544513 47.003202),Facility,14884.0,2019
Northwest Hardwoods Inc. - Longview,2020,Wood Products,Lumber Mills,321113,Sawmills,Littlejohn & Co. LLC,Longview,Cowlitz,Southwest Clean Air Agency,"11,353","6,529","4,731",15,77,0,0,0,0,,1,"46.114537, -122.916806",,,POINT (-122.916806 46.114537),Facility,11353.0,2020
Murphy Veneer - Elma,2014,Wood Products,Other Wood Products,321212,Softwood Veneer and Plywood Manufacturing,Murphy Co.,Elma,Grays Harbor,Olympic Region Clean Air Agency,"11,845",0,"11,833",6,7,0,0,0,0,,1,"47.040323, -123.334339",,,POINT (-123.334339 47.040323),Facility,11845.0,2014
U.S. Department of Energy Hanford Site - Richland,2023,Government,Other Government,924110,Administration of Air and Water Resource and Solid Waste Management Programs,US Government,Richland,Benton,Ecology: NWP,"30,899",0,"22,384","8,464",51,0,0,0,0,,2,"46.55069, -119.489007",,Reporter,POINT (-119.489007 46.55069),Facility,30899.0,2023
Owens-Brockway Glass Container Inc Plant #2 - Kalama,2022,Minerals,Glass Production,327213,Glass Container Manufacturing,O-I Glass Inc.,Kalama,Cowlitz,Southwest Clean Air Agency,"24,952",0,"24,935",8,10,0,0,0,0,,1,"46.031656, -122.866241",,,POINT (-122.866241 46.031656),Facility,24952.0,2022
J.R. Simplot Company - Othello,2023,Food Production,Potato Products,311411,"Frozen Fruit, Juice, and Vegetable Manufacturing",J.R. Simplot Company,Othello,Adams,Ecology: Eastern Regional Office,"107,817",0,"53,175","54,613",30,0,0,0,0,,3,"46.837778, -119.176389","107,817",Covered Entity,POINT (-119.176389 46.837778),Facility,107817.0,2023
Seattle-Tacoma International Airport - Seattle,2019,Government,Other Government,488119,Other Airport Operations,Port of Seattle,Seattle,King,Puget Sound Clean Air Agency,"13,610",0,"13,596",6,8,0,0,0,0,,1,"47.443643, -122.302452",,,POINT (-122.302452 47.443643),Facility,13610.0,2019
Cowlitz County Headquarters Landfill - Castle Rock,2017,Waste,Landfills,562212,Solid Waste Landfill,Cowlitz County,Castle Rock,Cowlitz,Southwest Clean Air Agency,"218,522","11,096",0,"207,386",40,0,0,0,0,,3,"46.246902, -122.772284",,,POINT (-122.772284 46.246902),Facility,218522.0,2017
Pasco Processing LLC - Pasco,2023,Food Production,Other Food Products,311991,Perishable Prepared Food Manufacturing,Oregon Potato Co.,Pasco,Franklin,Ecology: Eastern Regional Office,"11,545",0,"11,533",6,7,0,0,0,0,,1,"46.28274, -119.097528",,Reporter,POINT (-119.097528 46.28274),Facility,11545.0,2023
Naval Base Kitsap Bangor - Silverdale,2014,Government,National Security,928110,National Security,US Government,Silverdale,Kitsap,Puget Sound Clean Air Agency,"20,940",0,"20,915",10,14,0,0,0,0,,1,"47.699284, -122.696926",,,POINT (-122.696926 47.699284),Facility,20940.0,2014
Sonoco Products - Sumner,2022,Pulp and Paper,Other Pulp and Paper,322130,Paperboard Mills,Sonoco Products Company,Sumner,Pierce,Puget Sound Clean Air Agency,"10,820",0,"10,809",5,6,0,0,0,0,,1,"47.210641, -122.239474",,,POINT (-122.239474 47.210641),Facility,10820.0,2022
Puget Sound Energy - Sumas Generating Station - Sumas,2019,Power Plants,Natural Gas Turbine Plants,221112,Fossil Fuel Electric Power Generation,Puget Holdings LLC,Sumas,Whatcom,Northwest Clean Air Agency,"227,714",0,"227,483",106,126,0,0,0,0,,3,"48.9905, -122.2733",,,POINT (-122.2733 48.9905),Facility,227714.0,2019
Alcoa Wenatchee Works - Malaga,2018,Metals,Aluminum Production,331312,Primary Aluminum Production,Alcoa Corp.,Malaga,Chelan,Ecology: Industrial Section,0,0,0,0,0,0,0,0,0,Last year reporting.  Facility curtailed.,1,"47.3567, -120.1273",,,POINT (-120.1273 47.3567),Facility,0.0,2018
Marathon Anacortes Refinery - Anacortes,2012,Petroleum Systems,Petroleum Refineries,324110,Petroleum Refineries,Marathon Petroleum Corp,Anacortes,Skagit,Northwest Clean Air Agency,"1,311,523",0,"1,299,070","7,929","4,525",0,0,0,0,,4,"48.493816, -122.564845",,,POINT (-122.564845 48.493816),Facility,1311523.0,2012
US Army Joint Base Lewis-McChord - Pierce Co.,2023,Government,National Security,928110,National Security,US Government,Joint Base Lewis-McChord,Pierce,Puget Sound Clean Air Agency,"71,411",0,"56,808","14,570",33,0,0,0,0,,2,"47.1142, -122.5365",,Reporter,POINT (-122.5365 47.1142),Facility,71411.0,2023
Star Forge LLC dba Jorgensen Forge - Tukwila,2017,Metals,Other Metals,332111,Iron and Steel Forging,Jorgensen Forge Corp.,Tukwila,King,Puget Sound Clean Air Agency,"8,739",0,"8,730",4,5,0,0,0,0,,1,"47.526872, -122.303906",,,POINT (-122.303906 47.526872),Facility,8739.0,2017
City of Tacoma Solid Waste Facility - Tacoma,2015,Waste,Landfills,562212,Solid Waste Landfill,City of Tacoma,Tacoma,Pierce,Puget Sound Clean Air Agency,"14,812",0,0,"14,812",0,0,0,0,0,,1,"47.223413, -122.499775",,,POINT (-122.499775 47.223413),Facility,14812.0,2015
Hidden Valley Landfill - Puyallup,2019,Waste,Landfills,562212,Solid Waste Landfill,Waste Connections US Inc.,Puyallup,Pierce,Puget Sound Clean Air Agency,"7,434",0,0,"7,434",0,0,0,0,0,Voluntary reporter.,1,"47.095, -122.2878",,,POINT (-122.2878 47.095),Facility,7434.0,2019
LRI Landfill - Graham,2023,Waste,Landfills,562212,Solid Waste Landfill,Waste Connections Inc.,Graham,Pierce,Puget Sound Clean Air Agency,"163,427","44,056",0,"119,212",159,0,0,0,0,,3,"46.972405, -122.292799",,Reporter,POINT (-122.292799 46.972405),Facility,163427.0,2023
HF Sinclair Puget Sound Refinery LLC - Anacortes,2021,Petroleum Systems,Petroleum Refineries,324110,Petroleum Refineries,HollyFrontier Puget Sound Refining LLC,Anacortes,Skagit,Northwest Clean Air Agency,"1,837,958",0,"1,827,784","6,417","3,757",0,0,0,0,,4,"48.470931, -122.559161",,,POINT (-122.559161 48.470931),Facility,1837958.0,2021
"North Pacific Paper Company, LLC - Longview",2013,Pulp and Paper,Other Pulp and Paper,322122,Newsprint Mills,NP Paper Investor Holdings LLC,Longview,Cowlitz,Southwest Clean Air Agency,"43,125",0,"43,080",20,24,0,0,0,0,Assigned emissions level.  Formerly part of Nippon Dynawave before 2016.  Ecology split emissions for consistency with cooperation from facility.,2,"46.125662, -122.976788",,,POINT (-122.976788 46.125662),Facility,43125.0,2013
Frito Lay - Vancouver,2017,Food Production,Other Food Products,311919,Other Snack Food Manufacturing,PepsiCo Inc,Vancouver,Clark,Southwest Clean Air Agency,"17,206",0,"17,189",8,10,0,0,0,0,,1,"45.657037, -122.692",,,POINT (-122.692 45.657037),Facility,17206.0,2017
Puget Sound Energy - Encogen Generating Station - Bellingham,2014,Power Plants,Natural Gas Turbine Plants,221112,Fossil Fuel Electric Power Generation,Puget Holdings LLC,Bellingham,Whatcom,Northwest Clean Air Agency,"105,650",0,"105,543",49,58,0,0,0,0,,3,"48.746, -122.486",,,POINT (-122.486 48.746),Facility,105650.0,2014
Keyes Fibre Corporation - Wenatchee,2017,Pulp and Paper,Other Pulp and Paper,322299,All Other Converted Paper Product Manufacturing,Tekni-Plex Wenatchee Fiber Consumer Porducts,Wenatchee,Chelan,Ecology: Central Regional Office,"16,748",0,"16,730",8,10,0,0,0,0,,1,"47.485987, -120.316363",,,POINT (-120.316363 47.485987),Facility,16748.0,2017
University of Washington Seattle Campus - Seattle,2015,Government,Education,611310,"Colleges, Universities, and Professional Schools",State of Washington,Seattle,King,Puget Sound Clean Air Agency,"82,430",0,"82,345",39,46,0,0,0,0,,2,"47.653614, -122.303608",,,POINT (-122.303608 47.653614),Facility,82430.0,2015
U.S. Oil & Refining Co. - Tacoma,2016,Petroleum Systems,Petroleum Refineries,324110,Petroleum Refineries,Par Pacific Holdings Inc.,Tacoma,Pierce,Puget Sound Clean Air Agency,"146,049",0,"144,562","1,008",479,0,0,0,0,,3,"47.256813, -122.394952",,,POINT (-122.394952 47.256813),Facility,146049.0,2016
Sierra Pacific Industries - Aberdeen,2018,Wood Products,Lumber Mills,321113,Sawmills,Sierra Pacific Industries,Aberdeen,Grays Harbor,Olympic Region Clean Air Agency,"247,114","243,145",721,467,"2,782",0,0,0,0,,3,"46.971875, -123.775526",,,POINT (-123.775526 46.971875),Facility,247114.0,2018
Ponderay Industries - Usk,2014,Pulp and Paper,Other Pulp and Paper,322122,Newsprint Mills,Ponderay Industries,Usk,Pend Oreille,Ecology: Eastern Regional Office,"53,646","51,117","1,774",119,635,0,0,0,0,,2,"48.289771, -117.271359",,,POINT (-117.271359 48.289771),Facility,53646.0,2014
Milne Fruit Products - Prosser,2019,Food Production,Fruit Products,311411,"Frozen Fruit, Juice, and Vegetable Manufacturing",Milne Fruit Products,Prosser,Benton,Benton Clean Air Agency,"11,346",0,"11,334",5,6,0,0,0,0,,1,"46.202562, -119.775527",,,POINT (-119.775527 46.202562),Facility,11346.0,2019
Northwest Pipeline Roosevelt C/S - Bickleton,2017,Natural Gas Systems,Natural Gas Transmission/Compression,486210,Pipeline Transportation of Natural Gas,"The Williams Companies, Inc.",Bickleton,Klickitat,Ecology: Central Regional Office,"12,487",0,"8,335","4,148",5,0,0,0,0,,1,"45.849504, -120.08083",,,POINT (-120.08083 45.849504),Facility,12487.0,2017
Spokane Waste to Energy Facility - Spokane,2012,Power Plants,"Other Power, Heating, or Cooling Plants",562213,Solid Waste Combustors and Incinerators,City of Spokane,Spokane,Spokane,Spokane Regional Clean Air Agency,"249,248","146,284","97,470","2,142","3,351",0,0,0,0,,3,"47.626529, -117.504278",,,POINT (-117.504278 47.626529),Facility,249248.0,2012
Ardagh Glass Inc. - Seattle,2023,Minerals,Glass Production,327213,Glass Container Manufacturing,Ardagh Holdings USA Inc.,Seattle,King,Puget Sound Clean Air Agency,"44,364",0,"44,329",16,19,0,0,0,0,Facility curtailed.,2,"47.55242, -122.33739","44,364",Covered Entity,POINT (-122.33739 47.55242),Facility,44364.0,2023
Alcoa Intalco Works - Ferndale,2014,Metals,Aluminum Production,331312,Primary Aluminum Production,Alcoa Corp.,Ferndale,Whatcom,Ecology: Industrial Section,"1,326,684",0,"431,403","10,905",32,0,"884,344",0,0,PFC emissions based on old source test information.,4,"48.8455, -122.7055",,,POINT (-122.7055 48.8455),Facility,1326684.0,2014
Lamb Weston - Quincy,2023,Food Production,Potato Products,311411,"Frozen Fruit, Juice, and Vegetable Manufacturing","Lamb Weston, Inc.",Quincy,Grant,Ecology: Eastern Regional Office,"29,971",0,"29,941",14,17,0,0,0,0,,2,"47.234413, -119.869914","29,971",Covered Entity,POINT (-119.869914 47.234413),Facility,29971.0,2023
Leichner Landfill - Vancouver,2023,Waste,Landfills,562212,Solid Waste Landfill,Clark County Public Health,Vancouver,Clark,Southwest Clean Air Agency,620,0,0,620,0,0,0,0,0,Voluntary reporter. Only reported in 2023.,1,"45.689202, -122.573372",,Reporter,POINT (-122.573372 45.689202),Facility,620.0,2023
Northwest Hardwoods Inc. - Centralia,2020,Wood Products,Lumber Mills,321113,Sawmills,Littlejohn & Co. LLC,Centralia,Lewis,Southwest Clean Air Agency,"8,347","4,892","3,387",11,58,0,0,0,0,,1,"46.734454, -122.991963",,,POINT (-122.991963 46.734454),Facility,8347.0,2020
Northwest Pipeline C/S - Chehalis,2018,Natural Gas Systems,Natural Gas Transmission/Compression,486210,Pipeline Transportation of Natural Gas,"The Williams Companies, Inc.",Chehalis,Lewis,Southwest Clean Air Agency,"22,586",0,"18,599","3,977",10,0,0,0,0,,1,"46.533325, -122.87373",,,POINT (-122.87373 46.533325),Facility,22586.0,2018
"Gas Transmission Northwest Compressor Station 8, LLC -Wallula",2022,Natural Gas Systems,Natural Gas Transmission/Compression,486210,Pipeline Transportation of Natural Gas,TransCanada Northern Border Inc.,Wallula,Walla Walla,Ecology: Eastern Regional Office,"127,135",0,"124,802","2,263",70,0,0,0,0,,3,"46.053153, -118.843934",,,POINT (-118.843934 46.053153),Facility,127135.0,2022
Tree Top - Wenatchee,2022,Food Production,Fruit Products,311423,Dried and Dehydrated Food Manufacturing,Tree Top Inc.,Wenatchee,Chelan,Ecology: Central Regional Office,"11,178",0,"11,166",5,6,0,0,0,0,,1,"47.48938, -120.31426",,,POINT (-120.31426 47.48938),Facility,11178.0,2022
Puget Sound Energy - Whitehorn Generating Station - Blaine,2017,Power Plants,Natural Gas Turbine Plants,221112,Fossil Fuel Electric Power Generation,Puget Holdings LLC,Blaine,Whatcom,Northwest Clean Air Agency,"67,424",0,"67,351",33,41,0,0,0,0,,2,"48.885475, -122.724299",,,POINT (-122.724299 48.885475),Facility,67424.0,2017
Inland Empire Paper Company - Spokane,2014,Pulp and Paper,Other Pulp and Paper,322122,Newsprint Mills,Cowles Publishing Co.,Spokane,Spokane,Spokane Regional Clean Air Agency,"27,841","17,801","9,793",39,209,0,0,0,0,,2,"47.688295, -117.279323",,,POINT (-117.279323 47.688295),Facility,27841.0,2014
Grays Harbor Energy Center - Elma,2015,Power Plants,Natural Gas Turbine Plants,221112,Fossil Fuel Electric Power Generation,Invenergy Investment Company LLC,Elma,Grays Harbor,EFSEC,"1,170,621",0,"1,169,432",542,646,0,0,0,0,,4,"46.9688, -123.48",,,POINT (-123.48 46.9688),Facility,1170621.0,2015
Weyerhaeuser Raymond Lumber - Raymond,2019,Wood Products,Lumber Mills,321113,Sawmills,Weyerhaeuser Co.,Raymond,Pacific,Olympic Region Clean Air Agency,"39,695","39,172",0,75,448,0,0,0,0,,2,"46.688088, -123.737495",,,POINT (-123.737495 46.688088),Facility,39695.0,2019
CenTrio Energy Seattle LLC - Seattle,2021,Power Plants,"Other Power, Heating, or Cooling Plants",221330,Steam and Air-Conditioning Supply,Seattle Steam Company LLC,Seattle,King,Puget Sound Clean Air Agency,"66,389",0,"66,320",31,37,0,0,0,0,,2,"47.6068, -122.340179",,,POINT (-122.340179 47.6068),Facility,66389.0,2021
Lamb Weston - Quincy,2012,Food Production,Potato Products,311411,"Frozen Fruit, Juice, and Vegetable Manufacturing","Lamb Weston, Inc.",Quincy,Grant,Ecology: Eastern Regional Office,"39,693",0,"39,652",19,22,0,0,0,0,,2,"47.234413, -119.869914",,,POINT (-119.869914 47.234413),Facility,39693.0,2012
Star Forge LLC dba Jorgensen Forge - Tukwila,2012,Metals,Other Metals,332111,Iron and Steel Forging,Jorgensen Forge Corp.,Tukwila,King,Puget Sound Clean Air Agency,"20,917",0,"20,896",10,11,0,0,0,0,,1,"47.526872, -122.303906",,,POINT (-122.303906 47.526872),Facility,20917.0,2012
Northwest Pipeline Plymouth C/S - Plymouth,2019,Natural Gas Systems,Natural Gas Transmission/Compression,486210,Pipeline Transportation of Natural Gas,"The Williams Companies, Inc.",Plymouth,Benton,Benton Clean Air Agency,"10,119",0,"6,905","3,210",4,0,0,0,0,First year reporting.,1,"45.9309, -119.41019",,,POINT (-119.41019 45.9309),Facility,10119.0,2019
REC Solar Grade Silicon - Moses Lake,2014,Metals,Other Metals,331410,Primary Smelting and Refining of Nonferrous Metal (except Copper and Aluminum),REC Silicon,Moses Lake,Grant,Ecology: Eastern Regional Office,"120,816",0,"120,692",57,68,0,0,0,0,,3,"47.138359, -119.200383",,,POINT (-119.200383 47.138359),Facility,120816.0,2014
James Hardie Building Products - Tacoma,2021,Manufacturing,Building Products,327390,Other Concrete Product Manufacturing,James Hardie Building Products Inc.,Tacoma,Pierce,Puget Sound Clean Air Agency,"21,700",0,"21,678",10,12,0,0,0,0,,1,"47.092145, -122.364656",,,POINT (-122.364656 47.092145),Facility,21700.0,2021
Northwest Pipeline C/S - Snohomish,2021,Natural Gas Systems,Natural Gas Transmission/Compression,486210,Pipeline Transportation of Natural Gas,"The Williams Companies, Inc.",Snohomish,Snohomish,Puget Sound Clean Air Agency,"40,735",0,"39,624","1,088",22,0,0,0,0,,2,"47.78825, -122.05859",,,POINT (-122.05859 47.78825),Facility,40735.0,2021
"Gas Transmission Northwest Compressor Station 8, LLC -Wallula",2017,Natural Gas Systems,Natural Gas Transmission/Compression,486210,Pipeline Transportation of Natural Gas,TransCanada Northern Border Inc.,Wallula,Walla Walla,Ecology: Eastern Regional Office,"161,512",0,"118,074","43,371",66,0,0,0,0,,3,"46.053153, -118.843934",,,POINT (-118.843934 46.053153),Facility,161512.0,2017
HF Sinclair Puget Sound Refinery LLC - Anacortes,2016,Petroleum Systems,Petroleum Refineries,324110,Petroleum Refineries,HollyFrontier Puget Sound Refining LLC,Anacortes,Skagit,Northwest Clean Air Agency,"1,980,495",0,"1,969,285","6,794","4,416",0,0,0,0,Assigned Emissions Level,4,"48.470931, -122.559161",,,POINT (-122.559161 48.470931),Facility,1980495.0,2016
Goodrich Corporation - Spokane,2012,Manufacturing,Transportation Industry,336413,Other Aircraft Parts and Auxiliary Equipment Manufacturing,Raytheon Technologies Corp,Spokane,Spokane,Spokane Regional Clean Air Agency,"35,476",0,"35,426",20,30,0,0,0,0,,2,"47.583604, -117.568511",,,POINT (-117.568511 47.583604),Facility,35476.0,2012
Avista Corporation LDC - WA - statewide,2017,Natural Gas Systems,Natural Gas Local Distribution Companies,221210,Natural Gas Distribution,Avista Corp.,Spokane,Spokane,Spokane Regional Clean Air Agency,"15,615",0,19,"15,596",0,0,0,0,0,,1,"47.673662, -117.388735",,,POINT (-117.388735 47.673662),Facility,15615.0,2017
Cosmo Specialty Fibers Inc - Cosmopolis,2015,Pulp and Paper,Sulfite Mills,322110,Pulp Mills,Cosmo Specialty Fibers Inc.,Cosmopolis,Grays Harbor,Ecology: Industrial Section,"544,399","520,891","16,781","4,607","2,120",0,0,0,0,,3,"46.952907, -123.76211",,,POINT (-123.76211 46.952907),Facility,544399.0,2015
"Solvay Chemicals, Inc. - Longview",2014,Chemicals,Other Chemicals,325180,Other Basic Inorganic Chemical Manufacturing,Solvay Chemicals Inc.,Longview,Cowlitz,Southwest Clean Air Agency,"49,626",0,"49,626",0,0,0,0,0,0,,2,"46.137218, -122.982847",,,POINT (-122.982847 46.137218),Facility,49626.0,2014
Puget Sound Energy LDC Facility - Bellevue,2014,Natural Gas Systems,Natural Gas Local Distribution Companies,221210,Natural Gas Distribution,Puget Holdings LLC,Bellevue,King,Puget Sound Clean Air Agency,"60,382",0,73,"60,308",0,0,0,0,0,,2,"47.61345, -122.19454",,,POINT (-122.19454 47.61345),Facility,60382.0,2014
"Boise Cascade Wood Products, LLC.  Kettle Falls Lumber - Kettle Falls",2016,Wood Products,Lumber Mills,321912,"Cut Stock, Resawing Lumber, and Planing",Boise Cascade Company,Kettle Falls,Stevens,Ecology: Eastern Regional Office,"53,752","53,044",0,102,607,0,0,0,0,,2,"48.609799, -118.067441",,,POINT (-118.067441 48.609799),Facility,53752.0,2016
Boeing Commercial Airplanes - Everett,2012,Manufacturing,Transportation Industry,336411,Aircraft Manufacturing,The Boeing Company,Everett,Snohomish,Puget Sound Clean Air Agency,"71,463",0,"71,389",34,40,0,0,0,0,,2,"47.918622, -122.276987",,,POINT (-122.276987 47.918622),Facility,71463.0,2012
Lamb Weston - Warden,2016,Food Production,Potato Products,311411,"Frozen Fruit, Juice, and Vegetable Manufacturing","Lamb Weston, Inc.",Warden,Grant,Ecology: Eastern Regional Office,"18,099",0,"18,081",9,10,0,0,0,0,,1,"46.971504, -119.055427",,,POINT (-119.055427 46.971504),Facility,18099.0,2016
Northwest Pipeline C/S - Mount Vernon,2024,Natural Gas Systems,Natural Gas Transmission/Compression,486210,Pipeline Transportation of Natural Gas,THE WILLIAMS COS INC,Mount Vernon,Skagit,Northwest Clean Air Agency,"78,325",0,"76,374","1,908",43,0,0,0,0,,2,"48.421967, -122.215470","78,325",Covered Entity,POINT (-122.21547 48.421967),Facility,78325.0,2024
"SGL Carbon, LLC - Moses Lake",2016,Manufacturing,Transportation Industry,335991,Carbon and Graphite Product Manufacturing,SGL Automotive Carbon Fibers LLC,Moses Lake,Grant,Ecology: Eastern Regional Office,"6,856",0,"6,849",3,4,0,0,0,0,,1,"47.208993, -119.285437",,,POINT (-119.285437 47.208993),Facility,6856.0,2016
"Boise Cascade Wood Products, LLC.  Kettle Falls Lumber - Kettle Falls",2020,Wood Products,Lumber Mills,321912,"Cut Stock, Resawing Lumber, and Planing",Boise Cascade Company,Kettle Falls,Stevens,Ecology: Eastern Regional Office,"57,356","56,600",0,109,647,0,0,0,0,,2,"48.609799, -118.067441",,,POINT (-118.067441 48.609799),Facility,57356.0,2020
"Analog Devices, Inc. - Camas",2021,Manufacturing,Electronics Industry,334413,Semiconductor and Related Device Manufacturing,Linear Technology Corporation,Camas,Clark,Southwest Clean Air Agency,"15,173",0,"1,960",1,"1,480","2,377","5,524","3,641",189,,1,"45.598844, -122.45232",,,POINT (-122.45232 45.598844),Facility,15173.0,2021
Riverside Feeders SFL - Kennewick,2016,Livestock,Cattle Feedlots,112112,Cattle Feedlots,Easterday Ranches,Kennewick,Benton,Benton Clean Air Agency,"24,933",0,"2,661","1,727","20,545",0,0,0,0,,1,"45.991872, -119.136497",,,POINT (-119.136497 45.991872),Facility,24933.0,2016
Matheson - Anacortes,2018,Petroleum Systems,Other Petroleum Systems,325120,Industrial Gas Manufacturing,Linde Gas North America LLC,Anacortes,Skagit,Northwest Clean Air Agency,"61,179",0,"61,179",0,0,0,0,0,0,,2,"48.467646, -122.554343",,,POINT (-122.554343 48.467646),Facility,61179.0,2018
Chehalis Generation Facility - Chehalis,2022,Power Plants,Natural Gas Turbine Plants,221112,Fossil Fuel Electric Power Generation,Berkshire Hathaway,Chehalis,Lewis,EFSEC,"875,158",0,"874,270",405,483,0,0,0,0,,3,"46.6226, -122.9145",,,POINT (-122.9145 46.6226),Facility,875158.0,2022
Marathon Anacortes Refinery - Anacortes,2018,Petroleum Systems,Petroleum Refineries,324110,Petroleum Refineries,Marathon Petroleum Corp,Anacortes,Skagit,Northwest Clean Air Agency,"1,234,174",0,"1,228,806","2,184","3,184",0,0,0,0,,4,"48.493816, -122.564845",,,POINT (-122.564845 48.493816),Facility,1234174.0,2018
Georgia-Pacific Gypsum LLC - Tacoma,2020,Manufacturing,Building Products,327420,Gypsum Product Manufacturing,Koch Industries Inc.,Tacoma,Pierce,Puget Sound Clean Air Agency,"38,732",0,"38,692",18,22,0,0,0,0,,2,"47.269558, -122.394869",,,POINT (-122.394869 47.269558),Facility,38732.0,2020
HF Sinclair Puget Sound Refinery LLC - Anacortes,2012,Petroleum Systems,Petroleum Refineries,324110,Petroleum Refineries,HollyFrontier Puget Sound Refining LLC,Anacortes,Skagit,Northwest Clean Air Agency,"2,105,161",0,"2,093,437","7,081","4,643",0,0,0,0,Assigned Emissions Level,5,"48.470931, -122.559161",,,POINT (-122.559161 48.470931),Facility,2105161.0,2012
Horn Rapids Sanitary Landfill - Richland,2016,Waste,Landfills,562212,Solid Waste Landfill,City of Richland,Richland,Benton,Benton Clean Air Agency,"26,021",0,0,"26,021",0,0,0,0,0,,2,"46.346663, -119.348118",,,POINT (-119.348118 46.346663),Facility,26021.0,2016
Ascensus Specialties LLC - Elma,2020,Chemicals,Other Chemicals,325180,Other Basic Inorganic Chemical Manufacturing,VSI Holdings LLC,Elma,Grays Harbor,Olympic Region Clean Air Agency,"18,037",0,"18,019",9,10,0,0,0,0,,1,"46.995459, -123.382316",,,POINT (-123.382316 46.995459),Facility,18037.0,2020
Puget Sound Energy - Fredonia Generating Station - Mount Vernon,2015,Power Plants,Natural Gas Turbine Plants,221112,Fossil Fuel Electric Power Generation,Puget Holdings LLC,Mount Vernon,Skagit,Northwest Clean Air Agency,"115,727",0,"115,607",55,66,0,0,0,0,,3,"48.4553, -122.435",,,POINT (-122.435 48.4553),Facility,115727.0,2015
LANXESS Corporation - Kalama,2021,Chemicals,Other Chemicals,325199,All Other Basic Organic Chemical Manufacturing,Emerald Performance Materials LLC,Kalama,Cowlitz,Southwest Clean Air Agency,"67,316",0,"67,247",32,38,0,0,0,0,,2,"46.02191, -122.85698",,,POINT (-122.85698 46.02191),Facility,67316.0,2021
Terrace Heights Landfill - Yakima,2016,Waste,Landfills,562212,Solid Waste Landfill,Yakima County Public Services - Solid Waste Division,Yakima,Yakima,Yakima Regional Clean Air Agency,"111,851",0,25,"111,826",0,0,0,0,0,,3,"46.610031, -120.39408",,,POINT (-120.39408 46.610031),Facility,111851.0,2016
Northwest Hardwoods Inc. - Centralia,2013,Wood Products,Lumber Mills,321113,Sawmills,Littlejohn & Co. LLC,Centralia,Lewis,Southwest Clean Air Agency,"12,987","6,470","6,424",16,77,0,0,0,0,,1,"46.734454, -122.991963",,,POINT (-122.991963 46.734454),Facility,12987.0,2013
Frederickson Power LP - Tacoma,2020,Power Plants,Natural Gas Turbine Plants,221112,Fossil Fuel Electric Power Generation,"Puget Sound Energy, Inc. and Capital Power (US Holdings) Inc",Tacoma,Pierce,Puget Sound Clean Air Agency,"369,506",0,"369,130",171,204,0,0,0,0,,3,"47.086342, -122.365686",,,POINT (-122.365686 47.086342),Facility,369506.0,2020
"SEH America, Inc - Vancouver",2019,Manufacturing,Electronics Industry,334413,Semiconductor and Related Device Manufacturing,SEH America Inc.,Vancouver,Clark,Southwest Clean Air Agency,"11,699",0,"11,687",6,7,0,0,0,0,,1,"45.649912, -122.553612",,,POINT (-122.553612 45.649912),Facility,11699.0,2019
Spokane Waste to Energy Facility - Spokane,2020,Power Plants,"Other Power, Heating, or Cooling Plants",562213,Solid Waste Combustors and Incinerators,City of Spokane,Spokane,Spokane,Spokane Regional Clean Air Agency,"234,431","140,581","88,699","2,009","3,142",0,0,0,0,,3,"47.626529, -117.504278",,,POINT (-117.504278 47.626529),Facility,234431.0,2020
James Hardie Building Products - Tacoma,2018,Manufacturing,Building Products,327390,Other Concrete Product Manufacturing,James Hardie Building Products Inc.,Tacoma,Pierce,Puget Sound Clean Air Agency,"11,699",0,"11,687",6,7,0,0,0,0,First year reporting.,1,"47.092145, -122.364656",,,POINT (-122.364656 47.092145),Facility,11699.0,2018
Air Liquide Hydrogen Plant  - Anacortes,2020,Petroleum Systems,Other Petroleum Systems,325120,Industrial Gas Manufacturing,Air Liquide USA Inc.,Anacortes,Skagit,Northwest Clean Air Agency,"61,784",0,"61,784",0,0,0,0,0,0,,2,"48.465617, -122.556032",,,POINT (-122.556032 48.465617),Facility,61784.0,2020
Phillips 66 Ferndale Refinery - Ferndale,2015,Petroleum Systems,Petroleum Refineries,324110,Petroleum Refineries,Phillips 66 Company,Ferndale,Whatcom,Northwest Clean Air Agency,"749,019",0,"745,439","1,724","1,856",0,0,0,0,,3,"48.830142, -122.692114",,,POINT (-122.692114 48.830142),Facility,749019.0,2015
"El Oro Cattle Feeders, LLC - Moses Lake",2013,Livestock,Cattle Feedlots,112112,Cattle Feedlots,Agri Beef Co.,Moses Lake,Grant,Ecology: Eastern Regional Office,"21,558",0,0,"1,670","19,888",0,0,0,0,,1,"47.052176, -119.093815",,,POINT (-119.093815 47.052176),Facility,21558.0,2013
Northwest Pipeline C/S - Sumner,2016,Natural Gas Systems,Natural Gas Transmission/Compression,486210,Pipeline Transportation of Natural Gas,"The Williams Companies, Inc.",Sumner,Pierce,Puget Sound Clean Air Agency,"46,614",0,"46,043",545,26,0,0,0,0,,2,"47.228986, -122.209551",,,POINT (-122.209551 47.228986),Facility,46614.0,2016
Port Townsend Paper Corporation - Port Townsend,2017,Pulp and Paper,Kraft Mills,322121,Paper (except Newsprint) Mills,Port Townsend Paper Corp.,Port Townsend,Jefferson,Ecology: Industrial Section,"602,488","547,591","49,839","2,465","2,594",0,0,0,0,,3,"48.093793, -122.796806",,,POINT (-122.796806 48.093793),Facility,602488.0,2017
Cheyne Landfill - Zillah,2014,Waste,Landfills,562212,Solid Waste Landfill,Yakima County Public Services,Zillah,Yakima,Yakima Regional Clean Air Agency,"33,147",0,0,"33,147",0,0,0,0,0,,2,"46.4785, -120.2688",,,POINT (-120.2688 46.4785),Facility,33147.0,2014
Naval Base Kitsap - Bremerton,2015,Government,National Security,928110,National Security,US Government,Bremerton,Kitsap,Puget Sound Clean Air Agency,"42,287",0,"42,241",21,26,0,0,0,0,,2,"47.557047, -122.645933",,,POINT (-122.645933 47.557047),Facility,42287.0,2015
Hampton Lumber Mills Washington Inc. - Darrington,2019,Wood Products,Lumber Mills,321113,Sawmills,Hampton Lumber Mills Washington Inc.,Darrington,Snohomish,Puget Sound Clean Air Agency,"84,097","82,988",0,159,949,0,0,0,0,,2,"48.262797, -121.597608",,,POINT (-121.597608 48.262797),Facility,84097.0,2019
TSMC Washington LLC - Camas,2014,Manufacturing,Electronics Industry,334413,Semiconductor and Related Device Manufacturing,TSMC WASHINGTON LLC,Camas,Clark,Southwest Clean Air Agency,"178,962",23,"13,500",6,"7,493","9,187","84,600","42,235","21,919","Assigned Emissions Level, Formerly reporting as WaferTech LLC - Camas.",3,"45.619569, -122.454955",,,POINT (-122.454955 45.619569),Facility,178962.0,2014
Basic American Foods - Moses Lake,2018,Food Production,Potato Products,311423,Dried and Dehydrated Food Manufacturing,Basic American Inc.,Moses Lake,Grant,Ecology: Eastern Regional Office,"25,458",0,"25,432",12,14,0,0,0,0,,2,"47.075183, -119.220408",,,POINT (-119.220408 47.075183),Facility,25458.0,2018
"WestRock CP, LLC - Tacoma",2023,Pulp and Paper,Kraft Mills,322130,Paperboard Mills,Westrock Corp.,Tacoma,Pierce,Ecology: Industrial Section,"681,798","563,024","115,229",654,"2,891",0,0,0,0,"Shutdown on September 6, 2023.",3,"47.260953, -122.421765","118,774",Covered Entity,POINT (-122.421765 47.260953),Facility,681798.0,2023
Western Washington University - Bellingham,2016,Government,Education,611310,"Colleges, Universities, and Professional Schools",Western Washington University,Bellingham,Whatcom,Northwest Clean Air Agency,"9,918",0,"9,908",5,6,0,0,0,0,,1,"48.736499, -122.484714",,,POINT (-122.484714 48.736499),Facility,9918.0,2016
Riverside Feeders SFL - Kennewick,2021,Livestock,Cattle Feedlots,112112,Cattle Feedlots,Easterday Ranches,Kennewick,Benton,Benton Clean Air Agency,"5,456",0,311,399,"4,747",0,0,0,0,Voluntary reporter.  Manure management reporting repealed by Legislature.,1,"45.991872, -119.136497",,,POINT (-119.136497 45.991872),Facility,5456.0,2021
Imerys Minerals Quincy Plant - Quincy,2024,Minerals,Other Minerals,212399,All Other Nonmetallic Mineral Mining,Imerys Filtration Minerals Inc.,Quincy,Grant,Ecology: Eastern Regional Office,"15,887",0,"15,871",8,9,0,0,0,0,,1,"47.239948, -119.838831",,Reporter,POINT (-119.838831 47.239948),Facility,15887.0,2024
Cheyne Landfill - Zillah,2012,Waste,Landfills,562212,Solid Waste Landfill,Yakima County Public Services,Zillah,Yakima,Yakima Regional Clean Air Agency,"30,500",0,0,"30,500",0,0,0,0,0,,2,"46.4785, -120.2688",,,POINT (-120.2688 46.4785),Facility,30500.0,2012
Cascade Natural Gas Corporation LDC - statewide,2015,Natural Gas Systems,Natural Gas Local Distribution Companies,221210,Natural Gas Distribution,MDU Resources Group Inc.,Kennewick,Benton,Benton Clean Air Agency,"22,852",0,114,"22,738",0,0,0,0,0,,1,"46.21875, -119.22987",,,POINT (-119.22987 46.21875),Facility,22852.0,2015
Packaging Corporation of America - Wallula,2022,Pulp and Paper,Kraft Mills,322121,Paper (except Newsprint) Mills,Packaging Corp of America,Wallula,Walla Walla,Ecology: Industrial Section,"586,148","374,264","196,200","15,090",594,0,0,0,0,,3,"46.10396, -118.9184",,,POINT (-118.9184 46.10396),Facility,586148.0,2022
CertainTeed Gypsum - Seattle,2022,Manufacturing,Building Products,327420,Gypsum Product Manufacturing,Saint-Gobain Corporation,Seattle,King,Puget Sound Clean Air Agency,"52,402",0,"52,348",25,30,0,0,0,0,,2,"47.548056, -122.336944",,,POINT (-122.336944 47.548056),Facility,52402.0,2022
Lamb Weston - Connell,2014,Food Production,Potato Products,311411,"Frozen Fruit, Juice, and Vegetable Manufacturing","Lamb Weston, Inc.",Connell,Franklin,Ecology: Eastern Regional Office,"38,810",0,"38,770",18,22,0,0,0,0,,2,"46.651389, -118.871944",,,POINT (-118.871944 46.651389),Facility,38810.0,2014
"Boise Cascade Wood Products, LLC.  Kettle Falls Plywood - Kettle Falls",2014,Wood Products,Other Wood Products,321219,Reconstituted Wood Product Manufacturing,Boise Cascade Company,Kettle Falls,Stevens,Ecology: Eastern Regional Office,"71,069","68,040","2,118",132,779,0,0,0,0,,2,"48.613175, -118.116106",,,POINT (-118.116106 48.613175),Facility,71069.0,2014
Air Liquide Electronics Moses Lake Hydrogen Plant,2012,Chemicals,Other Chemicals,325120,Industrial Gas Manufacturing,Air Liquide USA Inc.,Moses Lake,Grant,Ecology: Eastern Regional Office,"17,339",0,"17,339",0,0,0,0,0,0,,1,"47.135844, -119.19962",,,POINT (-119.19962 47.135844),Facility,17339.0,2012
Washington Potato Company - Warden,2024,Food Production,Potato Products,311991,Perishable Prepared Food Manufacturing,WASHINGTON POTATO CO,Warden,Grant,Ecology: Eastern Regional Office,"28,416",0,"28,387",13,16,0,0,0,0,,2,"46.970469, -119.063631","28,416",Covered Entity,POINT (-119.063631 46.970469),Facility,28416.0,2024
"SEH America, Inc - Vancouver",2012,Manufacturing,Electronics Industry,334413,Semiconductor and Related Device Manufacturing,SEH America Inc.,Vancouver,Clark,Southwest Clean Air Agency,"12,150",0,"12,138",6,7,0,0,0,0,,1,"45.649912, -122.553612",,,POINT (-122.553612 45.649912),Facility,12150.0,2012
McCain Foods - Othello,2023,Food Production,Potato Products,311411,"Frozen Fruit, Juice, and Vegetable Manufacturing",McCain USA Inc.,Othello,Adams,Ecology: Eastern Regional Office,"68,869","9,488","50,896","8,423",63,0,0,0,0,,2,"46.840102, -119.172705","59,381",Covered Entity,POINT (-119.172705 46.840102),Facility,68869.0,2023
Darigold - Sunnyside,2022,Food Production,Dairy Products,311513,Cheese Manufacturing,Darigold Inc.,Sunnyside,Yakima,Yakima Regional Clean Air Agency,"36,877",0,"36,839",18,21,0,0,0,0,,2,"46.30058, -120.015675",,,POINT (-120.015675 46.30058),Facility,36877.0,2022
Okanogan County Central Landfill - Okanogan,2019,Waste,Landfills,562212,Solid Waste Landfill,Okanogan County,Okanogan,Okanogan,Ecology: Central Regional Office,"14,933",0,0,"14,933",0,0,0,0,0,,1,"48.341148, -119.620109",,,POINT (-119.620109 48.341148),Facility,14933.0,2019
US Army Joint Base Lewis-McChord - Pierce Co.,2013,Government,National Security,928110,National Security,US Government,Joint Base Lewis-McChord,Pierce,Puget Sound Clean Air Agency,"83,806",0,"60,203","23,560",43,0,0,0,0,,2,"47.1142, -122.5365",,,POINT (-122.5365 47.1142),Facility,83806.0,2013
"Vaagen Bros. Lumber, Inc. - Colville",2013,Wood Products,Lumber Mills,321999,All Other Miscellaneous Wood Product Manufacturing,Vaagen Bros. Lumber Inc.,Colville,Stevens,Ecology: Eastern Regional Office,"47,081","46,460",0,89,531,0,0,0,0,,2,"48.548525, -117.915469",,,POINT (-117.915469 48.548525),Facility,47081.0,2013
"Gas Transmission Northwest Compressor Station 6, LLC - Rosalia",2019,Natural Gas Systems,Natural Gas Transmission/Compression,486210,Pipeline Transportation of Natural Gas,TransCanada Northern Border Inc.,Rosalia,Whitman,Spokane Regional Clean Air Agency,"105,918",0,"105,673",185,59,0,0,0,0,,3,"47.277256, -117.406737",,,POINT (-117.406737 47.277256),Facility,105918.0,2019
Michelsen Packaging - Yakima,2017,Pulp and Paper,Other Pulp and Paper,322299,All Other Converted Paper Product Manufacturing,Michelson Packaging Co.,Yakima,Yakima,Yakima Regional Clean Air Agency,"9,847",0,"9,836",5,6,0,0,0,0,,1,"46.604058, -120.513015",,,POINT (-120.513015 46.604058),Facility,9847.0,2017
Bonneville Power Administration - WA Only - statewide,2023,Power Plants,Electrical Transmission and Distribution,221121,Electric Bulk Power Transmission and Control,US Government,Vancouver,Clark,Southwest Clean Air Agency,"23,776",0,0,0,0,0,0,"23,776",0,,1,"45.661178, -122.658608",,Reporter,POINT (-122.658608 45.661178),Facility,23776.0,2023
Seattle-Tacoma International Airport - Seattle,2024,Government,Other Government,488119,Other Airport Operations,PORT OF SEATTLE,Seattle,King,Puget Sound Clean Air Agency,"16,247",0,"16,230",8,9,0,0,0,0,,1,"47.443643, -122.302452",,Reporter,POINT (-122.302452 47.443643),Facility,16247.0,2024
Ponderay Industries - Usk,2024,Pulp and Paper,Other Pulp and Paper,322122,Newsprint Mills,PONDERAY INDUSTRIES,Usk,Pend Oreille,Ecology: Eastern Regional Office,0,0,0,0,0,0,0,0,0,Facility closed June 2020.,1,"48.289771, -117.271359",,Reporter,POINT (-117.271359 48.289771),Facility,0.0,2024
REG Grays Harbor LLC - Hoquiam,2024,Petroleum Systems,Other Petroleum Systems,325199,All Other Basic Organic Chemical Manufacturing,CHEVRON CORP,Hoquiam,Grays Harbor,Olympic Region Clean Air Agency,"21,045",0,"21,023",10,12,0,0,0,0,,1,"46.968196, -123.853622",,Reporter,POINT (-123.853622 46.968196),Facility,21045.0,2024
Graymont Western US. Inc. - Tacoma,2014,Minerals,Lime Production,327410,Lime Manufacturing,"Graymont, Inc.",Tacoma,Pierce,Puget Sound Clean Air Agency,"60,625",0,"60,278",127,220,0,0,0,0,,2,"47.271365, -122.397262",,,POINT (-122.397262 47.271365),Facility,60625.0,2014
Basic American Foods - Moses Lake,2013,Food Production,Potato Products,311423,Dried and Dehydrated Food Manufacturing,Basic American Inc.,Moses Lake,Grant,Ecology: Eastern Regional Office,"28,312",0,"28,283",13,16,0,0,0,0,,2,"47.075183, -119.220408",,,POINT (-119.220408 47.075183),Facility,28312.0,2013
"Interfor US, Inc. - Port Angeles",2013,Wood Products,Lumber Mills,321113,Sawmills,Interfor US Inc.,Port Angeles,Clallam,Olympic Region Clean Air Agency,"41,397","40,851",0,79,467,0,0,0,0,,2,"48.103425, -123.518642",,,POINT (-123.518642 48.103425),Facility,41397.0,2013
Providence Sacred Heart Medical Center - Spokane,2020,Health Care,Hospitals,622110,General Medical and Surgical Hospitals,Providence Health Services,Spokane,Spokane,Spokane Regional Clean Air Agency,"12,271",0,"12,258",6,7,0,0,0,0,,1,"47.648848, -117.412461",,,POINT (-117.412461 47.648848),Facility,12271.0,2020
WestRock LLC - Longview,2021,Pulp and Paper,Kraft Mills,322130,Paperboard Mills,Westrock Corp.,Longview,Cowlitz,Ecology: Industrial Section,"1,475,085","1,271,745","197,077","1,228","5,035",0,0,0,0,,4,"46.10361, -122.92167",,,POINT (-122.92167 46.10361),Facility,1475085.0,2021
Northwest Pipeline C/S - Washougal,2014,Natural Gas Systems,Natural Gas Transmission/Compression,486210,Pipeline Transportation of Natural Gas,"The Williams Companies, Inc.",Washougal,Clark,Southwest Clean Air Agency,"11,764",0,"9,474","2,284",5,0,0,0,0,,1,"45.63236, -122.36516",,,POINT (-122.36516 45.63236),Facility,11764.0,2014
"Kaiser Aluminum Washington, LLC (Trentwood Works) - Spokane Valley",2013,Metals,Other Metals,331315,"Aluminum Sheet, Plate, and Foil Manufacturing",Kaiser Aluminum Corp.,Spokane Valley,Spokane,Spokane Regional Clean Air Agency,"110,966",0,"110,852",52,62,0,0,0,0,,3,"47.687074, -117.212673",,,POINT (-117.212673 47.687074),Facility,110966.0,2013
SDS Lumber Company - Bingen,2013,Wood Products,Lumber Mills,321113,Sawmills,SDS Lumber Company,Bingen,Klickitat,Ecology: Central Regional Office,"106,615","105,116",95,202,"1,202",0,0,0,0,,3,"45.713913, -121.468688",,,POINT (-121.468688 45.713913),Facility,106615.0,2013
Sierra Pacific Industries - Burlington - Mount Vernon,2017,Wood Products,Lumber Mills,321113,Sawmills,Sierra Pacific Industries,Mount Vernon,Skagit,Northwest Clean Air Agency,"290,046","282,315","3,957",544,"3,231",0,0,0,0,,3,"48.448553, -122.434613",,,POINT (-122.434613 48.448553),Facility,290046.0,2017
Chehalis Generation Facility - Chehalis,2020,Power Plants,Natural Gas Turbine Plants,221112,Fossil Fuel Electric Power Generation,Berkshire Hathaway,Chehalis,Lewis,EFSEC,"965,081",0,"964,101",447,533,0,0,0,0,,3,"46.6226, -122.9145",,,POINT (-122.9145 46.6226),Facility,965081.0,2020
Northwest Pipeline C/S - Mount Vernon,2020,Natural Gas Systems,Natural Gas Transmission/Compression,486210,Pipeline Transportation of Natural Gas,"The Williams Companies, Inc.",Mount Vernon,Skagit,Northwest Clean Air Agency,"28,539",0,"27,033","1,491",15,0,0,0,0,,2,"48.421967, -122.21547",,,POINT (-122.21547 48.421967),Facility,28539.0,2020
Sierra Pacific Industries - Shelton,2014,Wood Products,Lumber Mills,321212,Softwood Veneer and Plywood Manufacturing,Simpson Lumber Company LLC,Shelton,Mason,Olympic Region Clean Air Agency,"66,658","64,616","1,178",125,740,0,0,0,0,,2,"47.213448, -123.096517",,,POINT (-123.096517 47.213448),Facility,66658.0,2014
Frederickson Power LP - Tacoma,2016,Power Plants,Natural Gas Turbine Plants,221112,Fossil Fuel Electric Power Generation,"Puget Sound Energy, Inc. and Capital Power (US Holdings) Inc",Tacoma,Pierce,Puget Sound Clean Air Agency,"330,385",0,"330,050",153,182,0,0,0,0,,3,"47.086342, -122.365686",,,POINT (-122.365686 47.086342),Facility,330385.0,2016
The Boeing Company: Boeing Plant 2 - Seattle,2020,Manufacturing,Transportation Industry,336411,Aircraft Manufacturing,The Boeing Company,Seattle,King,Puget Sound Clean Air Agency,"18,837",0,"18,818",9,10,0,0,0,0,,1,"47.532524, -122.311623",,,POINT (-122.311623 47.532524),Facility,18837.0,2020
LRI Landfill - Graham,2013,Waste,Landfills,562212,Solid Waste Landfill,Waste Connections Inc.,Graham,Pierce,Puget Sound Clean Air Agency,"49,567",0,0,"49,567",0,0,0,0,0,,2,"46.972405, -122.292799",,,POINT (-122.292799 46.972405),Facility,49567.0,2013
Murphy Veneer - Elma,2018,Wood Products,Other Wood Products,321212,Softwood Veneer and Plywood Manufacturing,Murphy Co.,Elma,Grays Harbor,Olympic Region Clean Air Agency,"10,158",0,"10,147",5,6,0,0,0,0,,1,"47.040323, -123.334339",,,POINT (-123.334339 47.040323),Facility,10158.0,2018
Bonneville Power Administration - WA Only - statewide,2013,Power Plants,Electrical Transmission and Distribution,221121,Electric Bulk Power Transmission and Control,US Government,Vancouver,Clark,Southwest Clean Air Agency,"42,114",0,0,0,0,0,0,"42,114",0,,2,"45.661178, -122.658608",,,POINT (-122.658608 45.661178),Facility,42114.0,2013
Tree Top - Prosser,2012,Food Production,Fruit Products,311411,"Frozen Fruit, Juice, and Vegetable Manufacturing",Tree Top Inc.,Prosser,Benton,Benton Clean Air Agency,"17,818",0,"17,799",8,10,0,0,0,0,,1,"46.21842, -119.73397",,,POINT (-119.73397 46.21842),Facility,17818.0,2012
Sierra Pacific Industries - Burlington - Mount Vernon,2012,Wood Products,Lumber Mills,321113,Sawmills,Sierra Pacific Industries,Mount Vernon,Skagit,Northwest Clean Air Agency,"310,931","302,186","2,134","2,578","4,033",0,0,0,0,,3,"48.448553, -122.434613",,,POINT (-122.434613 48.448553),Facility,310931.0,2012
Kettle Falls Generating Station - Kettle Falls,2018,Power Plants,"Other Power, Heating, or Cooling Plants",221117,Biomass Electric Power Generation,Avista Corp.,Kettle Falls,Stevens,Ecology: Eastern Regional Office,"483,652","465,883","5,504","6,934","5,331",0,0,0,0,Formerly included Avista Landfill before 2023.,3,"48.620335, -118.110841",,,POINT (-118.110841 48.620335),Facility,483652.0,2018
West Point Treatment Plant - Seattle,2024,Government,Other Government,221320,Sewage Treatment Facilities,King County WTD,Seattle,King,Puget Sound Clean Air Agency,"9,206","8,937",223,14,33,0,0,0,0,First year reporting. Voluntary reporter.,1,"47.661944, -122.429444",,Reporter,POINT (-122.429444 47.661944),Facility,9206.0,2024
Central Washington University - Ellensburg,2015,Government,Education,611310,"Colleges, Universities, and Professional Schools",State of Washington,Ellensburg,Kittitas,Ecology: Central Regional Office,"12,838",0,"12,822",7,9,0,0,0,0,,1,"47.003202, -120.544513",,,POINT (-120.544513 47.003202),Facility,12838.0,2015
Simplot Feeders LTD. - Burbank,2014,Livestock,Cattle Feedlots,112112,Cattle Feedlots,J.R. Simplot Company,Burbank,Walla Walla,Ecology: Eastern Regional Office,"25,867",0,0,"1,871","23,996",0,0,0,0,,2,"46.133131, -118.90629",,,POINT (-118.90629 46.133131),Facility,25867.0,2014
Boulder Park Generating Station - Spokane Valley,2024,Power Plants,"Other Power, Heating, or Cooling Plants",221112,Fossil Fuel Electric Power Generation,AVISTA CORP,Spokane Valley,Spokane,Spokane Regional Clean Air Agency,"48,066",0,"48,017",23,27,0,0,0,0,,2,"47.696999, -117.147223","48,066",Covered Entity,POINT (-117.147223 47.696999),Facility,48066.0,2024
Hampton Lumber Mills Washington Inc. - Randle,2019,Wood Products,Lumber Mills,321113,Sawmills,Hampton Lumber Mills Washington Inc.,Randle,Lewis,Southwest Clean Air Agency,"65,531","64,668",0,124,740,0,0,0,0,,2,"46.533743, -121.917906",,,POINT (-121.917906 46.533743),Facility,65531.0,2019
The Boeing Company - Auburn Site - Auburn,2016,Manufacturing,Transportation Industry,336413,Other Aircraft Parts and Auxiliary Equipment Manufacturing,The Boeing Company,Auburn,King,Puget Sound Clean Air Agency,"36,033",0,"35,996",17,20,0,0,0,0,,2,"47.285551, -122.242298",,,POINT (-122.242298 47.285551),Facility,36033.0,2016
City of Tacoma Solid Waste Facility - Tacoma,2019,Waste,Landfills,562212,Solid Waste Landfill,City of Tacoma,Tacoma,Pierce,Puget Sound Clean Air Agency,"9,793",0,0,"9,793",0,0,0,0,0,,1,"47.223413, -122.499775",,,POINT (-122.499775 47.223413),Facility,9793.0,2019
Boeing Commercial Airplanes - Everett,2024,Manufacturing,Transportation Industry,336411,Aircraft Manufacturing,THE BOEING CO,Everett,Snohomish,Puget Sound Clean Air Agency,"64,116",0,"64,049",30,36,0,0,0,0,,2,"47.918622, -122.276987","64,105",Covered Entity,POINT (-122.276987 47.918622),Facility,64116.0,2024
McCain Foods - Othello,2019,Food Production,Potato Products,311411,"Frozen Fruit, Juice, and Vegetable Manufacturing",McCain USA Inc.,Othello,Adams,Ecology: Eastern Regional Office,"63,938",0,"35,432","28,486",20,0,0,0,0,,2,"46.840102, -119.172705",,,POINT (-119.172705 46.840102),Facility,63938.0,2019
Puget Sound Energy T&D - statewide,2016,Power Plants,Electrical Transmission and Distribution,221122,Electric Power Distribution,Puget Holdings LLC,Bellevue,King,Puget Sound Clean Air Agency,"1,484",0,0,0,0,0,0,"1,484",0,"Ceased reporting. 3 consecutive years of GHG emissions below 5,000 MTCO2e.",1,"47.61345, -122.19454",,,POINT (-122.19454 47.61345),Facility,1484.0,2016
Puget Sound Energy T&D - statewide,2023,Power Plants,Electrical Transmission and Distribution,221122,Electric Power Distribution,Puget Holdings LLC,Bellevue,King,Puget Sound Clean Air Agency,"10,868",0,0,0,0,0,0,"10,868",0,,1,"47.61345, -122.19454",,Reporter,POINT (-122.19454 47.61345),Facility,10868.0,2023
J.R. Simplot Company - Moses Lake,2021,Food Production,Potato Products,311411,"Frozen Fruit, Juice, and Vegetable Manufacturing",J.R. Simplot Company,Moses Lake,Grant,Ecology: Eastern Regional Office,"32,411","6,452","20,573","5,351",35,0,0,0,0,,2,"47.131732, -119.18926",,,POINT (-119.18926 47.131732),Facility,32411.0,2021
"El Oro Cattle Feeders, LLC - Moses Lake",2015,Livestock,Cattle Feedlots,112112,Cattle Feedlots,Agri Beef Co.,Moses Lake,Grant,Ecology: Eastern Regional Office,"25,752",0,0,"1,986","23,766",0,0,0,0,,2,"47.052176, -119.093815",,,POINT (-119.093815 47.052176),Facility,25752.0,2015
Grant County Landfill 1 - Ephrata,2020,Waste,Landfills,562212,Solid Waste Landfill,Grant County Washington,Ephrata,Grant,Ecology: Eastern Regional Office,"51,556",0,0,"51,556",0,0,0,0,0,,2,"47.270759, -119.573764",,,POINT (-119.573764 47.270759),Facility,51556.0,2020
Puget Sound Energy - Sumas Generating Station - Sumas,2023,Power Plants,Natural Gas Turbine Plants,221112,Fossil Fuel Electric Power Generation,Puget Holdings LLC,Sumas,Whatcom,Northwest Clean Air Agency,"389,614",0,"389,219",181,215,0,0,0,0,,3,"48.9905, -122.2733","389,614",Covered Entity,POINT (-122.2733 48.9905),Facility,389614.0,2023
University of Washington Seattle Campus - Seattle,2019,Government,Education,611310,"Colleges, Universities, and Professional Schools",State of Washington,Seattle,King,Puget Sound Clean Air Agency,"92,272",0,"92,177",44,52,0,0,0,0,,2,"47.653614, -122.303608",,,POINT (-122.303608 47.653614),Facility,92272.0,2019
Georgia-Pacific Gypsum LLC - Tacoma,2015,Manufacturing,Building Products,327420,Gypsum Product Manufacturing,Koch Industries Inc.,Tacoma,Pierce,Puget Sound Clean Air Agency,"46,906",0,"46,857",22,26,0,0,0,0,,2,"47.269558, -122.394869",,,POINT (-122.394869 47.269558),Facility,46906.0,2015
King County Solid Waste Cedar Hills Landfill - Maple Valley,2015,Waste,Landfills,562212,Solid Waste Landfill,King County Solid Waste Division,Maple Valley,King,Puget Sound Clean Air Agency,"74,823",0,176,"74,648",0,0,0,0,0,Assigned emissions level: reported under obsolete method.,2,"47.462625, -122.046025",,,POINT (-122.046025 47.462625),Facility,74823.0,2015
"Emerald City Renewables, LLC- Graham",2015,Power Plants,"Other Power, Heating, or Cooling Plants",221117,Biomass Electric Power Generation,Emerald City Renewables LLC,Graham,Pierce,Puget Sound Clean Air Agency,"19,534","19,435",0,30,70,0,0,0,0,,1,"46.975533, -122.290871",,,POINT (-122.290871 46.975533),Facility,19534.0,2015
Sierra Pacific Industries - Centralia,2013,Wood Products,Lumber Mills,321113,Sawmills,Sierra Pacific Industries,Centralia,Lewis,Southwest Clean Air Agency,"42,412","41,853",0,80,479,0,0,0,0,,2,"46.756413, -122.995433",,,POINT (-122.995433 46.756413),Facility,42412.0,2013
Cowlitz County Tennant Way Landfill - Longview,2023,Waste,Landfills,562212,Solid Waste Landfill,Cowlitz County Washington,Longview,Cowlitz,Southwest Clean Air Agency,"21,153","2,529",0,"18,615",9,0,0,0,0,Emissions under review.,1,"46.107229, -122.905601",,Reporter,POINT (-122.905601 46.107229),Facility,21153.0,2023
Bonneville Power Administration - WA Only - statewide,2018,Power Plants,Electrical Transmission and Distribution,221121,Electric Bulk Power Transmission and Control,US Government,Vancouver,Clark,Southwest Clean Air Agency,"19,350",0,0,0,0,0,0,"19,350",0,,1,"45.661178, -122.658608",,,POINT (-122.658608 45.661178),Facility,19350.0,2018
McKinley Paper Co. - Washington Mill - Port Angeles,2016,Pulp and Paper,Other Pulp and Paper,322121,Paper (except Newsprint) Mills,McKinley Paper Co.,Port Angeles,Clallam,Olympic Region Clean Air Agency,"198,142","189,143","2,153","4,679","2,168",0,0,0,0,,3,"48.134623, -123.467524",,,POINT (-123.467524 48.134623),Facility,198142.0,2016
Darling Ingredients Inc - Tacoma,2021,Food Production,Meat Products,311613,Rendering and Meat Byproduct Processing,Darling Ingredients Inc.,Tacoma,Pierce,Puget Sound Clean Air Agency,"10,230",0,"10,219",5,6,0,0,0,0,,1,"47.250503, -122.406461",,,POINT (-122.406461 47.250503),Facility,10230.0,2021
Avista Corporation LDC - WA - statewide,2012,Natural Gas Systems,Natural Gas Local Distribution Companies,221210,Natural Gas Distribution,Avista Corp.,Spokane,Spokane,Spokane Regional Clean Air Agency,"12,716",0,18,"12,698",0,0,0,0,0,,1,"47.673662, -117.388735",,,POINT (-117.388735 47.673662),Facility,12716.0,2012
Lamb Weston - Richland,2021,Food Production,Potato Products,311411,"Frozen Fruit, Juice, and Vegetable Manufacturing","Lamb Weston, Inc.",Richland,Benton,Benton Clean Air Agency,"84,268","10,027","60,803","13,368",70,0,0,0,0,,2,"46.309314, -119.297267",,,POINT (-119.297267 46.309314),Facility,84268.0,2021
Tree Top - Prosser,2019,Food Production,Fruit Products,311411,"Frozen Fruit, Juice, and Vegetable Manufacturing",Tree Top Inc.,Prosser,Benton,Benton Clean Air Agency,"15,659",0,"15,643",7,9,0,0,0,0,,1,"46.21842, -119.73397",,,POINT (-119.73397 46.21842),Facility,15659.0,2019
"Reser's Fine Foods, Inc. Capitol Plant - Pasco",2022,Food Production,Other Food Products,311991,Perishable Prepared Food Manufacturing,"Resers Fine Foods, Inc",Pasco,Franklin,Ecology: Eastern Regional Office,"2,481",0,"2,478",1,1,0,0,0,0,Only year reporting. Voluntary reporter.,1,"46.278453, -119.084682",,,POINT (-119.084682 46.278453),Facility,2481.0,2022
Spectrum Glass Company - Woodinville,2016,Minerals,Glass Production,327211,Flat Glass Manufacturing,Vanguard Properties Co.,Woodinville,King,Puget Sound Clean Air Agency,"9,327",0,"9,319",4,4,0,0,0,0,,1,"47.777004, -122.148978",,,POINT (-122.148978 47.777004),Facility,9327.0,2016
NW Natural - Portland,2024,Natural Gas Systems,Natural Gas Local Distribution Companies,221210,Natural Gas Distribution,NORTHWEST NATURAL HOLDING CO,Portland,Multnomah,Southwest Clean Air Agency,"9,195",0,11,"9,184",0,0,0,0,0,,1,"45.516631, -122.675749",,Reporter,POINT (-122.675749 45.516631),Facility,9195.0,2024
Seattle-Tacoma International Airport - Seattle,2014,Government,Other Government,488119,Other Airport Operations,Port of Seattle,Seattle,King,Puget Sound Clean Air Agency,"15,754",0,"15,738",7,9,0,0,0,0,,1,"47.443643, -122.302452",,,POINT (-122.302452 47.443643),Facility,15754.0,2014
McCain Foods - Othello,2012,Food Production,Potato Products,311411,"Frozen Fruit, Juice, and Vegetable Manufacturing",McCain USA Inc.,Othello,Adams,Ecology: Eastern Regional Office,"107,911",0,"41,847","66,041",24,0,0,0,0,,3,"46.840102, -119.172705",,,POINT (-119.172705 46.840102),Facility,107911.0,2012
"North Pacific Paper Company, LLC - Longview",2017,Pulp and Paper,Other Pulp and Paper,322122,Newsprint Mills,NP Paper Investor Holdings LLC,Longview,Cowlitz,Southwest Clean Air Agency,"34,365",0,"34,330",16,19,0,0,0,0,Formerly part of Nippon Dynawave before 2016.,2,"46.125662, -122.976788",,,POINT (-122.976788 46.125662),Facility,34365.0,2017
Northwest Pipeline C/S - Chehalis,2014,Natural Gas Systems,Natural Gas Transmission/Compression,486210,Pipeline Transportation of Natural Gas,"The Williams Companies, Inc.",Chehalis,Lewis,Southwest Clean Air Agency,"6,521",0,"5,724",793,3,0,0,0,0,,1,"46.533325, -122.87373",,,POINT (-122.87373 46.533325),Facility,6521.0,2014
Waste Management Greater Wenatchee Regional Landfill - East Wenatchee,2018,Waste,Landfills,562212,Solid Waste Landfill,Waste Management Inc.,East Wenatchee,Douglas,Ecology: Central Regional Office,"32,498",0,0,"32,498",0,0,0,0,0,,2,"47.405083, -120.167444",,,POINT (-120.167444 47.405083),Facility,32498.0,2018
Puget Sound Energy - Fredonia Generating Station - Mount Vernon,2019,Power Plants,Natural Gas Turbine Plants,221112,Fossil Fuel Electric Power Generation,Puget Holdings LLC,Mount Vernon,Skagit,Northwest Clean Air Agency,"154,544",0,"154,384",73,87,0,0,0,0,,3,"48.4553, -122.435",,,POINT (-122.435 48.4553),Facility,154544.0,2019
Northwest Hardwoods Inc. - Longview,2024,Wood Products,Lumber Mills,321113,Sawmills,LITTLEJOHN & CO LLC,Longview,Cowlitz,Southwest Clean Air Agency,"8,463","4,596","3,802",11,55,0,0,0,0,,1,"46.114537, -122.916806",,Reporter,POINT (-122.916806 46.114537),Facility,8463.0,2024
REG Grays Harbor LLC - Hoquiam,2017,Petroleum Systems,Other Petroleum Systems,325199,All Other Basic Organic Chemical Manufacturing,Chevron Corporation,Hoquiam,Grays Harbor,Olympic Region Clean Air Agency,"17,588",0,"17,570",8,10,0,0,0,0,,1,"46.968196, -123.853622",,,POINT (-123.853622 46.968196),Facility,17588.0,2017
US Army Joint Base Lewis-McChord - Pierce Co.,2016,Government,National Security,928110,National Security,US Government,Joint Base Lewis-McChord,Pierce,Puget Sound Clean Air Agency,"75,889",0,"56,118","19,738",33,0,0,0,0,,2,"47.1142, -122.5365",,,POINT (-122.5365 47.1142),Facility,75889.0,2016
Nippon Dynawave - Longview,2015,Pulp and Paper,Kraft Mills,322121,Paper (except Newsprint) Mills,Nippon Paper Industries Co Ltd,Longview,Cowlitz,Ecology: Industrial Section,"1,466,046","1,143,229","314,962","1,706","6,149",0,0,0,0,Assigned emissions level.  Formerly included North Pacific Paper before 2016.  Ecology split emissions for consistency with cooperation from facility.,4,"46.130495, -122.983637",,,POINT (-122.983637 46.130495),Facility,1466046.0,2015
Sierra Pacific Industries - Aberdeen,2023,Wood Products,Lumber Mills,321113,Sawmills,Sierra Pacific Industries,Aberdeen,Grays Harbor,Olympic Region Clean Air Agency,"211,895","202,493","6,724",387,"2,292",0,0,0,0,,3,"46.971875, -123.775526",,Reporter,POINT (-123.775526 46.971875),Facility,211895.0,2023
Mutual Materials Mica Brick Plant - Spokane,2023,Minerals,Other Minerals,327120,Clay Building Material and Refractories Manufacturing,Mutual Materials Co.,Spokane,Spokane,Spokane Regional Clean Air Agency,"8,596",0,"8,587",4,5,0,0,0,0,,1,"47.55833, -117.2117",,Reporter,POINT (-117.2117 47.55833),Facility,8596.0,2023
Northwest Pipeline C/S - Snohomish,2017,Natural Gas Systems,Natural Gas Transmission/Compression,486210,Pipeline Transportation of Natural Gas,"The Williams Companies, Inc.",Snohomish,Snohomish,Puget Sound Clean Air Agency,"51,798",0,"51,068",701,29,0,0,0,0,,2,"47.78825, -122.05859",,,POINT (-122.05859 47.78825),Facility,51798.0,2017
Northwest Pipeline Roosevelt C/S - Bickleton,2021,Natural Gas Systems,Natural Gas Transmission/Compression,486210,Pipeline Transportation of Natural Gas,"The Williams Companies, Inc.",Bickleton,Klickitat,Ecology: Central Regional Office,"16,535",0,"14,323","2,204",8,0,0,0,0,,1,"45.849504, -120.08083",,,POINT (-120.08083 45.849504),Facility,16535.0,2021
Alon Asphalt Company - Seattle,2012,Petroleum Systems,Other Petroleum Systems,424710,Petroleum Bulk Stations and Terminals,Delek US Holdings Inc.,Seattle,King,Puget Sound Clean Air Agency,"15,138",0,"15,111",18,9,0,0,0,0,,1,"47.781642, -122.395299",,,POINT (-122.395299 47.781642),Facility,15138.0,2012
Fairchild AFB - Spokane Co.,2019,Government,National Security,928110,National Security,US Government,Fairchild Air Force Base,Spokane,Spokane Regional Clean Air Agency,"13,366",0,"13,352",6,7,0,0,0,0,,1,"47.641332, -117.644832",,,POINT (-117.644832 47.641332),Facility,13366.0,2019
DH Feeders - Eltopia,2013,Livestock,Cattle Feedlots,112112,Cattle Feedlots,Easterday Ranches,Eltopia,Franklin,Ecology: Eastern Regional Office,"14,831",0,693,"1,080","13,058",0,0,0,0,,1,"46.50919, -118.881203",,,POINT (-118.881203 46.50919),Facility,14831.0,2013
Sonoco Products - Sumner,2012,Pulp and Paper,Other Pulp and Paper,322130,Paperboard Mills,Sonoco Products Company,Sumner,Pierce,Puget Sound Clean Air Agency,"10,342",0,"10,331",5,6,0,0,0,0,,1,"47.210641, -122.239474",,,POINT (-122.239474 47.210641),Facility,10342.0,2012
Weyerhaeuser Raymond Lumber - Raymond,2023,Wood Products,Lumber Mills,321113,Sawmills,Weyerhaeuser Co.,Raymond,Pacific,Olympic Region Clean Air Agency,"33,233","32,795",0,63,375,0,0,0,0,,2,"46.688088, -123.737495",,Reporter,POINT (-123.737495 46.688088),Facility,33233.0,2023
Spokane Waste to Energy Facility - Spokane,2017,Power Plants,"Other Power, Heating, or Cooling Plants",562213,Solid Waste Combustors and Incinerators,City of Spokane,Spokane,Spokane,Spokane Regional Clean Air Agency,"234,104","140,810","88,156","2,004","3,135",0,0,0,0,,3,"47.626529, -117.504278",,,POINT (-117.504278 47.626529),Facility,234104.0,2017
Basic American Foods - Moses Lake,2023,Food Production,Potato Products,311423,Dried and Dehydrated Food Manufacturing,Basic American Inc.,Moses Lake,Grant,Ecology: Eastern Regional Office,"24,544",0,"24,519",12,14,0,0,0,0,,1,"47.075183, -119.220408","24,544",Covered Entity,POINT (-119.220408 47.075183),Facility,24544.0,2023
Roosevelt Regional Landfill - Roosevelt,2012,Waste,Landfills,562212,Solid Waste Landfill,"Republic Services, Inc.",Roosevelt,Klickitat,Ecology: Central Regional Office,"270,943",0,304,"270,638",1,0,0,0,0,,3,"45.807146, -120.179785",,,POINT (-120.179785 45.807146),Facility,270943.0,2012
Puget Sound Energy - Goldendale Generating Station - Goldendale,2021,Power Plants,Natural Gas Turbine Plants,221112,Fossil Fuel Electric Power Generation,Puget Holdings LLC,Goldendale,Klickitat,Ecology: Central Regional Office,"745,016",0,"744,259",345,411,0,0,0,0,,3,"45.8114, -120.833",,,POINT (-120.833 45.8114),Facility,745016.0,2021
TransAlta Centralia Generation LLC - Centralia,2013,Power Plants,Coal Plants,221112,Fossil Fuel Electric Power Generation,Transalta Centralia Generation/Mining,Centralia,Lewis,Southwest Clean Air Agency,"7,547,845",0,"7,488,677","21,643","37,525",0,0,0,0,,5,"46.7559, -122.8578",,,POINT (-122.8578 46.7559),Facility,7547845.0,2013
Western Washington University - Bellingham,2020,Government,Education,611310,"Colleges, Universities, and Professional Schools",Western Washington University,Bellingham,Whatcom,Northwest Clean Air Agency,"9,286",0,"9,277",4,5,0,0,0,0,,1,"48.736499, -122.484714",,,POINT (-122.484714 48.736499),Facility,9286.0,2020
Imerys Minerals Quincy Plant - Quincy,2020,Minerals,Other Minerals,212399,All Other Nonmetallic Mineral Mining,Imerys Filtration Minerals Inc.,Quincy,Grant,Ecology: Eastern Regional Office,"19,010",0,"18,990",9,11,0,0,0,0,,1,"47.239948, -119.838831",,,POINT (-119.838831 47.239948),Facility,19010.0,2020
The Boeing Company: DC/MFC - Tukwila,2014,Manufacturing,Transportation Industry,336411,Aircraft Manufacturing,The Boeing Company,Tukwila,King,Puget Sound Clean Air Agency,"15,276",0,"15,260",7,9,0,0,0,0,,1,"47.516246, -122.298613",,,POINT (-122.298613 47.516246),Facility,15276.0,2014
"Bio Energy Washington, LLC - Maple Valley",2013,Power Plants,"Other Power, Heating, or Cooling Plants",221119,Other Electric Power Generation,Bio Energy Washington,Maple Valley,King,Puget Sound Clean Air Agency,"28,256","26,891","1,223",43,100,0,0,0,0,,2,"47.455871, -122.041817",,,POINT (-122.041817 47.455871),Facility,28256.0,2013
"Gas Transmission Northwest Compressor Station 6, LLC - Rosalia",2014,Natural Gas Systems,Natural Gas Transmission/Compression,486210,Pipeline Transportation of Natural Gas,TransCanada Northern Border Inc.,Rosalia,Whitman,Spokane Regional Clean Air Agency,"75,083",0,"73,574","1,468",41,0,0,0,0,,2,"47.277256, -117.406737",,,POINT (-117.406737 47.277256),Facility,75083.0,2014
"Boise Cascade Wood Products, LLC.  Kettle Falls Lumber - Kettle Falls",2024,Wood Products,Lumber Mills,321912,"Cut Stock, Resawing Lumber, and Planing",BOISE CASCADE CO,Kettle Falls,Stevens,Ecology: Eastern Regional Office,"56,523","55,778",0,107,638,0,0,0,0,,2,"48.609799, -118.067441",,Reporter,POINT (-118.067441 48.609799),Facility,56523.0,2024
Ascensus Specialties LLC - Elma,2024,Chemicals,Other Chemicals,325180,Other Basic Inorganic Chemical Manufacturing,ASCENSUS SPECIALTIES LLC,Elma,Grays Harbor,Olympic Region Clean Air Agency,"13,685",0,"13,671",7,8,0,0,0,0,,1,"46.995459, -123.382316",,Reporter,POINT (-123.382316 46.995459),Facility,13685.0,2024
McCain Foods - Othello,2014,Food Production,Potato Products,311411,"Frozen Fruit, Juice, and Vegetable Manufacturing",McCain USA Inc.,Othello,Adams,Ecology: Eastern Regional Office,"95,228",0,"36,001","59,206",20,0,0,0,0,,2,"46.840102, -119.172705",,,POINT (-119.172705 46.840102),Facility,95228.0,2014
"North Pacific Paper Company, LLC - Longview",2020,Pulp and Paper,Other Pulp and Paper,322122,Newsprint Mills,NP Paper Investor Holdings LLC,Longview,Cowlitz,Southwest Clean Air Agency,"39,097",0,"39,056",19,22,0,0,0,0,Formerly part of Nippon Dynawave before 2016.,2,"46.125662, -122.976788",,,POINT (-122.976788 46.125662),Facility,39097.0,2020
"Rainier Veneer, Inc. - Spanaway",2022,Wood Products,Other Wood Products,321212,Softwood Veneer and Plywood Manufacturing,Rainier Veneer Inc.,Spanaway,Pierce,Puget Sound Clean Air Agency,"17,353","14,604","2,551",29,168,0,0,0,0,,1,"47.062059, -122.318981",,,POINT (-122.318981 47.062059),Facility,17353.0,2022
McKinley Paper Co. - Washington Mill - Port Angeles,2021,Pulp and Paper,Other Pulp and Paper,322121,Paper (except Newsprint) Mills,McKinley Paper Co.,Port Angeles,Clallam,Olympic Region Clean Air Agency,"160,996","154,551",525,"4,152","1,769",0,0,0,0,,3,"48.134623, -123.467524",,,POINT (-123.467524 48.134623),Facility,160996.0,2021
Pasco Processing LLC - Pasco,2017,Food Production,Other Food Products,311991,Perishable Prepared Food Manufacturing,Oregon Potato Co.,Pasco,Franklin,Ecology: Eastern Regional Office,"13,759",0,"13,745",7,8,0,0,0,0,,1,"46.28274, -119.097528",,,POINT (-119.097528 46.28274),Facility,13759.0,2017
Cheyne Landfill - Zillah,2016,Waste,Landfills,562212,Solid Waste Landfill,Yakima County Public Services,Zillah,Yakima,Yakima Regional Clean Air Agency,"35,837",0,0,"35,837",0,0,0,0,0,,2,"46.4785, -120.2688",,,POINT (-120.2688 46.4785),Facility,35837.0,2016
Northwest Pipeline Plymouth C/S - Plymouth,2023,Natural Gas Systems,Natural Gas Transmission/Compression,486210,Pipeline Transportation of Natural Gas,"The Williams Companies, Inc.",Plymouth,Benton,Benton Clean Air Agency,"7,942",0,"4,789","3,151",3,0,0,0,0,,1,"45.9309, -119.41019",,Reporter,POINT (-119.41019 45.9309),Facility,7942.0,2023
REG Grays Harbor LLC - Hoquiam,2019,Petroleum Systems,Other Petroleum Systems,325199,All Other Basic Organic Chemical Manufacturing,Chevron Corporation,Hoquiam,Grays Harbor,Olympic Region Clean Air Agency,"17,720",0,"17,702",8,10,0,0,0,0,,1,"46.968196, -123.853622",,,POINT (-123.853622 46.968196),Facility,17720.0,2019
Tree Top - Prosser,2018,Food Production,Fruit Products,311411,"Frozen Fruit, Juice, and Vegetable Manufacturing",Tree Top Inc.,Prosser,Benton,Benton Clean Air Agency,"19,342",0,"19,322",9,11,0,0,0,0,,1,"46.21842, -119.73397",,,POINT (-119.73397 46.21842),Facility,19342.0,2018
Cathcart Landfill - Snohomish,2017,Waste,Landfills,562212,Solid Waste Landfill,Snohomish County,Snohomish,Snohomish,Puget Sound Clean Air Agency,"34,214",0,172,"34,042",0,0,0,0,0,,2,"47.870014, -122.118284",,,POINT (-122.118284 47.870014),Facility,34214.0,2017
Matheson - Anacortes,2014,Petroleum Systems,Other Petroleum Systems,325120,Industrial Gas Manufacturing,Linde Gas North America LLC,Anacortes,Skagit,Northwest Clean Air Agency,"53,751",0,"53,751",0,0,0,0,0,0,,2,"48.467646, -122.554343",,,POINT (-122.554343 48.467646),Facility,53751.0,2014
Air Liquide Hydrogen Plant  - Anacortes,2022,Petroleum Systems,Other Petroleum Systems,325120,Industrial Gas Manufacturing,Air Liquide USA Inc.,Anacortes,Skagit,Northwest Clean Air Agency,"65,848",0,"65,848",0,0,0,0,0,0,,2,"48.465617, -122.556032",,,POINT (-122.556032 48.465617),Facility,65848.0,2022
Puget Sound Energy - Whitehorn Generating Station - Blaine,2021,Power Plants,Natural Gas Turbine Plants,221112,Fossil Fuel Electric Power Generation,Puget Holdings LLC,Blaine,Whatcom,Northwest Clean Air Agency,"13,887",0,"13,873",7,8,0,0,0,0,,1,"48.885475, -122.724299",,,POINT (-122.724299 48.885475),Facility,13887.0,2021
Basic American Foods - Moses Lake,2022,Food Production,Potato Products,311423,Dried and Dehydrated Food Manufacturing,Basic American Inc.,Moses Lake,Grant,Ecology: Eastern Regional Office,"32,927",0,"32,893",16,18,0,0,0,0,,2,"47.075183, -119.220408",,,POINT (-119.220408 47.075183),Facility,32927.0,2022
"WestRock CP, LLC - Tacoma",2019,Pulp and Paper,Kraft Mills,322130,Paperboard Mills,Westrock Corp.,Tacoma,Pierce,Ecology: Industrial Section,"1,087,848","958,705","123,204","1,074","4,865",0,0,0,0,,4,"47.260953, -122.421765",,,POINT (-122.421765 47.260953),Facility,1087848.0,2019
Fairchild AFB - Spokane Co.,2020,Government,National Security,928110,National Security,US Government,Fairchild Air Force Base,Spokane,Spokane Regional Clean Air Agency,"12,469",0,"12,457",6,7,0,0,0,0,,1,"47.641332, -117.644832",,,POINT (-117.644832 47.641332),Facility,12469.0,2020
The Boeing Company: DC/MFC - Tukwila,2019,Manufacturing,Transportation Industry,336411,Aircraft Manufacturing,The Boeing Company,Tukwila,King,Puget Sound Clean Air Agency,"13,784",0,"13,769",7,8,0,0,0,0,,1,"47.516246, -122.298613",,,POINT (-122.298613 47.516246),Facility,13784.0,2019
Puget Sound Energy - Frederickson Generating Station - Tacoma,2021,Power Plants,Natural Gas Turbine Plants,221112,Fossil Fuel Electric Power Generation,Puget Holdings LLC,Tacoma,Pierce,Puget Sound Clean Air Agency,"41,536",0,"41,493",20,23,0,0,0,0,,2,"47.079716, -122.364711",,,POINT (-122.364711 47.079716),Facility,41536.0,2021
James Hardie Building Products - Tacoma,2024,Manufacturing,Building Products,327390,Other Concrete Product Manufacturing,JAMES HARDIE BUILDING PRODUCTS INC,Tacoma,Pierce,Puget Sound Clean Air Agency,"15,531",0,"15,515",7,9,0,0,0,0,,1,"47.092145, -122.364656",,Reporter,POINT (-122.364656 47.092145),Facility,15531.0,2024
Eastern Washington University,2023,Government,Education,611310,"Colleges, Universities, and Professional Schools",State of Washington,Cheney,Spokane,Spokane Regional Clean Air Agency,"14,065",0,"14,051",7,8,0,0,0,0,,1,"47.490091, -117.579702",,Reporter,POINT (-117.579702 47.490091),Facility,14065.0,2023
"Interfor US, Inc. - Port Angeles",2012,Wood Products,Lumber Mills,321113,Sawmills,Interfor US Inc.,Port Angeles,Clallam,Olympic Region Clean Air Agency,"35,950","35,181",0,300,469,0,0,0,0,,2,"48.103425, -123.518642",,,POINT (-123.518642 48.103425),Facility,35950.0,2012
Tree Top - Selah Campus,2014,Food Production,Fruit Products,311423,Dried and Dehydrated Food Manufacturing,Tree Top Inc.,Selah,Yakima,Yakima Regional Clean Air Agency,"15,254",0,"15,238",7,9,0,0,0,0,,1,"46.64992, -120.52755",,,POINT (-120.52755 46.64992),Facility,15254.0,2014
Northwest Pipeline C/S - Mount Vernon,2021,Natural Gas Systems,Natural Gas Transmission/Compression,486210,Pipeline Transportation of Natural Gas,"The Williams Companies, Inc.",Mount Vernon,Skagit,Northwest Clean Air Agency,"54,572",0,"52,205","2,338",29,0,0,0,0,,2,"48.421967, -122.21547",,,POINT (-122.21547 48.421967),Facility,54572.0,2021
Northwest Hardwoods Inc. - Centralia,2023,Wood Products,Lumber Mills,321113,Sawmills,Littlejohn & Co. LLC,Centralia,Lewis,Southwest Clean Air Agency,"9,004","5,070","3,863",12,60,0,0,0,0,,1,"46.734454, -122.991963",,Reporter,POINT (-122.991963 46.734454),Facility,9004.0,2023
LANXESS Corporation - Kalama,2012,Chemicals,Other Chemicals,325199,All Other Basic Organic Chemical Manufacturing,Emerald Performance Materials LLC,Kalama,Cowlitz,Southwest Clean Air Agency,"61,809",0,"61,744",30,35,0,0,0,0,,2,"46.02191, -122.85698",,,POINT (-122.85698 46.02191),Facility,61809.0,2012
Riverside Feeders SFL - Kennewick,2015,Livestock,Cattle Feedlots,112112,Cattle Feedlots,Easterday Ranches,Kennewick,Benton,Benton Clean Air Agency,"21,519",0,"1,990","1,514","18,015",0,0,0,0,,1,"45.991872, -119.136497",,,POINT (-119.136497 45.991872),Facility,21519.0,2015
"El Oro Cattle Feeders, LLC - Moses Lake",2020,Livestock,Cattle Feedlots,112112,Cattle Feedlots,Agri Beef Co.,Moses Lake,Grant,Ecology: Eastern Regional Office,"25,506",0,0,"1,978","23,528",0,0,0,0,,2,"47.052176, -119.093815",,,POINT (-119.093815 47.052176),Facility,25506.0,2020
Kettle Falls Generating Station - Kettle Falls,2023,Power Plants,"Other Power, Heating, or Cooling Plants",221117,Biomass Electric Power Generation,Avista Corp.,Kettle Falls,Stevens,Ecology: Eastern Regional Office,"464,244","442,112","16,211",856,"5,065",0,0,0,0,Formerly included Avista Landfill before 2023.,3,"48.620335, -118.110841",,Reporter,POINT (-118.110841 48.620335),Facility,464244.0,2023
"Interfor US, Inc. - Tacoma",2012,Wood Products,Lumber Mills,321113,Sawmills,Simpson Lumber Company LLC,Tacoma,Pierce,Puget Sound Clean Air Agency,"12,269",0,"12,256",6,7,0,0,0,0,,1,"47.260211, -122.426476",,,POINT (-122.426476 47.260211),Facility,12269.0,2012
bp Cherry Point Refinery - Blaine,2018,Petroleum Systems,Petroleum Refineries,324110,Petroleum Refineries,BP America Inc.,Blaine,Whatcom,Northwest Clean Air Agency,"1,987,668",0,"1,976,765","6,618","4,284",0,0,0,0,,4,"48.8864, -122.7353",,,POINT (-122.7353 48.8864),Facility,1987668.0,2018
Puget Sound Energy - Ferndale Generating Station - Ferndale,2024,Power Plants,Natural Gas Turbine Plants,221112,Fossil Fuel Electric Power Generation,PUGET HOLDINGS LLC,Ferndale,Whatcom,Northwest Clean Air Agency,"804,025",0,"803,206",373,446,0,0,0,0,,3,"48.828707, -122.685533","804,021",Covered Entity,POINT (-122.685533 48.828707),Facility,804025.0,2024
Darigold - Chehalis,2019,Food Production,Dairy Products,311514,"Dry, Condensed, and Evaporated Dairy Product Manufacturing",Darigold Inc.,Chehalis,Lewis,Southwest Clean Air Agency,"12,351",0,"12,338",6,7,0,0,0,0,,1,"46.659952, -122.970162",,,POINT (-122.970162 46.659952),Facility,12351.0,2019
The Boeing Company - Auburn Site - Auburn,2018,Manufacturing,Transportation Industry,336413,Other Aircraft Parts and Auxiliary Equipment Manufacturing,The Boeing Company,Auburn,King,Puget Sound Clean Air Agency,"37,028",0,"36,990",18,21,0,0,0,0,,2,"47.285551, -122.242298",,,POINT (-122.242298 47.285551),Facility,37028.0,2018
Northwest Pipeline C/S - Washougal,2018,Natural Gas Systems,Natural Gas Transmission/Compression,486210,Pipeline Transportation of Natural Gas,"The Williams Companies, Inc.",Washougal,Clark,Southwest Clean Air Agency,"16,346",0,"14,727","1,611",8,0,0,0,0,,1,"45.63236, -122.36516",,,POINT (-122.36516 45.63236),Facility,16346.0,2018
CertainTeed Gypsum - Seattle,2015,Manufacturing,Building Products,327420,Gypsum Product Manufacturing,Saint-Gobain Corporation,Seattle,King,Puget Sound Clean Air Agency,"41,654",0,"41,611",20,23,0,0,0,0,,2,"47.548056, -122.336944",,,POINT (-122.336944 47.548056),Facility,41654.0,2015
Northwest Pipeline Plymouth C/S - Plymouth,2024,Natural Gas Systems,Natural Gas Transmission/Compression,486210,Pipeline Transportation of Natural Gas,THE WILLIAMS COS INC,Plymouth,Benton,Benton Clean Air Agency,"9,316",0,"4,879","4,435",3,0,0,0,0,,1,"45.930900, -119.410190",,Reporter,POINT (-119.41019 45.9309),Facility,9316.0,2024
Ash Grove Cement Company - Seattle,2016,Minerals,Cement Production,327310,Cement Manufacturing,Ash Grove Cement Co.,Seattle,King,Puget Sound Clean Air Agency,"381,581",0,"381,081",197,303,0,0,0,0,,3,"47.56799, -122.34255",,,POINT (-122.34255 47.56799),Facility,381581.0,2016
Northwest Hardwoods Inc. - Longview,2012,Wood Products,Lumber Mills,321113,Sawmills,Littlejohn & Co. LLC,Longview,Cowlitz,Southwest Clean Air Agency,"13,571","7,926","5,467",70,109,0,0,0,0,,1,"46.114537, -122.916806",,,POINT (-122.916806 46.114537),Facility,13571.0,2012
Matheson - Anacortes,2019,Petroleum Systems,Other Petroleum Systems,325120,Industrial Gas Manufacturing,Linde Gas North America LLC,Anacortes,Skagit,Northwest Clean Air Agency,"41,845",0,"41,845",0,0,0,0,0,0,,2,"48.467646, -122.554343",,,POINT (-122.554343 48.467646),Facility,41845.0,2019
REC Solar Grade Silicon - Moses Lake,2024,Metals,Other Metals,331410,Primary Smelting and Refining of Nonferrous Metal (except Copper and Aluminum),REC SILICON INC,Moses Lake,Grant,Ecology: Eastern Regional Office,"51,771",0,"51,718",24,29,0,0,0,0,Curtailed in mid 2019. Facility restarted 2023.,2,"47.138359, -119.200383","51,771",Covered Entity,POINT (-119.200383 47.138359),Facility,51771.0,2024
H.W. Hill Landfill Gas Power Plant - Roosevelt,2021,Power Plants,"Other Power, Heating, or Cooling Plants",221119,Other Electric Power Generation,Public Utility District No. 1 of Klickitat County,Roosevelt,Klickitat,Ecology: Central Regional Office,"1,423",0,"1,422",1,1,0,0,0,0,"Last year reporting. 3 consecutive years of GHG emissions below 5,000 MTCO2e.",1,"45.807765, -120.166354",,,POINT (-120.166354 45.807765),Facility,1423.0,2021
Keyes Fibre Corporation - Wenatchee,2024,Pulp and Paper,Other Pulp and Paper,322299,All Other Converted Paper Product Manufacturing,TEKNI-PLEX WENATCHEE FIBER CONSUMER PORDUCTS,Wenatchee,Chelan,Ecology: Central Regional Office,"12,723",0,"12,710",6,7,0,0,0,0,,1,"47.485987, -120.316363",,Reporter,POINT (-120.316363 47.485987),Facility,12723.0,2024
Northwest Pipeline C/S - Sumas,2022,Natural Gas Systems,Natural Gas Transmission/Compression,486210,Pipeline Transportation of Natural Gas,"The Williams Companies, Inc.",Sumas,Whatcom,Northwest Clean Air Agency,"99,795",0,"96,696","3,045",54,0,0,0,0,,2,"49.001, -122.2214",,,POINT (-122.2214 49.001),Facility,99795.0,2022
J.R. Simplot Company - Moses Lake,2016,Food Production,Potato Products,311411,"Frozen Fruit, Juice, and Vegetable Manufacturing",J.R. Simplot Company,Moses Lake,Grant,Ecology: Eastern Regional Office,"34,811","3,651","27,025","4,108",28,0,0,0,0,,2,"47.131732, -119.18926",,,POINT (-119.18926 47.131732),Facility,34811.0,2016
Puget Sound Energy - Fredonia Generating Station - Mount Vernon,2024,Power Plants,Natural Gas Turbine Plants,221112,Fossil Fuel Electric Power Generation,PUGET HOLDINGS LLC,Mount Vernon,Skagit,Northwest Clean Air Agency,"367,673",0,"367,285",175,213,0,0,0,0,,3,"48.455300, -122.435000","366,244",Covered Entity,POINT (-122.435 48.4553),Facility,367673.0,2024
Michelsen Packaging - Yakima,2013,Pulp and Paper,Other Pulp and Paper,322299,All Other Converted Paper Product Manufacturing,Michelson Packaging Co.,Yakima,Yakima,Yakima Regional Clean Air Agency,"9,810",0,"9,800",5,5,0,0,0,0,,1,"46.604058, -120.513015",,,POINT (-120.513015 46.604058),Facility,9810.0,2013
Puget Sound Energy - Sumas Generating Station - Sumas,2013,Power Plants,Natural Gas Turbine Plants,221112,Fossil Fuel Electric Power Generation,Puget Holdings LLC,Sumas,Whatcom,Northwest Clean Air Agency,"250,238",0,"249,977",119,142,0,0,0,0,,3,"48.9905, -122.2733",,,POINT (-122.2733 48.9905),Facility,250238.0,2013
Owens-Brockway Glass Container Inc Plant #2 - Kalama,2014,Minerals,Glass Production,327213,Glass Container Manufacturing,O-I Glass Inc.,Kalama,Cowlitz,Southwest Clean Air Agency,"22,136",0,"22,121",7,8,0,0,0,0,,1,"46.031656, -122.866241",,,POINT (-122.866241 46.031656),Facility,22136.0,2014
Ponderay Industries - Usk,2019,Pulp and Paper,Other Pulp and Paper,322122,Newsprint Mills,Ponderay Industries,Usk,Pend Oreille,Ecology: Eastern Regional Office,"43,796","39,882","3,368",81,466,0,0,0,0,,2,"48.289771, -117.271359",,,POINT (-117.271359 48.289771),Facility,43796.0,2019
Puget Sound Energy - Whitehorn Generating Station - Blaine,2022,Power Plants,Natural Gas Turbine Plants,221112,Fossil Fuel Electric Power Generation,Puget Holdings LLC,Blaine,Whatcom,Northwest Clean Air Agency,"9,109",0,"9,096",5,8,0,0,0,0,,1,"48.885475, -122.724299",,,POINT (-122.724299 48.885475),Facility,9109.0,2022
Lamb Weston - Warden,2018,Food Production,Potato Products,311411,"Frozen Fruit, Juice, and Vegetable Manufacturing","Lamb Weston, Inc.",Warden,Grant,Ecology: Eastern Regional Office,"18,006",0,"17,987",9,10,0,0,0,0,,1,"46.971504, -119.055427",,,POINT (-119.055427 46.971504),Facility,18006.0,2018
King County Solid Waste Cedar Hills Landfill - Maple Valley,2020,Waste,Landfills,562212,Solid Waste Landfill,King County Solid Waste Division,Maple Valley,King,Puget Sound Clean Air Agency,"131,246",0,187,"131,058",1,0,0,0,0,,3,"47.462625, -122.046025",,,POINT (-122.046025 47.462625),Facility,131246.0,2020
River Road Generating Plant - Vancouver,2014,Power Plants,Natural Gas Turbine Plants,221112,Fossil Fuel Electric Power Generation,Clark Public Utilities,Vancouver,Clark,Southwest Clean Air Agency,"553,919",0,"553,357",257,306,0,0,0,0,,3,"45.64958, -122.724806",,,POINT (-122.724806 45.64958),Facility,553919.0,2014
Port Townsend Paper Corporation - Port Townsend,2013,Pulp and Paper,Kraft Mills,322121,Paper (except Newsprint) Mills,Port Townsend Paper Corp.,Port Townsend,Jefferson,Ecology: Industrial Section,"555,704","478,000","72,915","1,807","2,983",0,0,0,0,,3,"48.093793, -122.796806",,,POINT (-122.796806 48.093793),Facility,555704.0,2013
LANXESS Corporation - Kalama,2017,Chemicals,Other Chemicals,325199,All Other Basic Organic Chemical Manufacturing,Emerald Performance Materials LLC,Kalama,Cowlitz,Southwest Clean Air Agency,"67,725",0,"67,655",32,38,0,0,0,0,,2,"46.02191, -122.85698",,,POINT (-122.85698 46.02191),Facility,67725.0,2017
Darling Ingredients Inc - Tacoma,2016,Food Production,Meat Products,311613,Rendering and Meat Byproduct Processing,Darling Ingredients Inc.,Tacoma,Pierce,Puget Sound Clean Air Agency,"10,274",0,"10,264",5,6,0,0,0,0,First year reporting.,1,"47.250503, -122.406461",,,POINT (-122.406461 47.250503),Facility,10274.0,2016
SDS Lumber Company - Bingen,2015,Wood Products,Lumber Mills,321113,Sawmills,SDS Lumber Company,Bingen,Klickitat,Ecology: Central Regional Office,"111,216","109,648",104,211,"1,254",0,0,0,0,,3,"45.713913, -121.468688",,,POINT (-121.468688 45.713913),Facility,111216.0,2015
Hampton Lumber Mills Washington Inc. - Darrington,2013,Wood Products,Lumber Mills,321113,Sawmills,Hampton Lumber Mills Washington Inc.,Darrington,Snohomish,Puget Sound Clean Air Agency,"96,513","95,241",0,183,"1,089",0,0,0,0,,2,"48.262797, -121.597608",,,POINT (-121.597608 48.262797),Facility,96513.0,2013
Okanogan County Central Landfill - Okanogan,2020,Waste,Landfills,562212,Solid Waste Landfill,Okanogan County,Okanogan,Okanogan,Ecology: Central Regional Office,"15,597",0,0,"15,597",0,0,0,0,0,,1,"48.341148, -119.620109",,,POINT (-119.620109 48.341148),Facility,15597.0,2020
Cowlitz County Tennant Way Landfill - Longview,2018,Waste,Landfills,562212,Solid Waste Landfill,Cowlitz County Washington,Longview,Cowlitz,Southwest Clean Air Agency,"20,542",0,0,"20,542",0,0,0,0,0,,1,"46.107229, -122.905601",,,POINT (-122.905601 46.107229),Facility,20542.0,2018
Frito Lay - Vancouver,2016,Food Production,Other Food Products,311919,Other Snack Food Manufacturing,PepsiCo Inc,Vancouver,Clark,Southwest Clean Air Agency,"16,373",0,"16,356",8,9,0,0,0,0,,1,"45.657037, -122.692",,,POINT (-122.692 45.657037),Facility,16373.0,2016
Washington Potato Company - Warden,2023,Food Production,Potato Products,311991,Perishable Prepared Food Manufacturing,Washington Potato Co.,Warden,Grant,Ecology: Eastern Regional Office,"31,872",0,"31,839",15,18,0,0,0,0,,2,"46.970469, -119.063631","31,872",Covered Entity,POINT (-119.063631 46.970469),Facility,31872.0,2023
U.S. Oil & Refining Co. - Tacoma,2021,Petroleum Systems,Petroleum Refineries,324110,Petroleum Refineries,Par Pacific Holdings Inc.,Tacoma,Pierce,Puget Sound Clean Air Agency,"134,326",0,"132,979",897,450,0,0,0,0,,3,"47.256813, -122.394952",,,POINT (-122.394952 47.256813),Facility,134326.0,2021
Waste Management Greater Wenatchee Regional Landfill - East Wenatchee,2023,Waste,Landfills,562212,Solid Waste Landfill,Waste Management Inc.,East Wenatchee,Douglas,Ecology: Central Regional Office,"59,718","16,811",0,"42,847",60,0,0,0,0,,2,"47.405083, -120.167444",,Reporter,POINT (-120.167444 47.405083),Facility,59718.0,2023
"Nucor Steel Seattle, Inc, - Seattle",2014,Metals,Iron and Steel Production,331110,Iron and Steel Mills and Ferroalloy Manufacturing,Nucor Corporation,Seattle,King,Puget Sound Clean Air Agency,"166,109",0,"166,066",20,23,0,0,0,0,,3,"47.569331, -122.367332",,,POINT (-122.367332 47.569331),Facility,166109.0,2014
"SGL Carbon, LLC - Moses Lake",2022,Manufacturing,Transportation Industry,335991,Carbon and Graphite Product Manufacturing,SGL Automotive Carbon Fibers LLC,Moses Lake,Grant,Ecology: Eastern Regional Office,"11,853",0,"11,841",6,7,0,0,0,0,,1,"47.208993, -119.285437",,,POINT (-119.285437 47.208993),Facility,11853.0,2022
Nutrien US LLC. - Kennewick,2020,Chemicals,Fertilizer Production,325311,Nitrogenous Fertilizer Manufacturing,Agrium US Inc.,Kennewick,Benton,Benton Clean Air Agency,"144,928",0,"10,847",1,"134,080",0,0,0,0,,3,"46.165957, -119.017218",,,POINT (-119.017218 46.165957),Facility,144928.0,2020
Gas Transmission Northwest Compressor Station 7 -Prescott,2020,Natural Gas Systems,Natural Gas Transmission/Compression,486210,Pipeline Transportation of Natural Gas,TransCanada Northern Border Inc.,Starbuck,Columbia,Ecology: Eastern Regional Office,"75,097",0,"74,116",940,42,0,0,0,0,,2,"46.53558, -118.293441",,,POINT (-118.293441 46.53558),Facility,75097.0,2020
Spectrum Glass Company - Woodinville,2017,Minerals,Glass Production,327211,Flat Glass Manufacturing,Vanguard Properties Co.,Woodinville,King,Puget Sound Clean Air Agency,122,0,122,0,0,0,0,0,0,Last year reporting.  Facility shut down.,1,"47.777004, -122.148978",,,POINT (-122.148978 47.777004),Facility,122.0,2017
Darigold - Sunnyside,2020,Food Production,Dairy Products,311513,Cheese Manufacturing,Darigold Inc.,Sunnyside,Yakima,Yakima Regional Clean Air Agency,"40,732",0,"40,690",19,23,0,0,0,0,,2,"46.30058, -120.015675",,,POINT (-120.015675 46.30058),Facility,40732.0,2020
J.R. Simplot Company - Moses Lake,2012,Food Production,Potato Products,311411,"Frozen Fruit, Juice, and Vegetable Manufacturing",J.R. Simplot Company,Moses Lake,Grant,Ecology: Eastern Regional Office,"45,202","4,514","30,358","10,296",33,0,0,0,0,,2,"47.131732, -119.18926",,,POINT (-119.18926 47.131732),Facility,45202.0,2012
Northwest Pipeline C/S - Chehalis,2015,Natural Gas Systems,Natural Gas Transmission/Compression,486210,Pipeline Transportation of Natural Gas,"The Williams Companies, Inc.",Chehalis,Lewis,Southwest Clean Air Agency,"29,670",0,"28,001","1,653",16,0,0,0,0,,2,"46.533325, -122.87373",,,POINT (-122.87373 46.533325),Facility,29670.0,2015
Murphy Veneer - Elma,2022,Wood Products,Other Wood Products,321212,Softwood Veneer and Plywood Manufacturing,Murphy Co.,Elma,Grays Harbor,Olympic Region Clean Air Agency,"10,551",0,"10,540",5,6,0,0,0,0,,1,"47.040323, -123.334339",,,POINT (-123.334339 47.040323),Facility,10551.0,2022
Boulder Park Generating Station - Spokane Valley,2017,Power Plants,"Other Power, Heating, or Cooling Plants",221112,Fossil Fuel Electric Power Generation,Avista Corp.,Spokane Valley,Spokane,Spokane Regional Clean Air Agency,"13,286",0,"13,272",6,7,0,0,0,0,,1,"47.696999, -117.147223",,,POINT (-117.147223 47.696999),Facility,13286.0,2017
Mutual Materials Mica Brick Plant - Spokane,2022,Minerals,Other Minerals,327120,Clay Building Material and Refractories Manufacturing,Mutual Materials Co.,Spokane,Spokane,Spokane Regional Clean Air Agency,"8,672",0,"8,664",4,5,0,0,0,0,,1,"47.55833, -117.2117",,,POINT (-117.2117 47.55833),Facility,8672.0,2022
Lamb Weston - Pasco,2023,Food Production,Potato Products,311411,"Frozen Fruit, Juice, and Vegetable Manufacturing","Lamb Weston, Inc.",Pasco,Franklin,Ecology: Eastern Regional Office,"35,750",0,"35,713",17,20,0,0,0,0,,2,"46.288137, -119.115336","35,750",Covered Entity,POINT (-119.115336 46.288137),Facility,35750.0,2023
Cosmo Specialty Fibers Inc - Cosmopolis,2016,Pulp and Paper,Sulfite Mills,322110,Pulp Mills,Cosmo Specialty Fibers Inc.,Cosmopolis,Grays Harbor,Ecology: Industrial Section,"541,028","513,480","21,136","4,408","2,006",0,0,0,0,,3,"46.952907, -123.76211",,,POINT (-123.76211 46.952907),Facility,541028.0,2016
Tree Top - Selah Campus,2020,Food Production,Fruit Products,311423,Dried and Dehydrated Food Manufacturing,Tree Top Inc.,Selah,Yakima,Yakima Regional Clean Air Agency,"20,339",0,"20,318",10,11,0,0,0,0,,1,"46.64992, -120.52755",,,POINT (-120.52755 46.64992),Facility,20339.0,2020
Northwest Pipeline C/S - Snohomish,2013,Natural Gas Systems,Natural Gas Transmission/Compression,486210,Pipeline Transportation of Natural Gas,"The Williams Companies, Inc.",Snohomish,Snohomish,Puget Sound Clean Air Agency,"33,173",0,"32,566",590,18,0,0,0,0,,2,"47.78825, -122.05859",,,POINT (-122.05859 47.78825),Facility,33173.0,2013
HF Sinclair Puget Sound Refinery LLC - Anacortes,2013,Petroleum Systems,Petroleum Refineries,324110,Petroleum Refineries,HollyFrontier Puget Sound Refining LLC,Anacortes,Skagit,Northwest Clean Air Agency,"2,007,178",0,"1,995,767","7,022","4,389",0,0,0,0,Assigned Emissions Level,5,"48.470931, -122.559161",,,POINT (-122.559161 48.470931),Facility,2007178.0,2013
Grays Harbor Energy Center - Elma,2023,Power Plants,Natural Gas Turbine Plants,221112,Fossil Fuel Electric Power Generation,Invenergy Investment Company LLC,Elma,Grays Harbor,EFSEC,"1,397,813",0,"1,396,393",648,772,0,0,0,0,,4,"46.9688, -123.48","1,397,813",Covered Entity,POINT (-123.48 46.9688),Facility,1397813.0,2023
Sierra Pacific Industries - Aberdeen,2017,Wood Products,Lumber Mills,321113,Sawmills,Sierra Pacific Industries,Aberdeen,Grays Harbor,Olympic Region Clean Air Agency,"246,387","242,554",593,466,"2,774",0,0,0,0,,3,"46.971875, -123.775526",,,POINT (-123.775526 46.971875),Facility,246387.0,2017
Roosevelt Regional Landfill - Roosevelt,2017,Waste,Landfills,562212,Solid Waste Landfill,"Republic Services, Inc.",Roosevelt,Klickitat,Ecology: Central Regional Office,"208,590",0,387,"208,202",1,0,0,0,0,,3,"45.807146, -120.179785",,,POINT (-120.179785 45.807146),Facility,208590.0,2017
"Boise Cascade Wood Products, LLC.  Kettle Falls Lumber - Kettle Falls",2014,Wood Products,Lumber Mills,321912,"Cut Stock, Resawing Lumber, and Planing",Boise Cascade Company,Kettle Falls,Stevens,Ecology: Eastern Regional Office,"57,413","56,656",0,109,648,0,0,0,0,,2,"48.609799, -118.067441",,,POINT (-118.067441 48.609799),Facility,57413.0,2014
Lamb Weston - Connell,2022,Food Production,Potato Products,311411,"Frozen Fruit, Juice, and Vegetable Manufacturing","Lamb Weston, Inc.",Connell,Franklin,Ecology: Eastern Regional Office,"30,212",0,"30,181",14,17,0,0,0,0,,2,"46.651389, -118.871944",,,POINT (-118.871944 46.651389),Facility,30212.0,2022
Guy Bennett Lumber Company - Clarkston,2019,Wood Products,Lumber Mills,321113,Sawmills,Bennett Lumber Products Inc.,Clarkston,Asotin,Ecology: Eastern Regional Office,"15,233","15,032",0,29,172,0,0,0,0,,1,"46.423108, -117.086487",,,POINT (-117.086487 46.423108),Facility,15233.0,2019
Alcoa Intalco Works - Ferndale,2019,Metals,Aluminum Production,331312,Primary Aluminum Production,Alcoa Corp.,Ferndale,Whatcom,Ecology: Industrial Section,"1,060,051",0,"367,255","8,932",31,0,"683,832",0,0,PFC emissions based on updated source test information.,4,"48.8455, -122.7055",,,POINT (-122.7055 48.8455),Facility,1060051.0,2019
The Boeing Company: Boeing Plant 2 - Seattle,2016,Manufacturing,Transportation Industry,336411,Aircraft Manufacturing,The Boeing Company,Seattle,King,Puget Sound Clean Air Agency,"20,967",0,"20,945",10,12,0,0,0,0,,1,"47.532524, -122.311623",,,POINT (-122.311623 47.532524),Facility,20967.0,2016
LRI Landfill - Graham,2015,Waste,Landfills,562212,Solid Waste Landfill,Waste Connections Inc.,Graham,Pierce,Puget Sound Clean Air Agency,"83,094",0,0,"83,094",0,0,0,0,0,,2,"46.972405, -122.292799",,,POINT (-122.292799 46.972405),Facility,83094.0,2015
Great Western Malt - Vancouver,2024,Food Production,Other Food Products,311213,Malt Manufacturing,GREAT WESTERN MALT,Vancouver,Clark,Southwest Clean Air Agency,"8,883",0,"8,874",4,5,0,0,0,0,,1,"45.631069, -122.690043",,Reporter,POINT (-122.690043 45.631069),Facility,8883.0,2024
TSMC Washington LLC - Camas,2013,Manufacturing,Electronics Industry,334413,Semiconductor and Related Device Manufacturing,TSMC WASHINGTON LLC,Camas,Clark,Southwest Clean Air Agency,"177,591",115,"14,151",7,"7,229","9,015","88,013","44,275","14,786","Assigned Emissions Level, Formerly reporting as WaferTech LLC - Camas.",3,"45.619569, -122.454955",,,POINT (-122.454955 45.619569),Facility,177591.0,2013
Cascade Hardwood LLC - Chehalis,2024,Wood Products,Lumber Mills,321113,Sawmills,CASCADE HARDWOOD LLC,Chehalis,Lewis,Southwest Clean Air Agency,"7,786","7,677",6,15,88,0,0,0,0,,1,"46.635062, -122.930338",,Reporter,POINT (-122.930338 46.635062),Facility,7786.0,2024
Spectrum Glass Company - Woodinville,2012,Minerals,Glass Production,327211,Flat Glass Manufacturing,Vanguard Properties Co.,Woodinville,King,Puget Sound Clean Air Agency,"12,025",0,"12,014",5,6,0,0,0,0,,1,"47.777004, -122.148978",,,POINT (-122.148978 47.777004),Facility,12025.0,2012
NW Natural - Portland,2014,Natural Gas Systems,Natural Gas Local Distribution Companies,221210,Natural Gas Distribution,NW Natural,Portland,Multnomah,Southwest Clean Air Agency,"7,769",0,9,"7,760",0,0,0,0,0,,1,"45.516631, -122.675749",,,POINT (-122.675749 45.516631),Facility,7769.0,2014
Puget Sound Energy - Jackson Prairie Gas Storage - Chehalis,2018,Natural Gas Systems,Natural Gas Storage,486210,Pipeline Transportation of Natural Gas,Puget Holdings LLC,Chehalis,Lewis,Southwest Clean Air Agency,"12,159",0,"10,869","1,284",6,0,0,0,0,First year reporting.,1,"46.53461, -122.838569",,,POINT (-122.838569 46.53461),Facility,12159.0,2018
CertainTeed Gypsum - Seattle,2017,Manufacturing,Building Products,327420,Gypsum Product Manufacturing,Saint-Gobain Corporation,Seattle,King,Puget Sound Clean Air Agency,"50,452",0,"50,400",24,28,0,0,0,0,,2,"47.548056, -122.336944",,,POINT (-122.336944 47.548056),Facility,50452.0,2017
"SGL Carbon, LLC - Moses Lake",2017,Manufacturing,Transportation Industry,335991,Carbon and Graphite Product Manufacturing,SGL Automotive Carbon Fibers LLC,Moses Lake,Grant,Ecology: Eastern Regional Office,"5,842",0,"5,836",3,3,0,0,0,0,,1,"47.208993, -119.285437",,,POINT (-119.285437 47.208993),Facility,5842.0,2017
Terrace Heights Landfill - Yakima,2018,Waste,Landfills,562212,Solid Waste Landfill,Yakima County Public Services - Solid Waste Division,Yakima,Yakima,Yakima Regional Clean Air Agency,"117,391",0,16,"117,376",0,0,0,0,0,,3,"46.610031, -120.39408",,,POINT (-120.39408 46.610031),Facility,117391.0,2018
Puget Sound Energy - Mint Farm Generating Station - Longview,2012,Power Plants,Natural Gas Turbine Plants,221112,Fossil Fuel Electric Power Generation,Puget Holdings LLC,Longview,Cowlitz,Southwest Clean Air Agency,"433,875",0,"433,435",201,240,0,0,0,0,,3,"46.140095, -122.985138",,,POINT (-122.985138 46.140095),Facility,433875.0,2012
Marathon Anacortes Refinery - Anacortes,2019,Petroleum Systems,Petroleum Refineries,324110,Petroleum Refineries,Marathon Petroleum Corp,Anacortes,Skagit,Northwest Clean Air Agency,"1,421,372",0,"1,415,470","2,325","3,577",0,0,0,0,,4,"48.493816, -122.564845",,,POINT (-122.564845 48.493816),Facility,1421372.0,2019
Puget Sound Energy - Fredonia Generating Station - Mount Vernon,2014,Power Plants,Natural Gas Turbine Plants,221112,Fossil Fuel Electric Power Generation,Puget Holdings LLC,Mount Vernon,Skagit,Northwest Clean Air Agency,"52,555",0,"52,497",25,33,0,0,0,0,,2,"48.4553, -122.435",,,POINT (-122.435 48.4553),Facility,52555.0,2014
King County Solid Waste Cedar Hills Landfill - Maple Valley,2022,Waste,Landfills,562212,Solid Waste Landfill,King County Solid Waste Division,Maple Valley,King,Puget Sound Clean Air Agency,"246,269","12,935",248,"233,039",47,0,0,0,0,Emissions under review.,3,"47.462625, -122.046025",,,POINT (-122.046025 47.462625),Facility,246269.0,2022
Darigold - Sunnyside,2015,Food Production,Dairy Products,311513,Cheese Manufacturing,Darigold Inc.,Sunnyside,Yakima,Yakima Regional Clean Air Agency,"21,372",0,"21,349",10,12,0,0,0,0,,1,"46.30058, -120.015675",,,POINT (-120.015675 46.30058),Facility,21372.0,2015
Imerys Minerals Quincy Plant - Quincy,2012,Minerals,Other Minerals,212399,All Other Nonmetallic Mineral Mining,Imerys Filtration Minerals Inc.,Quincy,Grant,Ecology: Eastern Regional Office,"22,288",0,"22,265",11,13,0,0,0,0,,1,"47.239948, -119.838831",,,POINT (-119.838831 47.239948),Facility,22288.0,2012
Northwest Hardwoods Inc. - Centralia,2012,Wood Products,Lumber Mills,321113,Sawmills,Littlejohn & Co. LLC,Centralia,Lewis,Southwest Clean Air Agency,"13,136","7,186","5,787",64,99,0,0,0,0,,1,"46.734454, -122.991963",,,POINT (-122.991963 46.734454),Facility,13136.0,2012
"Gas Transmission Northwest Compressor Station 8, LLC -Wallula",2012,Natural Gas Systems,Natural Gas Transmission/Compression,486210,Pipeline Transportation of Natural Gas,TransCanada Northern Border Inc.,Wallula,Walla Walla,Ecology: Eastern Regional Office,"87,757",0,"86,238","1,470",48,0,0,0,0,,2,"46.053153, -118.843934",,,POINT (-118.843934 46.053153),Facility,87757.0,2012
Bonneville Power Administration - WA Only - statewide,2022,Power Plants,Electrical Transmission and Distribution,221121,Electric Bulk Power Transmission and Control,US Government,Vancouver,Clark,Southwest Clean Air Agency,"3,496",0,0,0,0,0,0,"3,496",0,,1,"45.661178, -122.658608",,,POINT (-122.658608 45.661178),Facility,3496.0,2022
Sonoco Products - Sumner,2014,Pulp and Paper,Other Pulp and Paper,322130,Paperboard Mills,Sonoco Products Company,Sumner,Pierce,Puget Sound Clean Air Agency,"10,814",0,"10,803",5,6,0,0,0,0,,1,"47.210641, -122.239474",,,POINT (-122.239474 47.210641),Facility,10814.0,2014
Puget Sound Energy - Mint Farm Generating Station - Longview,2024,Power Plants,Natural Gas Turbine Plants,221112,Fossil Fuel Electric Power Generation,PUGET HOLDINGS LLC,Longview,Cowlitz,Southwest Clean Air Agency,"924,448",0,"923,509",428,510,0,0,0,0,,3,"46.140095, -122.985138","924,448",Covered Entity,POINT (-122.985138 46.140095),Facility,924448.0,2024
Ardagh Glass Inc. - Seattle,2014,Minerals,Glass Production,327213,Glass Container Manufacturing,Ardagh Holdings USA Inc.,Seattle,King,Puget Sound Clean Air Agency,"78,044",0,"77,984",28,33,0,0,0,0,,2,"47.55242, -122.33739",,,POINT (-122.33739 47.55242),Facility,78044.0,2014
Northwest Pipeline C/S - Goldendale,2012,Natural Gas Systems,Natural Gas Transmission/Compression,486210,Pipeline Transportation of Natural Gas,"The Williams Companies, Inc.",Goldendale,Klickitat,Ecology: Central Regional Office,"26,752",0,"21,905","4,835",12,0,0,0,0,,2,"45.771216, -120.799267",,,POINT (-120.799267 45.771216),Facility,26752.0,2012
Avista Corporation - WA State DOE Reporting - statewide,2015,Natural Gas Systems,Natural Gas Local Distribution Companies,221121,Electric Bulk Power Transmission and Control,Avista Corp.,Spokane,Spokane,Spokane Regional Clean Air Agency,"22,858",0,19,"15,329",0,0,0,"7,510",0,,1,"47.673486, -117.388514",,,POINT (-117.388514 47.673486),Facility,22858.0,2015
Lamb Weston - Pasco,2018,Food Production,Potato Products,311411,"Frozen Fruit, Juice, and Vegetable Manufacturing","Lamb Weston, Inc.",Pasco,Franklin,Ecology: Eastern Regional Office,"43,648",0,"43,603",21,24,0,0,0,0,,2,"46.288137, -119.115336",,,POINT (-119.115336 46.288137),Facility,43648.0,2018
Puget Sound Energy T&D - statewide,2015,Power Plants,Electrical Transmission and Distribution,221122,Electric Power Distribution,Puget Holdings LLC,Bellevue,King,Puget Sound Clean Air Agency,"2,864",0,0,0,0,0,0,"2,864",0,,1,"47.61345, -122.19454",,,POINT (-122.19454 47.61345),Facility,2864.0,2015
Pasco Processing LLC - Pasco,2020,Food Production,Other Food Products,311991,Perishable Prepared Food Manufacturing,Oregon Potato Co.,Pasco,Franklin,Ecology: Eastern Regional Office,"16,032",0,"16,015",8,9,0,0,0,0,,1,"46.28274, -119.097528",,,POINT (-119.097528 46.28274),Facility,16032.0,2020
REC Solar Grade Silicon - Moses Lake,2022,Metals,Other Metals,331410,Primary Smelting and Refining of Nonferrous Metal (except Copper and Aluminum),REC Silicon,Moses Lake,Grant,Ecology: Eastern Regional Office,0,0,0,0,0,0,0,0,0,Curtailed in mid 2019. No emissions in 2022.,1,"47.138359, -119.200383",,,POINT (-119.200383 47.138359),Facility,0.0,2022
Naval Air Station Whidbey Island - Oak Harbor,2021,Government,National Security,928110,National Security,US Government,Oak Harbor,Island,Northwest Clean Air Agency,"13,773",0,"13,758",7,9,0,0,0,0,,1,"48.345281, -122.669741",,,POINT (-122.669741 48.345281),Facility,13773.0,2021
Alon Asphalt Company - Seattle,2016,Petroleum Systems,Other Petroleum Systems,424710,Petroleum Bulk Stations and Terminals,Delek US Holdings Inc.,Seattle,King,Puget Sound Clean Air Agency,"14,096",0,"14,069",19,8,0,0,0,0,,1,"47.781642, -122.395299",,,POINT (-122.395299 47.781642),Facility,14096.0,2016
Fairchild AFB - Spokane Co.,2015,Government,National Security,928110,National Security,US Government,Fairchild Air Force Base,Spokane,Spokane Regional Clean Air Agency,"14,052",0,"14,038",7,8,0,0,0,0,,1,"47.641332, -117.644832",,,POINT (-117.644832 47.641332),Facility,14052.0,2015
University of Washington Seattle Campus - Seattle,2021,Government,Education,611310,"Colleges, Universities, and Professional Schools",State of Washington,Seattle,King,Puget Sound Clean Air Agency,"89,624",0,"89,531",42,51,0,0,0,0,,2,"47.653614, -122.303608",,,POINT (-122.303608 47.653614),Facility,89624.0,2021
Cowlitz County Tennant Way Landfill - Longview,2019,Waste,Landfills,562212,Solid Waste Landfill,Cowlitz County Washington,Longview,Cowlitz,Southwest Clean Air Agency,"18,596",0,0,"18,596",0,0,0,0,0,,1,"46.107229, -122.905601",,,POINT (-122.905601 46.107229),Facility,18596.0,2019
Boulder Park Generating Station - Spokane Valley,2023,Power Plants,"Other Power, Heating, or Cooling Plants",221112,Fossil Fuel Electric Power Generation,Avista Corp.,Spokane Valley,Spokane,Spokane Regional Clean Air Agency,"31,456",0,"31,424",15,18,0,0,0,0,,2,"47.696999, -117.147223","31,456",Covered Entity,POINT (-117.147223 47.696999),Facility,31456.0,2023
"Emerald City Renewables, LLC- Graham",2018,Power Plants,"Other Power, Heating, or Cooling Plants",221117,Biomass Electric Power Generation,Emerald City Renewables LLC,Graham,Pierce,Puget Sound Clean Air Agency,"19,166","19,068",0,29,69,0,0,0,0,,1,"46.975533, -122.290871",,,POINT (-122.290871 46.975533),Facility,19166.0,2018
Port Angeles Hardwood LLC - Port Angeles,2018,Wood Products,Lumber Mills,321113,Sawmills,Port Angeles Hardwood LLC,Port Angeles,Clallam,Olympic Region Clean Air Agency,"23,179","22,874",0,44,262,0,0,0,0,,1,"48.100872, -123.485745",,,POINT (-123.485745 48.100872),Facility,23179.0,2018
DH Feeders - Eltopia,2017,Livestock,Cattle Feedlots,112112,Cattle Feedlots,Easterday Ranches,Eltopia,Franklin,Ecology: Eastern Regional Office,"13,991",0,"1,067","1,002","11,923",0,0,0,0,,1,"46.50919, -118.881203",,,POINT (-118.881203 46.50919),Facility,13991.0,2017
Central Washington University - Ellensburg,2021,Government,Education,611310,"Colleges, Universities, and Professional Schools",State of Washington,Ellensburg,Kittitas,Ecology: Central Regional Office,"12,824",0,"12,811",6,7,0,0,0,0,,1,"47.003202, -120.544513",,,POINT (-120.544513 47.003202),Facility,12824.0,2021
Washington State University - Pullman,2013,Government,Education,611310,"Colleges, Universities, and Professional Schools",State of Washington,Pullman,Whitman,Ecology: Eastern Regional Office,"60,798",0,"60,732",29,36,0,0,0,0,,2,"46.728702, -117.151481",,,POINT (-117.151481 46.728702),Facility,60798.0,2013
Northwest Pipeline Willard C/S - Cook,2017,Natural Gas Systems,Natural Gas Transmission/Compression,486210,Pipeline Transportation of Natural Gas,"The Williams Companies, Inc.",Cook,Skamania,Southwest Clean Air Agency,"9,287",0,"7,707","1,575",4,0,0,0,0,,1,"45.778087, -121.626311",,,POINT (-121.626311 45.778087),Facility,9287.0,2017
Tree Top - Wenatchee,2014,Food Production,Fruit Products,311423,Dried and Dehydrated Food Manufacturing,Tree Top Inc.,Wenatchee,Chelan,Ecology: Central Regional Office,"10,146",0,"10,136",5,6,0,0,0,0,First year reporting.,1,"47.48938, -120.31426",,,POINT (-120.31426 47.48938),Facility,10146.0,2014
Ponderay Industries - Usk,2015,Pulp and Paper,Other Pulp and Paper,322122,Newsprint Mills,Ponderay Industries,Usk,Pend Oreille,Ecology: Eastern Regional Office,"44,680","41,661","2,452",83,483,0,0,0,0,,2,"48.289771, -117.271359",,,POINT (-117.271359 48.289771),Facility,44680.0,2015
Darigold - Chehalis,2014,Food Production,Dairy Products,311514,"Dry, Condensed, and Evaporated Dairy Product Manufacturing",Darigold Inc.,Chehalis,Lewis,Southwest Clean Air Agency,"13,643",0,"13,629",7,8,0,0,0,0,,1,"46.659952, -122.970162",,,POINT (-122.970162 46.659952),Facility,13643.0,2014
Darigold - Sunnyside,2023,Food Production,Dairy Products,311513,Cheese Manufacturing,Darigold Inc.,Sunnyside,Yakima,Yakima Regional Clean Air Agency,"36,711",0,"36,673",18,21,0,0,0,0,,2,"46.30058, -120.015675","36,711",Covered Entity,POINT (-120.015675 46.30058),Facility,36711.0,2023
The Boeing Company - Renton,2020,Manufacturing,Transportation Industry,336411,Aircraft Manufacturing,The Boeing Company,Renton,King,Puget Sound Clean Air Agency,"14,794",0,"14,779",7,8,0,0,0,0,,1,"47.498257, -122.211346",,,POINT (-122.211346 47.498257),Facility,14794.0,2020
Puget Sound Energy - Sumas Generating Station - Sumas,2020,Power Plants,Natural Gas Turbine Plants,221112,Fossil Fuel Electric Power Generation,Puget Holdings LLC,Sumas,Whatcom,Northwest Clean Air Agency,"226,355",0,"226,126",105,125,0,0,0,0,,3,"48.9905, -122.2733",,,POINT (-122.2733 48.9905),Facility,226355.0,2020
"Vaagen Bros. Lumber, Inc. - Colville",2012,Wood Products,Lumber Mills,321999,All Other Miscellaneous Wood Product Manufacturing,Vaagen Bros. Lumber Inc.,Colville,Stevens,Ecology: Eastern Regional Office,"44,695","43,738",0,373,583,0,0,0,0,,2,"48.548525, -117.915469",,,POINT (-117.915469 48.548525),Facility,44695.0,2012
Cheyne Landfill - Zillah,2020,Waste,Landfills,562212,Solid Waste Landfill,Yakima County Public Services,Zillah,Yakima,Yakima Regional Clean Air Agency,"42,145",0,0,"42,145",0,0,0,0,0,,2,"46.4785, -120.2688",,,POINT (-120.2688 46.4785),Facility,42145.0,2020
Goodrich Corporation - Spokane,2019,Manufacturing,Transportation Industry,336413,Other Aircraft Parts and Auxiliary Equipment Manufacturing,Raytheon Technologies Corp,Spokane,Spokane,Spokane Regional Clean Air Agency,"52,018",0,"51,957",26,35,0,0,0,0,,2,"47.583604, -117.568511",,,POINT (-117.568511 47.583604),Facility,52018.0,2019
"Solvay Chemicals, Inc. - Longview",2024,Chemicals,Other Chemicals,325180,Other Basic Inorganic Chemical Manufacturing,Solvay Chemicals Inc.,Longview,Cowlitz,Southwest Clean Air Agency,"51,461",0,"51,461",0,0,0,0,0,0,,2,"46.137218, -122.982847","51,461",Covered Entity,POINT (-122.982847 46.137218),Facility,51461.0,2024
The Boeing Company - Fabrication (Frederickson Site) - Puyallup,2013,Manufacturing,Transportation Industry,336411,Aircraft Manufacturing,The Boeing Company,Puyallup,Pierce,Puget Sound Clean Air Agency,"21,969",0,"21,946",10,12,0,0,0,0,,1,"47.088831, -122.34862",,,POINT (-122.34862 47.088831),Facility,21969.0,2013
H.W. Hill Landfill Gas Power Plant - Roosevelt,2017,Power Plants,"Other Power, Heating, or Cooling Plants",221119,Other Electric Power Generation,Public Utility District No. 1 of Klickitat County,Roosevelt,Klickitat,Ecology: Central Regional Office,"92,771","92,297",0,142,333,0,0,0,0,,2,"45.807765, -120.166354",,,POINT (-120.166354 45.807765),Facility,92771.0,2017
Goodrich Corporation - Spokane,2017,Manufacturing,Transportation Industry,336413,Other Aircraft Parts and Auxiliary Equipment Manufacturing,Raytheon Technologies Corp,Spokane,Spokane,Spokane Regional Clean Air Agency,"44,750",0,"44,696",23,30,0,0,0,0,,2,"47.583604, -117.568511",,,POINT (-117.568511 47.583604),Facility,44750.0,2017
Inland Empire Paper Company - Spokane,2013,Pulp and Paper,Other Pulp and Paper,322122,Newsprint Mills,Cowles Publishing Co.,Spokane,Spokane,Spokane Regional Clean Air Agency,"28,038","18,131","9,501",159,247,0,0,0,0,,2,"47.688295, -117.279323",,,POINT (-117.279323 47.688295),Facility,28038.0,2013
Northwest Pipeline C/S - Sumas,2017,Natural Gas Systems,Natural Gas Transmission/Compression,486210,Pipeline Transportation of Natural Gas,"The Williams Companies, Inc.",Sumas,Whatcom,Northwest Clean Air Agency,"96,858",0,"92,864","3,942",52,0,0,0,0,,2,"49.001, -122.2214",,,POINT (-122.2214 49.001),Facility,96858.0,2017
"Interfor US, Inc. - Port Angeles",2021,Wood Products,Lumber Mills,321113,Sawmills,Interfor US Inc.,Port Angeles,Clallam,Olympic Region Clean Air Agency,"43,617","43,042",0,83,492,0,0,0,0,,2,"48.103425, -123.518642",,,POINT (-123.518642 48.103425),Facility,43617.0,2021
Weyerhaeuser Raymond Lumber - Raymond,2018,Wood Products,Lumber Mills,321113,Sawmills,Weyerhaeuser Co.,Raymond,Pacific,Olympic Region Clean Air Agency,"45,103","44,508",0,86,509,0,0,0,0,,2,"46.688088, -123.737495",,,POINT (-123.737495 46.688088),Facility,45103.0,2018
Puget Sound Energy - Mint Farm Generating Station - Longview,2019,Power Plants,Natural Gas Turbine Plants,221112,Fossil Fuel Electric Power Generation,Puget Holdings LLC,Longview,Cowlitz,Southwest Clean Air Agency,"759,455",0,"758,684",352,419,0,0,0,0,,3,"46.140095, -122.985138",,,POINT (-122.985138 46.140095),Facility,759455.0,2019
"Greif, Tacoma Mill - Tacoma",2024,Pulp and Paper,Other Pulp and Paper,322130,Paperboard Mills,PAPERBOARD PARENT INC,Tacoma,Pierce,Puget Sound Clean Air Agency,"13,239",0,"13,225",6,7,0,0,0,0,,1,"47.239235, -122.421909",,Reporter,POINT (-122.421909 47.239235),Facility,13239.0,2024
"Gas Transmission Northwest Compressor Station 8, LLC -Wallula",2023,Natural Gas Systems,Natural Gas Transmission/Compression,486210,Pipeline Transportation of Natural Gas,TransCanada Northern Border Inc.,Wallula,Walla Walla,Ecology: Eastern Regional Office,"133,440",0,"131,297","2,069",74,0,0,0,0,,3,"46.053153, -118.843934","133,440",Covered Entity,POINT (-118.843934 46.053153),Facility,133440.0,2023
Northwest Hardwoods Inc. - Mount Vernon,2015,Wood Products,Lumber Mills,321113,Sawmills,Littlejohn & Co. LLC,Mount Vernon,Skagit,Northwest Clean Air Agency,"11,648","7,714","3,827",17,90,0,0,0,0,,1,"48.451642, -122.443028",,,POINT (-122.443028 48.451642),Facility,11648.0,2015
Hampton Lumber Mills Washington Inc. - Randle,2017,Wood Products,Lumber Mills,321113,Sawmills,Hampton Lumber Mills Washington Inc.,Randle,Lewis,Southwest Clean Air Agency,"64,712","63,859",0,123,730,0,0,0,0,,2,"46.533743, -121.917906",,,POINT (-121.917906 46.533743),Facility,64712.0,2017
River Road Generating Plant - Vancouver,2017,Power Plants,Natural Gas Turbine Plants,221112,Fossil Fuel Electric Power Generation,Clark Public Utilities,Vancouver,Clark,Southwest Clean Air Agency,"495,761",0,"495,258",230,274,0,0,0,0,,3,"45.64958, -122.724806",,,POINT (-122.724806 45.64958),Facility,495761.0,2017
"North Pacific Paper Company, LLC - Longview",2015,Pulp and Paper,Other Pulp and Paper,322122,Newsprint Mills,NP Paper Investor Holdings LLC,Longview,Cowlitz,Southwest Clean Air Agency,"36,771",0,"36,733",17,21,0,0,0,0,Assigned emissions level.  Formerly part of Nippon Dynawave before 2016.  Ecology split emissions for consistency with cooperation from facility.,2,"46.125662, -122.976788",,,POINT (-122.976788 46.125662),Facility,36771.0,2015
Air Liquide Electronics Moses Lake Hydrogen Plant,2020,Chemicals,Other Chemicals,325120,Industrial Gas Manufacturing,Air Liquide USA Inc.,Moses Lake,Grant,Ecology: Eastern Regional Office,0,0,0,0,0,0,0,0,0,Curtailed in May 2019.,1,"47.135844, -119.19962",,,POINT (-119.19962 47.135844),Facility,0.0,2020
"Kaiser Aluminum Washington, LLC (Trentwood Works) - Spokane Valley",2019,Metals,Other Metals,331315,"Aluminum Sheet, Plate, and Foil Manufacturing",Kaiser Aluminum Corp.,Spokane Valley,Spokane,Spokane Regional Clean Air Agency,"128,390",0,"128,258",61,72,0,0,0,0,,3,"47.687074, -117.212673",,,POINT (-117.212673 47.687074),Facility,128390.0,2019
Northwest Pipeline C/S - Sumner,2024,Natural Gas Systems,Natural Gas Transmission/Compression,486210,Pipeline Transportation of Natural Gas,THE WILLIAMS COS INC,Sumner,Pierce,Puget Sound Clean Air Agency,"55,232",0,"54,702",500,31,0,0,0,0,,2,"47.228986, -122.209551","55,232",Covered Entity,POINT (-122.209551 47.228986),Facility,55232.0,2024
TransAlta Centralia Generation LLC - Centralia,2018,Power Plants,Coal Plants,221112,Fossil Fuel Electric Power Generation,Transalta Centralia Generation/Mining,Centralia,Lewis,Southwest Clean Air Agency,"6,097,084",0,"6,049,290","17,482","30,312",0,0,0,0,,5,"46.7559, -122.8578",,,POINT (-122.8578 46.7559),Facility,6097084.0,2018
Northwest Hardwoods Inc. - Centralia,2021,Wood Products,Lumber Mills,321113,Sawmills,Littlejohn & Co. LLC,Centralia,Lewis,Southwest Clean Air Agency,"9,877","5,863","3,932",13,69,0,0,0,0,,1,"46.734454, -122.991963",,,POINT (-122.991963 46.734454),Facility,9877.0,2021
"Interfor US, Inc. - Port Angeles",2016,Wood Products,Lumber Mills,321113,Sawmills,Interfor US Inc.,Port Angeles,Clallam,Olympic Region Clean Air Agency,"43,768","43,191",0,83,494,0,0,0,0,,2,"48.103425, -123.518642",,,POINT (-123.518642 48.103425),Facility,43768.0,2016
US Army Joint Base Lewis-McChord - Pierce Co.,2021,Government,National Security,928110,National Security,US Government,Joint Base Lewis-McChord,Pierce,Puget Sound Clean Air Agency,"69,736",0,"53,210","16,495",31,0,0,0,0,,2,"47.1142, -122.5365",,,POINT (-122.5365 47.1142),Facility,69736.0,2021
Northwest Pipeline Willard C/S - Cook,2024,Natural Gas Systems,Natural Gas Transmission/Compression,486210,Pipeline Transportation of Natural Gas,THE WILLIAMS COS INC,Cook,Skamania,Southwest Clean Air Agency,"8,999",0,"6,786","2,209",4,0,0,0,0,,1,"45.778087, -121.626311","8,999",Covered Entity,POINT (-121.626311 45.778087),Facility,8999.0,2024
U.S. Oil & Refining Co. - Tacoma,2013,Petroleum Systems,Petroleum Refineries,324110,Petroleum Refineries,Par Pacific Holdings Inc.,Tacoma,Pierce,Puget Sound Clean Air Agency,"175,417",0,"172,635","2,226",555,0,0,0,0,,3,"47.256813, -122.394952",,,POINT (-122.394952 47.256813),Facility,175417.0,2013
"WestRock CP, LLC - Tacoma",2015,Pulp and Paper,Kraft Mills,322130,Paperboard Mills,Westrock Corp.,Tacoma,Pierce,Ecology: Industrial Section,"1,135,442","1,011,954","116,998","1,154","5,336",0,0,0,0,,4,"47.260953, -122.421765",,,POINT (-122.421765 47.260953),Facility,1135442.0,2015
Cathcart Landfill - Snohomish,2021,Waste,Landfills,562212,Solid Waste Landfill,Snohomish County,Snohomish,Snohomish,Puget Sound Clean Air Agency,"16,577","1,577",292,"14,702",6,0,0,0,0,,1,"47.870014, -122.118284",,,POINT (-122.118284 47.870014),Facility,16577.0,2021
CenTrio Energy Seattle LLC - Seattle,2012,Power Plants,"Other Power, Heating, or Cooling Plants",221330,Steam and Air-Conditioning Supply,Seattle Steam Company LLC,Seattle,King,Puget Sound Clean Air Agency,"88,823","12,323","76,152",141,207,0,0,0,0,,2,"47.6068, -122.340179",,,POINT (-122.340179 47.6068),Facility,88823.0,2012
Ash Grove Cement Company - Seattle,2012,Minerals,Cement Production,327310,Cement Manufacturing,Ash Grove Cement Co.,Seattle,King,Puget Sound Clean Air Agency,"305,595",0,"305,011",227,357,0,0,0,0,,3,"47.56799, -122.34255",,,POINT (-122.34255 47.56799),Facility,305595.0,2012
Hampton Lumber Mills Washington Inc. - Morton,2014,Wood Products,Lumber Mills,321113,Sawmills,Hampton Lumber Mills Washington Inc.,Morton,Lewis,Southwest Clean Air Agency,"28,827","28,447",0,55,325,0,0,0,0,,2,"46.565997, -122.269573",,,POINT (-122.269573 46.565997),Facility,28827.0,2014
Boeing Commercial Airplanes - Everett,2020,Manufacturing,Transportation Industry,336411,Aircraft Manufacturing,The Boeing Company,Everett,Snohomish,Puget Sound Clean Air Agency,"67,553",0,"67,483",32,38,0,0,0,0,,2,"47.918622, -122.276987",,,POINT (-122.276987 47.918622),Facility,67553.0,2020
Steelscape - Kalama,2019,Metals,Other Metals,331221,Rolled Steel Shape Manufacturing,NS BlueScope USA LLC,Kalama,Cowlitz,Southwest Clean Air Agency,"22,577",0,"22,553",11,13,0,0,0,0,,1,"46.04326, -122.871703",,,POINT (-122.871703 46.04326),Facility,22577.0,2019
Riverside Feeders SFL - Kennewick,2019,Livestock,Cattle Feedlots,112112,Cattle Feedlots,Easterday Ranches,Kennewick,Benton,Benton Clean Air Agency,"21,162",0,"2,749","1,428","16,985",0,0,0,0,,1,"45.991872, -119.136497",,,POINT (-119.136497 45.991872),Facility,21162.0,2019
Chehalis Generation Facility - Chehalis,2015,Power Plants,Natural Gas Turbine Plants,221112,Fossil Fuel Electric Power Generation,Berkshire Hathaway,Chehalis,Lewis,EFSEC,"445,152",0,"444,700",206,246,0,0,0,0,,3,"46.6226, -122.9145",,,POINT (-122.9145 46.6226),Facility,445152.0,2015
Asotin County Regional Landfill - Clarkston,2023,Waste,Landfills,562212,Solid Waste Landfill,Asotin County,Clarkston,Asotin,Ecology: Eastern Regional Office,"64,147","3,870",17,"60,245",14,0,0,0,0,,2,"46.38463, -117.105985",,Reporter,POINT (-117.105985 46.38463),Facility,64147.0,2023
Lamb Weston - Quincy,2021,Food Production,Potato Products,311411,"Frozen Fruit, Juice, and Vegetable Manufacturing","Lamb Weston, Inc.",Quincy,Grant,Ecology: Eastern Regional Office,"35,504",0,"35,467",17,20,0,0,0,0,,2,"47.234413, -119.869914",,,POINT (-119.869914 47.234413),Facility,35504.0,2021
Nutrien US LLC. - Kennewick,2015,Chemicals,Fertilizer Production,325311,Nitrogenous Fertilizer Manufacturing,Agrium US Inc.,Kennewick,Benton,Benton Clean Air Agency,"155,667",0,"10,731",1,"144,935",0,0,0,0,,3,"46.165957, -119.017218",,,POINT (-119.017218 46.165957),Facility,155667.0,2015
"Rainier Veneer, Inc. - Spanaway",2017,Wood Products,Other Wood Products,321212,Softwood Veneer and Plywood Manufacturing,Rainier Veneer Inc.,Spanaway,Pierce,Puget Sound Clean Air Agency,"18,569","16,721","1,624",33,192,0,0,0,0,,1,"47.062059, -122.318981",,,POINT (-122.318981 47.062059),Facility,18569.0,2017
Georgia-Pacific Consumer Operations LLC - Camas,2014,Pulp and Paper,Kraft Mills,322120,Paper Mills,Koch Industries Inc.,Camas,Clark,Ecology: Industrial Section,"629,619","488,880","131,192","7,781","1,765",0,0,0,0,Assigned Emissions Level,3,"45.584271, -122.40843",,,POINT (-122.40843 45.584271),Facility,629619.0,2014
The Boeing Company - Auburn Site - Auburn,2022,Manufacturing,Transportation Industry,336413,Other Aircraft Parts and Auxiliary Equipment Manufacturing,The Boeing Company,Auburn,King,Puget Sound Clean Air Agency,"34,665",0,"34,630",16,19,0,0,0,0,,2,"47.285551, -122.242298",,,POINT (-122.242298 47.285551),Facility,34665.0,2022
Lamb Weston - Warden,2022,Food Production,Potato Products,311411,"Frozen Fruit, Juice, and Vegetable Manufacturing","Lamb Weston, Inc.",Warden,Grant,Ecology: Eastern Regional Office,"15,390",0,"15,374",7,9,0,0,0,0,,1,"46.971504, -119.055427",,,POINT (-119.055427 46.971504),Facility,15390.0,2022
"Vaagen Bros. Lumber, Inc. - Colville",2021,Wood Products,Lumber Mills,321999,All Other Miscellaneous Wood Product Manufacturing,Vaagen Bros. Lumber Inc.,Colville,Stevens,Ecology: Eastern Regional Office,"38,760","38,249",0,74,437,0,0,0,0,,2,"48.548525, -117.915469",,,POINT (-117.915469 48.548525),Facility,38760.0,2021
Great Western Malt - Vancouver,2019,Food Production,Other Food Products,311213,Malt Manufacturing,Great Western Malt,Vancouver,Clark,Southwest Clean Air Agency,"15,095",0,"15,079",7,8,0,0,0,0,,1,"45.631069, -122.690043",,,POINT (-122.690043 45.631069),Facility,15095.0,2019
Darigold - Lynden,2019,Food Production,Dairy Products,311514,"Dry, Condensed, and Evaporated Dairy Product Manufacturing",Darigold Inc.,Lynden,Whatcom,Northwest Clean Air Agency,"19,402",0,"19,382",9,11,0,0,0,0,,1,"48.947567, -122.451915",,,POINT (-122.451915 48.947567),Facility,19402.0,2019
Thurston County Public Works/WARC - Lacey,2023,Waste,Landfills,562212,Solid Waste Landfill,US Government,Lacey,Thurston,Olympic Region Clean Air Agency,"15,614",0,0,"15,614",0,0,0,0,0,Emissions under review.,1,"46.948119, -122.90894",,Reporter,POINT (-122.90894 46.948119),Facility,15614.0,2023
bp Cherry Point Refinery - Blaine,2014,Petroleum Systems,Petroleum Refineries,324110,Petroleum Refineries,BP America Inc.,Blaine,Whatcom,Northwest Clean Air Agency,"2,078,478",0,"2,067,290","6,627","4,562",0,0,0,0,Assigned Emissions Level,5,"48.8864, -122.7353",,,POINT (-122.7353 48.8864),Facility,2078478.0,2014
Packaging Corporation of America - Wallula,2018,Pulp and Paper,Kraft Mills,322121,Paper (except Newsprint) Mills,Packaging Corp of America,Wallula,Walla Walla,Ecology: Industrial Section,"652,556","527,640","108,620","13,777","2,519",0,0,0,0,,3,"46.10396, -118.9184",,,POINT (-118.9184 46.10396),Facility,652556.0,2018
City of Tacoma Solid Waste Facility - Tacoma,2024,Waste,Landfills,562212,Solid Waste Landfill,CITY OF TACOMA WASHINGTON,Tacoma,Pierce,Puget Sound Clean Air Agency,"13,034","5,168",0,"7,848",19,0,0,0,0,,1,"47.223413, -122.499775",,Reporter,POINT (-122.499775 47.223413),Facility,13034.0,2024
"Analog Devices, Inc. - Camas",2016,Manufacturing,Electronics Industry,334413,Semiconductor and Related Device Manufacturing,Linear Technology Corporation,Camas,Clark,Southwest Clean Air Agency,"39,279",0,"1,917",1,"1,357","1,629","31,511","2,729",134,,2,"45.598844, -122.45232",,,POINT (-122.45232 45.598844),Facility,39279.0,2016
TransAlta Centralia Generation LLC - Centralia,2021,Power Plants,Coal Plants,221112,Fossil Fuel Electric Power Generation,Transalta Centralia Generation/Mining,Centralia,Lewis,Southwest Clean Air Agency,"3,484,305",0,"3,456,999","9,988","17,318",0,0,0,0,Unit 1 permanently shut down 12/31/20.,5,"46.7559, -122.8578",,,POINT (-122.8578 46.7559),Facility,3484305.0,2021
Horn Rapids Sanitary Landfill - Richland,2024,Waste,Landfills,562212,Solid Waste Landfill,CITY OF RICHLAND WASHINGTON,Richland,Benton,Benton Clean Air Agency,"28,035",672,0,"27,360",2,0,0,0,0,,2,"46.346663, -119.348118",,Reporter,POINT (-119.348118 46.346663),Facility,28035.0,2024
"Boise Cascade Wood Products, LLC.  Kettle Falls Plywood - Kettle Falls",2022,Wood Products,Other Wood Products,321219,Reconstituted Wood Product Manufacturing,Boise Cascade Company,Kettle Falls,Stevens,Ecology: Eastern Regional Office,"73,039","54,188","18,108",113,630,0,0,0,0,,2,"48.613175, -118.116106",,,POINT (-118.116106 48.613175),Facility,73039.0,2022
Reser's Fine Foods Industrial Way Plant - Pasco,2022,Food Production,Other Food Products,311991,Perishable Prepared Food Manufacturing,"Resers Fine Foods, Inc",Pasco,Franklin,Ecology: Eastern Regional Office,"2,974",0,"2,970",2,2,0,0,0,0,Only year reporting. Voluntary reporter.,1,"46.272621, -119.094644",,,POINT (-119.094644 46.272621),Facility,2974.0,2022
Steelscape - Kalama,2014,Metals,Other Metals,331221,Rolled Steel Shape Manufacturing,NS BlueScope USA LLC,Kalama,Cowlitz,Southwest Clean Air Agency,"22,435",0,"22,412",11,13,0,0,0,0,,1,"46.04326, -122.871703",,,POINT (-122.871703 46.04326),Facility,22435.0,2014
"Horse Heaven Cattle Feeders, Inc. - Sunnyside",2013,Livestock,Cattle Feedlots,112112,Cattle Feedlots,"Horse Heaven Cattle Feeders, Inc.",Sunnyside,Yakima,Yakima Regional Clean Air Agency,"9,410",0,0,595,"8,815",0,0,0,0,,1,"46.284622, -120.019668",,,POINT (-120.019668 46.284622),Facility,9410.0,2013
"Emerald City Renewables, LLC- Graham",2023,Power Plants,"Other Power, Heating, or Cooling Plants",221117,Biomass Electric Power Generation,Emerald City Renewables LLC,Graham,Pierce,Puget Sound Clean Air Agency,"19,490","19,390",0,30,70,0,0,0,0,,1,"46.975533, -122.290871",,Reporter,POINT (-122.290871 46.975533),Facility,19490.0,2023
Puget Sound Energy - Ferndale Generating Station - Ferndale,2021,Power Plants,Natural Gas Turbine Plants,221112,Fossil Fuel Electric Power Generation,Puget Holdings LLC,Ferndale,Whatcom,Northwest Clean Air Agency,"637,260",0,"636,613",295,352,0,0,0,0,,3,"48.828707, -122.685533",,,POINT (-122.685533 48.828707),Facility,637260.0,2021
Air Liquide Hydrogen Plant  - Anacortes,2015,Petroleum Systems,Other Petroleum Systems,325120,Industrial Gas Manufacturing,Air Liquide USA Inc.,Anacortes,Skagit,Northwest Clean Air Agency,"64,385",0,"64,385",0,0,0,0,0,0,,2,"48.465617, -122.556032",,,POINT (-122.556032 48.465617),Facility,64385.0,2015
Sierra Pacific Industries - Shelton,2022,Wood Products,Lumber Mills,321212,Softwood Veneer and Plywood Manufacturing,Simpson Lumber Company LLC,Shelton,Mason,Olympic Region Clean Air Agency,"68,214","67,315",0,129,770,0,0,0,0,,2,"47.213448, -123.096517",,,POINT (-123.096517 47.213448),Facility,68214.0,2022
Sierra Pacific Industries - Aberdeen,2013,Wood Products,Lumber Mills,321113,Sawmills,Sierra Pacific Industries,Aberdeen,Grays Harbor,Olympic Region Clean Air Agency,"244,793","240,941",634,463,"2,756",0,0,0,0,,3,"46.971875, -123.775526",,,POINT (-123.775526 46.971875),Facility,244793.0,2013
Cascade Hardwood LLC - Chehalis,2021,Wood Products,Lumber Mills,321113,Sawmills,Cascade Hardwood LLC,Chehalis,Lewis,Southwest Clean Air Agency,"11,302","11,146",7,22,128,0,0,0,0,,1,"46.635062, -122.930338",,,POINT (-122.930338 46.635062),Facility,11302.0,2021
Cardinal FG Company - Winlock,2014,Minerals,Glass Production,327211,Flat Glass Manufacturing,Cardinal Glass Industries Inc.,Winlock,Lewis,Southwest Clean Air Agency,"102,813",0,"102,739",34,40,0,0,0,0,,3,"46.544937, -122.926313",,,POINT (-122.926313 46.544937),Facility,102813.0,2014
Phillips 66 Ferndale Refinery - Ferndale,2020,Petroleum Systems,Petroleum Refineries,324110,Petroleum Refineries,Phillips 66 Company,Ferndale,Whatcom,Northwest Clean Air Agency,"801,159",0,"797,447","1,728","1,984",0,0,0,0,,3,"48.830142, -122.692114",,,POINT (-122.692114 48.830142),Facility,801159.0,2020
Lamb Weston - Quincy,2016,Food Production,Potato Products,311411,"Frozen Fruit, Juice, and Vegetable Manufacturing","Lamb Weston, Inc.",Quincy,Grant,Ecology: Eastern Regional Office,"40,468",0,"40,427",19,23,0,0,0,0,,2,"47.234413, -119.869914",,,POINT (-119.869914 47.234413),Facility,40468.0,2016
Chehalis Generation Facility - Chehalis,2012,Power Plants,Natural Gas Turbine Plants,221112,Fossil Fuel Electric Power Generation,Berkshire Hathaway,Chehalis,Lewis,EFSEC,"371,646",0,"371,268",172,205,0,0,0,0,,3,"46.6226, -122.9145",,,POINT (-122.9145 46.6226),Facility,371646.0,2012
Puget Sound Energy - Goldendale Generating Station - Goldendale,2014,Power Plants,Natural Gas Turbine Plants,221112,Fossil Fuel Electric Power Generation,Puget Holdings LLC,Goldendale,Klickitat,Ecology: Central Regional Office,"387,312",0,"386,918",179,214,0,0,0,0,,3,"45.8114, -120.833",,,POINT (-120.833 45.8114),Facility,387312.0,2014
Ash Grove Cement Company - Seattle,2024,Minerals,Cement Production,327310,Cement Manufacturing,CRH,Seattle,King,Puget Sound Clean Air Agency,"388,958",0,"388,153",319,486,0,0,0,0,,3,"47.567990, -122.342550","388,958",Covered Entity,POINT (-122.34255 47.56799),Facility,388958.0,2024
"Tyson Fresh Meats, Inc. - Wallula",2023,Food Production,Meat Products,311611,Animal (except Poultry) Slaughtering,"Tyson Foods, Inc",Wallula,Walla Walla,Ecology: Eastern Regional Office,"100,445",0,"26,384","74,044",17,0,0,0,0,,3,"46.137521, -118.913051","99,431",Covered Entity,POINT (-118.913051 46.137521),Facility,100445.0,2023
"Tyson Fresh Meats, Inc. - Wallula",2012,Food Production,Meat Products,311611,Animal (except Poultry) Slaughtering,"Tyson Foods, Inc",Wallula,Walla Walla,Ecology: Eastern Regional Office,"52,155",0,"21,679","30,464",12,0,0,0,0,,2,"46.137521, -118.913051",,,POINT (-118.913051 46.137521),Facility,52155.0,2012
Keyes Fibre Corporation - Wenatchee,2013,Pulp and Paper,Other Pulp and Paper,322299,All Other Converted Paper Product Manufacturing,Tekni-Plex Wenatchee Fiber Consumer Porducts,Wenatchee,Chelan,Ecology: Central Regional Office,"13,237",0,"13,223",6,7,0,0,0,0,,1,"47.485987, -120.316363",,,POINT (-120.316363 47.485987),Facility,13237.0,2013
J.R. Simplot Company - Othello,2016,Food Production,Potato Products,311411,"Frozen Fruit, Juice, and Vegetable Manufacturing",J.R. Simplot Company,Othello,Adams,Ecology: Eastern Regional Office,"93,712",0,"48,769","44,916",27,0,0,0,0,,2,"46.837778, -119.176389",,,POINT (-119.176389 46.837778),Facility,93712.0,2016
Inland Empire Paper Company - Spokane,2020,Pulp and Paper,Other Pulp and Paper,322122,Newsprint Mills,Cowles Publishing Co.,Spokane,Spokane,Spokane Regional Clean Air Agency,"34,724","17,931","16,537",43,215,0,0,0,0,,2,"47.688295, -117.279323",,,POINT (-117.279323 47.688295),Facility,34724.0,2020
Ascensus Specialties LLC - Elma,2013,Chemicals,Other Chemicals,325180,Other Basic Inorganic Chemical Manufacturing,VSI Holdings LLC,Elma,Grays Harbor,Olympic Region Clean Air Agency,"17,966",0,"17,857",9,100,0,0,0,0,,1,"46.995459, -123.382316",,,POINT (-123.382316 46.995459),Facility,17966.0,2013
The Boeing Company: Boeing Plant 2 - Seattle,2012,Manufacturing,Transportation Industry,336411,Aircraft Manufacturing,The Boeing Company,Seattle,King,Puget Sound Clean Air Agency,"23,481",0,"23,457",11,13,0,0,0,0,,1,"47.532524, -122.311623",,,POINT (-122.311623 47.532524),Facility,23481.0,2012
LRI Landfill - Graham,2019,Waste,Landfills,562212,Solid Waste Landfill,Waste Connections Inc.,Graham,Pierce,Puget Sound Clean Air Agency,"271,964",0,0,"271,964",0,0,0,0,0,,3,"46.972405, -122.292799",,,POINT (-122.292799 46.972405),Facility,271964.0,2019
Simplot Feeders LTD. - Burbank,2020,Livestock,Cattle Feedlots,112112,Cattle Feedlots,J.R. Simplot Company,Burbank,Walla Walla,Ecology: Eastern Regional Office,"32,477",0,"1,162","2,432","28,883",0,0,0,0,,2,"46.133131, -118.90629",,,POINT (-118.90629 46.133131),Facility,32477.0,2020
Avista Corporation - WA State DOE Reporting - statewide,2023,Natural Gas Systems,Natural Gas Local Distribution Companies,221121,Electric Bulk Power Transmission and Control,Avista Corp.,Spokane,Spokane,Spokane Regional Clean Air Agency,"1,015",0,0,0,0,0,0,"1,015",0,,1,"47.673486, -117.388514",,Reporter,POINT (-117.388514 47.673486),Facility,1015.0,2023
Puget Sound Energy - Encogen Generating Station - Bellingham,2012,Power Plants,Natural Gas Turbine Plants,221112,Fossil Fuel Electric Power Generation,Puget Holdings LLC,Bellingham,Whatcom,Northwest Clean Air Agency,"51,680",0,"51,627",24,29,0,0,0,0,,2,"48.746, -122.486",,,POINT (-122.486 48.746),Facility,51680.0,2012
U.S. Department of Energy Hanford Site - Richland,2019,Government,Other Government,924110,Administration of Air and Water Resource and Solid Waste Management Programs,US Government,Richland,Benton,Ecology: NWP,"14,390",0,"5,233","9,150",8,0,0,0,0,,1,"46.55069, -119.489007",,,POINT (-119.489007 46.55069),Facility,14390.0,2019
Port Angeles Hardwood LLC - Port Angeles,2023,Wood Products,Lumber Mills,321113,Sawmills,Port Angeles Hardwood LLC,Port Angeles,Clallam,Olympic Region Clean Air Agency,"21,627","21,342",0,41,244,0,0,0,0,,1,"48.100872, -123.485745",,Reporter,POINT (-123.485745 48.100872),Facility,21627.0,2023
Sierra Pacific Industries - Burlington - Mount Vernon,2022,Wood Products,Lumber Mills,321113,Sawmills,Sierra Pacific Industries,Mount Vernon,Skagit,Northwest Clean Air Agency,"220,041","198,401","18,970",390,"2,280",0,0,0,0,,3,"48.448553, -122.434613",,,POINT (-122.434613 48.448553),Facility,220041.0,2022
Naval Base Kitsap Bangor - Silverdale,2024,Government,National Security,928110,National Security,Commanding Officer Naval Base Kitsap,Silverdale,Kitsap,Puget Sound Clean Air Agency,"19,374",0,"19,351",10,13,0,0,0,0,,1,"47.699284, -122.696926",,Reporter,POINT (-122.696926 47.699284),Facility,19374.0,2024
Northwest Pipeline C/S - Chehalis,2022,Natural Gas Systems,Natural Gas Transmission/Compression,486210,Pipeline Transportation of Natural Gas,"The Williams Companies, Inc.",Chehalis,Lewis,Southwest Clean Air Agency,"19,805",0,"17,908","1,887",10,0,0,0,0,,1,"46.533325, -122.87373",,,POINT (-122.87373 46.533325),Facility,19805.0,2022
Alcoa Intalco Works - Ferndale,2023,Metals,Aluminum Production,331312,Primary Aluminum Production,Alcoa Corp.,Ferndale,Whatcom,Ecology: Industrial Section,"8,533",0,943,"7,590",1,0,0,0,0,Curtailed mid 2020.  Production permenantly shutdown 2023.,1,"48.8455, -122.7055","8,533",Covered Entity,POINT (-122.7055 48.8455),Facility,8533.0,2023
Providence Sacred Heart Medical Center - Spokane,2018,Health Care,Hospitals,622110,General Medical and Surgical Hospitals,Providence Health Services,Spokane,Spokane,Spokane Regional Clean Air Agency,"12,264",0,"12,251",6,7,0,0,0,0,,1,"47.648848, -117.412461",,,POINT (-117.412461 47.648848),Facility,12264.0,2018
Sonoco Products - Sumner,2018,Pulp and Paper,Other Pulp and Paper,322130,Paperboard Mills,Sonoco Products Company,Sumner,Pierce,Puget Sound Clean Air Agency,"11,448",0,"11,436",6,7,0,0,0,0,,1,"47.210641, -122.239474",,,POINT (-122.239474 47.210641),Facility,11448.0,2018
Hampton Lumber Mills Washington Inc. - Darrington,2023,Wood Products,Lumber Mills,321113,Sawmills,Hampton Lumber Mills Washington Inc.,Darrington,Snohomish,Puget Sound Clean Air Agency,"83,298","82,200",0,158,940,0,0,0,0,,2,"48.262797, -121.597608",,Reporter,POINT (-121.597608 48.262797),Facility,83298.0,2023
Washington State University - Pullman,2021,Government,Education,611310,"Colleges, Universities, and Professional Schools",State of Washington,Pullman,Whitman,Ecology: Eastern Regional Office,"62,454",0,"62,389",30,35,0,0,0,0,,2,"46.728702, -117.151481",,,POINT (-117.151481 46.728702),Facility,62454.0,2021
WestRock LLC - Longview,2012,Pulp and Paper,Kraft Mills,322130,Paperboard Mills,Westrock Corp.,Longview,Cowlitz,Ecology: Industrial Section,"1,672,199","1,451,139","187,079","11,879","22,103",0,0,0,0,,4,"46.10361, -122.92167",,,POINT (-122.92167 46.10361),Facility,1672199.0,2012
Ash Grove Cement Company - Seattle,2019,Minerals,Cement Production,327310,Cement Manufacturing,Ash Grove Cement Co.,Seattle,King,Puget Sound Clean Air Agency,"366,202",0,"365,684",207,310,0,0,0,0,,3,"47.56799, -122.34255",,,POINT (-122.34255 47.56799),Facility,366202.0,2019
Northwest Hardwoods Inc. - Centralia,2016,Wood Products,Lumber Mills,321113,Sawmills,Littlejohn & Co. LLC,Centralia,Lewis,Southwest Clean Air Agency,"10,483","6,759","3,631",15,79,0,0,0,0,,1,"46.734454, -122.991963",,,POINT (-122.991963 46.734454),Facility,10483.0,2016
Puget Sound Energy - Mint Farm Generating Station - Longview,2016,Power Plants,Natural Gas Turbine Plants,221112,Fossil Fuel Electric Power Generation,Puget Holdings LLC,Longview,Cowlitz,Southwest Clean Air Agency,"433,451",0,"433,011",201,239,0,0,0,0,,3,"46.140095, -122.985138",,,POINT (-122.985138 46.140095),Facility,433451.0,2016
Northwest Hardwoods Inc. - Longview,2021,Wood Products,Lumber Mills,321113,Sawmills,Littlejohn & Co. LLC,Longview,Cowlitz,Southwest Clean Air Agency,"14,016","8,547","5,349",19,101,0,0,0,0,,1,"46.114537, -122.916806",,,POINT (-122.916806 46.114537),Facility,14016.0,2021
Milne Fruit Products - Prosser,2023,Food Production,Fruit Products,311411,"Frozen Fruit, Juice, and Vegetable Manufacturing",Milne Fruit Products,Prosser,Benton,Benton Clean Air Agency,"7,387",0,"7,379",4,4,0,0,0,0,,1,"46.202562, -119.775527",,Reporter,POINT (-119.775527 46.202562),Facility,7387.0,2023
Murphy Veneer - Elma,2015,Wood Products,Other Wood Products,321212,Softwood Veneer and Plywood Manufacturing,Murphy Co.,Elma,Grays Harbor,Olympic Region Clean Air Agency,"10,964",0,"10,952",5,6,0,0,0,0,,1,"47.040323, -123.334339",,,POINT (-123.334339 47.040323),Facility,10964.0,2015
Puget Sound Energy LDC Facility - Bellevue,2018,Natural Gas Systems,Natural Gas Local Distribution Companies,221210,Natural Gas Distribution,Puget Holdings LLC,Bellevue,King,Puget Sound Clean Air Agency,"61,071",0,90,"60,981",0,0,0,0,0,,2,"47.61345, -122.19454",,,POINT (-122.19454 47.61345),Facility,61071.0,2018
Terrace Heights Landfill - Yakima,2022,Waste,Landfills,562212,Solid Waste Landfill,Yakima County Public Services - Solid Waste Division,Yakima,Yakima,Yakima Regional Clean Air Agency,"128,470",0,14,"128,456",0,0,0,0,0,,3,"46.610031, -120.39408",,,POINT (-120.39408 46.610031),Facility,128470.0,2022
CenTrio Energy Seattle LLC - Seattle,2017,Power Plants,"Other Power, Heating, or Cooling Plants",221330,Steam and Air-Conditioning Supply,Seattle Steam Company LLC,Seattle,King,Puget Sound Clean Air Agency,"72,623",0,"72,548",34,41,0,0,0,0,,2,"47.6068, -122.340179",,,POINT (-122.340179 47.6068),Facility,72623.0,2017
Starbucks Kent Flexible Plant - Kent,2015,Food Production,Other Food Products,311920,Coffee and Tea Manufacturing,Starbucks Corp.,Kent,King,Puget Sound Clean Air Agency,"13,542",0,"13,529",6,7,0,0,0,0,First year reporting.,1,"47.436276, -122.237648",,,POINT (-122.237648 47.436276),Facility,13542.0,2015
Keyes Fibre Corporation - Wenatchee,2018,Pulp and Paper,Other Pulp and Paper,322299,All Other Converted Paper Product Manufacturing,Tekni-Plex Wenatchee Fiber Consumer Porducts,Wenatchee,Chelan,Ecology: Central Regional Office,"15,291",0,"15,275",7,9,0,0,0,0,,1,"47.485987, -120.316363",,,POINT (-120.316363 47.485987),Facility,15291.0,2018
U.S. Department of Energy Hanford Site - Richland,2018,Government,Other Government,924110,Administration of Air and Water Resource and Solid Waste Management Programs,US Government,Richland,Benton,Ecology: NWP,"13,525",0,"4,171","9,333",6,0,0,16,0,,1,"46.55069, -119.489007",,,POINT (-119.489007 46.55069),Facility,13525.0,2018
HF Sinclair Puget Sound Refinery LLC - Anacortes,2020,Petroleum Systems,Petroleum Refineries,324110,Petroleum Refineries,HollyFrontier Puget Sound Refining LLC,Anacortes,Skagit,Northwest Clean Air Agency,"1,803,411",0,"1,793,568","6,066","3,777",0,0,0,0,,4,"48.470931, -122.559161",,,POINT (-122.559161 48.470931),Facility,1803411.0,2020
Avista Corporation - WA State DOE Reporting - statewide,2019,Natural Gas Systems,Natural Gas Local Distribution Companies,221121,Electric Bulk Power Transmission and Control,Avista Corp.,Spokane,Spokane,Spokane Regional Clean Air Agency,"3,496",0,0,0,0,0,0,"3,496",0,,1,"47.673486, -117.388514",,,POINT (-117.388514 47.673486),Facility,3496.0,2019
Avista Corporation - WA State DOE Reporting - statewide,2021,Natural Gas Systems,Natural Gas Local Distribution Companies,221121,Electric Bulk Power Transmission and Control,Avista Corp.,Spokane,Spokane,Spokane Regional Clean Air Agency,"7,348",0,0,0,0,0,0,"7,348",0,,1,"47.673486, -117.388514",,,POINT (-117.388514 47.673486),Facility,7348.0,2021
Tree Top - Wenatchee,2018,Food Production,Fruit Products,311423,Dried and Dehydrated Food Manufacturing,Tree Top Inc.,Wenatchee,Chelan,Ecology: Central Regional Office,"10,912",0,"10,901",5,6,0,0,0,0,,1,"47.48938, -120.31426",,,POINT (-120.31426 47.48938),Facility,10912.0,2018
Roosevelt Regional Landfill - Roosevelt,2020,Waste,Landfills,562212,Solid Waste Landfill,"Republic Services, Inc.",Roosevelt,Klickitat,Ecology: Central Regional Office,"239,444",0,190,"239,253",1,0,0,0,0,,3,"45.807146, -120.179785",,,POINT (-120.179785 45.807146),Facility,239444.0,2020
Washington Potato Company - Warden,2017,Food Production,Potato Products,311991,Perishable Prepared Food Manufacturing,Washington Potato Co.,Warden,Grant,Ecology: Eastern Regional Office,"29,844",0,"29,814",14,17,0,0,0,0,,2,"46.970469, -119.063631",,,POINT (-119.063631 46.970469),Facility,29844.0,2017
Puget Sound Energy - Ferndale Generating Station - Ferndale,2014,Power Plants,Natural Gas Turbine Plants,221112,Fossil Fuel Electric Power Generation,Puget Holdings LLC,Ferndale,Whatcom,Northwest Clean Air Agency,"333,193",0,"332,855",154,184,0,0,0,0,,3,"48.828707, -122.685533",,,POINT (-122.685533 48.828707),Facility,333193.0,2014
Grant County Landfill 1 - Ephrata,2013,Waste,Landfills,562212,Solid Waste Landfill,Grant County Washington,Ephrata,Grant,Ecology: Eastern Regional Office,"38,883",0,0,"38,883",0,0,0,0,0,,2,"47.270759, -119.573764",,,POINT (-119.573764 47.270759),Facility,38883.0,2013
Georgia-Pacific Gypsum LLC - Tacoma,2016,Manufacturing,Building Products,327420,Gypsum Product Manufacturing,Koch Industries Inc.,Tacoma,Pierce,Puget Sound Clean Air Agency,"48,825",0,"48,775",23,27,0,0,0,0,,2,"47.269558, -122.394869",,,POINT (-122.394869 47.269558),Facility,48825.0,2016
Ardagh Glass Inc. - Seattle,2018,Minerals,Glass Production,327213,Glass Container Manufacturing,Ardagh Holdings USA Inc.,Seattle,King,Puget Sound Clean Air Agency,"76,476",0,"76,415",28,33,0,0,0,0,,2,"47.55242, -122.33739",,,POINT (-122.33739 47.55242),Facility,76476.0,2018
Cowlitz County Headquarters Landfill - Castle Rock,2022,Waste,Landfills,562212,Solid Waste Landfill,Cowlitz County,Castle Rock,Cowlitz,Southwest Clean Air Agency,"300,795","10,208",0,"290,551",37,0,0,0,0,,3,"46.246902, -122.772284",,,POINT (-122.772284 46.246902),Facility,300795.0,2022
Hampton Lumber Mills Washington Inc. - Darrington,2016,Wood Products,Lumber Mills,321113,Sawmills,Hampton Lumber Mills Washington Inc.,Darrington,Snohomish,Puget Sound Clean Air Agency,"94,826","93,577",0,180,"1,070",0,0,0,0,,2,"48.262797, -121.597608",,,POINT (-121.597608 48.262797),Facility,94826.0,2016
Nippon Dynawave - Longview,2023,Pulp and Paper,Kraft Mills,322121,Paper (except Newsprint) Mills,Nippon Paper Industries Co Ltd,Longview,Cowlitz,Ecology: Industrial Section,"1,534,644","1,197,530","329,568","1,604","5,942",0,0,0,0,Formerly included North Pacific Paper Company before 2016.,4,"46.130495, -122.983637","336,911",Covered Entity,POINT (-122.983637 46.130495),Facility,1534644.0,2023
Phillips 66 Ferndale Refinery - Ferndale,2023,Petroleum Systems,Petroleum Refineries,324110,Petroleum Refineries,Phillips 66 Company,Ferndale,Whatcom,Northwest Clean Air Agency,"902,436",0,"898,414","1,807","2,216",0,0,0,0,,3,"48.830142, -122.692114","902,283",Covered Entity,POINT (-122.692114 48.830142),Facility,902436.0,2023
Northwest Pipeline C/S - Goldendale,2022,Natural Gas Systems,Natural Gas Transmission/Compression,486210,Pipeline Transportation of Natural Gas,"The Williams Companies, Inc.",Goldendale,Klickitat,Ecology: Central Regional Office,"19,818",0,"17,270","2,538",10,0,0,0,0,,1,"45.771216, -120.799267",,,POINT (-120.799267 45.771216),Facility,19818.0,2022
Puget Sound Energy - Jackson Prairie Gas Storage - Chehalis,2023,Natural Gas Systems,Natural Gas Storage,486210,Pipeline Transportation of Natural Gas,Puget Holdings LLC,Chehalis,Lewis,Southwest Clean Air Agency,"14,652",0,"12,889","1,756",7,0,0,0,0,,1,"46.53461, -122.838569",,Reporter,POINT (-122.838569 46.53461),Facility,14652.0,2023
Steelscape - Kalama,2020,Metals,Other Metals,331221,Rolled Steel Shape Manufacturing,NS BlueScope USA LLC,Kalama,Cowlitz,Southwest Clean Air Agency,"21,774",0,"21,752",10,12,0,0,0,0,,1,"46.04326, -122.871703",,,POINT (-122.871703 46.04326),Facility,21774.0,2020
Air Liquide Electronics Moses Lake Hydrogen Plant,2013,Chemicals,Other Chemicals,325120,Industrial Gas Manufacturing,Air Liquide USA Inc.,Moses Lake,Grant,Ecology: Eastern Regional Office,"17,253",0,"17,253",0,0,0,0,0,0,,1,"47.135844, -119.19962",,,POINT (-119.19962 47.135844),Facility,17253.0,2013
Milne Fruit Products - Prosser,2020,Food Production,Fruit Products,311411,"Frozen Fruit, Juice, and Vegetable Manufacturing",Milne Fruit Products,Prosser,Benton,Benton Clean Air Agency,"10,402",0,"10,391",5,6,0,0,0,0,,1,"46.202562, -119.775527",,,POINT (-119.775527 46.202562),Facility,10402.0,2020
Northwest Pipeline Roosevelt C/S - Bickleton,2018,Natural Gas Systems,Natural Gas Transmission/Compression,486210,Pipeline Transportation of Natural Gas,"The Williams Companies, Inc.",Bickleton,Klickitat,Ecology: Central Regional Office,"13,970",0,"11,803","2,161",7,0,0,0,0,,1,"45.849504, -120.08083",,,POINT (-120.08083 45.849504),Facility,13970.0,2018
"WestRock CP, LLC - Tacoma",2022,Pulp and Paper,Kraft Mills,322130,Paperboard Mills,Westrock Corp.,Tacoma,Pierce,Ecology: Industrial Section,"978,344","847,415","125,572",973,"4,384",0,0,0,0,,3,"47.260953, -122.421765",,,POINT (-122.421765 47.260953),Facility,978344.0,2022
"Kaiser Aluminum Washington, LLC (Trentwood Works) - Spokane Valley",2023,Metals,Other Metals,331315,"Aluminum Sheet, Plate, and Foil Manufacturing",Kaiser Aluminum Corp.,Spokane Valley,Spokane,Spokane Regional Clean Air Agency,"124,834",0,"124,706",59,70,0,0,0,0,,3,"47.687074, -117.212673","124,833",Covered Entity,POINT (-117.212673 47.687074),Facility,124834.0,2023
The Boeing Company: DC/MFC - Tukwila,2024,Manufacturing,Transportation Industry,336411,Aircraft Manufacturing,THE BOEING CO,Tukwila,King,Puget Sound Clean Air Agency,"13,490",0,"13,476",6,7,0,0,0,0,,1,"47.516246, -122.298613",,Reporter,POINT (-122.298613 47.516246),Facility,13490.0,2024
Horn Rapids Sanitary Landfill - Richland,2020,Waste,Landfills,562212,Solid Waste Landfill,City of Richland,Richland,Benton,Benton Clean Air Agency,"27,329",0,0,"27,329",0,0,0,0,0,,2,"46.346663, -119.348118",,,POINT (-119.348118 46.346663),Facility,27329.0,2020
Puget Sound Energy - Whitehorn Generating Station - Blaine,2014,Power Plants,Natural Gas Turbine Plants,221112,Fossil Fuel Electric Power Generation,Puget Holdings LLC,Blaine,Whatcom,Northwest Clean Air Agency,"29,472",0,"29,441",14,18,0,0,0,0,,2,"48.885475, -122.724299",,,POINT (-122.724299 48.885475),Facility,29472.0,2014
Hampton Lumber Mills Washington Inc. - Randle,2014,Wood Products,Lumber Mills,321113,Sawmills,Hampton Lumber Mills Washington Inc.,Randle,Lewis,Southwest Clean Air Agency,"56,286","55,544",0,107,635,0,0,0,0,,2,"46.533743, -121.917906",,,POINT (-121.917906 46.533743),Facility,56286.0,2014
"Greif, Tacoma Mill - Tacoma",2020,Pulp and Paper,Other Pulp and Paper,322130,Paperboard Mills,Paperboard Parent Inc.,Tacoma,Pierce,Puget Sound Clean Air Agency,"13,941",0,"13,926",7,8,0,0,0,0,,1,"47.239235, -122.421909",,,POINT (-122.421909 47.239235),Facility,13941.0,2020
"Gas Transmission Northwest Compressor Station 8, LLC -Wallula",2019,Natural Gas Systems,Natural Gas Transmission/Compression,486210,Pipeline Transportation of Natural Gas,TransCanada Northern Border Inc.,Wallula,Walla Walla,Ecology: Eastern Regional Office,"121,132",0,"119,457","1,608",67,0,0,0,0,,3,"46.053153, -118.843934",,,POINT (-118.843934 46.053153),Facility,121132.0,2019
Northwest Hardwoods Inc. - Centralia,2017,Wood Products,Lumber Mills,321113,Sawmills,Littlejohn & Co. LLC,Centralia,Lewis,Southwest Clean Air Agency,"10,678","7,117","3,463",16,83,0,0,0,0,,1,"46.734454, -122.991963",,,POINT (-122.991963 46.734454),Facility,10678.0,2017
Ascensus Specialties LLC - Elma,2016,Chemicals,Other Chemicals,325180,Other Basic Inorganic Chemical Manufacturing,VSI Holdings LLC,Elma,Grays Harbor,Olympic Region Clean Air Agency,"20,802",0,"20,780",10,12,0,0,0,0,,1,"46.995459, -123.382316",,,POINT (-123.382316 46.995459),Facility,20802.0,2016
J.R. Simplot Company - Moses Lake,2015,Food Production,Potato Products,311411,"Frozen Fruit, Juice, and Vegetable Manufacturing",J.R. Simplot Company,Moses Lake,Grant,Ecology: Eastern Regional Office,"34,886","3,790","26,871","4,197",29,0,0,0,0,,2,"47.131732, -119.18926",,,POINT (-119.18926 47.131732),Facility,34886.0,2015
Northwest Pipeline C/S - Sumas,2021,Natural Gas Systems,Natural Gas Transmission/Compression,486210,Pipeline Transportation of Natural Gas,"The Williams Companies, Inc.",Sumas,Whatcom,Northwest Clean Air Agency,"90,233",0,"86,329","3,856",49,0,0,0,0,,2,"49.001, -122.2214",,,POINT (-122.2214 49.001),Facility,90233.0,2021
H.W. Hill Landfill Gas Power Plant - Roosevelt,2013,Power Plants,"Other Power, Heating, or Cooling Plants",221119,Other Electric Power Generation,Public Utility District No. 1 of Klickitat County,Roosevelt,Klickitat,Ecology: Central Regional Office,"89,278","88,822",0,136,320,0,0,0,0,,2,"45.807765, -120.166354",,,POINT (-120.166354 45.807765),Facility,89278.0,2013
Fairchild AFB - Spokane Co.,2024,Government,National Security,928110,National Security,US Government,Fairchild Air Force Base,Spokane,Spokane Regional Clean Air Agency,"13,777",0,"13,763",7,8,0,0,0,0,,1,"47.641332, -117.644832",,Reporter,POINT (-117.644832 47.641332),Facility,13777.0,2024
Alon Asphalt Company - Seattle,2013,Petroleum Systems,Other Petroleum Systems,424710,Petroleum Bulk Stations and Terminals,Delek US Holdings Inc.,Seattle,King,Puget Sound Clean Air Agency,"14,336",0,"14,304",24,8,0,0,0,0,,1,"47.781642, -122.395299",,,POINT (-122.395299 47.781642),Facility,14336.0,2013
James Hardie Building Products - Tacoma,2022,Manufacturing,Building Products,327390,Other Concrete Product Manufacturing,James Hardie Building Products Inc.,Tacoma,Pierce,Puget Sound Clean Air Agency,"21,906",0,"21,884",10,12,0,0,0,0,,1,"47.092145, -122.364656",,,POINT (-122.364656 47.092145),Facility,21906.0,2022
Sierra Pacific Industries - Aberdeen,2024,Wood Products,Lumber Mills,321113,Sawmills,SIERRA PACIFIC INDUSTRIES,Aberdeen,Grays Harbor,Olympic Region Clean Air Agency,"250,032","245,445","1,409",457,"2,721",0,0,0,0,,3,"46.971875, -123.775526",,Reporter,POINT (-123.775526 46.971875),Facility,250032.0,2024
Stevens County Landfill - Kettle Falls,2022,Waste,Landfills,562212,Solid Waste Landfill,Stevens County,Kettle Falls,Stevens,Ecology: Eastern Regional Office,"11,060",911,0,"10,145",3,0,0,0,0,First year reporting.,1,"48.580583, -118.087594",,,POINT (-118.087594 48.580583),Facility,11060.0,2022
J.R. Simplot Company - Othello,2017,Food Production,Potato Products,311411,"Frozen Fruit, Juice, and Vegetable Manufacturing",J.R. Simplot Company,Othello,Adams,Ecology: Eastern Regional Office,"95,215",0,"49,074","46,114",27,0,0,0,0,,2,"46.837778, -119.176389",,,POINT (-119.176389 46.837778),Facility,95215.0,2017
Puget Sound Energy LDC Facility - Bellevue,2017,Natural Gas Systems,Natural Gas Local Distribution Companies,221210,Natural Gas Distribution,Puget Holdings LLC,Bellevue,King,Puget Sound Clean Air Agency,"60,615",0,103,"60,512",0,0,0,0,0,,2,"47.61345, -122.19454",,,POINT (-122.19454 47.61345),Facility,60615.0,2017
Graymont Western US. Inc. - Tacoma,2013,Minerals,Lime Production,327410,Lime Manufacturing,"Graymont, Inc.",Tacoma,Pierce,Puget Sound Clean Air Agency,"92,862",0,"92,723",53,87,0,0,0,0,,2,"47.271365, -122.397262",,,POINT (-122.397262 47.271365),Facility,92862.0,2013
River Road Generating Plant - Vancouver,2021,Power Plants,Natural Gas Turbine Plants,221112,Fossil Fuel Electric Power Generation,Clark Public Utilities,Vancouver,Clark,Southwest Clean Air Agency,"737,163",0,"736,414",342,407,0,0,0,0,,3,"45.64958, -122.724806",,,POINT (-122.724806 45.64958),Facility,737163.0,2021
Goodrich Corporation - Spokane,2013,Manufacturing,Transportation Industry,336413,Other Aircraft Parts and Auxiliary Equipment Manufacturing,Raytheon Technologies Corp,Spokane,Spokane,Spokane Regional Clean Air Agency,"34,440",0,"34,393",19,28,0,0,0,0,,2,"47.583604, -117.568511",,,POINT (-117.568511 47.583604),Facility,34440.0,2013
US Army Joint Base Lewis-McChord - Pierce Co.,2017,Government,National Security,928110,National Security,US Government,Joint Base Lewis-McChord,Pierce,Puget Sound Clean Air Agency,"78,440",0,"59,757","18,648",36,0,0,0,0,,2,"47.1142, -122.5365",,,POINT (-122.5365 47.1142),Facility,78440.0,2017
Northwest Pipeline C/S - Washougal,2015,Natural Gas Systems,Natural Gas Transmission/Compression,486210,Pipeline Transportation of Natural Gas,"The Williams Companies, Inc.",Washougal,Clark,Southwest Clean Air Agency,"15,534",0,"12,862","2,666",7,0,0,0,0,,1,"45.63236, -122.36516",,,POINT (-122.36516 45.63236),Facility,15534.0,2015
Alcoa Wenatchee Works - Malaga,2012,Metals,Aluminum Production,331312,Primary Aluminum Production,Alcoa Corp.,Malaga,Chelan,Ecology: Industrial Section,"306,333",0,"269,093",14,17,0,"37,208",0,0,,3,"47.3567, -120.1273",,,POINT (-120.1273 47.3567),Facility,306333.0,2012
Puget Sound Energy LDC Facility - Bellevue,2015,Natural Gas Systems,Natural Gas Local Distribution Companies,221210,Natural Gas Distribution,Puget Holdings LLC,Bellevue,King,Puget Sound Clean Air Agency,"58,610",0,72,"58,537",0,0,0,0,0,,2,"47.61345, -122.19454",,,POINT (-122.19454 47.61345),Facility,58610.0,2015
WestRock LLC - Longview,2022,Pulp and Paper,Kraft Mills,322130,Paperboard Mills,Westrock Corp.,Longview,Cowlitz,Ecology: Industrial Section,"1,408,874","1,199,579","203,018","1,210","5,068",0,0,0,0,,4,"46.10361, -122.92167",,,POINT (-122.92167 46.10361),Facility,1408874.0,2022
Lamb Weston - Warden,2015,Food Production,Potato Products,311411,"Frozen Fruit, Juice, and Vegetable Manufacturing","Lamb Weston, Inc.",Warden,Grant,Ecology: Eastern Regional Office,"16,271",0,"16,254",8,9,0,0,0,0,,1,"46.971504, -119.055427",,,POINT (-119.055427 46.971504),Facility,16271.0,2015
Basic American Foods - Moses Lake,2014,Food Production,Potato Products,311423,Dried and Dehydrated Food Manufacturing,Basic American Inc.,Moses Lake,Grant,Ecology: Eastern Regional Office,"28,982",0,"28,951",14,16,0,0,0,0,,2,"47.075183, -119.220408",,,POINT (-119.220408 47.075183),Facility,28982.0,2014
TransAlta Centralia Generation LLC - Centralia,2014,Power Plants,Coal Plants,221112,Fossil Fuel Electric Power Generation,Transalta Centralia Generation/Mining,Centralia,Lewis,Southwest Clean Air Agency,"7,447,081",0,"7,388,703","21,354","37,024",0,0,0,0,,5,"46.7559, -122.8578",,,POINT (-122.8578 46.7559),Facility,7447081.0,2014
"Boise Cascade Wood Products, LLC.  Kettle Falls Lumber - Kettle Falls",2021,Wood Products,Lumber Mills,321912,"Cut Stock, Resawing Lumber, and Planing",Boise Cascade Company,Kettle Falls,Stevens,Ecology: Eastern Regional Office,"52,380","51,690",0,99,591,0,0,0,0,,2,"48.609799, -118.067441",,,POINT (-118.067441 48.609799),Facility,52380.0,2021
Naval Air Station Whidbey Island - Oak Harbor,2016,Government,National Security,928110,National Security,US Government,Oak Harbor,Island,Northwest Clean Air Agency,"13,366",0,"13,352",6,8,0,0,0,0,,1,"48.345281, -122.669741",,,POINT (-122.669741 48.345281),Facility,13366.0,2016
Chehalis Generation Facility - Chehalis,2019,Power Plants,Natural Gas Turbine Plants,221112,Fossil Fuel Electric Power Generation,Berkshire Hathaway,Chehalis,Lewis,EFSEC,"974,614",0,"973,624",452,538,0,0,0,0,,3,"46.6226, -122.9145",,,POINT (-122.9145 46.6226),Facility,974614.0,2019
Hampton Lumber Mills Washington Inc. - Morton,2018,Wood Products,Lumber Mills,321113,Sawmills,Hampton Lumber Mills Washington Inc.,Morton,Lewis,Southwest Clean Air Agency,"36,719","36,233",2,70,415,0,0,0,0,,2,"46.565997, -122.269573",,,POINT (-122.269573 46.565997),Facility,36719.0,2018
"Solvay Chemicals, Inc. - Longview",2019,Chemicals,Other Chemicals,325180,Other Basic Inorganic Chemical Manufacturing,Solvay Chemicals Inc.,Longview,Cowlitz,Southwest Clean Air Agency,"56,448",0,"56,448",0,0,0,0,0,0,,2,"46.137218, -122.982847",,,POINT (-122.982847 46.137218),Facility,56448.0,2019
"SEH America, Inc - Vancouver",2024,Manufacturing,Electronics Industry,334413,Semiconductor and Related Device Manufacturing,SEH AMERICA INC,Vancouver,Clark,Southwest Clean Air Agency,"10,800",0,"10,789",5,6,0,0,0,0,,1,"45.649912, -122.553612",,Reporter,POINT (-122.553612 45.649912),Facility,10800.0,2024
The Boeing Company - Fabrication (Frederickson Site) - Puyallup,2018,Manufacturing,Transportation Industry,336411,Aircraft Manufacturing,The Boeing Company,Puyallup,Pierce,Puget Sound Clean Air Agency,"19,671",0,"19,651",9,11,0,0,0,0,,1,"47.088831, -122.34862",,,POINT (-122.34862 47.088831),Facility,19671.0,2018
Graymont Western US. Inc. - Tacoma,2018,Minerals,Lime Production,327410,Lime Manufacturing,"Graymont, Inc.",Tacoma,Pierce,Puget Sound Clean Air Agency,22,0,22,0,0,0,0,0,0,Facility shut down.,1,"47.271365, -122.397262",,,POINT (-122.397262 47.271365),Facility,22.0,2018
Owens-Brockway Glass Container Inc Plant #2 - Kalama,2019,Minerals,Glass Production,327213,Glass Container Manufacturing,O-I Glass Inc.,Kalama,Cowlitz,Southwest Clean Air Agency,"22,844",0,"22,828",8,9,0,0,0,0,,1,"46.031656, -122.866241",,,POINT (-122.866241 46.031656),Facility,22844.0,2019
LANXESS Corporation - Kalama,2022,Chemicals,Other Chemicals,325199,All Other Basic Organic Chemical Manufacturing,Emerald Performance Materials LLC,Kalama,Cowlitz,Southwest Clean Air Agency,"65,308",0,"65,241",31,37,0,0,0,0,,2,"46.02191, -122.85698",,,POINT (-122.85698 46.02191),Facility,65308.0,2022
Boeing Commercial Airplanes - Everett,2016,Manufacturing,Transportation Industry,336411,Aircraft Manufacturing,The Boeing Company,Everett,Snohomish,Puget Sound Clean Air Agency,"76,191",0,"76,112",36,44,0,0,0,0,,2,"47.918622, -122.276987",,,POINT (-122.276987 47.918622),Facility,76191.0,2016
Steelscape - Kalama,2015,Metals,Other Metals,331221,Rolled Steel Shape Manufacturing,NS BlueScope USA LLC,Kalama,Cowlitz,Southwest Clean Air Agency,"23,274",0,"23,250",11,13,0,0,0,0,,1,"46.04326, -122.871703",,,POINT (-122.871703 46.04326),Facility,23274.0,2015
U.S. Department of Energy Hanford Site - Richland,2024,Government,Other Government,924110,Administration of Air and Water Resource and Solid Waste Management Programs,U.S. Department of Energy,Richland,Benton,Ecology: NWP,"28,494",0,"20,154","8,295",46,0,0,0,0,,2,"46.550690, -119.489007",,Reporter,POINT (-119.489007 46.55069),Facility,28494.0,2024
Tree Top - Prosser,2013,Food Production,Fruit Products,311411,"Frozen Fruit, Juice, and Vegetable Manufacturing",Tree Top Inc.,Prosser,Benton,Benton Clean Air Agency,"18,658",0,"18,639",9,10,0,0,0,0,,1,"46.21842, -119.73397",,,POINT (-119.73397 46.21842),Facility,18658.0,2013
Darigold - Lynden,2015,Food Production,Dairy Products,311514,"Dry, Condensed, and Evaporated Dairy Product Manufacturing",Darigold Inc.,Lynden,Whatcom,Northwest Clean Air Agency,"21,412",0,"21,390",10,12,0,0,0,0,,1,"48.947567, -122.451915",,,POINT (-122.451915 48.947567),Facility,21412.0,2015
Boeing Commercial Airplanes - Everett,2023,Manufacturing,Transportation Industry,336411,Aircraft Manufacturing,The Boeing Company,Everett,Snohomish,Puget Sound Clean Air Agency,"66,124",0,"66,056",31,38,0,0,0,0,,2,"47.918622, -122.276987","65,836",Covered Entity,POINT (-122.276987 47.918622),Facility,66124.0,2023
"El Oro Cattle Feeders, LLC - Moses Lake",2012,Livestock,Cattle Feedlots,112112,Cattle Feedlots,Agri Beef Co.,Moses Lake,Grant,Ecology: Eastern Regional Office,"25,363",0,0,"1,969","23,394",0,0,0,0,,2,"47.052176, -119.093815",,,POINT (-119.093815 47.052176),Facility,25363.0,2012
TSMC Washington LLC - Camas,2022,Manufacturing,Electronics Industry,334413,Semiconductor and Related Device Manufacturing,TSMC WASHINGTON LLC,Camas,Clark,Southwest Clean Air Agency,"98,160",0,"14,278",7,"7,894","11,421","34,594","14,170","15,796",Formerly reporting as WaferTech LLC - Camas.,2,"45.619569, -122.454955",,,POINT (-122.454955 45.619569),Facility,98160.0,2022
Northwest Hardwoods Inc. - Mount Vernon,2016,Wood Products,Lumber Mills,321113,Sawmills,Littlejohn & Co. LLC,Mount Vernon,Skagit,Northwest Clean Air Agency,"10,017","6,055","3,878",13,71,0,0,0,0,,1,"48.451642, -122.443028",,,POINT (-122.443028 48.451642),Facility,10017.0,2016
Packaging Corporation of America - Wallula,2014,Pulp and Paper,Kraft Mills,322121,Paper (except Newsprint) Mills,Packaging Corp of America,Wallula,Walla Walla,Ecology: Industrial Section,"889,452","765,685","107,830","13,290","2,647",0,0,0,0,,3,"46.10396, -118.9184",,,POINT (-118.9184 46.10396),Facility,889452.0,2014
"Vaagen Bros. Lumber, Inc. - Colville",2017,Wood Products,Lumber Mills,321999,All Other Miscellaneous Wood Product Manufacturing,Vaagen Bros. Lumber Inc.,Colville,Stevens,Ecology: Eastern Regional Office,"49,234","48,585",0,93,556,0,0,0,0,,2,"48.548525, -117.915469",,,POINT (-117.915469 48.548525),Facility,49234.0,2017
City of Tacoma Solid Waste Facility - Tacoma,2020,Waste,Landfills,562212,Solid Waste Landfill,City of Tacoma,Tacoma,Pierce,Puget Sound Clean Air Agency,"11,002",0,0,"11,002",0,0,0,0,0,,1,"47.223413, -122.499775",,,POINT (-122.499775 47.223413),Facility,11002.0,2020
Mutual Materials Mica Brick Plant - Spokane,2017,Minerals,Other Minerals,327120,Clay Building Material and Refractories Manufacturing,Mutual Materials Co.,Spokane,Spokane,Spokane Regional Clean Air Agency,"10,603",0,"10,592",5,6,0,0,0,0,,1,"47.55833, -117.2117",,,POINT (-117.2117 47.55833),Facility,10603.0,2017
Port Townsend Paper Corporation - Port Townsend,2022,Pulp and Paper,Kraft Mills,322121,Paper (except Newsprint) Mills,Port Townsend Paper Corp.,Port Townsend,Jefferson,Ecology: Industrial Section,"512,753","431,045","76,694","2,482","2,532",0,0,0,0,,3,"48.093793, -122.796806",,,POINT (-122.796806 48.093793),Facility,512753.0,2022
Seattle-Tacoma International Airport - Seattle,2020,Government,Other Government,488119,Other Airport Operations,Port of Seattle,Seattle,King,Puget Sound Clean Air Agency,"14,508",0,"14,493",7,8,0,0,0,0,,1,"47.443643, -122.302452",,,POINT (-122.302452 47.443643),Facility,14508.0,2020
Naval Base Kitsap - Bremerton,2024,Government,National Security,928110,National Security,Commanding Officer Naval Base Kitsap,Bremerton,Kitsap,Puget Sound Clean Air Agency,"43,006",0,"42,961",21,25,0,0,0,0,,2,"47.557047, -122.645933",,Reporter,POINT (-122.645933 47.557047),Facility,43006.0,2024
Port Townsend Paper Corporation - Port Townsend,2024,Pulp and Paper,Kraft Mills,322121,Paper (except Newsprint) Mills,CROWN PAPER GROUP INC,Port Townsend,Jefferson,Ecology: Industrial Section,"510,572","436,515","68,983","2,537","2,537",0,0,0,0,,3,"48.093793, -122.796806","74,056",Covered Entity,POINT (-122.796806 48.093793),Facility,510572.0,2024
"Interfor US, Inc. - Port Angeles",2017,Wood Products,Lumber Mills,321113,Sawmills,Interfor US Inc.,Port Angeles,Clallam,Olympic Region Clean Air Agency,"40,810","40,272",0,77,461,0,0,0,0,,2,"48.103425, -123.518642",,,POINT (-123.518642 48.103425),Facility,40810.0,2017
University of Washington Seattle Campus - Seattle,2016,Government,Education,611310,"Colleges, Universities, and Professional Schools",State of Washington,Seattle,King,Puget Sound Clean Air Agency,"87,171",0,"87,081",41,49,0,0,0,0,,2,"47.653614, -122.303608",,,POINT (-122.303608 47.653614),Facility,87171.0,2016
Puget Sound Energy - Frederickson Generating Station - Tacoma,2018,Power Plants,Natural Gas Turbine Plants,221112,Fossil Fuel Electric Power Generation,Puget Holdings LLC,Tacoma,Pierce,Puget Sound Clean Air Agency,"41,004",0,"40,961",19,23,0,0,0,0,,2,"47.079716, -122.364711",,,POINT (-122.364711 47.079716),Facility,41004.0,2018
"Gas Transmission Northwest Compressor Station 6, LLC - Rosalia",2023,Natural Gas Systems,Natural Gas Transmission/Compression,486210,Pipeline Transportation of Natural Gas,TransCanada Northern Border Inc.,Rosalia,Whitman,Spokane Regional Clean Air Agency,"113,467",0,"112,145","1,259",63,0,0,0,0,,3,"47.277256, -117.406737","113,467",Covered Entity,POINT (-117.406737 47.277256),Facility,113467.0,2023
Cardinal FG Company - Winlock,2018,Minerals,Glass Production,327211,Flat Glass Manufacturing,Cardinal Glass Industries Inc.,Winlock,Lewis,Southwest Clean Air Agency,"106,984",0,"106,907",35,42,0,0,0,0,,3,"46.544937, -122.926313",,,POINT (-122.926313 46.544937),Facility,106984.0,2018
"Kaiser Aluminum Washington, LLC (Trentwood Works) - Spokane Valley",2018,Metals,Other Metals,331315,"Aluminum Sheet, Plate, and Foil Manufacturing",Kaiser Aluminum Corp.,Spokane Valley,Spokane,Spokane Regional Clean Air Agency,"130,646",0,"130,512",62,73,0,0,0,0,,3,"47.687074, -117.212673",,,POINT (-117.212673 47.687074),Facility,130646.0,2018
Kettle Falls Generating Station - Kettle Falls,2014,Power Plants,"Other Power, Heating, or Cooling Plants",221117,Biomass Electric Power Generation,Avista Corp.,Kettle Falls,Stevens,Ecology: Eastern Regional Office,"375,275","361,824","2,907","6,404","4,140",0,0,0,0,Formerly included Avista Landfill before 2023.,3,"48.620335, -118.110841",,,POINT (-118.110841 48.620335),Facility,375275.0,2014
"Rainier Veneer, Inc. - Spanaway",2012,Wood Products,Other Wood Products,321212,Softwood Veneer and Plywood Manufacturing,Rainier Veneer Inc.,Spanaway,Pierce,Puget Sound Clean Air Agency,"16,320","15,151",838,130,203,0,0,0,0,,1,"47.062059, -122.318981",,,POINT (-122.318981 47.062059),Facility,16320.0,2012
Ardagh Glass Inc. - Seattle,2022,Minerals,Glass Production,327213,Glass Container Manufacturing,Ardagh Holdings USA Inc.,Seattle,King,Puget Sound Clean Air Agency,"54,049",0,"54,006",20,23,0,0,0,0,,2,"47.55242, -122.33739",,,POINT (-122.33739 47.55242),Facility,54049.0,2022
McCain Foods - Othello,2024,Food Production,Potato Products,311411,"Frozen Fruit, Juice, and Vegetable Manufacturing",MCCAIN USA INC,Othello,Adams,Ecology: Eastern Regional Office,"81,085","10,301","46,273","24,448",63,0,0,0,0,,2,"46.840102, -119.172705","70,784",Covered Entity,POINT (-119.172705 46.840102),Facility,81085.0,2024
Lamb Weston - Pasco,2015,Food Production,Potato Products,311411,"Frozen Fruit, Juice, and Vegetable Manufacturing","Lamb Weston, Inc.",Pasco,Franklin,Ecology: Eastern Regional Office,"48,162",0,"48,113",23,27,0,0,0,0,,2,"46.288137, -119.115336",,,POINT (-119.115336 46.288137),Facility,48162.0,2015
"Tyson Fresh Meats, Inc. - Wallula",2019,Food Production,Meat Products,311611,Animal (except Poultry) Slaughtering,"Tyson Foods, Inc",Wallula,Walla Walla,Ecology: Eastern Regional Office,"132,186",0,"25,601","106,571",14,0,0,0,0,,3,"46.137521, -118.913051",,,POINT (-118.913051 46.137521),Facility,132186.0,2019
"Tyson Fresh Meats, Inc. - Wallula",2016,Food Production,Meat Products,311611,Animal (except Poultry) Slaughtering,"Tyson Foods, Inc",Wallula,Walla Walla,Ecology: Eastern Regional Office,"88,889",0,"21,901","66,975",12,0,0,0,0,,2,"46.137521, -118.913051",,,POINT (-118.913051 46.137521),Facility,88889.0,2016
"Horse Heaven Cattle Feeders, Inc. - Sunnyside",2017,Livestock,Cattle Feedlots,112112,Cattle Feedlots,"Horse Heaven Cattle Feeders, Inc.",Sunnyside,Yakima,Yakima Regional Clean Air Agency,"11,439",0,0,883,"10,556",0,0,0,0,,1,"46.284622, -120.019668",,,POINT (-120.019668 46.284622),Facility,11439.0,2017
Phillips 66 Ferndale Refinery - Ferndale,2016,Petroleum Systems,Petroleum Refineries,324110,Petroleum Refineries,Phillips 66 Company,Ferndale,Whatcom,Northwest Clean Air Agency,"767,579",0,"763,957","1,728","1,894",0,0,0,0,,3,"48.830142, -122.692114",,,POINT (-122.692114 48.830142),Facility,767579.0,2016
Lamb Weston - Richland,2022,Food Production,Potato Products,311411,"Frozen Fruit, Juice, and Vegetable Manufacturing","Lamb Weston, Inc.",Richland,Benton,Benton Clean Air Agency,"92,506","10,970","59,803","21,660",73,0,0,0,0,,2,"46.309314, -119.297267",,,POINT (-119.297267 46.309314),Facility,92506.0,2022
Puget Sound Energy - Encogen Generating Station - Bellingham,2023,Power Plants,Natural Gas Turbine Plants,221112,Fossil Fuel Electric Power Generation,Puget Holdings LLC,Bellingham,Whatcom,Northwest Clean Air Agency,"427,033",0,"426,599",198,236,0,0,0,0,,3,"48.746, -122.486","427,033",Covered Entity,POINT (-122.486 48.746),Facility,427033.0,2023
Nippon Dynawave - Longview,2022,Pulp and Paper,Kraft Mills,322121,Paper (except Newsprint) Mills,Nippon Paper Industries Co Ltd,Longview,Cowlitz,Ecology: Industrial Section,"1,609,289","1,240,917","360,754","1,645","5,973",0,0,0,0,Formerly included North Pacific Paper Company before 2016.,4,"46.130495, -122.983637",,,POINT (-122.983637 46.130495),Facility,1609289.0,2022
Tree Top - Wenatchee,2023,Food Production,Fruit Products,311423,Dried and Dehydrated Food Manufacturing,Tree Top Inc.,Wenatchee,Chelan,Ecology: Central Regional Office,"9,775",0,"9,765",5,5,0,0,0,0,,1,"47.48938, -120.31426",,Reporter,POINT (-120.31426 47.48938),Facility,9775.0,2023
Lamb Weston - Richland,2012,Food Production,Potato Products,311411,"Frozen Fruit, Juice, and Vegetable Manufacturing","Lamb Weston, Inc.",Richland,Benton,Benton Clean Air Agency,"34,603",0,"34,567",16,19,0,0,0,0,,2,"46.309314, -119.297267",,,POINT (-119.297267 46.309314),Facility,34603.0,2012
Michelsen Packaging - Yakima,2022,Pulp and Paper,Other Pulp and Paper,322299,All Other Converted Paper Product Manufacturing,Michelson Packaging Co.,Yakima,Yakima,Yakima Regional Clean Air Agency,"9,536",0,"9,526",5,5,0,0,0,0,,1,"46.604058, -120.513015",,,POINT (-120.513015 46.604058),Facility,9536.0,2022
U.S. Department of Energy Hanford Site - Richland,2013,Government,Other Government,924110,Administration of Air and Water Resource and Solid Waste Management Programs,US Government,Richland,Benton,Ecology: NWP,"14,615",0,"4,297","10,313",5,0,0,0,0,,1,"46.55069, -119.489007",,,POINT (-119.489007 46.55069),Facility,14615.0,2013
CenTrio Energy Seattle LLC - Seattle,2022,Power Plants,"Other Power, Heating, or Cooling Plants",221330,Steam and Air-Conditioning Supply,Seattle Steam Company LLC,Seattle,King,Puget Sound Clean Air Agency,"69,446",0,"69,375",33,39,0,0,0,0,,2,"47.6068, -122.340179",,,POINT (-122.340179 47.6068),Facility,69446.0,2022
Central Washington University - Ellensburg,2012,Government,Education,611310,"Colleges, Universities, and Professional Schools",State of Washington,Ellensburg,Kittitas,Ecology: Central Regional Office,"13,358",0,"13,344",6,7,0,0,0,0,,1,"47.003202, -120.544513",,,POINT (-120.544513 47.003202),Facility,13358.0,2012
Sierra Pacific Industries - Shelton,2018,Wood Products,Lumber Mills,321212,Softwood Veneer and Plywood Manufacturing,Simpson Lumber Company LLC,Shelton,Mason,Olympic Region Clean Air Agency,"74,881","73,894",0,142,845,0,0,0,0,,2,"47.213448, -123.096517",,,POINT (-123.096517 47.213448),Facility,74881.0,2018
Darigold - Sunnyside,2012,Food Production,Dairy Products,311513,Cheese Manufacturing,Darigold Inc.,Sunnyside,Yakima,Yakima Regional Clean Air Agency,"22,078",0,"22,055",11,13,0,0,0,0,,1,"46.30058, -120.015675",,,POINT (-120.015675 46.30058),Facility,22078.0,2012
Inland Empire Paper Company - Spokane,2024,Pulp and Paper,Other Pulp and Paper,322122,Newsprint Mills,COWLES CO,Spokane,Spokane,Spokane Regional Clean Air Agency,"36,247","15,734","20,281",40,192,0,0,0,0,,2,"47.688295, -117.279323",,Reporter,POINT (-117.279323 47.688295),Facility,36247.0,2024
WestRock LLC - Longview,2016,Pulp and Paper,Kraft Mills,322130,Paperboard Mills,Westrock Corp.,Longview,Cowlitz,Ecology: Industrial Section,"1,661,899","1,499,059","156,168","1,333","5,339",0,0,0,0,,4,"46.10361, -122.92167",,,POINT (-122.92167 46.10361),Facility,1661899.0,2016
Northwest Pipeline C/S - Snohomish,2018,Natural Gas Systems,Natural Gas Transmission/Compression,486210,Pipeline Transportation of Natural Gas,"The Williams Companies, Inc.",Snohomish,Snohomish,Puget Sound Clean Air Agency,"50,061",0,"48,486","1,548",27,0,0,0,0,,2,"47.78825, -122.05859",,,POINT (-122.05859 47.78825),Facility,50061.0,2018
Puget Sound Energy - Ferndale Generating Station - Ferndale,2017,Power Plants,Natural Gas Turbine Plants,221112,Fossil Fuel Electric Power Generation,Puget Holdings LLC,Ferndale,Whatcom,Northwest Clean Air Agency,"350,887",0,"350,531",163,194,0,0,0,0,,3,"48.828707, -122.685533",,,POINT (-122.685533 48.828707),Facility,350887.0,2017
Nippon Dynawave - Longview,2016,Pulp and Paper,Kraft Mills,322121,Paper (except Newsprint) Mills,Nippon Paper Industries Co Ltd,Longview,Cowlitz,Ecology: Industrial Section,"1,563,256","1,219,699","336,063","1,671","5,823",0,0,0,0,Formerly included North Pacific Paper Company before 2016.,4,"46.130495, -122.983637",,,POINT (-122.983637 46.130495),Facility,1563256.0,2016
The Boeing Company: Boeing Plant 2 - Seattle,2024,Manufacturing,Transportation Industry,336411,Aircraft Manufacturing,THE BOEING CO,Seattle,King,Puget Sound Clean Air Agency,"21,188",0,"21,164",11,13,0,0,0,0,,1,"47.532524, -122.311623",,Reporter,POINT (-122.311623 47.532524),Facility,21188.0,2024
J.R. Simplot Company - Othello,2012,Food Production,Potato Products,311411,"Frozen Fruit, Juice, and Vegetable Manufacturing",J.R. Simplot Company,Othello,Adams,Ecology: Eastern Regional Office,"93,771",0,"44,371","49,376",25,0,0,0,0,,2,"46.837778, -119.176389",,,POINT (-119.176389 46.837778),Facility,93771.0,2012
Weyerhaeuser Raymond Lumber - Raymond,2024,Wood Products,Lumber Mills,321113,Sawmills,WEYERHAEUSER CO,Raymond,Pacific,Olympic Region Clean Air Agency,"38,030","37,529",0,72,429,0,0,0,0,,2,"46.688088, -123.737495",,Reporter,POINT (-123.737495 46.688088),Facility,38030.0,2024
Sierra Pacific Industries - Centralia,2022,Wood Products,Lumber Mills,321113,Sawmills,Sierra Pacific Industries,Centralia,Lewis,Southwest Clean Air Agency,"40,412","39,788",0,90,534,0,0,0,0,,2,"46.756413, -122.995433",,,POINT (-122.995433 46.756413),Facility,40412.0,2022
Port Angeles Hardwood LLC - Port Angeles,2019,Wood Products,Lumber Mills,321113,Sawmills,Port Angeles Hardwood LLC,Port Angeles,Clallam,Olympic Region Clean Air Agency,"25,470","25,134",0,48,288,0,0,0,0,,2,"48.100872, -123.485745",,,POINT (-123.485745 48.100872),Facility,25470.0,2019
"Boise Cascade Wood Products, LLC.  Kettle Falls Plywood - Kettle Falls",2019,Wood Products,Other Wood Products,321219,Reconstituted Wood Product Manufacturing,Boise Cascade Company,Kettle Falls,Stevens,Ecology: Eastern Regional Office,"73,603","56,367","16,466",116,654,0,0,0,0,,2,"48.613175, -118.116106",,,POINT (-118.116106 48.613175),Facility,73603.0,2019
Cosmo Specialty Fibers Inc - Cosmopolis,2024,Pulp and Paper,Sulfite Mills,322110,Pulp Mills,Cosmo Specialty Fibers Inc.,Cosmopolis,Grays Harbor,Ecology: Industrial Section,"2,738",0,0,"2,738",0,0,0,0,0,Assigned Emissions Level. Production shutdown Dec 2022.,1,"46.952907, -123.76211","2,738",Covered Entity,POINT (-123.76211 46.952907),Facility,2738.0,2024
Puget Sound Energy - Mint Farm Generating Station - Longview,2018,Power Plants,Natural Gas Turbine Plants,221112,Fossil Fuel Electric Power Generation,Puget Holdings LLC,Longview,Cowlitz,Southwest Clean Air Agency,"547,916",0,"547,359",254,303,0,0,0,0,,3,"46.140095, -122.985138",,,POINT (-122.985138 46.140095),Facility,547916.0,2018
Waste Management Greater Wenatchee Regional Landfill - East Wenatchee,2014,Waste,Landfills,562212,Solid Waste Landfill,Waste Management Inc.,East Wenatchee,Douglas,Ecology: Central Regional Office,"32,740",0,0,"32,740",0,0,0,0,0,,2,"47.405083, -120.167444",,,POINT (-120.167444 47.405083),Facility,32740.0,2014
Imerys Minerals Quincy Plant - Quincy,2014,Minerals,Other Minerals,212399,All Other Nonmetallic Mineral Mining,Imerys Filtration Minerals Inc.,Quincy,Grant,Ecology: Eastern Regional Office,"21,865",0,"21,842",10,12,0,0,0,0,,1,"47.239948, -119.838831",,,POINT (-119.838831 47.239948),Facility,21865.0,2014
Washington State University - Pullman,2017,Government,Education,611310,"Colleges, Universities, and Professional Schools",State of Washington,Pullman,Whitman,Ecology: Eastern Regional Office,"65,446",0,"65,377",31,38,0,0,0,0,,2,"46.728702, -117.151481",,,POINT (-117.151481 46.728702),Facility,65446.0,2017
Northwest Pipeline C/S - Mount Vernon,2017,Natural Gas Systems,Natural Gas Transmission/Compression,486210,Pipeline Transportation of Natural Gas,"The Williams Companies, Inc.",Mount Vernon,Skagit,Northwest Clean Air Agency,"62,345",0,"60,027","2,284",34,0,0,0,0,,2,"48.421967, -122.21547",,,POINT (-122.21547 48.421967),Facility,62345.0,2017
Bonneville Power Administration - WA Only - statewide,2014,Power Plants,Electrical Transmission and Distribution,221121,Electric Bulk Power Transmission and Control,US Government,Vancouver,Clark,Southwest Clean Air Agency,"12,800",0,0,0,0,0,0,"12,800",0,,1,"45.661178, -122.658608",,,POINT (-122.658608 45.661178),Facility,12800.0,2014
LRI Landfill - Graham,2022,Waste,Landfills,562212,Solid Waste Landfill,Waste Connections Inc.,Graham,Pierce,Puget Sound Clean Air Agency,"161,835","39,869",0,"121,822",144,0,0,0,0,,3,"46.972405, -122.292799",,,POINT (-122.292799 46.972405),Facility,161835.0,2022
Air Liquide Hydrogen Plant  - Anacortes,2012,Petroleum Systems,Other Petroleum Systems,325120,Industrial Gas Manufacturing,Air Liquide USA Inc.,Anacortes,Skagit,Northwest Clean Air Agency,"63,356",0,"63,356",0,0,0,0,0,0,,2,"48.465617, -122.556032",,,POINT (-122.556032 48.465617),Facility,63356.0,2012
Fairchild AFB - Spokane Co.,2016,Government,National Security,928110,National Security,US Government,Fairchild Air Force Base,Spokane,Spokane Regional Clean Air Agency,"11,287",0,"11,275",5,6,0,0,0,0,,1,"47.641332, -117.644832",,,POINT (-117.644832 47.641332),Facility,11287.0,2016
Sierra Pacific Industries - Burlington - Mount Vernon,2018,Wood Products,Lumber Mills,321113,Sawmills,Sierra Pacific Industries,Mount Vernon,Skagit,Northwest Clean Air Agency,"291,595","284,091","3,706",547,"3,251",0,0,0,0,,3,"48.448553, -122.434613",,,POINT (-122.434613 48.448553),Facility,291595.0,2018
Georgia-Pacific Consumer Operations LLC - Camas,2015,Pulp and Paper,Kraft Mills,322120,Paper Mills,Koch Industries Inc.,Camas,Clark,Ecology: Industrial Section,"640,546","502,054","129,504","7,531","1,458",0,0,0,0,Assigned Emissions Level,3,"45.584271, -122.40843",,,POINT (-122.40843 45.584271),Facility,640546.0,2015
Naval Base Kitsap Bangor - Silverdale,2020,Government,National Security,928110,National Security,US Government,Silverdale,Kitsap,Puget Sound Clean Air Agency,"20,093",0,"20,069",10,13,0,0,0,0,,1,"47.699284, -122.696926",,,POINT (-122.696926 47.699284),Facility,20093.0,2020
Murphy Veneer - Elma,2019,Wood Products,Other Wood Products,321212,Softwood Veneer and Plywood Manufacturing,Murphy Co.,Elma,Grays Harbor,Olympic Region Clean Air Agency,"10,010",0,"9,999",5,6,0,0,0,0,,1,"47.040323, -123.334339",,,POINT (-123.334339 47.040323),Facility,10010.0,2019
Starbucks Kent Flexible Plant - Kent,2017,Food Production,Other Food Products,311920,Coffee and Tea Manufacturing,Starbucks Corp.,Kent,King,Puget Sound Clean Air Agency,"14,186",0,"14,172",7,8,0,0,0,0,,1,"47.436276, -122.237648",,,POINT (-122.237648 47.436276),Facility,14186.0,2017
Puget Sound Energy LDC Facility - Bellevue,2022,Natural Gas Systems,Natural Gas Local Distribution Companies,221210,Natural Gas Distribution,Puget Holdings LLC,Bellevue,King,Puget Sound Clean Air Agency,"66,913",0,722,"66,084",108,0,0,0,0,,2,"47.61345, -122.19454",,,POINT (-122.19454 47.61345),Facility,66913.0,2022
Goodrich Corporation - Spokane,2020,Manufacturing,Transportation Industry,336413,Other Aircraft Parts and Auxiliary Equipment Manufacturing,Raytheon Technologies Corp,Spokane,Spokane,Spokane Regional Clean Air Agency,"26,209",0,"26,178",13,18,0,0,0,0,,2,"47.583604, -117.568511",,,POINT (-117.568511 47.583604),Facility,26209.0,2020
Nutrien US LLC. - Kennewick,2012,Chemicals,Fertilizer Production,325311,Nitrogenous Fertilizer Manufacturing,Agrium US Inc.,Kennewick,Benton,Benton Clean Air Agency,"146,926",0,"7,759",1,"139,167",0,0,0,0,,3,"46.165957, -119.017218",,,POINT (-119.017218 46.165957),Facility,146926.0,2012
"Interfor US, Inc. - Port Angeles",2024,Wood Products,Lumber Mills,321113,Sawmills,INTERFOR US INC,Port Angeles,Clallam,Olympic Region Clean Air Agency,"36,203","35,726",0,69,409,0,0,0,0,,2,"48.103425, -123.518642",,Reporter,POINT (-123.518642 48.103425),Facility,36203.0,2024
Roosevelt Regional Landfill - Roosevelt,2024,Waste,Landfills,562212,Solid Waste Landfill,REPUBLIC SERVICES INC,Roosevelt,Klickitat,Ecology: Central Regional Office,"356,484","1,398",398,"354,682",6,0,0,0,0,,3,"45.807146, -120.179785",,Reporter,POINT (-120.179785 45.807146),Facility,356484.0,2024
Northwest Pipeline C/S - Sumner,2021,Natural Gas Systems,Natural Gas Transmission/Compression,486210,Pipeline Transportation of Natural Gas,"The Williams Companies, Inc.",Sumner,Pierce,Puget Sound Clean Air Agency,"27,944",0,"27,143",785,15,0,0,0,0,,2,"47.228986, -122.209551",,,POINT (-122.209551 47.228986),Facility,27944.0,2021
Keyes Fibre Corporation - Wenatchee,2014,Pulp and Paper,Other Pulp and Paper,322299,All Other Converted Paper Product Manufacturing,Tekni-Plex Wenatchee Fiber Consumer Porducts,Wenatchee,Chelan,Ecology: Central Regional Office,"16,628",0,"16,611",8,9,0,0,0,0,,1,"47.485987, -120.316363",,,POINT (-120.316363 47.485987),Facility,16628.0,2014
Cheyne Landfill - Zillah,2023,Waste,Landfills,562212,Solid Waste Landfill,Yakima County Public Services,Zillah,Yakima,Yakima Regional Clean Air Agency,"47,466",0,0,"47,466",0,0,0,0,0,,2,"46.4785, -120.2688",,Reporter,POINT (-120.2688 46.4785),Facility,47466.0,2023
Georgia-Pacific Gypsum LLC - Tacoma,2012,Manufacturing,Building Products,327420,Gypsum Product Manufacturing,Koch Industries Inc.,Tacoma,Pierce,Puget Sound Clean Air Agency,"42,750",0,"42,706",20,24,0,0,0,0,,2,"47.269558, -122.394869",,,POINT (-122.394869 47.269558),Facility,42750.0,2012
Cowlitz County Headquarters Landfill - Castle Rock,2018,Waste,Landfills,562212,Solid Waste Landfill,Cowlitz County,Castle Rock,Cowlitz,Southwest Clean Air Agency,"239,496","5,966",0,"233,509",21,0,0,0,0,,3,"46.246902, -122.772284",,,POINT (-122.772284 46.246902),Facility,239496.0,2018
US Army Joint Base Lewis-McChord - Pierce Co.,2012,Government,National Security,928110,National Security,US Government,Joint Base Lewis-McChord,Pierce,Puget Sound Clean Air Agency,"86,478",0,"62,395","24,037",46,0,0,0,0,,2,"47.1142, -122.5365",,,POINT (-122.5365 47.1142),Facility,86478.0,2012
Washington Potato Company - Warden,2015,Food Production,Potato Products,311991,Perishable Prepared Food Manufacturing,Washington Potato Co.,Warden,Grant,Ecology: Eastern Regional Office,"31,553",0,"31,521",15,18,0,0,0,0,,2,"46.970469, -119.063631",,,POINT (-119.063631 46.970469),Facility,31553.0,2015
Weyerhaeuser Raymond Lumber - Raymond,2013,Wood Products,Lumber Mills,321113,Sawmills,Weyerhaeuser Co.,Raymond,Pacific,Olympic Region Clean Air Agency,"44,919","44,327",0,85,507,0,0,0,0,,2,"46.688088, -123.737495",,,POINT (-123.737495 46.688088),Facility,44919.0,2013
Western Washington University - Bellingham,2013,Government,Education,611310,"Colleges, Universities, and Professional Schools",Western Washington University,Bellingham,Whatcom,Northwest Clean Air Agency,"11,668",0,"11,656",6,7,0,0,0,0,,1,"48.736499, -122.484714",,,POINT (-122.484714 48.736499),Facility,11668.0,2013
Hampton Lumber Mills Washington Inc. - Darrington,2020,Wood Products,Lumber Mills,321113,Sawmills,Hampton Lumber Mills Washington Inc.,Darrington,Snohomish,Puget Sound Clean Air Agency,"82,731","81,641",0,157,934,0,0,0,0,,2,"48.262797, -121.597608",,,POINT (-121.597608 48.262797),Facility,82731.0,2020
Lamb Weston - Connell,2015,Food Production,Potato Products,311411,"Frozen Fruit, Juice, and Vegetable Manufacturing","Lamb Weston, Inc.",Connell,Franklin,Ecology: Eastern Regional Office,"36,801",0,"36,763",17,21,0,0,0,0,,2,"46.651389, -118.871944",,,POINT (-118.871944 46.651389),Facility,36801.0,2015
City of Tacoma Solid Waste Facility - Tacoma,2014,Waste,Landfills,562212,Solid Waste Landfill,City of Tacoma,Tacoma,Pierce,Puget Sound Clean Air Agency,"20,396",0,0,"20,396",0,0,0,0,0,,1,"47.223413, -122.499775",,,POINT (-122.499775 47.223413),Facility,20396.0,2014
Naval Base Kitsap - Bremerton,2014,Government,National Security,928110,National Security,US Government,Bremerton,Kitsap,Puget Sound Clean Air Agency,"45,961",0,"45,913",22,27,0,0,0,0,,2,"47.557047, -122.645933",,,POINT (-122.645933 47.557047),Facility,45961.0,2014
Cascade Natural Gas Corporation LDC - statewide,2016,Natural Gas Systems,Natural Gas Local Distribution Companies,221210,Natural Gas Distribution,MDU Resources Group Inc.,Kennewick,Benton,Benton Clean Air Agency,"23,616",0,171,"23,445",0,0,0,0,0,,1,"46.21875, -119.22987",,,POINT (-119.22987 46.21875),Facility,23616.0,2016
Riverside Feeders SFL - Kennewick,2022,Livestock,Cattle Feedlots,112112,Cattle Feedlots,Easterday Ranches,Kennewick,Benton,Benton Clean Air Agency,"12,487",0,353,946,"11,188",0,0,0,0,Voluntary reporter.  Manure management reporting repealed by Legislature.,1,"45.991872, -119.136497",,,POINT (-119.136497 45.991872),Facility,12487.0,2022
Puget Sound Energy - Encogen Generating Station - Bellingham,2013,Power Plants,Natural Gas Turbine Plants,221112,Fossil Fuel Electric Power Generation,Puget Holdings LLC,Bellingham,Whatcom,Northwest Clean Air Agency,"132,779",0,"132,639",64,76,0,0,0,0,,3,"48.746, -122.486",,,POINT (-122.486 48.746),Facility,132779.0,2013
Packaging Corporation of America - Wallula,2021,Pulp and Paper,Kraft Mills,322121,Paper (except Newsprint) Mills,Packaging Corp of America,Wallula,Walla Walla,Ecology: Industrial Section,"801,746","568,917","217,457","14,514",859,0,0,0,0,,3,"46.10396, -118.9184",,,POINT (-118.9184 46.10396),Facility,801746.0,2021
Northwest Pipeline C/S - Washougal,2019,Natural Gas Systems,Natural Gas Transmission/Compression,486210,Pipeline Transportation of Natural Gas,"The Williams Companies, Inc.",Washougal,Clark,Southwest Clean Air Agency,"25,817",0,"21,465","4,340",12,0,0,0,0,,2,"45.63236, -122.36516",,,POINT (-122.36516 45.63236),Facility,25817.0,2019
"Bio Energy Washington, LLC - Maple Valley",2017,Power Plants,"Other Power, Heating, or Cooling Plants",221119,Other Electric Power Generation,Bio Energy Washington,Maple Valley,King,Puget Sound Clean Air Agency,"28,310","26,824","1,344",42,100,0,0,0,0,,2,"47.455871, -122.041817",,,POINT (-122.041817 47.455871),Facility,28310.0,2017
Georgia-Pacific Consumer Operations LLC - Camas,2020,Pulp and Paper,Kraft Mills,322120,Paper Mills,Koch Industries Inc.,Camas,Clark,Ecology: Industrial Section,"67,807",0,"61,535","6,238",35,0,0,0,0,Pulp production shut down in 2018. New boiler acquired in 2020.,2,"45.584271, -122.40843",,,POINT (-122.40843 45.584271),Facility,67807.0,2020
Nutrien US LLC. - Kennewick,2023,Chemicals,Fertilizer Production,325311,Nitrogenous Fertilizer Manufacturing,Agrium US Inc.,Kennewick,Benton,Benton Clean Air Agency,"13,400",0,"8,749",1,"4,650",0,0,0,0,,1,"46.165957, -119.017218","13,400",Covered Entity,POINT (-119.017218 46.165957),Facility,13400.0,2023
Cowlitz County Tennant Way Landfill - Longview,2024,Waste,Landfills,562212,Solid Waste Landfill,COWLITZ COUNTY WASHINGTON,Kelso,Cowlitz,Southwest Clean Air Agency,"27,421","2,706",0,"24,705",10,0,0,0,0,,2,"46.107229, -122.905601",,Reporter,POINT (-122.905601 46.107229),Facility,27421.0,2024
bp Cherry Point Refinery - Blaine,2017,Petroleum Systems,Petroleum Refineries,324110,Petroleum Refineries,BP America Inc.,Blaine,Whatcom,Northwest Clean Air Agency,"2,060,243",0,"2,048,575","7,166","4,502",0,0,0,0,Assigned Emissions Level,5,"48.8864, -122.7353",,,POINT (-122.7353 48.8864),Facility,2060243.0,2017
"Gas Transmission Northwest Compressor Station 6, LLC - Rosalia",2018,Natural Gas Systems,Natural Gas Transmission/Compression,486210,Pipeline Transportation of Natural Gas,TransCanada Northern Border Inc.,Rosalia,Whitman,Spokane Regional Clean Air Agency,"111,688",0,"111,218",407,62,0,0,0,0,,3,"47.277256, -117.406737",,,POINT (-117.406737 47.277256),Facility,111688.0,2018
Darling Ingredients Inc - Tacoma,2020,Food Production,Meat Products,311613,Rendering and Meat Byproduct Processing,Darling Ingredients Inc.,Tacoma,Pierce,Puget Sound Clean Air Agency,"9,953",0,"9,943",5,6,0,0,0,0,,1,"47.250503, -122.406461",,,POINT (-122.406461 47.250503),Facility,9953.0,2020
SDS Lumber Company - Bingen,2019,Wood Products,Lumber Mills,321113,Sawmills,SDS Lumber Company,Bingen,Klickitat,Ecology: Central Regional Office,"35,326","34,680",183,67,397,0,0,0,0,,2,"45.713913, -121.468688",,,POINT (-121.468688 45.713913),Facility,35326.0,2019
"Reser's Fine Foods, Inc. Capitol Plant - Pasco",2024,Food Production,Other Food Products,311991,Perishable Prepared Food Manufacturing,RESER'S FINE FOODS INC,Pasco,Franklin,Ecology: Eastern Regional Office,"15,621",0,"15,605",7,9,0,0,0,0,,1,"46.278453, -119.084682",,Reporter,POINT (-119.084682 46.278453),Facility,15621.0,2024
Providence Sacred Heart Medical Center - Spokane,2021,Health Care,Hospitals,622110,General Medical and Surgical Hospitals,Providence Health Services,Spokane,Spokane,Spokane Regional Clean Air Agency,"11,774",0,"11,762",6,7,0,0,0,0,,1,"47.648848, -117.412461",,,POINT (-117.412461 47.648848),Facility,11774.0,2021
The Boeing Company: DC/MFC - Tukwila,2020,Manufacturing,Transportation Industry,336411,Aircraft Manufacturing,The Boeing Company,Tukwila,King,Puget Sound Clean Air Agency,"12,613",0,"12,599",6,7,0,0,0,0,,1,"47.516246, -122.298613",,,POINT (-122.298613 47.516246),Facility,12613.0,2020
Waste Management Greater Wenatchee Regional Landfill - East Wenatchee,2024,Waste,Landfills,562212,Solid Waste Landfill,WASTE MANAGEMENT INC,East Wenatchee,Douglas,Ecology: Central Regional Office,"53,781","16,995",205,"36,519",62,0,0,0,0,,2,"47.405083, -120.167444",,Reporter,POINT (-120.167444 47.405083),Facility,53781.0,2024
Great Western Malt - Vancouver,2012,Food Production,Other Food Products,311213,Malt Manufacturing,Great Western Malt,Vancouver,Clark,Southwest Clean Air Agency,"19,560",0,"19,540",9,11,0,0,0,0,,1,"45.631069, -122.690043",,,POINT (-122.690043 45.631069),Facility,19560.0,2012
Tree Top - Prosser,2022,Food Production,Fruit Products,311411,"Frozen Fruit, Juice, and Vegetable Manufacturing",Tree Top Inc.,Prosser,Benton,Benton Clean Air Agency,"14,570",0,"14,555",7,8,0,0,0,0,,1,"46.21842, -119.73397",,,POINT (-119.73397 46.21842),Facility,14570.0,2022
McCain Foods - Othello,2018,Food Production,Potato Products,311411,"Frozen Fruit, Juice, and Vegetable Manufacturing",McCain USA Inc.,Othello,Adams,Ecology: Eastern Regional Office,"61,901",0,"36,883","24,997",21,0,0,0,0,,2,"46.840102, -119.172705",,,POINT (-119.172705 46.840102),Facility,61901.0,2018
Northwest Pipeline Roosevelt C/S - Bickleton,2022,Natural Gas Systems,Natural Gas Transmission/Compression,486210,Pipeline Transportation of Natural Gas,"The Williams Companies, Inc.",Bickleton,Klickitat,Ecology: Central Regional Office,"12,884",0,"11,053","1,825",6,0,0,0,0,,1,"45.849504, -120.08083",,,POINT (-120.08083 45.849504),Facility,12884.0,2022
Great Western Malt - Vancouver,2014,Food Production,Other Food Products,311213,Malt Manufacturing,Great Western Malt,Vancouver,Clark,Southwest Clean Air Agency,"18,814",0,"18,795",9,10,0,0,0,0,,1,"45.631069, -122.690043",,,POINT (-122.690043 45.631069),Facility,18814.0,2014
McKinley Paper Co. - Washington Mill - Port Angeles,2017,Pulp and Paper,Other Pulp and Paper,322121,Paper (except Newsprint) Mills,McKinley Paper Co.,Port Angeles,Clallam,Olympic Region Clean Air Agency,"63,532","58,436",44,"4,384",668,0,0,0,0,,2,"48.134623, -123.467524",,,POINT (-123.467524 48.134623),Facility,63532.0,2017
Ponderay Industries - Usk,2023,Pulp and Paper,Other Pulp and Paper,322122,Newsprint Mills,Ponderay Industries,Usk,Pend Oreille,Ecology: Eastern Regional Office,0,0,0,0,0,0,0,0,0,Facility closed June 2020.,1,"48.289771, -117.271359",,Reporter,POINT (-117.271359 48.289771),Facility,0.0,2023
Puget Sound Energy - Fredonia Generating Station - Mount Vernon,2020,Power Plants,Natural Gas Turbine Plants,221112,Fossil Fuel Electric Power Generation,Puget Holdings LLC,Mount Vernon,Skagit,Northwest Clean Air Agency,"152,007",0,"151,848",72,87,0,0,0,0,,3,"48.4553, -122.435",,,POINT (-122.435 48.4553),Facility,152007.0,2020
TSMC Washington LLC - Camas,2018,Manufacturing,Electronics Industry,334413,Semiconductor and Related Device Manufacturing,TSMC WASHINGTON LLC,Camas,Clark,Southwest Clean Air Agency,"96,815",0,"13,136",6,"5,719","10,365","35,116","10,809","21,663",Formerly reporting as WaferTech LLC - Camas.,2,"45.619569, -122.454955",,,POINT (-122.454955 45.619569),Facility,96815.0,2018
J.R. Simplot Company - Othello,2022,Food Production,Potato Products,311411,"Frozen Fruit, Juice, and Vegetable Manufacturing",J.R. Simplot Company,Othello,Adams,Ecology: Eastern Regional Office,"112,190",0,"50,977","61,184",29,0,0,0,0,,3,"46.837778, -119.176389",,,POINT (-119.176389 46.837778),Facility,112190.0,2022
REG Grays Harbor LLC - Hoquiam,2023,Petroleum Systems,Other Petroleum Systems,325199,All Other Basic Organic Chemical Manufacturing,Chevron Corporation,Hoquiam,Grays Harbor,Olympic Region Clean Air Agency,"20,092",0,"20,072",10,11,0,0,0,0,,1,"46.968196, -123.853622",,Reporter,POINT (-123.853622 46.968196),Facility,20092.0,2023
LANXESS Corporation - Kalama,2016,Chemicals,Other Chemicals,325199,All Other Basic Organic Chemical Manufacturing,Emerald Performance Materials LLC,Kalama,Cowlitz,Southwest Clean Air Agency,"70,983",0,"70,909",34,40,0,0,0,0,,2,"46.02191, -122.85698",,,POINT (-122.85698 46.02191),Facility,70983.0,2016
The Boeing Company - Fabrication (Frederickson Site) - Puyallup,2014,Manufacturing,Transportation Industry,336411,Aircraft Manufacturing,The Boeing Company,Puyallup,Pierce,Puget Sound Clean Air Agency,"21,442",0,"21,420",10,12,0,0,0,0,,1,"47.088831, -122.34862",,,POINT (-122.34862 47.088831),Facility,21442.0,2014
REG Grays Harbor LLC - Hoquiam,2018,Petroleum Systems,Other Petroleum Systems,325199,All Other Basic Organic Chemical Manufacturing,Chevron Corporation,Hoquiam,Grays Harbor,Olympic Region Clean Air Agency,"19,370",0,"19,351",9,11,0,0,0,0,,1,"46.968196, -123.853622",,,POINT (-123.853622 46.968196),Facility,19370.0,2018
Puget Sound Energy - Sumas Generating Station - Sumas,2012,Power Plants,Natural Gas Turbine Plants,221112,Fossil Fuel Electric Power Generation,Puget Holdings LLC,Sumas,Whatcom,Northwest Clean Air Agency,"106,647",0,"106,539",49,59,0,0,0,0,,3,"48.9905, -122.2733",,,POINT (-122.2733 48.9905),Facility,106647.0,2012
The Boeing Company - Fabrication (Frederickson Site) - Puyallup,2020,Manufacturing,Transportation Industry,336411,Aircraft Manufacturing,The Boeing Company,Puyallup,Pierce,Puget Sound Clean Air Agency,"16,287",0,"16,271",8,9,0,0,0,0,,1,"47.088831, -122.34862",,,POINT (-122.34862 47.088831),Facility,16287.0,2020
Darigold - Chehalis,2022,Food Production,Dairy Products,311514,"Dry, Condensed, and Evaporated Dairy Product Manufacturing",Darigold Inc.,Chehalis,Lewis,Southwest Clean Air Agency,"13,273",0,"13,260",6,7,0,0,0,0,,1,"46.659952, -122.970162",,,POINT (-122.970162 46.659952),Facility,13273.0,2022
REC Solar Grade Silicon - Moses Lake,2013,Metals,Other Metals,331410,Primary Smelting and Refining of Nonferrous Metal (except Copper and Aluminum),REC Silicon,Moses Lake,Grant,Ecology: Eastern Regional Office,"123,755",0,"123,628",58,69,0,0,0,0,,3,"47.138359, -119.200383",,,POINT (-119.200383 47.138359),Facility,123755.0,2013
Marathon Anacortes Refinery - Anacortes,2015,Petroleum Systems,Petroleum Refineries,324110,Petroleum Refineries,Marathon Petroleum Corp,Anacortes,Skagit,Northwest Clean Air Agency,"1,288,787",0,"1,283,000","2,554","3,232",0,0,0,0,,4,"48.493816, -122.564845",,,POINT (-122.564845 48.493816),Facility,1288787.0,2015
Tree Top - Prosser,2023,Food Production,Fruit Products,311411,"Frozen Fruit, Juice, and Vegetable Manufacturing",Tree Top Inc.,Prosser,Benton,Benton Clean Air Agency,"18,249",0,"18,231",9,10,0,0,0,0,,1,"46.21842, -119.73397",,Reporter,POINT (-119.73397 46.21842),Facility,18249.0,2023
Spokane Waste to Energy Facility - Spokane,2016,Power Plants,"Other Power, Heating, or Cooling Plants",562213,Solid Waste Combustors and Incinerators,City of Spokane,Spokane,Spokane,Spokane Regional Clean Air Agency,"238,603","136,713","96,647","2,045","3,198",0,0,0,0,,3,"47.626529, -117.504278",,,POINT (-117.504278 47.626529),Facility,238603.0,2016
"Boise Cascade Wood Products, LLC.  Kettle Falls Lumber - Kettle Falls",2017,Wood Products,Lumber Mills,321912,"Cut Stock, Resawing Lumber, and Planing",Boise Cascade Company,Kettle Falls,Stevens,Ecology: Eastern Regional Office,"54,397","53,680",0,103,614,0,0,0,0,,2,"48.609799, -118.067441",,,POINT (-118.067441 48.609799),Facility,54397.0,2017
The Boeing Company: DC/MFC - Tukwila,2015,Manufacturing,Transportation Industry,336411,Aircraft Manufacturing,The Boeing Company,Tukwila,King,Puget Sound Clean Air Agency,"15,614",0,"15,598",7,9,0,0,0,0,,1,"47.516246, -122.298613",,,POINT (-122.298613 47.516246),Facility,15614.0,2015
Avista Corporation LDC - WA - statewide,2016,Natural Gas Systems,Natural Gas Local Distribution Companies,221210,Natural Gas Distribution,Avista Corp.,Spokane,Spokane,Spokane Regional Clean Air Agency,"15,513",0,19,"15,494",0,0,0,0,0,,1,"47.673662, -117.388735",,,POINT (-117.388735 47.673662),Facility,15513.0,2016
Puget Sound Energy - Goldendale Generating Station - Goldendale,2020,Power Plants,Natural Gas Turbine Plants,221112,Fossil Fuel Electric Power Generation,Puget Holdings LLC,Goldendale,Klickitat,Ecology: Central Regional Office,"730,210",0,"729,468",338,403,0,0,0,0,,3,"45.8114, -120.833",,,POINT (-120.833 45.8114),Facility,730210.0,2020
SDS Lumber Company - Bingen,2014,Wood Products,Lumber Mills,321113,Sawmills,SDS Lumber Company,Bingen,Klickitat,Ecology: Central Regional Office,"110,009","108,451",110,208,"1,240",0,0,0,0,,3,"45.713913, -121.468688",,,POINT (-121.468688 45.713913),Facility,110009.0,2014
Sierra Pacific Industries - Shelton,2013,Wood Products,Lumber Mills,321212,Softwood Veneer and Plywood Manufacturing,Simpson Lumber Company LLC,Shelton,Mason,Olympic Region Clean Air Agency,"112,322","103,334","7,600",202,"1,186",0,0,0,0,,3,"47.213448, -123.096517",,,POINT (-123.096517 47.213448),Facility,112322.0,2013
"Bio Energy Washington, LLC - Maple Valley",2024,Power Plants,"Other Power, Heating, or Cooling Plants",221119,Other Electric Power Generation,BIO ENERGY WASHINGTON LLC,Maple Valley,King,Puget Sound Clean Air Agency,74,0,74,0,0,0,0,0,0,,1,"47.455871, -122.041817",,Reporter,POINT (-122.041817 47.455871),Facility,74.0,2024
bp Cherry Point Refinery - Blaine,2022,Petroleum Systems,Petroleum Refineries,324110,Petroleum Refineries,BP America Inc.,Blaine,Whatcom,Northwest Clean Air Agency,"2,123,672",0,"2,112,799","6,485","4,388",0,0,0,0,,5,"48.8864, -122.7353",,,POINT (-122.7353 48.8864),Facility,2123672.0,2022
"Solvay Chemicals, Inc. - Longview",2015,Chemicals,Other Chemicals,325180,Other Basic Inorganic Chemical Manufacturing,Solvay Chemicals Inc.,Longview,Cowlitz,Southwest Clean Air Agency,"49,098",0,"49,098",0,0,0,0,0,0,,2,"46.137218, -122.982847",,,POINT (-122.982847 46.137218),Facility,49098.0,2015
Lamb Weston - Richland,2017,Food Production,Potato Products,311411,"Frozen Fruit, Juice, and Vegetable Manufacturing","Lamb Weston, Inc.",Richland,Benton,Benton Clean Air Agency,"50,397","1,794","44,211","4,360",31,0,0,0,0,,2,"46.309314, -119.297267",,,POINT (-119.297267 46.309314),Facility,50397.0,2017
Chehalis Generation Facility - Chehalis,2023,Power Plants,Natural Gas Turbine Plants,221112,Fossil Fuel Electric Power Generation,Berkshire Hathaway,Chehalis,Lewis,EFSEC,"914,725",0,"913,796",424,505,0,0,0,0,,3,"46.6226, -122.9145","914,725",Covered Entity,POINT (-122.9145 46.6226),Facility,914725.0,2023
"El Oro Cattle Feeders, LLC - Moses Lake",2016,Livestock,Cattle Feedlots,112112,Cattle Feedlots,Agri Beef Co.,Moses Lake,Grant,Ecology: Eastern Regional Office,"23,506",0,0,"1,821","21,685",0,0,0,0,,1,"47.052176, -119.093815",,,POINT (-119.093815 47.052176),Facility,23506.0,2016
"Bio Energy Washington, LLC - Maple Valley",2022,Power Plants,"Other Power, Heating, or Cooling Plants",221119,Other Electric Power Generation,Bio Energy Washington,Maple Valley,King,Puget Sound Clean Air Agency,"22,804","21,395","1,295",34,80,0,0,0,0,,1,"47.455871, -122.041817",,,POINT (-122.041817 47.455871),Facility,22804.0,2022
Alcoa Wenatchee Works - Malaga,2017,Metals,Aluminum Production,331312,Primary Aluminum Production,Alcoa Corp.,Malaga,Chelan,Ecology: Industrial Section,0,0,0,0,0,0,0,0,0,Facility curtailed.,1,"47.3567, -120.1273",,,POINT (-120.1273 47.3567),Facility,0.0,2017
The Boeing Company: Boeing Plant 2 - Seattle,2019,Manufacturing,Transportation Industry,336411,Aircraft Manufacturing,The Boeing Company,Seattle,King,Puget Sound Clean Air Agency,"22,548",0,"22,523",11,14,0,0,0,0,,1,"47.532524, -122.311623",,,POINT (-122.311623 47.532524),Facility,22548.0,2019
Cowlitz County Tennant Way Landfill - Longview,2013,Waste,Landfills,562212,Solid Waste Landfill,Cowlitz County Washington,Longview,Cowlitz,Southwest Clean Air Agency,"19,709",0,0,"19,709",0,0,0,0,0,,1,"46.107229, -122.905601",,,POINT (-122.905601 46.107229),Facility,19709.0,2013
Sierra Pacific Industries - Burlington - Mount Vernon,2015,Wood Products,Lumber Mills,321113,Sawmills,Sierra Pacific Industries,Mount Vernon,Skagit,Northwest Clean Air Agency,"307,168","301,371","1,771",579,"3,448",0,0,0,0,,3,"48.448553, -122.434613",,,POINT (-122.434613 48.448553),Facility,307168.0,2015
Frederickson Power LP - Tacoma,2015,Power Plants,Natural Gas Turbine Plants,221112,Fossil Fuel Electric Power Generation,"Puget Sound Energy, Inc. and Capital Power (US Holdings) Inc",Tacoma,Pierce,Puget Sound Clean Air Agency,"496,752",0,"496,248",230,274,0,0,0,0,,3,"47.086342, -122.365686",,,POINT (-122.365686 47.086342),Facility,496752.0,2015
"SEH America, Inc - Vancouver",2020,Manufacturing,Electronics Industry,334413,Semiconductor and Related Device Manufacturing,SEH America Inc.,Vancouver,Clark,Southwest Clean Air Agency,"10,896",0,"10,885",5,6,0,0,0,0,,1,"45.649912, -122.553612",,,POINT (-122.553612 45.649912),Facility,10896.0,2020
SDS Lumber Company - Bingen,2024,Wood Products,Lumber Mills,321113,Sawmills,SDS LUMBER CO,Bingen,Klickitat,Ecology: Central Regional Office,"51,011","50,184",157,96,574,0,0,0,0,,2,"45.713913, -121.468688",,Reporter,POINT (-121.468688 45.713913),Facility,51011.0,2024
Frederickson Power LP - Tacoma,2021,Power Plants,Natural Gas Turbine Plants,221112,Fossil Fuel Electric Power Generation,"Puget Sound Energy, Inc. and Capital Power (US Holdings) Inc",Tacoma,Pierce,Puget Sound Clean Air Agency,"493,541",0,"493,040",229,273,0,0,0,0,,3,"47.086342, -122.365686",,,POINT (-122.365686 47.086342),Facility,493541.0,2021
Owens-Brockway Glass Container Inc Plant #2 - Kalama,2015,Minerals,Glass Production,327213,Glass Container Manufacturing,O-I Glass Inc.,Kalama,Cowlitz,Southwest Clean Air Agency,"22,288",0,"22,272",7,9,0,0,0,0,,1,"46.031656, -122.866241",,,POINT (-122.866241 46.031656),Facility,22288.0,2015
Kettle Falls Generating Station - Kettle Falls,2019,Power Plants,"Other Power, Heating, or Cooling Plants",221117,Biomass Electric Power Generation,Avista Corp.,Kettle Falls,Stevens,Ecology: Eastern Regional Office,"448,360","424,690","11,848","6,959","4,864",0,0,0,0,Formerly included Avista Landfill before 2023.,3,"48.620335, -118.110841",,,POINT (-118.110841 48.620335),Facility,448360.0,2019
Horn Rapids Sanitary Landfill - Richland,2015,Waste,Landfills,562212,Solid Waste Landfill,City of Richland,Richland,Benton,Benton Clean Air Agency,"26,870",0,0,"26,870",0,0,0,0,0,,2,"46.346663, -119.348118",,,POINT (-119.348118 46.346663),Facility,26870.0,2015
The Boeing Company - Auburn Site - Auburn,2015,Manufacturing,Transportation Industry,336413,Other Aircraft Parts and Auxiliary Equipment Manufacturing,The Boeing Company,Auburn,King,Puget Sound Clean Air Agency,"36,058",0,"36,021",17,20,0,0,0,0,,2,"47.285551, -122.242298",,,POINT (-122.242298 47.285551),Facility,36058.0,2015
Simplot Feeders LTD. - Burbank,2015,Livestock,Cattle Feedlots,112112,Cattle Feedlots,J.R. Simplot Company,Burbank,Walla Walla,Ecology: Eastern Regional Office,"29,065",0,0,"2,077","26,988",0,0,0,0,,2,"46.133131, -118.90629",,,POINT (-118.90629 46.133131),Facility,29065.0,2015
Naval Base Kitsap - Bremerton,2020,Government,National Security,928110,National Security,US Government,Bremerton,Kitsap,Puget Sound Clean Air Agency,"44,127",0,"44,081",21,25,0,0,0,0,,2,"47.557047, -122.645933",,,POINT (-122.645933 47.557047),Facility,44127.0,2020
"North Pacific Paper Company, LLC - Longview",2016,Pulp and Paper,Other Pulp and Paper,322122,Newsprint Mills,NP Paper Investor Holdings LLC,Longview,Cowlitz,Southwest Clean Air Agency,"37,298",0,"37,260",18,21,0,0,0,0,First year directly reporting.  Formerly part of Nippon Dynawave before 2016.,2,"46.125662, -122.976788",,,POINT (-122.976788 46.125662),Facility,37298.0,2016
Terrace Heights Landfill - Yakima,2015,Waste,Landfills,562212,Solid Waste Landfill,Yakima County Public Services - Solid Waste Division,Yakima,Yakima,Yakima Regional Clean Air Agency,"109,385",0,26,"109,359",0,0,0,0,0,,3,"46.610031, -120.39408",,,POINT (-120.39408 46.610031),Facility,109385.0,2015
Starbucks Kent Flexible Plant - Kent,2023,Food Production,Other Food Products,311920,Coffee and Tea Manufacturing,Starbucks Corp.,Kent,King,Puget Sound Clean Air Agency,"12,057",0,"12,044",6,7,0,0,0,0,,1,"47.436276, -122.237648",,Reporter,POINT (-122.237648 47.436276),Facility,12057.0,2023
J.R. Simplot Company - Moses Lake,2020,Food Production,Potato Products,311411,"Frozen Fruit, Juice, and Vegetable Manufacturing",J.R. Simplot Company,Moses Lake,Grant,Ecology: Eastern Regional Office,"33,788","5,058","22,827","5,872",31,0,0,0,0,,2,"47.131732, -119.18926",,,POINT (-119.18926 47.131732),Facility,33788.0,2020
Port Townsend Paper Corporation - Port Townsend,2018,Pulp and Paper,Kraft Mills,322121,Paper (except Newsprint) Mills,Port Townsend Paper Corp.,Port Townsend,Jefferson,Ecology: Industrial Section,"571,050","503,020","63,089","2,464","2,477",0,0,0,0,,3,"48.093793, -122.796806",,,POINT (-122.796806 48.093793),Facility,571050.0,2018
Northwest Hardwoods Inc. - Centralia,2024,Wood Products,Lumber Mills,321113,Sawmills,LITTLEJOHN & CO LLC,Centralia,Lewis,Southwest Clean Air Agency,"8,328","4,970","3,289",11,59,0,0,0,0,,1,"46.734454, -122.991963",,Reporter,POINT (-122.991963 46.734454),Facility,8328.0,2024
Naval Air Station Whidbey Island - Oak Harbor,2012,Government,National Security,928110,National Security,US Government,Oak Harbor,Island,Northwest Clean Air Agency,"17,880",0,"17,861",9,10,0,0,0,0,,1,"48.345281, -122.669741",,,POINT (-122.669741 48.345281),Facility,17880.0,2012
Hampton Lumber Mills Washington Inc. - Morton,2022,Wood Products,Lumber Mills,321113,Sawmills,Hampton Lumber Mills Washington Inc.,Morton,Lewis,Southwest Clean Air Agency,"30,648","30,244",0,58,346,0,0,0,0,,2,"46.565997, -122.269573",,,POINT (-122.269573 46.565997),Facility,30648.0,2022
Northwest Pipeline C/S - Goldendale,2018,Natural Gas Systems,Natural Gas Transmission/Compression,486210,Pipeline Transportation of Natural Gas,"The Williams Companies, Inc.",Goldendale,Klickitat,Ecology: Central Regional Office,"22,441",0,"20,166","2,263",11,0,0,0,0,,1,"45.771216, -120.799267",,,POINT (-120.799267 45.771216),Facility,22441.0,2018
King County Solid Waste Cedar Hills Landfill - Maple Valley,2016,Waste,Landfills,562212,Solid Waste Landfill,King County Solid Waste Division,Maple Valley,King,Puget Sound Clean Air Agency,"77,624",0,229,"77,394",1,0,0,0,0,,2,"47.462625, -122.046025",,,POINT (-122.046025 47.462625),Facility,77624.0,2016
University of Washington Seattle Campus - Seattle,2020,Government,Education,611310,"Colleges, Universities, and Professional Schools",State of Washington,Seattle,King,Puget Sound Clean Air Agency,"86,980",0,"86,890",41,49,0,0,0,0,,2,"47.653614, -122.303608",,,POINT (-122.303608 47.653614),Facility,86980.0,2020
Puget Sound Energy - Frederickson Generating Station - Tacoma,2014,Power Plants,Natural Gas Turbine Plants,221112,Fossil Fuel Electric Power Generation,Puget Holdings LLC,Tacoma,Pierce,Puget Sound Clean Air Agency,"24,413",0,"24,387",12,14,0,0,0,0,,1,"47.079716, -122.364711",,,POINT (-122.364711 47.079716),Facility,24413.0,2014
Air Liquide Electronics Moses Lake Hydrogen Plant,2017,Chemicals,Other Chemicals,325120,Industrial Gas Manufacturing,Air Liquide USA Inc.,Moses Lake,Grant,Ecology: Eastern Regional Office,"9,120",0,"9,120",0,0,0,0,0,0,,1,"47.135844, -119.19962",,,POINT (-119.19962 47.135844),Facility,9120.0,2017
Lamb Weston - Connell,2019,Food Production,Potato Products,311411,"Frozen Fruit, Juice, and Vegetable Manufacturing","Lamb Weston, Inc.",Connell,Franklin,Ecology: Eastern Regional Office,"36,114",0,"36,077",17,20,0,0,0,0,,2,"46.651389, -118.871944",,,POINT (-118.871944 46.651389),Facility,36114.0,2019
Lamb Weston - Quincy,2024,Food Production,Potato Products,311411,"Frozen Fruit, Juice, and Vegetable Manufacturing",LAMB WESTON HOLDINGS INC,Quincy,Grant,Ecology: Eastern Regional Office,"30,639",0,"30,608",15,17,0,0,0,0,,2,"47.234413, -119.869914","30,639",Covered Entity,POINT (-119.869914 47.234413),Facility,30639.0,2024
The Boeing Company - Renton,2015,Manufacturing,Transportation Industry,336411,Aircraft Manufacturing,The Boeing Company,Renton,King,Puget Sound Clean Air Agency,"17,191",0,"17,174",8,10,0,0,0,0,,1,"47.498257, -122.211346",,,POINT (-122.211346 47.498257),Facility,17191.0,2015
U.S. Oil & Refining Co. - Tacoma,2017,Petroleum Systems,Petroleum Refineries,324110,Petroleum Refineries,Par Pacific Holdings Inc.,Tacoma,Pierce,Puget Sound Clean Air Agency,"142,341",0,"140,833","1,038",471,0,0,0,0,,3,"47.256813, -122.394952",,,POINT (-122.394952 47.256813),Facility,142341.0,2017
"Nucor Steel Seattle, Inc, - Seattle",2018,Metals,Iron and Steel Production,331110,Iron and Steel Mills and Ferroalloy Manufacturing,Nucor Corporation,Seattle,King,Puget Sound Clean Air Agency,"98,865",0,"98,822",20,24,0,0,0,0,,2,"47.569331, -122.367332",,,POINT (-122.367332 47.569331),Facility,98865.0,2018
Hampton Lumber Mills Washington Inc. - Darrington,2024,Wood Products,Lumber Mills,321113,Sawmills,Hampton Lumber Mills Washington Inc.,Darrington,Snohomish,Puget Sound Clean Air Agency,"84,780","83,663",0,161,957,0,0,0,0,,2,"48.262797, -121.597608",,Reporter,POINT (-121.597608 48.262797),Facility,84780.0,2024
Northwest Pipeline C/S - Sumas,2014,Natural Gas Systems,Natural Gas Transmission/Compression,486210,Pipeline Transportation of Natural Gas,"The Williams Companies, Inc.",Sumas,Whatcom,Northwest Clean Air Agency,"82,830",0,"78,811","3,975",44,0,0,0,0,,2,"49.001, -122.2214",,,POINT (-122.2214 49.001),Facility,82830.0,2014
Alcoa Intalco Works - Ferndale,2015,Metals,Aluminum Production,331312,Primary Aluminum Production,Alcoa Corp.,Ferndale,Whatcom,Ecology: Industrial Section,"1,195,786",0,"418,042","10,480",34,0,"767,230",0,0,PFC emissions based on old source test information.,4,"48.8455, -122.7055",,,POINT (-122.7055 48.8455),Facility,1195786.0,2015
Nippon Dynawave - Longview,2020,Pulp and Paper,Kraft Mills,322121,Paper (except Newsprint) Mills,Nippon Paper Industries Co Ltd,Longview,Cowlitz,Ecology: Industrial Section,"1,532,644","1,172,774","352,071","1,656","6,143",0,0,0,0,Formerly included North Pacific Paper Company before 2016.,4,"46.130495, -122.983637",,,POINT (-122.983637 46.130495),Facility,1532644.0,2020
Spectrum Glass Company - Woodinville,2013,Minerals,Glass Production,327211,Flat Glass Manufacturing,Vanguard Properties Co.,Woodinville,King,Puget Sound Clean Air Agency,"12,088",0,"12,077",5,6,0,0,0,0,,1,"47.777004, -122.148978",,,POINT (-122.148978 47.777004),Facility,12088.0,2013
McCain Foods - Othello,2013,Food Production,Potato Products,311411,"Frozen Fruit, Juice, and Vegetable Manufacturing",McCain USA Inc.,Othello,Adams,Ecology: Eastern Regional Office,"89,215",0,"37,044","52,150",21,0,0,0,0,,2,"46.840102, -119.172705",,,POINT (-119.172705 46.840102),Facility,89215.0,2013
Lamb Weston - Quincy,2013,Food Production,Potato Products,311411,"Frozen Fruit, Juice, and Vegetable Manufacturing","Lamb Weston, Inc.",Quincy,Grant,Ecology: Eastern Regional Office,"39,846",0,"39,804",19,23,0,0,0,0,,2,"47.234413, -119.869914",,,POINT (-119.869914 47.234413),Facility,39846.0,2013
Darigold - Sunnyside,2016,Food Production,Dairy Products,311513,Cheese Manufacturing,Darigold Inc.,Sunnyside,Yakima,Yakima Regional Clean Air Agency,"31,480",0,"31,448",15,17,0,0,0,0,,2,"46.30058, -120.015675",,,POINT (-120.015675 46.30058),Facility,31480.0,2016
Waste Management Greater Wenatchee Regional Landfill - East Wenatchee,2019,Waste,Landfills,562212,Solid Waste Landfill,Waste Management Inc.,East Wenatchee,Douglas,Ecology: Central Regional Office,"55,694",0,0,"55,694",0,0,0,0,0,,2,"47.405083, -120.167444",,,POINT (-120.167444 47.405083),Facility,55694.0,2019
Guy Bennett Lumber Company - Clarkston,2024,Wood Products,Lumber Mills,321113,Sawmills,BENNETT LUMBER PRODUCTS INC,Clarkston,Asotin,Ecology: Eastern Regional Office,"13,292","13,117",0,25,150,0,0,0,0,,1,"46.423108, -117.086487",,Reporter,POINT (-117.086487 46.423108),Facility,13292.0,2024
Michelsen Packaging - Yakima,2018,Pulp and Paper,Other Pulp and Paper,322299,All Other Converted Paper Product Manufacturing,Michelson Packaging Co.,Yakima,Yakima,Yakima Regional Clean Air Agency,"10,989",0,"10,978",5,6,0,0,0,0,,1,"46.604058, -120.513015",,,POINT (-120.513015 46.604058),Facility,10989.0,2018
Grays Harbor Energy Center - Elma,2014,Power Plants,Natural Gas Turbine Plants,221112,Fossil Fuel Electric Power Generation,Invenergy Investment Company LLC,Elma,Grays Harbor,EFSEC,"650,571",0,"649,910",301,359,0,0,0,0,,3,"46.9688, -123.48",,,POINT (-123.48 46.9688),Facility,650571.0,2014
Tree Top - Selah Campus,2024,Food Production,Fruit Products,311423,Dried and Dehydrated Food Manufacturing,TREE TOP INC,Selah,Yakima,Yakima Regional Clean Air Agency,"14,188",0,"14,173",7,8,0,0,0,0,,1,"46.649920, -120.527550",,Reporter,POINT (-120.52755 46.64992),Facility,14188.0,2024
Northwest Pipeline C/S - Snohomish,2022,Natural Gas Systems,Natural Gas Transmission/Compression,486210,Pipeline Transportation of Natural Gas,"The Williams Companies, Inc.",Snohomish,Snohomish,Puget Sound Clean Air Agency,"57,349",0,"55,839","1,479",31,0,0,0,0,,2,"47.78825, -122.05859",,,POINT (-122.05859 47.78825),Facility,57349.0,2022
Puget Sound Energy - Ferndale Generating Station - Ferndale,2013,Power Plants,Natural Gas Turbine Plants,221112,Fossil Fuel Electric Power Generation,Puget Holdings LLC,Ferndale,Whatcom,Northwest Clean Air Agency,"395,314",0,"394,913",183,218,0,0,0,0,,3,"48.828707, -122.685533",,,POINT (-122.685533 48.828707),Facility,395314.0,2013
Grays Harbor Energy Center - Elma,2019,Power Plants,Natural Gas Turbine Plants,221112,Fossil Fuel Electric Power Generation,Invenergy Investment Company LLC,Elma,Grays Harbor,EFSEC,"1,337,982",0,"1,336,624",620,739,0,0,0,0,,4,"46.9688, -123.48",,,POINT (-123.48 46.9688),Facility,1337982.0,2019
Guy Bennett Lumber Company - Clarkston,2023,Wood Products,Lumber Mills,321113,Sawmills,Bennett Lumber Products Inc.,Clarkston,Asotin,Ecology: Eastern Regional Office,"14,674","14,481",0,28,166,0,0,0,0,,1,"46.423108, -117.086487",,Reporter,POINT (-117.086487 46.423108),Facility,14674.0,2023
REC Solar Grade Silicon - Moses Lake,2023,Metals,Other Metals,331410,Primary Smelting and Refining of Nonferrous Metal (except Copper and Aluminum),REC Silicon,Moses Lake,Grant,Ecology: Eastern Regional Office,"5,956",0,"5,950",3,3,0,0,0,0,Curtailed in mid 2019. Facility restarted 2023.,1,"47.138359, -119.200383","5,956",Covered Entity,POINT (-119.200383 47.138359),Facility,5956.0,2023
Puget Sound Energy - Encogen Generating Station - Bellingham,2018,Power Plants,Natural Gas Turbine Plants,221112,Fossil Fuel Electric Power Generation,Puget Holdings LLC,Bellingham,Whatcom,Northwest Clean Air Agency,"96,453",0,"96,355",45,53,0,0,0,0,,2,"48.746, -122.486",,,POINT (-122.486 48.746),Facility,96453.0,2018
DH Feeders - Eltopia,2014,Livestock,Cattle Feedlots,112112,Cattle Feedlots,Easterday Ranches,Eltopia,Franklin,Ecology: Eastern Regional Office,"14,416",0,867,"1,035","12,513",0,0,0,0,,1,"46.50919, -118.881203",,,POINT (-118.881203 46.50919),Facility,14416.0,2014
Sierra Pacific Industries - Aberdeen,2021,Wood Products,Lumber Mills,321113,Sawmills,Sierra Pacific Industries,Aberdeen,Grays Harbor,Olympic Region Clean Air Agency,"175,707","171,319","1,216",456,"2,716",0,0,0,0,,3,"46.971875, -123.775526",,,POINT (-123.775526 46.971875),Facility,175707.0,2021
Cosmo Specialty Fibers Inc - Cosmopolis,2012,Pulp and Paper,Sulfite Mills,322110,Pulp Mills,Cosmo Specialty Fibers Inc.,Cosmopolis,Grays Harbor,Ecology: Industrial Section,"536,935","502,830","27,037","5,186","1,881",0,0,0,0,,3,"46.952907, -123.76211",,,POINT (-123.76211 46.952907),Facility,536935.0,2012
Port Angeles Hardwood LLC - Port Angeles,2015,Wood Products,Lumber Mills,321113,Sawmills,Port Angeles Hardwood LLC,Port Angeles,Clallam,Olympic Region Clean Air Agency,"25,563","25,226",0,49,288,0,0,0,0,,2,"48.100872, -123.485745",,,POINT (-123.485745 48.100872),Facility,25563.0,2015
"Kaiser Aluminum Washington, LLC (Trentwood Works) - Spokane Valley",2014,Metals,Other Metals,331315,"Aluminum Sheet, Plate, and Foil Manufacturing",Kaiser Aluminum Corp.,Spokane Valley,Spokane,Spokane Regional Clean Air Agency,"114,924",0,"114,806",54,64,0,0,0,0,,3,"47.687074, -117.212673",,,POINT (-117.212673 47.687074),Facility,114924.0,2014
Boulder Park Generating Station - Spokane Valley,2013,Power Plants,"Other Power, Heating, or Cooling Plants",221112,Fossil Fuel Electric Power Generation,Avista Corp.,Spokane Valley,Spokane,Spokane Regional Clean Air Agency,"10,795",0,"10,784",5,6,0,0,0,0,,1,"47.696999, -117.147223",,,POINT (-117.147223 47.696999),Facility,10795.0,2013
Cathcart Landfill - Snohomish,2014,Waste,Landfills,562212,Solid Waste Landfill,Snohomish County,Snohomish,Snohomish,Puget Sound Clean Air Agency,"22,454",0,247,"22,207",0,0,0,0,0,,1,"47.870014, -122.118284",,,POINT (-122.118284 47.870014),Facility,22454.0,2014
"Boise Cascade Wood Products, LLC.  Kettle Falls Plywood - Kettle Falls",2015,Wood Products,Other Wood Products,321219,Reconstituted Wood Product Manufacturing,Boise Cascade Company,Kettle Falls,Stevens,Ecology: Eastern Regional Office,"71,151","68,501","1,734",132,784,0,0,0,0,,2,"48.613175, -118.116106",,,POINT (-118.116106 48.613175),Facility,71151.0,2015
Roosevelt Regional Landfill - Roosevelt,2013,Waste,Landfills,562212,Solid Waste Landfill,"Republic Services, Inc.",Roosevelt,Klickitat,Ecology: Central Regional Office,"282,981",0,207,"282,773",1,0,0,0,0,,3,"45.807146, -120.179785",,,POINT (-120.179785 45.807146),Facility,282981.0,2013
Washington Potato Company - Warden,2018,Food Production,Potato Products,311991,Perishable Prepared Food Manufacturing,Washington Potato Co.,Warden,Grant,Ecology: Eastern Regional Office,"29,914",0,"29,884",14,17,0,0,0,0,,2,"46.970469, -119.063631",,,POINT (-119.063631 46.970469),Facility,29914.0,2018
"Rainier Veneer, Inc. - Spanaway",2023,Wood Products,Other Wood Products,321212,Softwood Veneer and Plywood Manufacturing,Rainier Veneer Inc.,Spanaway,Pierce,Puget Sound Clean Air Agency,"15,208","13,241","1,789",26,152,0,0,0,0,,1,"47.062059, -122.318981",,Reporter,POINT (-122.318981 47.062059),Facility,15208.0,2023
Western Washington University - Bellingham,2017,Government,Education,611310,"Colleges, Universities, and Professional Schools",Western Washington University,Bellingham,Whatcom,Northwest Clean Air Agency,"10,954",0,"10,942",5,6,0,0,0,0,,1,"48.736499, -122.484714",,,POINT (-122.484714 48.736499),Facility,10954.0,2017
Ardagh Glass Inc. - Seattle,2017,Minerals,Glass Production,327213,Glass Container Manufacturing,Ardagh Holdings USA Inc.,Seattle,King,Puget Sound Clean Air Agency,"75,428",0,"75,367",28,33,0,0,0,0,,2,"47.55242, -122.33739",,,POINT (-122.33739 47.55242),Facility,75428.0,2017
Sierra Pacific Industries - Shelton,2023,Wood Products,Lumber Mills,321212,Softwood Veneer and Plywood Manufacturing,Simpson Lumber Company LLC,Shelton,Mason,Olympic Region Clean Air Agency,"59,279","58,498",0,112,669,0,0,0,0,,2,"47.213448, -123.096517",,Reporter,POINT (-123.096517 47.213448),Facility,59279.0,2023
Grant County Landfill 1 - Ephrata,2021,Waste,Landfills,562212,Solid Waste Landfill,Grant County Washington,Ephrata,Grant,Ecology: Eastern Regional Office,"45,269",0,0,"45,269",0,0,0,0,0,,2,"47.270759, -119.573764",,,POINT (-119.573764 47.270759),Facility,45269.0,2021
"Analog Devices, Inc. - Camas",2022,Manufacturing,Electronics Industry,334413,Semiconductor and Related Device Manufacturing,Linear Technology Corporation,Camas,Clark,Southwest Clean Air Agency,"18,989",0,"2,173",1,"2,775","2,713","7,176","3,981",170,,1,"45.598844, -122.45232",,,POINT (-122.45232 45.598844),Facility,18989.0,2022
Cardinal FG Company - Winlock,2022,Minerals,Glass Production,327211,Flat Glass Manufacturing,Cardinal Glass Industries Inc.,Winlock,Lewis,Southwest Clean Air Agency,"106,396",0,"106,323",34,40,0,0,0,0,,3,"46.544937, -122.926313",,,POINT (-122.926313 46.544937),Facility,106396.0,2022
Frito Lay - Vancouver,2021,Food Production,Other Food Products,311919,Other Snack Food Manufacturing,PepsiCo Inc,Vancouver,Clark,Southwest Clean Air Agency,"14,349",0,"14,335",7,8,0,0,0,0,,1,"45.657037, -122.692",,,POINT (-122.692 45.657037),Facility,14349.0,2021
Spokane Waste to Energy Facility - Spokane,2021,Power Plants,"Other Power, Heating, or Cooling Plants",562213,Solid Waste Combustors and Incinerators,City of Spokane,Spokane,Spokane,Spokane Regional Clean Air Agency,"242,787","141,607","95,840","2,083","3,258",0,0,0,0,,3,"47.626529, -117.504278",,,POINT (-117.504278 47.626529),Facility,242787.0,2021
Ascensus Specialties LLC - Elma,2021,Chemicals,Other Chemicals,325180,Other Basic Inorganic Chemical Manufacturing,VSI Holdings LLC,Elma,Grays Harbor,Olympic Region Clean Air Agency,"16,735",0,"16,718",8,10,0,0,0,0,,1,"46.995459, -123.382316",,,POINT (-123.382316 46.995459),Facility,16735.0,2021
Gas Transmission Northwest Compressor Station 7 -Prescott,2021,Natural Gas Systems,Natural Gas Transmission/Compression,486210,Pipeline Transportation of Natural Gas,TransCanada Northern Border Inc.,Starbuck,Columbia,Ecology: Eastern Regional Office,"90,620",0,"88,828","1,742",50,0,0,0,0,,2,"46.53558, -118.293441",,,POINT (-118.293441 46.53558),Facility,90620.0,2021
"Gas Transmission Northwest Compressor Station 8, LLC -Wallula",2016,Natural Gas Systems,Natural Gas Transmission/Compression,486210,Pipeline Transportation of Natural Gas,TransCanada Northern Border Inc.,Wallula,Walla Walla,Ecology: Eastern Regional Office,"120,374",0,"118,722","1,586",67,0,0,0,0,,3,"46.053153, -118.843934",,,POINT (-118.843934 46.053153),Facility,120374.0,2016
Hidden Valley Landfill - Puyallup,2023,Waste,Landfills,562212,Solid Waste Landfill,Waste Connections US Inc.,Puyallup,Pierce,Puget Sound Clean Air Agency,"93,461","1,654",0,"91,801",6,0,0,0,0,,2,"47.095, -122.2878",,Reporter,POINT (-122.2878 47.095),Facility,93461.0,2023
Olympic View Sanitary Landfill - Bremerton,2023,Waste,Landfills,562212,Solid Waste Landfill,Waste Management Inc.,Bremerton,Kitsap,Puget Sound Clean Air Agency,"65,209","1,536",0,"63,667",6,0,0,0,0,,2,"47.501359, -122.783272",,Reporter,POINT (-122.783272 47.501359),Facility,65209.0,2023
Northwest Pipeline C/S - Washougal,2024,Natural Gas Systems,Natural Gas Transmission/Compression,486210,Pipeline Transportation of Natural Gas,THE WILLIAMS COS INC,Washougal,Clark,Southwest Clean Air Agency,"8,203",0,"6,744","1,456",4,0,0,0,0,,1,"45.632360, -122.365160","8,203",Covered Entity,POINT (-122.36516 45.63236),Facility,8203.0,2024
Naval Base Kitsap Bangor - Silverdale,2013,Government,National Security,928110,National Security,US Government,Silverdale,Kitsap,Puget Sound Clean Air Agency,"23,317",0,"23,289",12,15,0,0,0,0,,1,"47.699284, -122.696926",,,POINT (-122.696926 47.699284),Facility,23317.0,2013
Avista Corporation - WA State DOE Reporting - statewide,2014,Natural Gas Systems,Natural Gas Local Distribution Companies,221121,Electric Bulk Power Transmission and Control,Avista Corp.,Spokane,Spokane,Spokane Regional Clean Air Agency,"16,420",0,18,"15,234",0,0,0,"1,167",0,,1,"47.673486, -117.388514",,,POINT (-117.388514 47.673486),Facility,16420.0,2014
Central Washington University - Ellensburg,2016,Government,Education,611310,"Colleges, Universities, and Professional Schools",State of Washington,Ellensburg,Kittitas,Ecology: Central Regional Office,"12,278",0,"12,265",6,7,0,0,0,0,,1,"47.003202, -120.544513",,,POINT (-120.544513 47.003202),Facility,12278.0,2016
Pasco Processing LLC - Pasco,2024,Food Production,Other Food Products,311991,Perishable Prepared Food Manufacturing,OREGON POTATO CO,Pasco,Franklin,Ecology: Eastern Regional Office,"9,949",0,"9,939",5,6,0,0,0,0,,1,"46.282740, -119.097528",,Reporter,POINT (-119.097528 46.28274),Facility,9949.0,2024
"Nucor Steel Seattle, Inc, - Seattle",2023,Metals,Iron and Steel Production,331110,Iron and Steel Mills and Ferroalloy Manufacturing,Nucor Corporation,Seattle,King,Puget Sound Clean Air Agency,"82,396",0,"82,355",19,22,0,0,0,0,,2,"47.569331, -122.367332","82,396",Covered Entity,POINT (-122.367332 47.569331),Facility,82396.0,2023
Murphy Veneer - Elma,2023,Wood Products,Other Wood Products,321212,Softwood Veneer and Plywood Manufacturing,Murphy Co.,Elma,Grays Harbor,Olympic Region Clean Air Agency,"8,690",0,"8,681",4,5,0,0,0,0,,1,"47.040323, -123.334339",,Reporter,POINT (-123.334339 47.040323),Facility,8690.0,2023
Puget Sound Energy - Sumas Generating Station - Sumas,2016,Power Plants,Natural Gas Turbine Plants,221112,Fossil Fuel Electric Power Generation,Puget Holdings LLC,Sumas,Whatcom,Northwest Clean Air Agency,"192,574",0,"192,378",89,106,0,0,0,0,,3,"48.9905, -122.2733",,,POINT (-122.2733 48.9905),Facility,192574.0,2016
Star Forge LLC dba Jorgensen Forge - Tukwila,2016,Metals,Other Metals,332111,Iron and Steel Forging,Jorgensen Forge Corp.,Tukwila,King,Puget Sound Clean Air Agency,"6,820",0,"6,813",3,4,0,0,0,0,,1,"47.526872, -122.303906",,,POINT (-122.303906 47.526872),Facility,6820.0,2016
King County Solid Waste Cedar Hills Landfill - Maple Valley,2021,Waste,Landfills,562212,Solid Waste Landfill,King County Solid Waste Division,Maple Valley,King,Puget Sound Clean Air Agency,"245,042",0,179,"244,862",0,0,0,0,0,,3,"47.462625, -122.046025",,,POINT (-122.046025 47.462625),Facility,245042.0,2021
Avista Corporation LDC - WA - statewide,2021,Natural Gas Systems,Natural Gas Local Distribution Companies,221210,Natural Gas Distribution,Avista Corp.,Spokane,Spokane,Spokane Regional Clean Air Agency,"16,108",0,19,"16,089",0,0,0,0,0,,1,"47.673662, -117.388735",,,POINT (-117.388735 47.673662),Facility,16108.0,2021
Northwest Pipeline C/S - Sumner,2017,Natural Gas Systems,Natural Gas Transmission/Compression,486210,Pipeline Transportation of Natural Gas,"The Williams Companies, Inc.",Sumner,Pierce,Puget Sound Clean Air Agency,"37,486",0,"36,678",787,21,0,0,0,0,,2,"47.228986, -122.209551",,,POINT (-122.209551 47.228986),Facility,37486.0,2017
Northwest Pipeline C/S - Snohomish,2012,Natural Gas Systems,Natural Gas Transmission/Compression,486210,Pipeline Transportation of Natural Gas,"The Williams Companies, Inc.",Snohomish,Snohomish,Puget Sound Clean Air Agency,"31,357",0,"30,804",536,18,0,0,0,0,,2,"47.78825, -122.05859",,,POINT (-122.05859 47.78825),Facility,31357.0,2012
Georgia-Pacific Gypsum LLC - Tacoma,2024,Manufacturing,Building Products,327420,Gypsum Product Manufacturing,KOCH INDUSTRIES INC,Tacoma,Pierce,Puget Sound Clean Air Agency,"49,262",0,"49,211",23,28,0,0,0,0,,2,"47.269558, -122.394869","49,262",Covered Entity,POINT (-122.394869 47.269558),Facility,49262.0,2024
"Nucor Steel Seattle, Inc, - Seattle",2013,Metals,Iron and Steel Production,331110,Iron and Steel Mills and Ferroalloy Manufacturing,Nucor Corporation,Seattle,King,Puget Sound Clean Air Agency,"128,708",0,"128,672",16,19,0,0,0,0,,3,"47.569331, -122.367332",,,POINT (-122.367332 47.569331),Facility,128708.0,2013
Puget Sound Energy - Jackson Prairie Gas Storage - Chehalis,2019,Natural Gas Systems,Natural Gas Storage,486210,Pipeline Transportation of Natural Gas,Puget Holdings LLC,Chehalis,Lewis,Southwest Clean Air Agency,"11,177",0,"9,892","1,280",6,0,0,0,0,,1,"46.53461, -122.838569",,,POINT (-122.838569 46.53461),Facility,11177.0,2019
Cascade Natural Gas Corporation LDC - statewide,2020,Natural Gas Systems,Natural Gas Local Distribution Companies,221210,Natural Gas Distribution,MDU Resources Group Inc.,Kennewick,Benton,Benton Clean Air Agency,"23,564",0,453,"23,111",0,0,0,0,0,,1,"46.21875, -119.22987",,,POINT (-119.22987 46.21875),Facility,23564.0,2020
Lamb Weston - Pasco,2022,Food Production,Potato Products,311411,"Frozen Fruit, Juice, and Vegetable Manufacturing","Lamb Weston, Inc.",Pasco,Franklin,Ecology: Eastern Regional Office,"39,066",0,"39,026",19,22,0,0,0,0,,2,"46.288137, -119.115336",,,POINT (-119.115336 46.288137),Facility,39066.0,2022
REC Solar Grade Silicon - Moses Lake,2018,Metals,Other Metals,331410,Primary Smelting and Refining of Nonferrous Metal (except Copper and Aluminum),REC Silicon,Moses Lake,Grant,Ecology: Eastern Regional Office,"63,133",0,"63,068",30,35,0,0,0,0,,2,"47.138359, -119.200383",,,POINT (-119.200383 47.138359),Facility,63133.0,2018
Frito Lay - Vancouver,2020,Food Production,Other Food Products,311919,Other Snack Food Manufacturing,PepsiCo Inc,Vancouver,Clark,Southwest Clean Air Agency,"13,787",0,"13,773",7,8,0,0,0,0,,1,"45.657037, -122.692",,,POINT (-122.692 45.657037),Facility,13787.0,2020
"Emerald City Renewables, LLC- Graham",2014,Power Plants,"Other Power, Heating, or Cooling Plants",221117,Biomass Electric Power Generation,Emerald City Renewables LLC,Graham,Pierce,Puget Sound Clean Air Agency,"22,121","22,008",0,34,79,0,0,0,0,First year reporting.,1,"46.975533, -122.290871",,,POINT (-122.290871 46.975533),Facility,22121.0,2014
CertainTeed Gypsum - Seattle,2021,Manufacturing,Building Products,327420,Gypsum Product Manufacturing,Saint-Gobain Corporation,Seattle,King,Puget Sound Clean Air Agency,"55,216",0,"55,159",26,31,0,0,0,0,,2,"47.548056, -122.336944",,,POINT (-122.336944 47.548056),Facility,55216.0,2021
